processing_order,source_message_id,segment_id,segment_name,market_group,created_at,updated_at,edited_at,raw_text,normalized_text,normalized_text_hash,record_type,action_label,action_scope,symbol_group,symbol_raw,symbol,symbols_json,contract_month,strike_price,option_type,direction,quantity_percent,quantity_basis,remaining_holding_multiplier,quantity_rule_source,quantity_is_default,execution_prices_json,execution_price_primary,stop_loss,targets_json,target_1,target_2,is_correction,is_multi_instrument,requires_context,auto_apply_eligible,label_confidence,needs_review,label_status,label_source,label_reason,percentage_semantics,exact_duplicate_count,exact_duplicate_rank,is_exact_duplicate,production_status
1,69364f1fbfb5c7abb83c86ee,69325b20d7219646b3c27c20,NSE,INDIA_EQUITY,2025-12-08T04:07:59.649Z,2025-12-08T04:07:59.649Z,,50% PROFIT BOOK IN JSWSTEEL @1171.50,50% PROFIT BOOK IN JSWSTEEL @1171.50,e0bbbc89e1e3961f,TRADE_ACTION,REDUCE_POSITION,SINGLE_INSTRUMENT,,JSWSTEEL,JSWSTEEL,"[""JSWSTEEL""]",,,,,50.0,CURRENT_HOLDING,0.5,EXPLICIT_PERCENT,False,[1171.5],1171.5,,[],,,False,False,False,True,0.99,False,AUTO_HIGH_CONFIDENCE,RULE_BASED_AND_CURATED,Explicit percentage reduction of current holding.,REDUCE_POSITION uses current holding: new_holding = current_holding * (1 - quantity_percent / 100).,1,1,False,READY_FOR_AUTO_APPLY
2,69364fc7bfb5c7abb83c873a,69325b5fd7219646b3c27c47,MCX,INDIA_COMMODITY,2025-12-08T04:10:47.047Z,2025-12-08T04:10:47.047Z,,50% PROFIT BOOK IN CRUDE @5403,50% PROFIT BOOK IN CRUDE @5403,34c315356ba49b08,TRADE_ACTION,REDUCE_POSITION,SINGLE_INSTRUMENT,,CRUDE,CRUDE,"[""CRUDE""]",,,,,50.0,CURRENT_HOLDING,0.5,EXPLICIT_PERCENT,False,[5403.0],5403.0,,[],,,False,False,False,True,0.99,False,AUTO_HIGH_CONFIDENCE,RULE_BASED_AND_CURATED,Explicit percentage reduction of current holding.,REDUCE_POSITION uses current holding: new_holding = current_holding * (1 - quantity_percent / 100).,3,1,True,READY_FOR_AUTO_APPLY
3,69368a880133ba0de6bcf3c7,69325b20d7219646b3c27c20,NSE,INDIA_EQUITY,2025-12-08T08:21:28.020Z,2025-12-08T08:21:28.020Z,,SL TOUCH IN JSWSTEEL,SL TOUCH IN JSWSTEEL,54f912d2ca078dae,TRADE_ACTION,CLOSE_POSITION,SINGLE_INSTRUMENT,,JSWSTEEL,JSWSTEEL,"[""JSWSTEEL""]",,,,,100.0,CURRENT_HOLDING,0.0,FULL_EXIT_RULE,False,[],,,[],,,False,False,False,True,0.99,False,AUTO_HIGH_CONFIDENCE,RULE_BASED_AND_CURATED,Stop-loss hit closes current holding.,REDUCE_POSITION uses current holding: new_holding = current_holding * (1 - quantity_percent / 100).,2,1,True,READY_FOR_AUTO_APPLY
4,69368a880133ba0de6bcf3cd,69325b20d7219646b3c27c20,NSE,INDIA_EQUITY,2025-12-08T08:21:28.272Z,2025-12-08T08:21:28.272Z,,SL TOUCH IN JSWSTEEL,SL TOUCH IN JSWSTEEL,54f912d2ca078dae,TRADE_ACTION,CLOSE_POSITION,SINGLE_INSTRUMENT,,JSWSTEEL,JSWSTEEL,"[""JSWSTEEL""]",,,,,100.0,CURRENT_HOLDING,0.0,FULL_EXIT_RULE,False,[],,,[],,,False,False,False,True,0.99,False,AUTO_HIGH_CONFIDENCE,RULE_BASED_AND_CURATED,Stop-loss hit closes current holding.,REDUCE_POSITION uses current holding: new_holding = current_holding * (1 - quantity_percent / 100).,2,2,True,READY_FOR_AUTO_APPLY
5,693690090133ba0de6bcf8cd,69325b5fd7219646b3c27c47,MCX,INDIA_COMMODITY,2025-12-08T08:44:57.579Z,2025-12-08T08:44:57.579Z,,50% PROFIT BOOK IN CRUDE @5403,50% PROFIT BOOK IN CRUDE @5403,34c315356ba49b08,TRADE_ACTION,REDUCE_POSITION,SINGLE_INSTRUMENT,,CRUDE,CRUDE,"[""CRUDE""]",,,,,50.0,CURRENT_HOLDING,0.5,EXPLICIT_PERCENT,False,[5403.0],5403.0,,[],,,False,False,False,True,0.99,False,AUTO_HIGH_CONFIDENCE,RULE_BASED_AND_CURATED,Explicit percentage reduction of current holding.,REDUCE_POSITION uses current holding: new_holding = current_holding * (1 - quantity_percent / 100).,3,2,True,READY_FOR_AUTO_APPLY
6,693690090133ba0de6bcf8d3,69325b5fd7219646b3c27c47,MCX,INDIA_COMMODITY,2025-12-08T08:44:57.823Z,2025-12-08T08:44:57.823Z,,50% PROFIT BOOK IN CRUDE @5403,50% PROFIT BOOK IN CRUDE @5403,34c315356ba49b08,TRADE_ACTION,REDUCE_POSITION,SINGLE_INSTRUMENT,,CRUDE,CRUDE,"[""CRUDE""]",,,,,50.0,CURRENT_HOLDING,0.5,EXPLICIT_PERCENT,False,[5403.0],5403.0,,[],,,False,False,False,True,0.99,False,AUTO_HIGH_CONFIDENCE,RULE_BASED_AND_CURATED,Explicit percentage reduction of current holding.,REDUCE_POSITION uses current holding: new_holding = current_holding * (1 - quantity_percent / 100).,3,3,True,READY_FOR_AUTO_APPLY
7,6937ad850133ba0de6bd09ce,69325b20d7219646b3c27c20,NSE,INDIA_EQUITY,2025-12-09T05:03:01.822Z,2025-12-09T05:03:01.822Z,,50% SELL NIFTY @25942 SL 26200 TGT 25800,50% SELL NIFTY @25942 SL 26200 TGT 25800,35318fcf194c1851,TRADE_ACTION,OPEN_SHORT,SINGLE_INSTRUMENT,,NIFTY,NIFTY,"[""NIFTY""]",,,,SHORT,50.0,MODEL_ALLOCATION,,EXPLICIT_PERCENT,False,[25942.0],25942.0,26200.0,[25800.0],25800.0,,False,False,False,True,0.97,False,AUTO_HIGH_CONFIDENCE,RULE_BASED_AND_CURATED,Sell with stop/target opens a short allocation.,REDUCE_POSITION uses current holding: new_holding = current_holding * (1 - quantity_percent / 100).,2,1,True,READY_FOR_AUTO_APPLY
8,6937ad850133ba0de6bd09d4,69325b20d7219646b3c27c20,NSE,INDIA_EQUITY,2025-12-09T05:03:01.984Z,2025-12-09T05:03:01.984Z,,50% SELL NIFTY @25942 SL 26200 TGT 25800,50% SELL NIFTY @25942 SL 26200 TGT 25800,35318fcf194c1851,TRADE_ACTION,OPEN_SHORT,SINGLE_INSTRUMENT,,NIFTY,NIFTY,"[""NIFTY""]",,,,SHORT,50.0,MODEL_ALLOCATION,,EXPLICIT_PERCENT,False,[25942.0],25942.0,26200.0,[25800.0],25800.0,,False,False,False,True,0.97,False,AUTO_HIGH_CONFIDENCE,RULE_BASED_AND_CURATED,Sell with stop/target opens a short allocation.,REDUCE_POSITION uses current holding: new_holding = current_holding * (1 - quantity_percent / 100).,2,2,True,READY_FOR_AUTO_APPLY
9,6a0ee0ca835de84db369411c,6a0d87fb835de84db3693578,NSE,INDIA_EQUITY,2026-05-21T10:39:06.515Z,2026-05-21T10:39:06.515Z,,50% PROFIT BOOK IN NIFTY,50% PROFIT BOOK IN NIFTY,c491c5130234989d,TRADE_ACTION,REDUCE_POSITION,SINGLE_INSTRUMENT,,NIFTY,NIFTY,"[""NIFTY""]",,,,,50.0,CURRENT_HOLDING,0.5,EXPLICIT_PERCENT,False,[],,,[],,,False,False,False,True,0.99,False,AUTO_HIGH_CONFIDENCE,RULE_BASED_AND_CURATED,Explicit percentage reduction of current holding.,REDUCE_POSITION uses current holding: new_holding = current_holding * (1 - quantity_percent / 100).,1,1,False,READY_FOR_AUTO_APPLY
10,6a0ee139835de84db369423d,6a0d87fb835de84db3693578,NSE,INDIA_EQUITY,2026-05-21T10:40:57.746Z,2026-05-21T10:40:57.746Z,,50% PROFIT BOOK IN BANKNIFTY,50% PROFIT BOOK IN BANKNIFTY,7e219391ae70323d,TRADE_ACTION,REDUCE_POSITION,SINGLE_INSTRUMENT,,BANKNIFTY,BANKNIFTY,"[""BANKNIFTY""]",,,,,50.0,CURRENT_HOLDING,0.5,EXPLICIT_PERCENT,False,[],,,[],,,False,False,False,True,0.99,False,AUTO_HIGH_CONFIDENCE,RULE_BASED_AND_CURATED,Explicit percentage reduction of current holding.,REDUCE_POSITION uses current holding: new_holding = current_holding * (1 - quantity_percent / 100).,1,1,False,READY_FOR_AUTO_APPLY
11,6a139ce1835de84db3696c33,6a0d8832835de84db3693580,International Market,GLOBAL_COMMODITY,2026-05-25T00:50:41.756Z,2026-05-25T00:50:41.756Z,,Sell 50% gold Jun at above price.,Sell 50% gold Jun at above price.,4e099864e5ac4a18,TRADE_ACTION,REDUCE_POSITION,SINGLE_INSTRUMENT,,gold Jun,GOLD,"[""GOLD""]",JUN,,,,50.0,CURRENT_HOLDING,0.5,EXPLICIT_PERCENT,False,[],,,[],,,False,False,True,False,0.99,False,AUTO_HIGH_CONFIDENCE,RULE_BASED_AND_CURATED,Explicit percentage reduction of current holding.,REDUCE_POSITION uses current holding: new_holding = current_holding * (1 - quantity_percent / 100).,1,1,False,MANUAL_OR_CONTEXT_REVIEW
12,6a139e11835de84db3696c5b,6a0d8832835de84db3693580,International Market,GLOBAL_COMMODITY,2026-05-25T00:55:45.163Z,2026-05-25T00:55:45.163Z,,Sell copper @6.43 with sl 6.51 for target 6.30,Sell copper @6.43 with sl 6.51 for target 6.30,0363be26aed922fa,TRADE_ACTION,OPEN_SHORT,SINGLE_INSTRUMENT,,copper,COPPER,"[""COPPER""]",,,,SHORT,100.0,MODEL_ALLOCATION,,DEFAULT_FULL_ALLOCATION,True,[6.43],6.43,6.51,[6.3],6.3,,False,False,False,True,0.96,False,AUTO_HIGH_CONFIDENCE,RULE_BASED_AND_CURATED,Sell/short instruction.,REDUCE_POSITION uses current holding: new_holding = current_holding * (1 - quantity_percent / 100).,1,1,False,READY_FOR_AUTO_APPLY
13,6a13c3d5835de84db3696cd8,6a0d881f835de84db369357c,MCX,INDIA_COMMODITY,2026-05-25T03:36:53.146Z,2026-05-25T03:36:53.146Z,,BUY CRUDE MINI  @8637 SL 8500 TGT 8800-9100,BUY CRUDE MINI @8637 SL 8500 TGT 8800-9100,9cb8ccbf2a7a3406,TRADE_ACTION,OPEN_LONG,SINGLE_INSTRUMENT,,CRUDE MINI,CRUDE_MINI,"[""CRUDE_MINI""]",,,,LONG,100.0,MODEL_ALLOCATION,,DEFAULT_FULL_ALLOCATION,True,[8637.0],8637.0,8500.0,"[8800.0, 9100.0]",8800.0,9100.0,False,False,False,True,0.98,False,AUTO_HIGH_CONFIDENCE,RULE_BASED_AND_CURATED,Buy instruction.,REDUCE_POSITION uses current holding: new_holding = current_holding * (1 - quantity_percent / 100).,1,1,False,READY_FOR_AUTO_APPLY
14,6a13c3e4835de84db3696ce4,6a0d881f835de84db369357c,MCX,INDIA_COMMODITY,2026-05-25T03:37:08.516Z,2026-05-25T03:37:08.516Z,,SELL COPPER @1348 SL 1356 TGT 1342-1338,SELL COPPER @1348 SL 1356 TGT 1342-1338,b29a8d88f6222412,TRADE_ACTION,OPEN_SHORT,SINGLE_INSTRUMENT,,COPPER,COPPER,"[""COPPER""]",,,,SHORT,100.0,MODEL_ALLOCATION,,DEFAULT_FULL_ALLOCATION,True,[1348.0],1348.0,1356.0,"[1342.0, 1338.0]",1342.0,1338.0,False,False,False,True,0.96,False,AUTO_HIGH_CONFIDENCE,RULE_BASED_AND_CURATED,Sell/short instruction.,REDUCE_POSITION uses current holding: new_holding = current_holding * (1 - quantity_percent / 100).,1,1,False,READY_FOR_AUTO_APPLY
15,6a13c62b835de84db3696f1e,6a0d87fb835de84db3693578,NSE,INDIA_EQUITY,2026-05-25T03:46:51.188Z,2026-05-25T03:46:51.188Z,,BUY SHRIRAMFIN @963 SL 950 TGT 980-1000,BUY SHRIRAMFIN @963 SL 950 TGT 980-1000,15d29290ef4c499a,TRADE_ACTION,OPEN_LONG,SINGLE_INSTRUMENT,,SHRIRAMFIN,SHRIRAMFIN,"[""SHRIRAMFIN""]",,,,LONG,100.0,MODEL_ALLOCATION,,DEFAULT_FULL_ALLOCATION,True,[963.0],963.0,950.0,"[980.0, 1000.0]",980.0,1000.0,False,False,False,True,0.98,False,AUTO_HIGH_CONFIDENCE,RULE_BASED_AND_CURATED,Buy instruction.,REDUCE_POSITION uses current holding: new_holding = current_holding * (1 - quantity_percent / 100).,1,1,False,READY_FOR_AUTO_APPLY
16,6a13c670835de84db3696f4c,6a0d87fb835de84db3693578,NSE,INDIA_EQUITY,2026-05-25T03:48:00.558Z,2026-05-25T03:48:00.558Z,,FULL PROFIT BOOK IN EICHERMOT @7364,FULL PROFIT BOOK IN EICHERMOT @7364,42fcdea3e8ab10ea,TRADE_ACTION,CLOSE_POSITION,SINGLE_INSTRUMENT,,EICHERMOT,EICHERMOT,"[""EICHERMOT""]",,,,,100.0,CURRENT_HOLDING,0.0,FULL_EXIT_RULE,False,[7364.0],7364.0,,[],,,False,False,False,True,0.99,False,AUTO_HIGH_CONFIDENCE,RULE_BASED_AND_CURATED,Explicit full exit.,REDUCE_POSITION uses current holding: new_holding = current_holding * (1 - quantity_percent / 100).,1,1,False,READY_FOR_AUTO_APPLY
17,6a13c7a6835de84db3696f85,6a0d87fb835de84db3693578,NSE,INDIA_EQUITY,2026-05-25T03:53:10.760Z,2026-05-25T03:53:10.760Z,,FULL PROFIT BOOK IN BANKINDIA@142.25,FULL PROFIT BOOK IN BANKINDIA @142.25,28c402fa9a9a4068,TRADE_ACTION,CLOSE_POSITION,SINGLE_INSTRUMENT,,BANKINDIA,BANKINDIA,"[""BANKINDIA""]",,,,,100.0,CURRENT_HOLDING,0.0,FULL_EXIT_RULE,False,[142.25],142.25,,[],,,False,False,False,True,0.99,False,AUTO_HIGH_CONFIDENCE,RULE_BASED_AND_CURATED,Explicit full exit.,REDUCE_POSITION uses current holding: new_holding = current_holding * (1 - quantity_percent / 100).,1,1,False,READY_FOR_AUTO_APPLY
18,6a13c86a835de84db36970a0,6a0d87fb835de84db3693578,NSE,INDIA_EQUITY,2026-05-25T03:56:26.763Z,2026-05-25T03:56:26.763Z,,BUY RBLBANK @341.90 SL 336 TGT 348-352,BUY RBLBANK @341.90 SL 336 TGT 348-352,95dae1f6412c0834,TRADE_ACTION,OPEN_LONG,SINGLE_INSTRUMENT,,RBLBANK,RBLBANK,"[""RBLBANK""]",,,,LONG,100.0,MODEL_ALLOCATION,,DEFAULT_FULL_ALLOCATION,True,[341.9],341.9,336.0,"[348.0, 352.0]",348.0,352.0,False,False,False,True,0.98,False,AUTO_HIGH_CONFIDENCE,RULE_BASED_AND_CURATED,Buy instruction.,REDUCE_POSITION uses current holding: new_holding = current_holding * (1 - quantity_percent / 100).,1,1,False,READY_FOR_AUTO_APPLY
19,6a13c874835de84db36970c5,6a0d87fb835de84db3693578,NSE,INDIA_EQUITY,2026-05-25T03:56:36.724Z,2026-05-25T03:56:36.724Z,,BUY HDFCBANK @781 SL 770 TGT 790-1000,BUY HDFCBANK @781 SL 770 TGT 790-1000,e292009e9ce527cd,TRADE_ACTION,OPEN_LONG,SINGLE_INSTRUMENT,,HDFCBANK,HDFCBANK,"[""HDFCBANK""]",,,,LONG,100.0,MODEL_ALLOCATION,,DEFAULT_FULL_ALLOCATION,True,[781.0],781.0,770.0,"[790.0, 1000.0]",790.0,1000.0,False,False,False,True,0.98,False,AUTO_HIGH_CONFIDENCE,RULE_BASED_AND_CURATED,Buy instruction.,REDUCE_POSITION uses current holding: new_holding = current_holding * (1 - quantity_percent / 100).,1,1,False,READY_FOR_AUTO_APPLY
20,6a13c887835de84db3697116,6a0d87fb835de84db3693578,NSE,INDIA_EQUITY,2026-05-25T03:56:55.097Z,2026-05-25T03:56:55.097Z,,50% PROFIT BOOK IN HINDALCO @1086,50% PROFIT BOOK IN HINDALCO @1086,9745b75b0027f718,TRADE_ACTION,REDUCE_POSITION,SINGLE_INSTRUMENT,,HINDALCO,HINDALCO,"[""HINDALCO""]",,,,,50.0,CURRENT_HOLDING,0.5,EXPLICIT_PERCENT,False,[1086.0],1086.0,,[],,,False,False,False,True,0.99,False,AUTO_HIGH_CONFIDENCE,RULE_BASED_AND_CURATED,Explicit percentage reduction of current holding.,REDUCE_POSITION uses current holding: new_holding = current_holding * (1 - quantity_percent / 100).,1,1,False,READY_FOR_AUTO_APPLY
21,6a13c891835de84db3697126,6a0d87fb835de84db3693578,NSE,INDIA_EQUITY,2026-05-25T03:57:05.351Z,2026-05-25T03:57:05.351Z,,50% PROFIT BOOK IN HINDUNILVER @2238,50% PROFIT BOOK IN HINDUNILVER @2238,aea715f4cb92d67d,TRADE_ACTION,REDUCE_POSITION,SINGLE_INSTRUMENT,,HINDUNILVER,HINDUNILVR,"[""HINDUNILVR""]",,,,,50.0,CURRENT_HOLDING,0.5,EXPLICIT_PERCENT,False,[2238.0],2238.0,,[],,,False,False,False,True,0.99,False,AUTO_HIGH_CONFIDENCE,RULE_BASED_AND_CURATED,Explicit percentage reduction of current holding.,REDUCE_POSITION uses current holding: new_holding = current_holding * (1 - quantity_percent / 100).,1,1,False,READY_FOR_AUTO_APPLY
22,6a13c8ad835de84db3697157,6a0d87fb835de84db3693578,NSE,INDIA_EQUITY,2026-05-25T03:57:33.183Z,2026-05-25T03:57:33.183Z,,FULL PROFIT BOOK IN ADANIENT @2767,FULL PROFIT BOOK IN ADANIENT @2767,d52dc1b12f2581c5,TRADE_ACTION,CLOSE_POSITION,SINGLE_INSTRUMENT,,ADANIENT,ADANIENT,"[""ADANIENT""]",,,,,100.0,CURRENT_HOLDING,0.0,FULL_EXIT_RULE,False,[2767.0],2767.0,,[],,,False,False,False,True,0.99,False,AUTO_HIGH_CONFIDENCE,RULE_BASED_AND_CURATED,Explicit full exit.,REDUCE_POSITION uses current holding: new_holding = current_holding * (1 - quantity_percent / 100).,1,1,False,READY_FOR_AUTO_APPLY
23,6a13c9cc835de84db369718f,6a0d87fb835de84db3693578,NSE,INDIA_EQUITY,2026-05-25T04:02:20.472Z,2026-05-25T04:02:20.472Z,,BUY ICICIBANK @1281 SL 1270 TGT 1300,BUY ICICIBANK @1281 SL 1270 TGT 1300,3338fe6bebd27c6e,TRADE_ACTION,OPEN_LONG,SINGLE_INSTRUMENT,,ICICIBANK,ICICIBANK,"[""ICICIBANK""]",,,,LONG,100.0,MODEL_ALLOCATION,,DEFAULT_FULL_ALLOCATION,True,[1281.0],1281.0,1270.0,[1300.0],1300.0,,False,False,False,True,0.98,False,AUTO_HIGH_CONFIDENCE,RULE_BASED_AND_CURATED,Buy instruction.,REDUCE_POSITION uses current holding: new_holding = current_holding * (1 - quantity_percent / 100).,1,1,False,READY_FOR_AUTO_APPLY
24,6a13ca55835de84db36971c6,6a0d87fb835de84db3693578,NSE,INDIA_EQUITY,2026-05-25T04:04:37.108Z,2026-05-25T04:04:37.108Z,,BUY LT @4000 SL 3960 TGT 4050-4100,BUY LT @4000 SL 3960 TGT 4050-4100,5e36243804e26d48,TRADE_ACTION,OPEN_LONG,SINGLE_INSTRUMENT,,LT,LT,"[""LT""]",,,,LONG,100.0,MODEL_ALLOCATION,,DEFAULT_FULL_ALLOCATION,True,[4000.0],4000.0,3960.0,"[4050.0, 4100.0]",4050.0,4100.0,False,False,False,True,0.98,False,AUTO_HIGH_CONFIDENCE,RULE_BASED_AND_CURATED,Buy instruction.,REDUCE_POSITION uses current holding: new_holding = current_holding * (1 - quantity_percent / 100).,1,1,False,READY_FOR_AUTO_APPLY
25,6a13ccf8835de84db369734e,6a0d87fb835de84db3693578,NSE,INDIA_EQUITY,2026-05-25T04:15:52.960Z,2026-05-25T04:15:52.960Z,,HOLD RBLBANK WITH SL 335,HOLD RBLBANK WITH SL 335,a4d6ece5550b0925,TRADE_UPDATE,UPDATE_STOP_LOSS,SINGLE_INSTRUMENT,,RBLBANK,RBLBANK,"[""RBLBANK""]",,,,,,NONE,,NOT_APPLICABLE,False,[],,335.0,[],,,False,False,False,True,0.99,False,AUTO_HIGH_CONFIDENCE,RULE_BASED_AND_CURATED,Hold and update stop loss.,REDUCE_POSITION uses current holding: new_holding = current_holding * (1 - quantity_percent / 100).,1,1,False,READY_FOR_AUTO_APPLY
26,6a13ceda835de84db36973de,6a0d87fb835de84db3693578,NSE,INDIA_EQUITY,2026-05-25T04:23:54.786Z,2026-05-25T04:23:54.786Z,,50% PROFIT BOOK IN LT @4030,50% PROFIT BOOK IN LT @4030,8f720b0afd5f4712,TRADE_ACTION,REDUCE_POSITION,SINGLE_INSTRUMENT,,LT,LT,"[""LT""]",,,,,50.0,CURRENT_HOLDING,0.5,EXPLICIT_PERCENT,False,[4030.0],4030.0,,[],,,False,False,False,True,0.99,False,AUTO_HIGH_CONFIDENCE,RULE_BASED_AND_CURATED,Explicit percentage reduction of current holding.,REDUCE_POSITION uses current holding: new_holding = current_holding * (1 - quantity_percent / 100).,1,1,False,READY_FOR_AUTO_APPLY
27,6a13cf86835de84db3697443,6a0d87fb835de84db3693578,NSE,INDIA_EQUITY,2026-05-25T04:26:46.589Z,2026-05-25T04:26:46.589Z,,BUY TMPV(JUNE) @371 SL 365 TGT 375-380,BUY TMPV(JUNE) @371 SL 365 TGT 375-380,643c859e5383107e,TRADE_ACTION,OPEN_LONG,SINGLE_INSTRUMENT,,TMPV,TMPV,"[""TMPV""]",JUN,,,LONG,100.0,MODEL_ALLOCATION,,DEFAULT_FULL_ALLOCATION,True,[371.0],371.0,365.0,"[375.0, 380.0]",375.0,380.0,False,False,False,True,0.98,False,AUTO_HIGH_CONFIDENCE,RULE_BASED_AND_CURATED,Buy instruction.,REDUCE_POSITION uses current holding: new_holding = current_holding * (1 - quantity_percent / 100).,1,1,False,READY_FOR_AUTO_APPLY
28,6a13d011835de84db369752f,6a0d87fb835de84db3693578,NSE,INDIA_EQUITY,2026-05-25T04:29:05.066Z,2026-05-25T04:29:05.066Z,,BUY CONCOR (JUN) @511.70 SL 505 TGT 515-524,BUY CONCOR (JUN) @511.70 SL 505 TGT 515-524,ca7acb333ad4ccd5,TRADE_ACTION,OPEN_LONG,SINGLE_INSTRUMENT,,CONCOR,CONCOR,"[""CONCOR""]",JUN,,,LONG,100.0,MODEL_ALLOCATION,,DEFAULT_FULL_ALLOCATION,True,[511.7],511.7,505.0,"[515.0, 524.0]",515.0,524.0,False,False,False,True,0.98,False,AUTO_HIGH_CONFIDENCE,RULE_BASED_AND_CURATED,Buy instruction.,REDUCE_POSITION uses current holding: new_holding = current_holding * (1 - quantity_percent / 100).,1,1,False,READY_FOR_AUTO_APPLY
29,6a13d26e835de84db36977b0,6a0d87fb835de84db3693578,NSE,INDIA_EQUITY,2026-05-25T04:39:10.604Z,2026-05-25T04:39:10.604Z,,FULL PROFIT BOOK IN SBIN @965,FULL PROFIT BOOK IN SBIN @965,f7181b54410915f7,TRADE_ACTION,CLOSE_POSITION,SINGLE_INSTRUMENT,,SBIN,SBIN,"[""SBIN""]",,,,,100.0,CURRENT_HOLDING,0.0,FULL_EXIT_RULE,False,[965.0],965.0,,[],,,False,False,False,True,0.99,False,AUTO_HIGH_CONFIDENCE,RULE_BASED_AND_CURATED,Explicit full exit.,REDUCE_POSITION uses current holding: new_holding = current_holding * (1 - quantity_percent / 100).,2,1,True,READY_FOR_AUTO_APPLY
30,6a13d998835de84db3697925,6a0d87fb835de84db3693578,NSE,INDIA_EQUITY,2026-05-25T05:09:44.866Z,2026-05-25T05:09:44.866Z,,50% PROFIT BOOK IN SHRIRAMFIN @970,50% PROFIT BOOK IN SHRIRAMFIN @970,497ba93cfc8f77e2,TRADE_ACTION,REDUCE_POSITION,SINGLE_INSTRUMENT,,SHRIRAMFIN,SHRIRAMFIN,"[""SHRIRAMFIN""]",,,,,50.0,CURRENT_HOLDING,0.5,EXPLICIT_PERCENT,False,[970.0],970.0,,[],,,False,False,False,True,0.99,False,AUTO_HIGH_CONFIDENCE,RULE_BASED_AND_CURATED,Explicit percentage reduction of current holding.,REDUCE_POSITION uses current holding: new_holding = current_holding * (1 - quantity_percent / 100).,1,1,False,READY_FOR_AUTO_APPLY
31,6a13db2f835de84db3697955,6a0d87fb835de84db3693578,NSE,INDIA_EQUITY,2026-05-25T05:16:31.580Z,2026-05-25T05:16:31.580Z,,50% PROFIT BOOK IN RBLBANK @345.50,50% PROFIT BOOK IN RBLBANK @345.50,e924b3b31011835b,TRADE_ACTION,REDUCE_POSITION,SINGLE_INSTRUMENT,,RBLBANK,RBLBANK,"[""RBLBANK""]",,,,,50.0,CURRENT_HOLDING,0.5,EXPLICIT_PERCENT,False,[345.5],345.5,,[],,,False,False,False,True,0.99,False,AUTO_HIGH_CONFIDENCE,RULE_BASED_AND_CURATED,Explicit percentage reduction of current holding.,REDUCE_POSITION uses current holding: new_holding = current_holding * (1 - quantity_percent / 100).,1,1,False,READY_FOR_AUTO_APPLY
32,6a13df87835de84db369798c,6a0d881f835de84db369357c,MCX,INDIA_COMMODITY,2026-05-25T05:35:03.727Z,2026-05-25T05:35:03.727Z,,50% PROFIT BOOK IN COPPER @1344.50,50% PROFIT BOOK IN COPPER @1344.50,e2a81dab1963d63b,TRADE_ACTION,REDUCE_POSITION,SINGLE_INSTRUMENT,,COPPER,COPPER,"[""COPPER""]",,,,,50.0,CURRENT_HOLDING,0.5,EXPLICIT_PERCENT,False,[1344.5],1344.5,,[],,,False,False,False,True,0.99,False,AUTO_HIGH_CONFIDENCE,RULE_BASED_AND_CURATED,Explicit percentage reduction of current holding.,REDUCE_POSITION uses current holding: new_holding = current_holding * (1 - quantity_percent / 100).,1,1,False,READY_FOR_AUTO_APPLY
33,6a13e532835de84db36979c1,6a0d87fb835de84db3693578,NSE,INDIA_EQUITY,2026-05-25T05:59:14.087Z,2026-05-25T05:59:14.087Z,,50% PROFIT BOOK IN CONCOR(JUNE) @515.70,50% PROFIT BOOK IN CONCOR(JUNE) @515.70,523ebc32b7031f76,TRADE_ACTION,REDUCE_POSITION,SINGLE_INSTRUMENT,,CONCOR,CONCOR,"[""CONCOR""]",JUN,,,,50.0,CURRENT_HOLDING,0.5,EXPLICIT_PERCENT,False,[515.7],515.7,,[],,,False,False,False,True,0.99,False,AUTO_HIGH_CONFIDENCE,RULE_BASED_AND_CURATED,Explicit percentage reduction of current holding.,REDUCE_POSITION uses current holding: new_holding = current_holding * (1 - quantity_percent / 100).,1,1,False,READY_FOR_AUTO_APPLY
34,6a13ef99835de84db3697bd9,6a0d881f835de84db369357c,MCX,INDIA_COMMODITY,2026-05-25T06:43:37.164Z,2026-05-25T06:43:37.164Z,,50% PROFIT BOOK IN CRUDEMINI @8746,50% PROFIT BOOK IN CRUDEMINI @8746,dc5356a78fbb9eca,TRADE_ACTION,REDUCE_POSITION,SINGLE_INSTRUMENT,,CRUDEMINI,CRUDE_MINI,"[""CRUDE_MINI""]",,,,,50.0,CURRENT_HOLDING,0.5,EXPLICIT_PERCENT,False,[8746.0],8746.0,,[],,,False,False,False,True,0.99,False,AUTO_HIGH_CONFIDENCE,RULE_BASED_AND_CURATED,Explicit percentage reduction of current holding.,REDUCE_POSITION uses current holding: new_holding = current_holding * (1 - quantity_percent / 100).,1,1,False,READY_FOR_AUTO_APPLY
35,6a140602835de84db3697dba,6a0d87fb835de84db3693578,NSE,INDIA_EQUITY,2026-05-25T08:19:14.902Z,2026-05-25T08:19:14.902Z,,BUY BEL (JUNE) @423 SL 417 TGT 430-435,BUY BEL (JUNE) @423 SL 417 TGT 430-435,b62e7e989c76a813,TRADE_ACTION,OPEN_LONG,SINGLE_INSTRUMENT,,BEL,BEL,"[""BEL""]",JUN,,,LONG,100.0,MODEL_ALLOCATION,,DEFAULT_FULL_ALLOCATION,True,[423.0],423.0,417.0,"[430.0, 435.0]",430.0,435.0,False,False,False,True,0.98,False,AUTO_HIGH_CONFIDENCE,RULE_BASED_AND_CURATED,Buy instruction.,REDUCE_POSITION uses current holding: new_holding = current_holding * (1 - quantity_percent / 100).,1,1,False,READY_FOR_AUTO_APPLY
36,6a141c2c835de84db3697f9e,6a0d87fb835de84db3693578,NSE,INDIA_EQUITY,2026-05-25T09:53:48.972Z,2026-05-25T09:53:48.972Z,,FULL PROFIT BOOK IN INDUSTOWER @440,FULL PROFIT BOOK IN INDUSTOWER @440,64e61459d9869bbb,TRADE_ACTION,CLOSE_POSITION,SINGLE_INSTRUMENT,,INDUSTOWER,INDUSTOWER,"[""INDUSTOWER""]",,,,,100.0,CURRENT_HOLDING,0.0,FULL_EXIT_RULE,False,[440.0],440.0,,[],,,False,False,False,True,0.99,False,AUTO_HIGH_CONFIDENCE,RULE_BASED_AND_CURATED,Explicit full exit.,REDUCE_POSITION uses current holding: new_holding = current_holding * (1 - quantity_percent / 100).,1,1,False,READY_FOR_AUTO_APPLY
37,6a151812835de84db36987ca,6a0d87fb835de84db3693578,NSE,INDIA_EQUITY,2026-05-26T03:48:34.891Z,2026-05-26T03:48:34.891Z,,50% PROFIT BOOK IN TMPV(JUNE) @376,50% PROFIT BOOK IN TMPV(JUNE) @376,03f0be7b7dadce5a,TRADE_ACTION,REDUCE_POSITION,SINGLE_INSTRUMENT,,TMPV,TMPV,"[""TMPV""]",JUN,,,,50.0,CURRENT_HOLDING,0.5,EXPLICIT_PERCENT,False,[376.0],376.0,,[],,,False,False,False,True,0.99,False,AUTO_HIGH_CONFIDENCE,RULE_BASED_AND_CURATED,Explicit percentage reduction of current holding.,REDUCE_POSITION uses current holding: new_holding = current_holding * (1 - quantity_percent / 100).,1,1,False,READY_FOR_AUTO_APPLY
38,6a151861835de84db36987d6,6a0d87fb835de84db3693578,NSE,INDIA_EQUITY,2026-05-26T03:49:53.272Z,2026-05-26T03:49:53.272Z,,BUY UPL(JUNE) @659 SL 640 TGT 670-680,BUY UPL(JUNE) @659 SL 640 TGT 670-680,a5eb2e0cf23a4d8d,TRADE_ACTION,OPEN_LONG,SINGLE_INSTRUMENT,,UPL,UPL,"[""UPL""]",JUN,,,LONG,100.0,MODEL_ALLOCATION,,DEFAULT_FULL_ALLOCATION,True,[659.0],659.0,640.0,"[670.0, 680.0]",670.0,680.0,False,False,False,True,0.98,False,AUTO_HIGH_CONFIDENCE,RULE_BASED_AND_CURATED,Buy instruction.,REDUCE_POSITION uses current holding: new_holding = current_holding * (1 - quantity_percent / 100).,1,1,False,READY_FOR_AUTO_APPLY
39,6a1518a3835de84db36987e2,6a0d87fb835de84db3693578,NSE,INDIA_EQUITY,2026-05-26T03:50:59.791Z,2026-05-26T03:50:59.791Z,,50% PROFIT BOOK IN LICHSFIN @546.50,50% PROFIT BOOK IN LICHSFIN @546.50,f38c143c56fa20d2,TRADE_ACTION,REDUCE_POSITION,SINGLE_INSTRUMENT,,LICHSFIN,LICHSGFIN,"[""LICHSGFIN""]",,,,,50.0,CURRENT_HOLDING,0.5,EXPLICIT_PERCENT,False,[546.5],546.5,,[],,,False,False,False,True,0.99,False,AUTO_HIGH_CONFIDENCE,RULE_BASED_AND_CURATED,Explicit percentage reduction of current holding.,REDUCE_POSITION uses current holding: new_holding = current_holding * (1 - quantity_percent / 100).,1,1,False,READY_FOR_AUTO_APPLY
40,6a151913835de84db36987ee,6a0d87fb835de84db3693578,NSE,INDIA_EQUITY,2026-05-26T03:52:51.093Z,2026-05-26T03:52:51.093Z,,50% PROFIT BOOK IN ICICIBANK @1290,50% PROFIT BOOK IN ICICIBANK @1290,9f389ddb658e381e,TRADE_ACTION,REDUCE_POSITION,SINGLE_INSTRUMENT,,ICICIBANK,ICICIBANK,"[""ICICIBANK""]",,,,,50.0,CURRENT_HOLDING,0.5,EXPLICIT_PERCENT,False,[1290.0],1290.0,,[],,,False,False,False,True,0.99,False,AUTO_HIGH_CONFIDENCE,RULE_BASED_AND_CURATED,Explicit percentage reduction of current holding.,REDUCE_POSITION uses current holding: new_holding = current_holding * (1 - quantity_percent / 100).,1,1,False,READY_FOR_AUTO_APPLY
41,6a1519d6835de84db36987fa,6a0d87fb835de84db3693578,NSE,INDIA_EQUITY,2026-05-26T03:56:06.079Z,2026-05-26T03:56:06.079Z,,SELL HINDALCO(JUNE) @1114 SL 1125  TGT 1100-1082,SELL HINDALCO(JUNE) @1114 SL 1125 TGT 1100-1082,aa0f51689662cbc8,TRADE_ACTION,OPEN_SHORT,SINGLE_INSTRUMENT,,HINDALCO,HINDALCO,"[""HINDALCO""]",JUN,,,SHORT,100.0,MODEL_ALLOCATION,,DEFAULT_FULL_ALLOCATION,True,[1114.0],1114.0,1125.0,"[1100.0, 1082.0]",1100.0,1082.0,False,False,False,True,0.96,False,AUTO_HIGH_CONFIDENCE,RULE_BASED_AND_CURATED,Sell/short instruction.,REDUCE_POSITION uses current holding: new_holding = current_holding * (1 - quantity_percent / 100).,1,1,False,READY_FOR_AUTO_APPLY
42,6a151abc835de84db3698806,6a0d87fb835de84db3693578,NSE,INDIA_EQUITY,2026-05-26T03:59:56.464Z,2026-05-26T03:59:56.464Z,,FULL PROFIT BOOK IN MOTILALOFS @881,FULL PROFIT BOOK IN MOTILALOFS @881,b651b616a5b3c76c,TRADE_ACTION,CLOSE_POSITION,SINGLE_INSTRUMENT,,MOTILALOFS,MOTILALOFS,"[""MOTILALOFS""]",,,,,100.0,CURRENT_HOLDING,0.0,FULL_EXIT_RULE,False,[881.0],881.0,,[],,,False,False,False,True,0.99,False,AUTO_HIGH_CONFIDENCE,RULE_BASED_AND_CURATED,Explicit full exit.,REDUCE_POSITION uses current holding: new_holding = current_holding * (1 - quantity_percent / 100).,1,1,False,READY_FOR_AUTO_APPLY
43,6a151afb835de84db3698813,6a0d87fb835de84db3693578,NSE,INDIA_EQUITY,2026-05-26T04:00:59.579Z,2026-05-26T04:00:59.579Z,,EXIT FROM UNIONBANK,EXIT FROM UNIONBANK,510a9e1afda2d862,TRADE_ACTION,CLOSE_POSITION,SINGLE_INSTRUMENT,,UNIONBANK,UNIONBANK,"[""UNIONBANK""]",,,,,100.0,CURRENT_HOLDING,0.0,FULL_EXIT_RULE,False,[],,,[],,,False,False,False,True,0.99,False,AUTO_HIGH_CONFIDENCE,RULE_BASED_AND_CURATED,Explicit full exit.,REDUCE_POSITION uses current holding: new_holding = current_holding * (1 - quantity_percent / 100).,1,1,False,READY_FOR_AUTO_APPLY
44,6a151b54835de84db369881f,6a0d87fb835de84db3693578,NSE,INDIA_EQUITY,2026-05-26T04:02:28.934Z,2026-05-26T04:02:28.934Z,,50% PROFIT BOOK IN VEDL (MAY) @343,50% PROFIT BOOK IN VEDL (MAY) @343,063dc4c4d3bc4679,TRADE_ACTION,REDUCE_POSITION,SINGLE_INSTRUMENT,,VEDL,VEDL,"[""VEDL""]",MAY,,,,50.0,CURRENT_HOLDING,0.5,EXPLICIT_PERCENT,False,[343.0],343.0,,[],,,False,False,False,True,0.99,False,AUTO_HIGH_CONFIDENCE,RULE_BASED_AND_CURATED,Explicit percentage reduction of current holding.,REDUCE_POSITION uses current holding: new_holding = current_holding * (1 - quantity_percent / 100).,1,1,False,READY_FOR_AUTO_APPLY
45,6a151b5e835de84db369882b,6a0d87fb835de84db3693578,NSE,INDIA_EQUITY,2026-05-26T04:02:38.311Z,2026-05-26T04:02:38.311Z,,50% PROFIT BOOK IN BEL (JUN) @427.50,50% PROFIT BOOK IN BEL (JUN) @427.50,1f0fe9d26544cc01,TRADE_ACTION,REDUCE_POSITION,SINGLE_INSTRUMENT,,BEL,BEL,"[""BEL""]",JUN,,,,50.0,CURRENT_HOLDING,0.5,EXPLICIT_PERCENT,False,[427.5],427.5,,[],,,False,False,False,True,0.99,False,AUTO_HIGH_CONFIDENCE,RULE_BASED_AND_CURATED,Explicit percentage reduction of current holding.,REDUCE_POSITION uses current holding: new_holding = current_holding * (1 - quantity_percent / 100).,1,1,False,READY_FOR_AUTO_APPLY
46,6a151b7e835de84db3698837,6a0d87fb835de84db3693578,NSE,INDIA_EQUITY,2026-05-26T04:03:10.701Z,2026-05-26T04:03:10.701Z,,FULL PROFIT BOOK IN ICICIBANK (MAY) @1295,FULL PROFIT BOOK IN ICICIBANK (MAY) @1295,115e4c31ddb32919,TRADE_ACTION,CLOSE_POSITION,SINGLE_INSTRUMENT,,ICICIBANK,ICICIBANK,"[""ICICIBANK""]",MAY,,,,100.0,CURRENT_HOLDING,0.0,FULL_EXIT_RULE,False,[1295.0],1295.0,,[],,,False,False,False,True,0.99,False,AUTO_HIGH_CONFIDENCE,RULE_BASED_AND_CURATED,Explicit full exit.,REDUCE_POSITION uses current holding: new_holding = current_holding * (1 - quantity_percent / 100).,1,1,False,READY_FOR_AUTO_APPLY
47,6a151d90835de84db3698843,6a0d87fb835de84db3693578,NSE,INDIA_EQUITY,2026-05-26T04:12:00.694Z,2026-05-26T04:12:00.694Z,,BUY CONCOR(JUNE) @490 SL 483 TGT 500-515,BUY CONCOR(JUNE) @490 SL 483 TGT 500-515,781d07c9fc416ac4,TRADE_ACTION,OPEN_LONG,SINGLE_INSTRUMENT,,CONCOR,CONCOR,"[""CONCOR""]",JUN,,,LONG,100.0,MODEL_ALLOCATION,,DEFAULT_FULL_ALLOCATION,True,[490.0],490.0,483.0,"[500.0, 515.0]",500.0,515.0,False,False,False,True,0.98,False,AUTO_HIGH_CONFIDENCE,RULE_BASED_AND_CURATED,Buy instruction.,REDUCE_POSITION uses current holding: new_holding = current_holding * (1 - quantity_percent / 100).,1,1,False,READY_FOR_AUTO_APPLY
48,6a151e7c835de84db369884f,6a0d87fb835de84db3693578,NSE,INDIA_EQUITY,2026-05-26T04:15:56.125Z,2026-05-26T04:15:56.125Z,,BUY SBIN(JUNE) @981 SL 970 TGT 1000-1020,BUY SBIN(JUNE) @981 SL 970 TGT 1000-1020,ffe4c8578f9129ff,TRADE_ACTION,OPEN_LONG,SINGLE_INSTRUMENT,,SBIN,SBIN,"[""SBIN""]",JUN,,,LONG,100.0,MODEL_ALLOCATION,,DEFAULT_FULL_ALLOCATION,True,[981.0],981.0,970.0,"[1000.0, 1020.0]",1000.0,1020.0,False,False,False,True,0.98,False,AUTO_HIGH_CONFIDENCE,RULE_BASED_AND_CURATED,Buy instruction.,REDUCE_POSITION uses current holding: new_holding = current_holding * (1 - quantity_percent / 100).,1,1,False,READY_FOR_AUTO_APPLY
49,6a1523da835de84db36988e7,6a0d87fb835de84db3693578,NSE,INDIA_EQUITY,2026-05-26T04:38:50.303Z,2026-05-26T04:38:50.303Z,,FULL PROFIT BOOK IN TMPV(JUNE) @379,FULL PROFIT BOOK IN TMPV(JUNE) @379,d8cfc568e3c7c518,TRADE_ACTION,CLOSE_POSITION,SINGLE_INSTRUMENT,,TMPV,TMPV,"[""TMPV""]",JUN,,,,100.0,CURRENT_HOLDING,0.0,FULL_EXIT_RULE,False,[379.0],379.0,,[],,,False,False,False,True,0.99,False,AUTO_HIGH_CONFIDENCE,RULE_BASED_AND_CURATED,Explicit full exit.,REDUCE_POSITION uses current holding: new_holding = current_holding * (1 - quantity_percent / 100).,1,1,False,READY_FOR_AUTO_APPLY
50,6a152400835de84db36988f3,6a0d87fb835de84db3693578,NSE,INDIA_EQUITY,2026-05-26T04:39:28.446Z,2026-05-26T04:39:28.446Z,,FULL PROFIT BOOK IN VEDL (MAY) @345.90,FULL PROFIT BOOK IN VEDL (MAY) @345.90,80ab2ebe78595776,TRADE_ACTION,CLOSE_POSITION,SINGLE_INSTRUMENT,,VEDL,VEDL,"[""VEDL""]",MAY,,,,100.0,CURRENT_HOLDING,0.0,FULL_EXIT_RULE,False,[345.9],345.9,,[],,,False,False,False,True,0.99,False,AUTO_HIGH_CONFIDENCE,RULE_BASED_AND_CURATED,Explicit full exit.,REDUCE_POSITION uses current holding: new_holding = current_holding * (1 - quantity_percent / 100).,1,1,False,READY_FOR_AUTO_APPLY
51,6a1524b5835de84db369890e,6a0d8832835de84db3693580,International Market,GLOBAL_COMMODITY,2026-05-26T04:42:29.311Z,2026-05-26T04:42:29.311Z,,Book part profit in gold jun @ 4560,Book part profit in gold jun @ 4560,929dc2420545bae1,TRADE_ACTION,REDUCE_POSITION,SINGLE_INSTRUMENT,,gold jun,GOLD,"[""GOLD""]",JUN,,,,25.0,CURRENT_HOLDING,0.75,PART_PROFIT_RULE,False,[4560.0],4560.0,,[],,,False,False,False,True,0.99,False,AUTO_HIGH_CONFIDENCE,RULE_BASED_AND_CURATED,Part/partial profit means sell 25% of current holding.,REDUCE_POSITION uses current holding: new_holding = current_holding * (1 - quantity_percent / 100).,1,1,False,READY_FOR_AUTO_APPLY
52,6a152685835de84db369891a,6a0d87fb835de84db3693578,NSE,INDIA_EQUITY,2026-05-26T04:50:13.884Z,2026-05-26T04:50:13.884Z,,BUY BHARTIARTL(JUNE) @1878 SL 1850 TGT 1900-1920,BUY BHARTIARTL(JUNE) @1878 SL 1850 TGT 1900-1920,e9cfad5592c4ef98,TRADE_ACTION,OPEN_LONG,SINGLE_INSTRUMENT,,BHARTIARTL,BHARTIARTL,"[""BHARTIARTL""]",JUN,,,LONG,100.0,MODEL_ALLOCATION,,DEFAULT_FULL_ALLOCATION,True,[1878.0],1878.0,1850.0,"[1900.0, 1920.0]",1900.0,1920.0,False,False,False,True,0.98,False,AUTO_HIGH_CONFIDENCE,RULE_BASED_AND_CURATED,Buy instruction.,REDUCE_POSITION uses current holding: new_holding = current_holding * (1 - quantity_percent / 100).,1,1,False,READY_FOR_AUTO_APPLY
53,6a1526fb835de84db3698926,6a0d87fb835de84db3693578,NSE,INDIA_EQUITY,2026-05-26T04:52:11.857Z,2026-05-26T04:52:11.857Z,,BUY TCS(JUNE) @2288 SL 2270 TGT 2310-2330,BUY TCS(JUNE) @2288 SL 2270 TGT 2310-2330,efe0ec4f55b8db60,TRADE_ACTION,OPEN_LONG,SINGLE_INSTRUMENT,,TCS,TCS,"[""TCS""]",JUN,,,LONG,100.0,MODEL_ALLOCATION,,DEFAULT_FULL_ALLOCATION,True,[2288.0],2288.0,2270.0,"[2310.0, 2330.0]",2310.0,2330.0,False,False,False,True,0.98,False,AUTO_HIGH_CONFIDENCE,RULE_BASED_AND_CURATED,Buy instruction.,REDUCE_POSITION uses current holding: new_holding = current_holding * (1 - quantity_percent / 100).,1,1,False,READY_FOR_AUTO_APPLY
54,6a15273a835de84db3698932,6a0d87fb835de84db3693578,NSE,INDIA_EQUITY,2026-05-26T04:53:14.323Z,2026-05-26T04:53:14.323Z,,BUY ONGC (JUNE) @288.70 SL 285 TGT 291-295,BUY ONGC (JUNE) @288.70 SL 285 TGT 291-295,d3ebe2cad93803ce,TRADE_ACTION,OPEN_LONG,SINGLE_INSTRUMENT,,ONGC,ONGC,"[""ONGC""]",JUN,,,LONG,100.0,MODEL_ALLOCATION,,DEFAULT_FULL_ALLOCATION,True,[288.7],288.7,285.0,"[291.0, 295.0]",291.0,295.0,False,False,False,True,0.98,False,AUTO_HIGH_CONFIDENCE,RULE_BASED_AND_CURATED,Buy instruction.,REDUCE_POSITION uses current holding: new_holding = current_holding * (1 - quantity_percent / 100).,1,1,False,READY_FOR_AUTO_APPLY
55,6a1528f1835de84db369895f,6a0d87fb835de84db3693578,NSE,INDIA_EQUITY,2026-05-26T05:00:33.054Z,2026-05-26T05:00:33.054Z,,BUY WIPRO(JUNE) @179.50 SL 174 TGT 188-195,BUY WIPRO(JUNE) @179.50 SL 174 TGT 188-195,777fcfd4642de1e4,TRADE_ACTION,OPEN_LONG,SINGLE_INSTRUMENT,,WIPRO,WIPRO,"[""WIPRO""]",JUN,,,LONG,100.0,MODEL_ALLOCATION,,DEFAULT_FULL_ALLOCATION,True,[179.5],179.5,174.0,"[188.0, 195.0]",188.0,195.0,False,False,False,True,0.98,False,AUTO_HIGH_CONFIDENCE,RULE_BASED_AND_CURATED,Buy instruction.,REDUCE_POSITION uses current holding: new_holding = current_holding * (1 - quantity_percent / 100).,1,1,False,READY_FOR_AUTO_APPLY
56,6a1529c5835de84db369896d,6a0d881f835de84db369357c,MCX,INDIA_COMMODITY,2026-05-26T05:04:05.827Z,2026-05-26T05:04:05.827Z,,FULL PROFIT BOOK IN COPPER(MAY) @1339.90,FULL PROFIT BOOK IN COPPER(MAY) @1339.90,ab580955a5bd01df,TRADE_ACTION,CLOSE_POSITION,SINGLE_INSTRUMENT,,COPPER,COPPER,"[""COPPER""]",MAY,,,,100.0,CURRENT_HOLDING,0.0,FULL_EXIT_RULE,False,[1339.9],1339.9,,[],,,False,False,False,True,0.99,False,AUTO_HIGH_CONFIDENCE,RULE_BASED_AND_CURATED,Explicit full exit.,REDUCE_POSITION uses current holding: new_holding = current_holding * (1 - quantity_percent / 100).,1,1,False,READY_FOR_AUTO_APPLY
57,6a152f4a835de84db36989ed,6a0d87fb835de84db3693578,NSE,INDIA_EQUITY,2026-05-26T05:27:38.493Z,2026-05-26T05:27:38.493Z,,HOLD CONCOR WITH SL 480,HOLD CONCOR WITH SL 480,804851425b0d207e,TRADE_UPDATE,UPDATE_STOP_LOSS,SINGLE_INSTRUMENT,,CONCOR,CONCOR,"[""CONCOR""]",,,,,,NONE,,NOT_APPLICABLE,False,[],,480.0,[],,,False,False,False,True,0.99,False,AUTO_HIGH_CONFIDENCE,RULE_BASED_AND_CURATED,Hold and update stop loss.,REDUCE_POSITION uses current holding: new_holding = current_holding * (1 - quantity_percent / 100).,1,1,False,READY_FOR_AUTO_APPLY
58,6a153afb835de84db3698b40,6a0d87fb835de84db3693578,NSE,INDIA_EQUITY,2026-05-26T06:17:31.519Z,2026-05-26T06:17:31.519Z,,FULL PROFIT BOOK IN RBLBANK(MAY) @346,FULL PROFIT BOOK IN RBLBANK(MAY) @346,ea393c4d791284e6,TRADE_ACTION,CLOSE_POSITION,SINGLE_INSTRUMENT,,RBLBANK,RBLBANK,"[""RBLBANK""]",MAY,,,,100.0,CURRENT_HOLDING,0.0,FULL_EXIT_RULE,False,[346.0],346.0,,[],,,False,False,False,True,0.99,False,AUTO_HIGH_CONFIDENCE,RULE_BASED_AND_CURATED,Explicit full exit.,REDUCE_POSITION uses current holding: new_holding = current_holding * (1 - quantity_percent / 100).,1,1,False,READY_FOR_AUTO_APPLY
59,6a153f00835de84db3698b72,6a0d87fb835de84db3693578,NSE,INDIA_EQUITY,2026-05-26T06:34:40.621Z,2026-05-26T06:34:40.621Z,,HOLD CONCOR(JUNE) WITH SL 474,HOLD CONCOR(JUNE) WITH SL 474,afb070c8f29f7af6,TRADE_UPDATE,UPDATE_STOP_LOSS,SINGLE_INSTRUMENT,,CONCOR,CONCOR,"[""CONCOR""]",JUN,,,,,NONE,,NOT_APPLICABLE,False,[],,474.0,[],,,False,False,False,True,0.99,False,AUTO_HIGH_CONFIDENCE,RULE_BASED_AND_CURATED,Hold and update stop loss.,REDUCE_POSITION uses current holding: new_holding = current_holding * (1 - quantity_percent / 100).,1,1,False,READY_FOR_AUTO_APPLY
60,6a154ce1835de84db3698bc1,6a0d8832835de84db3693580,International Market,GLOBAL_COMMODITY,2026-05-26T07:33:53.370Z,2026-05-26T07:33:53.370Z,,Book part profit in silver July @76.55,Book part profit in silver July @76.55,0bfa54aeea9bf68d,TRADE_ACTION,REDUCE_POSITION,SINGLE_INSTRUMENT,,silver July,SILVER,"[""SILVER""]",JUL,,,,25.0,CURRENT_HOLDING,0.75,PART_PROFIT_RULE,False,[76.55],76.55,,[],,,False,False,False,True,0.99,False,AUTO_HIGH_CONFIDENCE,RULE_BASED_AND_CURATED,Part/partial profit means sell 25% of current holding.,REDUCE_POSITION uses current holding: new_holding = current_holding * (1 - quantity_percent / 100).,1,1,False,READY_FOR_AUTO_APPLY
61,6a154d31835de84db3698bce,6a0d8832835de84db3693580,International Market,GLOBAL_COMMODITY,2026-05-26T07:35:13.717Z,2026-05-26T07:35:13.717Z,,Book 50% profit in copper @6.39,Book 50% profit in copper @6.39,754aaefdfd156064,TRADE_ACTION,REDUCE_POSITION,SINGLE_INSTRUMENT,,copper,COPPER,"[""COPPER""]",,,,,50.0,CURRENT_HOLDING,0.5,EXPLICIT_PERCENT,False,[6.39],6.39,,[],,,False,False,False,True,0.99,False,AUTO_HIGH_CONFIDENCE,RULE_BASED_AND_CURATED,Explicit percentage reduction of current holding.,REDUCE_POSITION uses current holding: new_holding = current_holding * (1 - quantity_percent / 100).,1,1,False,READY_FOR_AUTO_APPLY
62,6a1555fcc97cad0ea3252592,6a0d87fb835de84db3693578,NSE,INDIA_EQUITY,2026-05-26T08:12:44.656Z,2026-05-26T08:12:44.656Z,,FULL PROFIT BOOK IN LT (MAY) @4042,FULL PROFIT BOOK IN LT (MAY) @4042,5c64e691f2e431af,TRADE_ACTION,CLOSE_POSITION,SINGLE_INSTRUMENT,,LT,LT,"[""LT""]",MAY,,,,100.0,CURRENT_HOLDING,0.0,FULL_EXIT_RULE,False,[4042.0],4042.0,,[],,,False,False,False,True,0.99,False,AUTO_HIGH_CONFIDENCE,RULE_BASED_AND_CURATED,Explicit full exit.,REDUCE_POSITION uses current holding: new_holding = current_holding * (1 - quantity_percent / 100).,1,1,False,READY_FOR_AUTO_APPLY
63,6a155848c97cad0ea32525d9,6a0d881f835de84db369357c,MCX,INDIA_COMMODITY,2026-05-26T08:22:32.289Z,2026-05-26T08:22:32.289Z,,FULL PROFIT BOOK IN CRUDE MINI @8880,FULL PROFIT BOOK IN CRUDE MINI @8880,89bd2c1d53f32edf,TRADE_ACTION,CLOSE_POSITION,SINGLE_INSTRUMENT,,CRUDE MINI,CRUDE_MINI,"[""CRUDE_MINI""]",,,,,100.0,CURRENT_HOLDING,0.0,FULL_EXIT_RULE,False,[8880.0],8880.0,,[],,,False,False,False,True,0.99,False,AUTO_HIGH_CONFIDENCE,RULE_BASED_AND_CURATED,Explicit full exit.,REDUCE_POSITION uses current holding: new_holding = current_holding * (1 - quantity_percent / 100).,1,1,False,READY_FOR_AUTO_APPLY
64,6a155901c97cad0ea3252625,6a0d8832835de84db3693580,International Market,GLOBAL_COMMODITY,2026-05-26T08:25:37.942Z,2026-05-26T08:25:37.942Z,,Book part profit in crude @92.77,Book part profit in crude @92.77,35ad2a5ae3b268fe,TRADE_ACTION,REDUCE_POSITION,SINGLE_INSTRUMENT,,crude,CRUDE,"[""CRUDE""]",,,,,25.0,CURRENT_HOLDING,0.75,PART_PROFIT_RULE,False,[92.77],92.77,,[],,,False,False,False,True,0.99,False,AUTO_HIGH_CONFIDENCE,RULE_BASED_AND_CURATED,Part/partial profit means sell 25% of current holding.,REDUCE_POSITION uses current holding: new_holding = current_holding * (1 - quantity_percent / 100).,1,1,False,READY_FOR_AUTO_APPLY
65,6a156930c97cad0ea3252887,6a0d87fb835de84db3693578,NSE,INDIA_EQUITY,2026-05-26T09:34:40.552Z,2026-05-26T09:34:40.552Z,,BUY MOTILALOFS (JUNE) @871 SL 860 TGT 900-920,BUY MOTILALOFS (JUNE) @871 SL 860 TGT 900-920,4f97ded4bf0e9399,TRADE_ACTION,OPEN_LONG,SINGLE_INSTRUMENT,,MOTILALOFS,MOTILALOFS,"[""MOTILALOFS""]",JUN,,,LONG,100.0,MODEL_ALLOCATION,,DEFAULT_FULL_ALLOCATION,True,[871.0],871.0,860.0,"[900.0, 920.0]",900.0,920.0,False,False,False,True,0.98,False,AUTO_HIGH_CONFIDENCE,RULE_BASED_AND_CURATED,Buy instruction.,REDUCE_POSITION uses current holding: new_holding = current_holding * (1 - quantity_percent / 100).,1,1,False,READY_FOR_AUTO_APPLY
66,6a15a0b7dfef2e015044bfe9,6a0d8832835de84db3693580,International Market,GLOBAL_EQUITY,2026-05-26T13:31:35.224Z,2026-05-26T13:31:35.224Z,,BUY AAPL @ 311 with S/L 305 for target 315-319,BUY AAPL @ 311 with S/L 305 for target 315-319,af939336d2bb8a7a,TRADE_ACTION,OPEN_LONG,SINGLE_INSTRUMENT,,AAPL,AAPL,"[""AAPL""]",,,,LONG,100.0,MODEL_ALLOCATION,,DEFAULT_FULL_ALLOCATION,True,[311.0],311.0,305.0,"[315.0, 319.0]",315.0,319.0,False,False,False,True,0.98,False,AUTO_HIGH_CONFIDENCE,RULE_BASED_AND_CURATED,Buy instruction.,REDUCE_POSITION uses current holding: new_holding = current_holding * (1 - quantity_percent / 100).,1,1,False,READY_FOR_AUTO_APPLY
67,6a15a0dcdfef2e015044bff6,6a0d8832835de84db3693580,International Market,GLOBAL_EQUITY,2026-05-26T13:32:12.164Z,2026-05-26T13:32:12.164Z,,Book profit in AMD @ 488,Book profit in AMD @ 488,c8752b701e3da7cb,TRADE_ACTION,CLOSE_POSITION,SINGLE_INSTRUMENT,,AMD,AMD,"[""AMD""]",,,,,100.0,CURRENT_HOLDING,0.0,FULL_EXIT_RULE,False,[488.0],488.0,,[],,,False,False,False,True,0.96,False,AUTO_HIGH_CONFIDENCE,RULE_BASED_AND_CURATED,Unqualified 'book profit' closes all remaining holding.,REDUCE_POSITION uses current holding: new_holding = current_holding * (1 - quantity_percent / 100).,1,1,False,READY_FOR_AUTO_APPLY
68,6a15a10ddfef2e015044c003,6a0d8832835de84db3693580,International Market,GLOBAL_EQUITY,2026-05-26T13:33:01.061Z,2026-05-26T13:33:01.061Z,,BUY MRVL @ 214 with S/L 207 for target 220-228,BUY MRVL @ 214 with S/L 207 for target 220-228,fc3122429cf80f19,TRADE_ACTION,OPEN_LONG,SINGLE_INSTRUMENT,,MRVL,MRVL,"[""MRVL""]",,,,LONG,100.0,MODEL_ALLOCATION,,DEFAULT_FULL_ALLOCATION,True,[214.0],214.0,207.0,"[220.0, 228.0]",220.0,228.0,False,False,False,True,0.98,False,AUTO_HIGH_CONFIDENCE,RULE_BASED_AND_CURATED,Buy instruction.,REDUCE_POSITION uses current holding: new_holding = current_holding * (1 - quantity_percent / 100).,1,1,False,READY_FOR_AUTO_APPLY
69,6a15a13bdfef2e015044c010,6a0d8832835de84db3693580,International Market,GLOBAL_EQUITY,2026-05-26T13:33:47.356Z,2026-05-26T13:33:47.356Z,,BUY DELL @ 302 with S/L 295 for target 315-328,BUY DELL @ 302 with S/L 295 for target 315-328,5f4d76e95b2de5e1,TRADE_ACTION,OPEN_LONG,SINGLE_INSTRUMENT,,DELL,DELL,"[""DELL""]",,,,LONG,100.0,MODEL_ALLOCATION,,DEFAULT_FULL_ALLOCATION,True,[302.0],302.0,295.0,"[315.0, 328.0]",315.0,328.0,False,False,False,True,0.98,False,AUTO_HIGH_CONFIDENCE,RULE_BASED_AND_CURATED,Buy instruction.,REDUCE_POSITION uses current holding: new_holding = current_holding * (1 - quantity_percent / 100).,1,1,False,READY_FOR_AUTO_APPLY
70,6a15a152dfef2e015044c01d,6a0d8832835de84db3693580,International Market,GLOBAL_EQUITY,2026-05-26T13:34:10.067Z,2026-05-26T13:34:10.067Z,,Book 50% profit in AVGO @ 425,Book 50% profit in AVGO @ 425,a671740167f3c41b,TRADE_ACTION,REDUCE_POSITION,SINGLE_INSTRUMENT,,AVGO,AVGO,"[""AVGO""]",,,,,50.0,CURRENT_HOLDING,0.5,EXPLICIT_PERCENT,False,[425.0],425.0,,[],,,False,False,False,True,0.99,False,AUTO_HIGH_CONFIDENCE,RULE_BASED_AND_CURATED,Explicit percentage reduction of current holding.,REDUCE_POSITION uses current holding: new_holding = current_holding * (1 - quantity_percent / 100).,1,1,False,READY_FOR_AUTO_APPLY
71,6a15a278dfef2e015044c02a,6a0d8832835de84db3693580,International Market,GLOBAL_EQUITY,2026-05-26T13:39:04.192Z,2026-05-26T13:39:04.192Z,,BUY 50% SNDK @ 1567 for target 1600-1620,BUY 50% SNDK @ 1567 for target 1600-1620,5d2025be71cf3be5,TRADE_ACTION,OPEN_LONG,SINGLE_INSTRUMENT,,SNDK,SNDK,"[""SNDK""]",,,,LONG,50.0,MODEL_ALLOCATION,,EXPLICIT_PERCENT,False,[1567.0],1567.0,,"[1600.0, 1620.0]",1600.0,1620.0,False,False,False,True,0.98,False,AUTO_HIGH_CONFIDENCE,RULE_BASED_AND_CURATED,Buy instruction.,REDUCE_POSITION uses current holding: new_holding = current_holding * (1 - quantity_percent / 100).,1,1,False,READY_FOR_AUTO_APPLY
72,6a15a639dfef2e015044c188,6a0d8832835de84db3693580,International Market,GLOBAL_EQUITY,2026-05-26T13:55:05.720Z,2026-05-26T13:55:05.720Z,,Book 50% profit in AMAT @ 448,Book 50% profit in AMAT @ 448,9056f7f1bd5932fe,TRADE_ACTION,REDUCE_POSITION,SINGLE_INSTRUMENT,,AMAT,AMAT,"[""AMAT""]",,,,,50.0,CURRENT_HOLDING,0.5,EXPLICIT_PERCENT,False,[448.0],448.0,,[],,,False,False,False,True,0.99,False,AUTO_HIGH_CONFIDENCE,RULE_BASED_AND_CURATED,Explicit percentage reduction of current holding.,REDUCE_POSITION uses current holding: new_holding = current_holding * (1 - quantity_percent / 100).,1,1,False,READY_FOR_AUTO_APPLY
73,6a15a65adfef2e015044c195,6a0d8832835de84db3693580,International Market,GLOBAL_COMMODITY,2026-05-26T13:55:38.338Z,2026-05-26T13:55:38.338Z,,Book 50% profit in NG @ 3.09,Book 50% profit in NG @ 3.09,16c0a48c61532679,TRADE_ACTION,REDUCE_POSITION,SINGLE_INSTRUMENT,,NG,NATURAL_GAS,"[""NATURAL_GAS""]",,,,,50.0,CURRENT_HOLDING,0.5,EXPLICIT_PERCENT,False,[3.09],3.09,,[],,,False,False,False,True,0.99,False,AUTO_HIGH_CONFIDENCE,RULE_BASED_AND_CURATED,Explicit percentage reduction of current holding.,REDUCE_POSITION uses current holding: new_holding = current_holding * (1 - quantity_percent / 100).,1,1,False,READY_FOR_AUTO_APPLY
74,6a15a684dfef2e015044c1a2,6a0d8832835de84db3693580,International Market,GLOBAL_COMMODITY,2026-05-26T13:56:20.301Z,2026-05-26T13:56:20.301Z,,Book 50% profit in crude @ 94.00,Book 50% profit in crude @ 94.00,b73f01d87524c169,TRADE_ACTION,REDUCE_POSITION,SINGLE_INSTRUMENT,,crude,CRUDE,"[""CRUDE""]",,,,,50.0,CURRENT_HOLDING,0.5,EXPLICIT_PERCENT,False,[94.0],94.0,,[],,,False,False,False,True,0.99,False,AUTO_HIGH_CONFIDENCE,RULE_BASED_AND_CURATED,Explicit percentage reduction of current holding.,REDUCE_POSITION uses current holding: new_holding = current_holding * (1 - quantity_percent / 100).,1,1,False,READY_FOR_AUTO_APPLY
75,6a15ad70dfef2e015044c452,6a0d8832835de84db3693580,International Market,GLOBAL_EQUITY,2026-05-26T14:25:52.230Z,2026-05-26T14:25:52.230Z,,Part Profit book in SNDK@ 1603,Part Profit book in SNDK @ 1603,6ad41eb5e1af2fe3,TRADE_ACTION,REDUCE_POSITION,SINGLE_INSTRUMENT,,SNDK,SNDK,"[""SNDK""]",,,,,25.0,CURRENT_HOLDING,0.75,PART_PROFIT_RULE,False,[1603.0],1603.0,,[],,,False,False,False,True,0.99,False,AUTO_HIGH_CONFIDENCE,RULE_BASED_AND_CURATED,Part/partial profit means sell 25% of current holding.,REDUCE_POSITION uses current holding: new_holding = current_holding * (1 - quantity_percent / 100).,1,1,False,READY_FOR_AUTO_APPLY
76,6a15ae79dfef2e015044c46f,6a0d8832835de84db3693580,International Market,GLOBAL_COMMODITY,2026-05-26T14:30:17.972Z,2026-05-26T14:30:17.972Z,,Buy 50% gold aug @4550 with sl 4500 for target 4600-4650,Buy 50% gold aug @4550 with sl 4500 for target 4600-4650,9db97a8267da5e20,TRADE_ACTION,OPEN_LONG,SINGLE_INSTRUMENT,,gold aug,GOLD,"[""GOLD""]",AUG,,,LONG,50.0,MODEL_ALLOCATION,,EXPLICIT_PERCENT,False,[4550.0],4550.0,4500.0,"[4600.0, 4650.0]",4600.0,4650.0,False,False,False,True,0.98,False,AUTO_HIGH_CONFIDENCE,RULE_BASED_AND_CURATED,Buy instruction.,REDUCE_POSITION uses current holding: new_holding = current_holding * (1 - quantity_percent / 100).,1,1,False,READY_FOR_AUTO_APPLY
77,6a15aeb4dfef2e015044c497,6a0d8832835de84db3693580,International Market,GLOBAL_COMMODITY,2026-05-26T14:31:16.149Z,2026-05-26T14:31:16.149Z,,Buy silver July @76.60 & 75.60 with SL 75.00 for target 79.00-81.00,Buy silver July @76.60 & 75.60 with SL 75.00 for target 79.00-81.00,9d08e3d9eb659529,TRADE_ACTION,OPEN_LONG,SINGLE_INSTRUMENT,,silver July,SILVER,"[""SILVER""]",JUL,,,LONG,100.0,MODEL_ALLOCATION,,DEFAULT_FULL_ALLOCATION,True,"[76.6, 75.6]",76.6,75.0,"[79.0, 81.0]",79.0,81.0,False,False,False,True,0.98,False,AUTO_HIGH_CONFIDENCE,RULE_BASED_AND_CURATED,Buy instruction.,REDUCE_POSITION uses current holding: new_holding = current_holding * (1 - quantity_percent / 100).,1,1,False,READY_FOR_AUTO_APPLY
78,6a15b9b7dfef2e015044c620,6a0d8832835de84db3693580,International Market,GLOBAL_EQUITY,2026-05-26T15:18:15.212Z,2026-05-26T15:18:15.212Z,,2nd tgt touch in SNDK,2nd tgt touch in SNDK,0aa21f37c1a62413,TRADE_UPDATE,TARGET_HIT,SINGLE_INSTRUMENT,,SNDK,SNDK,"[""SNDK""]",,,,,,NONE,,NOT_APPLICABLE,False,[],,,[],,,False,False,False,False,0.96,False,AUTO_HIGH_CONFIDENCE,RULE_BASED_AND_CURATED,Target status update; no automatic quantity change.,REDUCE_POSITION uses current holding: new_holding = current_holding * (1 - quantity_percent / 100).,1,1,False,STATUS_ONLY
79,6a163e59dfef2e015044cc58,6a0d8832835de84db3693580,International Market,GLOBAL_COMMODITY,2026-05-27T00:44:09.993Z,2026-05-27T00:44:09.993Z,,Book part profit in silver july @ 77.75,Book part profit in silver july @ 77.75,9e3a2c651c9d85e8,TRADE_ACTION,REDUCE_POSITION,SINGLE_INSTRUMENT,,silver july,SILVER,"[""SILVER""]",JUL,,,,25.0,CURRENT_HOLDING,0.75,PART_PROFIT_RULE,False,[77.75],77.75,,[],,,False,False,False,True,0.99,False,AUTO_HIGH_CONFIDENCE,RULE_BASED_AND_CURATED,Part/partial profit means sell 25% of current holding.,REDUCE_POSITION uses current holding: new_holding = current_holding * (1 - quantity_percent / 100).,1,1,False,READY_FOR_AUTO_APPLY
80,6a163eafdfef2e015044ccac,6a0d8832835de84db3693580,International Market,GLOBAL_COMMODITY,2026-05-27T00:45:35.154Z,2026-05-27T00:45:35.154Z,,Sell copper @ 6.45 with S/L 6.52 for target 6.39-6.32,Sell copper @ 6.45 with S/L 6.52 for target 6.39-6.32,9488bbe6b73a6e7d,TRADE_ACTION,OPEN_SHORT,SINGLE_INSTRUMENT,,copper,COPPER,"[""COPPER""]",,,,SHORT,100.0,MODEL_ALLOCATION,,DEFAULT_FULL_ALLOCATION,True,[6.45],6.45,6.52,"[6.39, 6.32]",6.39,6.32,False,False,False,True,0.96,False,AUTO_HIGH_CONFIDENCE,RULE_BASED_AND_CURATED,Sell/short instruction.,REDUCE_POSITION uses current holding: new_holding = current_holding * (1 - quantity_percent / 100).,1,1,False,READY_FOR_AUTO_APPLY
81,6a165f28dfef2e015044cd2d,6a0d8832835de84db3693580,International Market,GLOBAL_COMMODITY,2026-05-27T03:04:08.538Z,2026-05-27T03:04:08.538Z,,Buy crude @92.05 & 90 with sl 88 for target 94.5-98.00,Buy crude @92.05 & 90 with sl 88 for target 94.5-98.00,fd0aa536722f8456,TRADE_ACTION,OPEN_LONG,SINGLE_INSTRUMENT,,crude,CRUDE,"[""CRUDE""]",,,,LONG,100.0,MODEL_ALLOCATION,,DEFAULT_FULL_ALLOCATION,True,"[92.05, 90.0]",92.05,88.0,"[94.5, 98.0]",94.5,98.0,False,False,False,True,0.98,False,AUTO_HIGH_CONFIDENCE,RULE_BASED_AND_CURATED,Buy instruction.,REDUCE_POSITION uses current holding: new_holding = current_holding * (1 - quantity_percent / 100).,1,1,False,READY_FOR_AUTO_APPLY
82,6a1665e4dfef2e015044cd4e,6a0d881f835de84db369357c,MCX,INDIA_COMMODITY,2026-05-27T03:32:52.538Z,2026-05-27T03:32:52.538Z,,sell copper @1338 sl 1345 tgt 1332-1328,sell copper @1338 sl 1345 tgt 1332-1328,759775bda3ab50b4,TRADE_ACTION,OPEN_SHORT,SINGLE_INSTRUMENT,,copper,COPPER,"[""COPPER""]",,,,SHORT,100.0,MODEL_ALLOCATION,,DEFAULT_FULL_ALLOCATION,True,[1338.0],1338.0,1345.0,"[1332.0, 1328.0]",1332.0,1328.0,False,False,False,True,0.96,False,AUTO_HIGH_CONFIDENCE,RULE_BASED_AND_CURATED,Sell/short instruction.,REDUCE_POSITION uses current holding: new_holding = current_holding * (1 - quantity_percent / 100).,1,1,False,READY_FOR_AUTO_APPLY
83,6a166604dfef2e015044cd5b,6a0d881f835de84db369357c,MCX,INDIA_COMMODITY,2026-05-27T03:33:24.479Z,2026-05-27T03:33:24.479Z,,50% BUY CRUDE MINI @8850 SL 8600 TGT 9000-9150,50% BUY CRUDE MINI @8850 SL 8600 TGT 9000-9150,13b5dd5910167ce5,TRADE_ACTION,OPEN_LONG,SINGLE_INSTRUMENT,,CRUDE MINI,CRUDE_MINI,"[""CRUDE_MINI""]",,,,LONG,50.0,MODEL_ALLOCATION,,EXPLICIT_PERCENT,False,[8850.0],8850.0,8600.0,"[9000.0, 9150.0]",9000.0,9150.0,False,False,False,True,0.98,False,AUTO_HIGH_CONFIDENCE,RULE_BASED_AND_CURATED,Buy instruction.,REDUCE_POSITION uses current holding: new_holding = current_holding * (1 - quantity_percent / 100).,1,1,False,READY_FOR_AUTO_APPLY
84,6a166730dfef2e015044cdbc,6a0d87fb835de84db3693578,NSE,INDIA_EQUITY,2026-05-27T03:38:24.512Z,2026-05-27T03:38:24.512Z,,Pls note a correction in today's newsletter. Current contract of Nifty & Bank Nifty is June.,Pls note a correction in today's newsletter. Current contract of Nifty & Bank Nifty is June.,2a8d760d1ab25763,NON_TRADE,MARKET_COMMENTARY,MULTI_INSTRUMENT,,,,"[""NIFTY"", ""BANKNIFTY""]",JUN,,,,,NONE,,NOT_APPLICABLE,False,[],,,[],,,True,True,True,False,0.92,False,AUTO_HIGH_CONFIDENCE,RULE_BASED_AND_CURATED,Market information; no direct execution.,REDUCE_POSITION uses current holding: new_holding = current_holding * (1 - quantity_percent / 100).,1,1,False,NON_EXECUTABLE
85,6a166837dfef2e015044ce0d,6a0d881f835de84db369357c,MCX,INDIA_COMMODITY,2026-05-27T03:42:47.677Z,2026-05-27T03:42:47.677Z,,50% PROFIT BOOK IN COPPER @1335,50% PROFIT BOOK IN COPPER @1335,c3f5e6a8e2631dfa,TRADE_ACTION,REDUCE_POSITION,SINGLE_INSTRUMENT,,COPPER,COPPER,"[""COPPER""]",,,,,50.0,CURRENT_HOLDING,0.5,EXPLICIT_PERCENT,False,[1335.0],1335.0,,[],,,False,False,False,True,0.99,False,AUTO_HIGH_CONFIDENCE,RULE_BASED_AND_CURATED,Explicit percentage reduction of current holding.,REDUCE_POSITION uses current holding: new_holding = current_holding * (1 - quantity_percent / 100).,1,1,False,READY_FOR_AUTO_APPLY
86,6a166968dfef2e015044ce54,6a0d87fb835de84db3693578,NSE,INDIA_EQUITY,2026-05-27T03:47:52.896Z,2026-05-27T03:47:52.896Z,,HOLD HINDALCO WITH SL 1151,HOLD HINDALCO WITH SL 1151,2232874e36109f11,TRADE_UPDATE,UPDATE_STOP_LOSS,SINGLE_INSTRUMENT,,HINDALCO,HINDALCO,"[""HINDALCO""]",,,,,,NONE,,NOT_APPLICABLE,False,[],,1151.0,[],,,False,False,False,True,0.99,False,AUTO_HIGH_CONFIDENCE,RULE_BASED_AND_CURATED,Hold and update stop loss.,REDUCE_POSITION uses current holding: new_holding = current_holding * (1 - quantity_percent / 100).,1,1,False,READY_FOR_AUTO_APPLY
87,6a1669aadfef2e015044ce85,6a0d87fb835de84db3693578,NSE,INDIA_EQUITY,2026-05-27T03:48:58.016Z,2026-05-27T03:48:58.016Z,,SL TOUCH IN HINDALCO,SL TOUCH IN HINDALCO,6ae55206b1b35929,TRADE_ACTION,CLOSE_POSITION,SINGLE_INSTRUMENT,,HINDALCO,HINDALCO,"[""HINDALCO""]",,,,,100.0,CURRENT_HOLDING,0.0,FULL_EXIT_RULE,False,[],,,[],,,False,False,False,True,0.99,False,AUTO_HIGH_CONFIDENCE,RULE_BASED_AND_CURATED,Stop-loss hit closes current holding.,REDUCE_POSITION uses current holding: new_holding = current_holding * (1 - quantity_percent / 100).,1,1,False,READY_FOR_AUTO_APPLY
88,6a1669dcdfef2e015044ce9c,6a0d87fb835de84db3693578,NSE,INDIA_EQUITY,2026-05-27T03:49:48.741Z,2026-05-27T03:49:48.741Z,,BUY VEDL @350 .50 SL  345 TGT 355-360,BUY VEDL @350.50 SL 345 TGT 355-360,e09afd304be75631,TRADE_ACTION,OPEN_LONG,SINGLE_INSTRUMENT,,VEDL,VEDL,"[""VEDL""]",,,,LONG,100.0,MODEL_ALLOCATION,,DEFAULT_FULL_ALLOCATION,True,[350.5],350.5,345.0,"[355.0, 360.0]",355.0,360.0,False,False,False,True,0.98,False,AUTO_HIGH_CONFIDENCE,RULE_BASED_AND_CURATED,Buy instruction.,REDUCE_POSITION uses current holding: new_holding = current_holding * (1 - quantity_percent / 100).,1,1,False,READY_FOR_AUTO_APPLY
89,6a166a18dfef2e015044ced6,6a0d87fb835de84db3693578,NSE,INDIA_EQUITY,2026-05-27T03:50:48.150Z,2026-05-27T03:50:48.150Z,,SELL AXISBANK @1310 SL 1330 TGT 1280-1255,SELL AXISBANK @1310 SL 1330 TGT 1280-1255,5df562ca93259577,TRADE_ACTION,OPEN_SHORT,SINGLE_INSTRUMENT,,AXISBANK,AXISBANK,"[""AXISBANK""]",,,,SHORT,100.0,MODEL_ALLOCATION,,DEFAULT_FULL_ALLOCATION,True,[1310.0],1310.0,1330.0,"[1280.0, 1255.0]",1280.0,1255.0,False,False,False,True,0.96,False,AUTO_HIGH_CONFIDENCE,RULE_BASED_AND_CURATED,Sell/short instruction.,REDUCE_POSITION uses current holding: new_holding = current_holding * (1 - quantity_percent / 100).,1,1,False,READY_FOR_AUTO_APPLY
90,6a166a4ddfef2e015044cef0,6a0d87fb835de84db3693578,NSE,INDIA_EQUITY,2026-05-27T03:51:41.009Z,2026-05-27T03:51:41.009Z,,SELL HINDALCO @1153  STRICT SL 1158.60 TGT 1100,SELL HINDALCO @1153 STRICT SL 1158.60 TGT 1100,99bc2173e8348595,TRADE_ACTION,OPEN_SHORT,SINGLE_INSTRUMENT,,HINDALCO,HINDALCO,"[""HINDALCO""]",,,,SHORT,100.0,MODEL_ALLOCATION,,DEFAULT_FULL_ALLOCATION,True,[1153.0],1153.0,1158.6,[1100.0],1100.0,,False,False,False,True,0.96,False,AUTO_HIGH_CONFIDENCE,RULE_BASED_AND_CURATED,Sell/short instruction.,REDUCE_POSITION uses current holding: new_holding = current_holding * (1 - quantity_percent / 100).,1,1,False,READY_FOR_AUTO_APPLY
91,6a166a88dfef2e015044cf28,6a0d87fb835de84db3693578,NSE,INDIA_EQUITY,2026-05-27T03:52:40.183Z,2026-05-27T03:52:40.183Z,,SELL UNIONBANK @170 SL 173 TGT 160,SELL UNIONBANK @170 SL 173 TGT 160,d13e272a45c51eb3,TRADE_ACTION,OPEN_SHORT,SINGLE_INSTRUMENT,,UNIONBANK,UNIONBANK,"[""UNIONBANK""]",,,,SHORT,100.0,MODEL_ALLOCATION,,DEFAULT_FULL_ALLOCATION,True,[170.0],170.0,173.0,[160.0],160.0,,False,False,False,True,0.96,False,AUTO_HIGH_CONFIDENCE,RULE_BASED_AND_CURATED,Sell/short instruction.,REDUCE_POSITION uses current holding: new_holding = current_holding * (1 - quantity_percent / 100).,1,1,False,READY_FOR_AUTO_APPLY
92,6a166ab6dfef2e015044cf3a,6a0d87fb835de84db3693578,NSE,INDIA_EQUITY,2026-05-27T03:53:26.880Z,2026-05-27T03:53:26.880Z,,SELL SBIN @978 SL 1005 TGT 953-932,SELL SBIN @978 SL 1005 TGT 953-932,611dbdfbfd313998,TRADE_ACTION,OPEN_SHORT,SINGLE_INSTRUMENT,,SBIN,SBIN,"[""SBIN""]",,,,SHORT,100.0,MODEL_ALLOCATION,,DEFAULT_FULL_ALLOCATION,True,[978.0],978.0,1005.0,"[953.0, 932.0]",953.0,932.0,False,False,False,True,0.96,False,AUTO_HIGH_CONFIDENCE,RULE_BASED_AND_CURATED,Sell/short instruction.,REDUCE_POSITION uses current holding: new_holding = current_holding * (1 - quantity_percent / 100).,1,1,False,READY_FOR_AUTO_APPLY
93,6a166ae5dfef2e015044cf4c,6a0d87fb835de84db3693578,NSE,INDIA_EQUITY,2026-05-27T03:54:13.695Z,2026-05-27T03:54:13.695Z,,50% PROFIT BOOK IN MOTILALOFS @892,50% PROFIT BOOK IN MOTILALOFS @892,a92c4576b44dcf6e,TRADE_ACTION,REDUCE_POSITION,SINGLE_INSTRUMENT,,MOTILALOFS,MOTILALOFS,"[""MOTILALOFS""]",,,,,50.0,CURRENT_HOLDING,0.5,EXPLICIT_PERCENT,False,[892.0],892.0,,[],,,False,False,False,True,0.99,False,AUTO_HIGH_CONFIDENCE,RULE_BASED_AND_CURATED,Explicit percentage reduction of current holding.,REDUCE_POSITION uses current holding: new_holding = current_holding * (1 - quantity_percent / 100).,1,1,False,READY_FOR_AUTO_APPLY
94,6a166b4ddfef2e015044cf5e,6a0d87fb835de84db3693578,NSE,INDIA_EQUITY,2026-05-27T03:55:57.688Z,2026-05-27T03:55:57.688Z,,BUY LICHSGFIN @549 SL 540 TGT 560-570,BUY LICHSGFIN @549 SL 540 TGT 560-570,6f6cb8d5f165c508,TRADE_ACTION,OPEN_LONG,SINGLE_INSTRUMENT,,LICHSGFIN,LICHSGFIN,"[""LICHSGFIN""]",,,,LONG,100.0,MODEL_ALLOCATION,,DEFAULT_FULL_ALLOCATION,True,[549.0],549.0,540.0,"[560.0, 570.0]",560.0,570.0,False,False,False,True,0.98,False,AUTO_HIGH_CONFIDENCE,RULE_BASED_AND_CURATED,Buy instruction.,REDUCE_POSITION uses current holding: new_holding = current_holding * (1 - quantity_percent / 100).,1,1,False,READY_FOR_AUTO_APPLY
95,6a166bf6dfef2e015044cf89,6a0d87fb835de84db3693578,NSE,INDIA_EQUITY,2026-05-27T03:58:46.873Z,2026-05-27T03:58:46.873Z,,50% PROFIT BOOK IN VEDL @355,50% PROFIT BOOK IN VEDL @355,16a520da82a232f5,TRADE_ACTION,REDUCE_POSITION,SINGLE_INSTRUMENT,,VEDL,VEDL,"[""VEDL""]",,,,,50.0,CURRENT_HOLDING,0.5,EXPLICIT_PERCENT,False,[355.0],355.0,,[],,,False,False,False,True,0.99,False,AUTO_HIGH_CONFIDENCE,RULE_BASED_AND_CURATED,Explicit percentage reduction of current holding.,REDUCE_POSITION uses current holding: new_holding = current_holding * (1 - quantity_percent / 100).,1,1,False,READY_FOR_AUTO_APPLY
96,6a166cd9dfef2e015044cfa5,6a0d87fb835de84db3693578,NSE,INDIA_EQUITY,2026-05-27T04:02:33.561Z,2026-05-27T04:02:33.561Z,,50% PROFIT BOOK IN WIPRO @182.35,50% PROFIT BOOK IN WIPRO @182.35,5b0f87b5f3908abc,TRADE_ACTION,REDUCE_POSITION,SINGLE_INSTRUMENT,,WIPRO,WIPRO,"[""WIPRO""]",,,,,50.0,CURRENT_HOLDING,0.5,EXPLICIT_PERCENT,False,[182.35],182.35,,[],,,False,False,False,True,0.99,False,AUTO_HIGH_CONFIDENCE,RULE_BASED_AND_CURATED,Explicit percentage reduction of current holding.,REDUCE_POSITION uses current holding: new_holding = current_holding * (1 - quantity_percent / 100).,1,1,False,READY_FOR_AUTO_APPLY
97,6a166d7fdfef2e015044d000,6a0d881f835de84db369357c,MCX,INDIA_COMMODITY,2026-05-27T04:05:19.272Z,2026-05-27T04:05:19.272Z,,PART PROFIT BOOK IN SILVER @272000,PART PROFIT BOOK IN SILVER @272000,ffbe0b3281c096e2,TRADE_ACTION,REDUCE_POSITION,SINGLE_INSTRUMENT,,SILVER,SILVER,"[""SILVER""]",,,,,25.0,CURRENT_HOLDING,0.75,PART_PROFIT_RULE,False,[272000.0],272000.0,,[],,,False,False,False,True,0.99,False,AUTO_HIGH_CONFIDENCE,RULE_BASED_AND_CURATED,Part/partial profit means sell 25% of current holding.,REDUCE_POSITION uses current holding: new_holding = current_holding * (1 - quantity_percent / 100).,1,1,False,READY_FOR_AUTO_APPLY
98,6a166eefdfef2e015044d1ee,6a0d87fb835de84db3693578,NSE,INDIA_EQUITY,2026-05-27T04:11:27.548Z,2026-05-27T04:11:27.548Z,,SELL TMPV @385 SL 393 TGT 372-362,SELL TMPV @385 SL 393 TGT 372-362,f6f379fe189fd2f8,TRADE_ACTION,OPEN_SHORT,SINGLE_INSTRUMENT,,TMPV,TMPV,"[""TMPV""]",,,,SHORT,100.0,MODEL_ALLOCATION,,DEFAULT_FULL_ALLOCATION,True,[385.0],385.0,393.0,"[372.0, 362.0]",372.0,362.0,False,False,False,True,0.96,False,AUTO_HIGH_CONFIDENCE,RULE_BASED_AND_CURATED,Sell/short instruction.,REDUCE_POSITION uses current holding: new_holding = current_holding * (1 - quantity_percent / 100).,1,1,False,READY_FOR_AUTO_APPLY
99,6a1670e3dfef2e015044d483,6a0d87fb835de84db3693578,NSE,INDIA_EQUITY,2026-05-27T04:19:47.427Z,2026-05-27T04:19:47.427Z,,HOLD TMPV WITH POSITIONAL SL 401,HOLD TMPV WITH POSITIONAL SL 401,809fa30f52b3958b,TRADE_UPDATE,UPDATE_STOP_LOSS,SINGLE_INSTRUMENT,,TMPV,TMPV,"[""TMPV""]",,,,,,NONE,,NOT_APPLICABLE,False,[],,401.0,[],,,False,False,False,True,0.99,False,AUTO_HIGH_CONFIDENCE,RULE_BASED_AND_CURATED,Hold and update stop loss.,REDUCE_POSITION uses current holding: new_holding = current_holding * (1 - quantity_percent / 100).,1,1,False,READY_FOR_AUTO_APPLY
100,6a1674f4dfef2e015044d5e5,6a0d87fb835de84db3693578,NSE,INDIA_EQUITY,2026-05-27T04:37:08.098Z,2026-05-27T04:37:08.098Z,,FULL PROFIT BOOK IN MOTILALOFS @899,FULL PROFIT BOOK IN MOTILALOFS @899,4178cd395301fca1,TRADE_ACTION,CLOSE_POSITION,SINGLE_INSTRUMENT,,MOTILALOFS,MOTILALOFS,"[""MOTILALOFS""]",,,,,100.0,CURRENT_HOLDING,0.0,FULL_EXIT_RULE,False,[899.0],899.0,,[],,,False,False,False,True,0.99,False,AUTO_HIGH_CONFIDENCE,RULE_BASED_AND_CURATED,Explicit full exit.,REDUCE_POSITION uses current holding: new_holding = current_holding * (1 - quantity_percent / 100).,1,1,False,READY_FOR_AUTO_APPLY
101,6a167a58dfef2e015044d6ee,6a0d87fb835de84db3693578,NSE,INDIA_EQUITY,2026-05-27T05:00:08.324Z,2026-05-27T05:00:08.324Z,,50% SELL NIFTY @24030 SL 24200 TGT 23900-23750,50% SELL NIFTY @24030 SL 24200 TGT 23900-23750,e82f3114dbe5b950,TRADE_ACTION,OPEN_SHORT,SINGLE_INSTRUMENT,,NIFTY,NIFTY,"[""NIFTY""]",,,,SHORT,50.0,MODEL_ALLOCATION,,EXPLICIT_PERCENT,False,[24030.0],24030.0,24200.0,"[23900.0, 23750.0]",23900.0,23750.0,False,False,False,True,0.97,False,AUTO_HIGH_CONFIDENCE,RULE_BASED_AND_CURATED,Sell with stop/target opens a short allocation.,REDUCE_POSITION uses current holding: new_holding = current_holding * (1 - quantity_percent / 100).,1,1,False,READY_FOR_AUTO_APPLY
102,6a168478dfef2e015044d724,6a0d881f835de84db369357c,MCX,INDIA_COMMODITY,2026-05-27T05:43:20.843Z,2026-05-27T05:43:20.843Z,,50% BUY SILVER @269500 SL 265000 TGT 272000-274000,50% BUY SILVER @269500 SL 265000 TGT 272000-274000,b5a92a99be4f0f21,TRADE_ACTION,OPEN_LONG,SINGLE_INSTRUMENT,,SILVER,SILVER,"[""SILVER""]",,,,LONG,50.0,MODEL_ALLOCATION,,EXPLICIT_PERCENT,False,[269500.0],269500.0,265000.0,"[272000.0, 274000.0]",272000.0,274000.0,False,False,False,True,0.98,False,AUTO_HIGH_CONFIDENCE,RULE_BASED_AND_CURATED,Buy instruction.,REDUCE_POSITION uses current holding: new_holding = current_holding * (1 - quantity_percent / 100).,1,1,False,READY_FOR_AUTO_APPLY
103,6a16848bdfef2e015044d733,6a0d8832835de84db3693580,International Market,GLOBAL_COMMODITY,2026-05-27T05:43:39.328Z,2026-05-27T05:43:39.328Z,,Buy silver July @76.00 with sl 74.40 for target 77.50-79.00,Buy silver July @76.00 with sl 74.40 for target 77.50-79.00,f36fd653340ca190,TRADE_ACTION,OPEN_LONG,SINGLE_INSTRUMENT,,silver July,SILVER,"[""SILVER""]",JUL,,,LONG,100.0,MODEL_ALLOCATION,,DEFAULT_FULL_ALLOCATION,True,[76.0],76.0,74.4,"[77.5, 79.0]",77.5,79.0,False,False,False,True,0.98,False,AUTO_HIGH_CONFIDENCE,RULE_BASED_AND_CURATED,Buy instruction.,REDUCE_POSITION uses current holding: new_holding = current_holding * (1 - quantity_percent / 100).,1,1,False,READY_FOR_AUTO_APPLY
104,6a1684dfdfef2e015044d744,6a0d881f835de84db369357c,MCX,INDIA_COMMODITY,2026-05-27T05:45:03.730Z,2026-05-27T05:45:03.730Z,,HOLD GOLD WITH SL 156700,HOLD GOLD WITH SL 156700,3670e7e3c548e930,TRADE_UPDATE,UPDATE_STOP_LOSS,SINGLE_INSTRUMENT,,GOLD,GOLD,"[""GOLD""]",,,,,,NONE,,NOT_APPLICABLE,False,[],,156700.0,[],,,False,False,False,True,0.99,False,AUTO_HIGH_CONFIDENCE,RULE_BASED_AND_CURATED,Hold and update stop loss.,REDUCE_POSITION uses current holding: new_holding = current_holding * (1 - quantity_percent / 100).,1,1,False,READY_FOR_AUTO_APPLY
105,6a168c6adfef2e015044d87a,6a0d8832835de84db3693580,International Market,GLOBAL_COMMODITY,2026-05-27T06:17:14.438Z,2026-05-27T06:17:14.438Z,,Book 50% profit in copper @6.40,Book 50% profit in copper @6.40,0fefb1d633ef1b6a,TRADE_ACTION,REDUCE_POSITION,SINGLE_INSTRUMENT,,copper,COPPER,"[""COPPER""]",,,,,50.0,CURRENT_HOLDING,0.5,EXPLICIT_PERCENT,False,[6.4],6.4,,[],,,False,False,False,True,0.99,False,AUTO_HIGH_CONFIDENCE,RULE_BASED_AND_CURATED,Explicit percentage reduction of current holding.,REDUCE_POSITION uses current holding: new_holding = current_holding * (1 - quantity_percent / 100).,1,1,False,READY_FOR_AUTO_APPLY
106,6a169011dfef2e015044d887,6a0d881f835de84db369357c,MCX,INDIA_COMMODITY,2026-05-27T06:32:49.320Z,2026-05-27T06:32:49.320Z,,50% BUY GOLD @156950 SL 155500 TGT 158500-159200,50% BUY GOLD @156950 SL 155500 TGT 158500-159200,ef5402c40595459d,TRADE_ACTION,OPEN_LONG,SINGLE_INSTRUMENT,,GOLD,GOLD,"[""GOLD""]",,,,LONG,50.0,MODEL_ALLOCATION,,EXPLICIT_PERCENT,False,[156950.0],156950.0,155500.0,"[158500.0, 159200.0]",158500.0,159200.0,False,False,False,True,0.98,False,AUTO_HIGH_CONFIDENCE,RULE_BASED_AND_CURATED,Buy instruction.,REDUCE_POSITION uses current holding: new_holding = current_holding * (1 - quantity_percent / 100).,1,1,False,READY_FOR_AUTO_APPLY
107,6a169056dfef2e015044d8ec,6a0d881f835de84db369357c,MCX,INDIA_COMMODITY,2026-05-27T06:33:58.363Z,2026-05-27T06:33:58.363Z,,CORRECTION : 50% BUY GOLD @156950 SL 156500 TGT 158500-159200,CORRECTION : 50% BUY GOLD @156950 SL 156500 TGT 158500-159200,fe702ed10c94634f,TRADE_ACTION,OPEN_LONG,SINGLE_INSTRUMENT,,GOLD,GOLD,"[""GOLD""]",,,,LONG,50.0,MODEL_ALLOCATION,,EXPLICIT_PERCENT,False,[156950.0],156950.0,156500.0,"[158500.0, 159200.0]",158500.0,159200.0,True,False,True,False,0.85,True,REVIEW_REQUIRED,RULE_BASED_AND_CURATED,Buy instruction. Correction must supersede/link to the prior instruction.,REDUCE_POSITION uses current holding: new_holding = current_holding * (1 - quantity_percent / 100).,1,1,False,MANUAL_OR_CONTEXT_REVIEW
108,6a1690b1dfef2e015044d979,6a0d881f835de84db369357c,MCX,INDIA_COMMODITY,2026-05-27T06:35:29.879Z,2026-05-27T06:35:29.879Z,,HOLD GOLD WITH INTRADAY SL 156700,HOLD GOLD WITH INTRADAY SL 156700,cfd80d456c7928b2,TRADE_UPDATE,UPDATE_STOP_LOSS,SINGLE_INSTRUMENT,,GOLD,GOLD,"[""GOLD""]",,,,,,NONE,,NOT_APPLICABLE,False,[],,156700.0,[],,,False,False,False,True,0.99,False,AUTO_HIGH_CONFIDENCE,RULE_BASED_AND_CURATED,Hold and update stop loss.,REDUCE_POSITION uses current holding: new_holding = current_holding * (1 - quantity_percent / 100).,1,1,False,READY_FOR_AUTO_APPLY
109,6a16a286dfef2e015044dc6f,6a0d87fb835de84db3693578,NSE,INDIA_EQUITY,2026-05-27T07:51:34.486Z,2026-05-27T07:51:34.486Z,,50% PROFIT BOOK IN LICHSGFIN @553,50% PROFIT BOOK IN LICHSGFIN @553,fe698d199310cbf7,TRADE_ACTION,REDUCE_POSITION,SINGLE_INSTRUMENT,,LICHSGFIN,LICHSGFIN,"[""LICHSGFIN""]",,,,,50.0,CURRENT_HOLDING,0.5,EXPLICIT_PERCENT,False,[553.0],553.0,,[],,,False,False,False,True,0.99,False,AUTO_HIGH_CONFIDENCE,RULE_BASED_AND_CURATED,Explicit percentage reduction of current holding.,REDUCE_POSITION uses current holding: new_holding = current_holding * (1 - quantity_percent / 100).,1,1,False,READY_FOR_AUTO_APPLY
110,6a16a4e0dfef2e015044dd7e,6a0d881f835de84db369357c,MCX,INDIA_COMMODITY,2026-05-27T08:01:36.658Z,2026-05-27T08:01:36.658Z,,FULL PROFIT BOOK IN COPPER @1332,FULL PROFIT BOOK IN COPPER @1332,892394ec49725e7d,TRADE_ACTION,CLOSE_POSITION,SINGLE_INSTRUMENT,,COPPER,COPPER,"[""COPPER""]",,,,,100.0,CURRENT_HOLDING,0.0,FULL_EXIT_RULE,False,[1332.0],1332.0,,[],,,False,False,False,True,0.99,False,AUTO_HIGH_CONFIDENCE,RULE_BASED_AND_CURATED,Explicit full exit.,REDUCE_POSITION uses current holding: new_holding = current_holding * (1 - quantity_percent / 100).,1,1,False,READY_FOR_AUTO_APPLY
111,6a16a514dfef2e015044dd94,6a0d87fb835de84db3693578,NSE,INDIA_EQUITY,2026-05-27T08:02:28.107Z,2026-05-27T08:02:28.107Z,,FULL PROFIT BOOK IN LICHSGFIN @560,FULL PROFIT BOOK IN LICHSGFIN @560,7a4706ea472963d8,TRADE_ACTION,CLOSE_POSITION,SINGLE_INSTRUMENT,,LICHSGFIN,LICHSGFIN,"[""LICHSGFIN""]",,,,,100.0,CURRENT_HOLDING,0.0,FULL_EXIT_RULE,False,[560.0],560.0,,[],,,False,False,False,True,0.99,False,AUTO_HIGH_CONFIDENCE,RULE_BASED_AND_CURATED,Explicit full exit.,REDUCE_POSITION uses current holding: new_holding = current_holding * (1 - quantity_percent / 100).,1,1,False,READY_FOR_AUTO_APPLY
112,6a16a53bdfef2e015044dda1,6a0d87fb835de84db3693578,NSE,INDIA_EQUITY,2026-05-27T08:03:07.992Z,2026-05-27T08:03:07.992Z,,DAY TRADERS PART PROFIT BOOK IN BANKNIFTY @55180,DAY TRADERS PART PROFIT BOOK IN BANKNIFTY @55180,163cb63b3d9b4aa6,TRADE_ACTION,REDUCE_POSITION,SINGLE_INSTRUMENT,,BANKNIFTY,BANKNIFTY,"[""BANKNIFTY""]",,,,,25.0,CURRENT_HOLDING,0.75,PART_PROFIT_RULE,False,[55180.0],55180.0,,[],,,False,False,False,True,0.99,False,AUTO_HIGH_CONFIDENCE,RULE_BASED_AND_CURATED,Part/partial profit means sell 25% of current holding.,REDUCE_POSITION uses current holding: new_holding = current_holding * (1 - quantity_percent / 100).,1,1,False,READY_FOR_AUTO_APPLY
113,6a16a6d6dfef2e015044de0e,6a0d87fb835de84db3693578,NSE,INDIA_EQUITY,2026-05-27T08:09:58.241Z,2026-05-27T08:09:58.241Z,,BUY KOTAKBANK @390 SL 385 TGT 395-410,BUY KOTAKBANK @390 SL 385 TGT 395-410,373ff54c42d7d523,TRADE_ACTION,OPEN_LONG,SINGLE_INSTRUMENT,,KOTAKBANK,KOTAKBANK,"[""KOTAKBANK""]",,,,LONG,100.0,MODEL_ALLOCATION,,DEFAULT_FULL_ALLOCATION,True,[390.0],390.0,385.0,"[395.0, 410.0]",395.0,410.0,False,False,False,True,0.98,False,AUTO_HIGH_CONFIDENCE,RULE_BASED_AND_CURATED,Buy instruction.,REDUCE_POSITION uses current holding: new_holding = current_holding * (1 - quantity_percent / 100).,1,1,False,READY_FOR_AUTO_APPLY
114,6a16a7dddfef2e015044de6f,6a0d87fb835de84db3693578,NSE,INDIA_EQUITY,2026-05-27T08:14:21.197Z,2026-05-27T08:14:21.197Z,,EXIT UPL  COST TO COST,EXIT UPL COST TO COST,49f584f6620099c2,TRADE_ACTION,CLOSE_POSITION,SINGLE_INSTRUMENT,,UPL,UPL,"[""UPL""]",,,,,100.0,CURRENT_HOLDING,0.0,FULL_EXIT_RULE,False,[],,,[],,,False,False,False,True,0.99,False,AUTO_HIGH_CONFIDENCE,RULE_BASED_AND_CURATED,Explicit full exit.,REDUCE_POSITION uses current holding: new_holding = current_holding * (1 - quantity_percent / 100).,1,1,False,READY_FOR_AUTO_APPLY
115,6a16b452dfef2e015044dfd1,6a0d87fb835de84db3693578,NSE,INDIA_EQUITY,2026-05-27T09:07:30.784Z,2026-05-27T09:07:30.784Z,,PART PROFIT BOOK IN NIFTY @23920,PART PROFIT BOOK IN NIFTY @23920,6d26ec2a50bc514d,TRADE_ACTION,REDUCE_POSITION,SINGLE_INSTRUMENT,,NIFTY,NIFTY,"[""NIFTY""]",,,,,25.0,CURRENT_HOLDING,0.75,PART_PROFIT_RULE,False,[23920.0],23920.0,,[],,,False,False,False,True,0.99,False,AUTO_HIGH_CONFIDENCE,RULE_BASED_AND_CURATED,Part/partial profit means sell 25% of current holding.,REDUCE_POSITION uses current holding: new_holding = current_holding * (1 - quantity_percent / 100).,1,1,False,READY_FOR_AUTO_APPLY
116,6a16b82bdfef2e015044e11e,6a0d87fb835de84db3693578,NSE,INDIA_EQUITY,2026-05-27T09:23:55.260Z,2026-05-27T09:23:55.260Z,,POSITIONAL TRADERS HOLD TMPV FOR FRIDAY,POSITIONAL TRADERS HOLD TMPV FOR FRIDAY,29dc40db54dae29a,TRADE_UPDATE,HOLD_POSITION,SINGLE_INSTRUMENT,,TMPV,TMPV,"[""TMPV""]",,,,,,NONE,,NOT_APPLICABLE,False,[],,,[],,,False,False,False,True,0.97,False,AUTO_HIGH_CONFIDENCE,RULE_BASED_AND_CURATED,Hold instruction; no quantity change.,REDUCE_POSITION uses current holding: new_holding = current_holding * (1 - quantity_percent / 100).,1,1,False,READY_FOR_AUTO_APPLY
117,6a16b87bdfef2e015044e14a,6a0d881f835de84db369357c,MCX,INDIA_COMMODITY,2026-05-27T09:25:15.702Z,2026-05-27T09:25:15.702Z,,AGAIN BUY CRUDE MINI @8629 SL 8500 TGT 8900-9100,AGAIN BUY CRUDE MINI @8629 SL 8500 TGT 8900-9100,80c77e5d0ebd520d,TRADE_ACTION,ADD_LONG,SINGLE_INSTRUMENT,,CRUDE MINI,CRUDE_MINI,"[""CRUDE_MINI""]",,,,LONG,100.0,MODEL_ALLOCATION,,DEFAULT_FULL_ALLOCATION,True,[8629.0],8629.0,8500.0,"[8900.0, 9100.0]",8900.0,9100.0,False,False,False,True,0.97,False,AUTO_HIGH_CONFIDENCE,RULE_BASED_AND_CURATED,Explicit additional long entry.,REDUCE_POSITION uses current holding: new_holding = current_holding * (1 - quantity_percent / 100).,1,1,False,READY_FOR_AUTO_APPLY
118,6a16beb8dfef2e015044e28b,6a0d87fb835de84db3693578,NSE,INDIA_EQUITY,2026-05-27T09:51:52.885Z,2026-05-27T09:51:52.885Z,,BUY RELIANCE @1362 SL 1345 TGT 1375-1388,BUY RELIANCE @1362 SL 1345 TGT 1375-1388,67029bcf4d735e36,TRADE_ACTION,OPEN_LONG,SINGLE_INSTRUMENT,,RELIANCE,RELIANCE,"[""RELIANCE""]",,,,LONG,100.0,MODEL_ALLOCATION,,DEFAULT_FULL_ALLOCATION,True,[1362.0],1362.0,1345.0,"[1375.0, 1388.0]",1375.0,1388.0,False,False,False,True,0.98,False,AUTO_HIGH_CONFIDENCE,RULE_BASED_AND_CURATED,Buy instruction.,REDUCE_POSITION uses current holding: new_holding = current_holding * (1 - quantity_percent / 100).,1,1,False,READY_FOR_AUTO_APPLY
119,6a16ca31dfef2e015044e6ca,6a0d8832835de84db3693580,International Market,GLOBAL_COMMODITY,2026-05-27T10:40:49.507Z,2026-05-27T10:40:49.507Z,,Sl touch in gold,Sl touch in gold,3ba56b31088a10c0,TRADE_ACTION,CLOSE_POSITION,SINGLE_INSTRUMENT,,gold,GOLD,"[""GOLD""]",,,,,100.0,CURRENT_HOLDING,0.0,FULL_EXIT_RULE,False,[],,,[],,,False,False,False,True,0.99,False,AUTO_HIGH_CONFIDENCE,RULE_BASED_AND_CURATED,Stop-loss hit closes current holding.,REDUCE_POSITION uses current holding: new_holding = current_holding * (1 - quantity_percent / 100).,3,1,True,READY_FOR_AUTO_APPLY
120,6a16ca72dfef2e015044e731,6a0d881f835de84db369357c,MCX,INDIA_COMMODITY,2026-05-27T10:41:54.052Z,2026-05-27T10:41:54.052Z,,Sl touch in intraday gold,Sl touch in intraday gold,95db7753c27dc22a,TRADE_ACTION,CLOSE_POSITION,SINGLE_INSTRUMENT,,gold,GOLD,"[""GOLD""]",,,,,100.0,CURRENT_HOLDING,0.0,FULL_EXIT_RULE,False,[],,,[],,,False,False,False,True,0.99,False,AUTO_HIGH_CONFIDENCE,RULE_BASED_AND_CURATED,Stop-loss hit closes current holding.,REDUCE_POSITION uses current holding: new_holding = current_holding * (1 - quantity_percent / 100).,1,1,False,READY_FOR_AUTO_APPLY
121,6a16ce3bdfef2e015044e845,6a0d8832835de84db3693580,International Market,GLOBAL_COMMODITY,2026-05-27T10:58:03.821Z,2026-05-27T10:58:03.821Z,,Intraday sl touch in silver,Intraday sl touch in silver,5530532031600705,TRADE_ACTION,CLOSE_POSITION,SINGLE_INSTRUMENT,,silver,SILVER,"[""SILVER""]",,,,,100.0,CURRENT_HOLDING,0.0,FULL_EXIT_RULE,False,[],,,[],,,False,False,False,True,0.99,False,AUTO_HIGH_CONFIDENCE,RULE_BASED_AND_CURATED,Stop-loss hit closes current holding.,REDUCE_POSITION uses current holding: new_holding = current_holding * (1 - quantity_percent / 100).,1,1,False,READY_FOR_AUTO_APPLY
122,6a16ce65dfef2e015044e862,6a0d8832835de84db3693580,International Market,GLOBAL_COMMODITY,2026-05-27T10:58:45.812Z,2026-05-27T10:58:45.812Z,,Full Profit book in copper@ 6.35,Full Profit book in copper @ 6.35,188c8bce182da540,TRADE_ACTION,CLOSE_POSITION,SINGLE_INSTRUMENT,,copper,COPPER,"[""COPPER""]",,,,,100.0,CURRENT_HOLDING,0.0,FULL_EXIT_RULE,False,[6.35],6.35,,[],,,False,False,False,True,0.99,False,AUTO_HIGH_CONFIDENCE,RULE_BASED_AND_CURATED,Explicit full exit.,REDUCE_POSITION uses current holding: new_holding = current_holding * (1 - quantity_percent / 100).,1,1,False,READY_FOR_AUTO_APPLY
123,6a16efafdfef2e015044ea2f,6a0d8832835de84db3693580,International Market,GLOBAL_COMMODITY,2026-05-27T13:20:47.920Z,2026-05-27T13:20:47.920Z,,Profit book in NG@ 3.06,Profit book in NG @ 3.06,2f2c4f7221dc1e17,TRADE_ACTION,CLOSE_POSITION,SINGLE_INSTRUMENT,,NG,NATURAL_GAS,"[""NATURAL_GAS""]",,,,,100.0,CURRENT_HOLDING,0.0,FULL_EXIT_RULE,False,[3.06],3.06,,[],,,False,False,False,True,0.96,False,AUTO_HIGH_CONFIDENCE,RULE_BASED_AND_CURATED,Unqualified 'book profit' closes all remaining holding.,REDUCE_POSITION uses current holding: new_holding = current_holding * (1 - quantity_percent / 100).,1,1,False,READY_FOR_AUTO_APPLY
124,6a16f23cdfef2e015044eb1e,6a0d8832835de84db3693580,International Market,GLOBAL_EQUITY,2026-05-27T13:31:40.938Z,2026-05-27T13:31:40.938Z,,Book profit in AMAT @ 457,Book profit in AMAT @ 457,b62e2c294e10ea25,TRADE_ACTION,CLOSE_POSITION,SINGLE_INSTRUMENT,,AMAT,AMAT,"[""AMAT""]",,,,,100.0,CURRENT_HOLDING,0.0,FULL_EXIT_RULE,False,[457.0],457.0,,[],,,False,False,False,True,0.96,False,AUTO_HIGH_CONFIDENCE,RULE_BASED_AND_CURATED,Unqualified 'book profit' closes all remaining holding.,REDUCE_POSITION uses current holding: new_holding = current_holding * (1 - quantity_percent / 100).,1,1,False,READY_FOR_AUTO_APPLY
125,6a16f277dfef2e015044eb2e,6a0d8832835de84db3693580,International Market,GLOBAL_EQUITY,2026-05-27T13:32:39.188Z,2026-05-27T13:32:39.188Z,,BUY AMSC @ 53.30 with SL 50.00 for target 58-62,BUY AMSC @ 53.30 with SL 50.00 for target 58-62,75d5ebd7eae34f05,TRADE_ACTION,OPEN_LONG,SINGLE_INSTRUMENT,,AMSC,AMSC,"[""AMSC""]",,,,LONG,100.0,MODEL_ALLOCATION,,DEFAULT_FULL_ALLOCATION,True,[53.3],53.3,50.0,"[58.0, 62.0]",58.0,62.0,False,False,False,True,0.98,False,AUTO_HIGH_CONFIDENCE,RULE_BASED_AND_CURATED,Buy instruction.,REDUCE_POSITION uses current holding: new_holding = current_holding * (1 - quantity_percent / 100).,1,1,False,READY_FOR_AUTO_APPLY
126,6a16f32fdfef2e015044eb3e,6a0d8832835de84db3693580,International Market,GLOBAL_EQUITY,2026-05-27T13:35:43.292Z,2026-05-27T13:35:43.292Z,,Buy soxl @232.50 with SL 225 for target 240-245,Buy soxl @232.50 with SL 225 for target 240-245,5d9962e24ecf69b5,TRADE_ACTION,OPEN_LONG,SINGLE_INSTRUMENT,,soxl,SOXL,"[""SOXL""]",,,,LONG,100.0,MODEL_ALLOCATION,,DEFAULT_FULL_ALLOCATION,True,[232.5],232.5,225.0,"[240.0, 245.0]",240.0,245.0,False,False,False,True,0.98,False,AUTO_HIGH_CONFIDENCE,RULE_BASED_AND_CURATED,Buy instruction.,REDUCE_POSITION uses current holding: new_holding = current_holding * (1 - quantity_percent / 100).,1,1,False,READY_FOR_AUTO_APPLY
127,6a16f4d9dfef2e015044ebd1,6a0d8832835de84db3693580,International Market,GLOBAL_EQUITY,2026-05-27T13:42:49.040Z,2026-05-27T13:42:49.040Z,,Buy MU @ 923 with SL 900 for target 960,Buy MU @ 923 with SL 900 for target 960,ad93a7cd22796976,TRADE_ACTION,OPEN_LONG,SINGLE_INSTRUMENT,,MU,MU,"[""MU""]",,,,LONG,100.0,MODEL_ALLOCATION,,DEFAULT_FULL_ALLOCATION,True,[923.0],923.0,900.0,[960.0],960.0,,False,False,False,True,0.98,False,AUTO_HIGH_CONFIDENCE,RULE_BASED_AND_CURATED,Buy instruction.,REDUCE_POSITION uses current holding: new_holding = current_holding * (1 - quantity_percent / 100).,1,1,False,READY_FOR_AUTO_APPLY
128,6a16f7bbdfef2e015044ec53,6a0d8832835de84db3693580,International Market,GLOBAL_INDEX_OR_MACRO,2026-05-27T13:55:07.190Z,2026-05-27T13:55:07.190Z,,Buy 50% Russell @ 2918 with SL 2880 for target 2940-2960,Buy 50% Russell @ 2918 with SL 2880 for target 2940-2960,948a50f74d1e6ec5,TRADE_ACTION,OPEN_LONG,SINGLE_INSTRUMENT,,Russell,RUSSELL,"[""RUSSELL""]",,,,LONG,50.0,MODEL_ALLOCATION,,EXPLICIT_PERCENT,False,[2918.0],2918.0,2880.0,"[2940.0, 2960.0]",2940.0,2960.0,False,False,False,True,0.98,False,AUTO_HIGH_CONFIDENCE,RULE_BASED_AND_CURATED,Buy instruction.,REDUCE_POSITION uses current holding: new_holding = current_holding * (1 - quantity_percent / 100).,1,1,False,READY_FOR_AUTO_APPLY
129,6a16f7fadfef2e015044ec66,6a0d8832835de84db3693580,International Market,GLOBAL_INDEX_OR_MACRO,2026-05-27T13:56:10.625Z,2026-05-27T13:56:10.625Z,,Buy 50% Dow @50640 with SL 50200 for target 51000,Buy 50% Dow @50640 with SL 50200 for target 51000,b25e8264e2d44677,TRADE_ACTION,OPEN_LONG,SINGLE_INSTRUMENT,,Dow,DOW,"[""DOW""]",,,,LONG,50.0,MODEL_ALLOCATION,,EXPLICIT_PERCENT,False,[50640.0],50640.0,50200.0,[51000.0],51000.0,,False,False,False,True,0.98,False,AUTO_HIGH_CONFIDENCE,RULE_BASED_AND_CURATED,Buy instruction.,REDUCE_POSITION uses current holding: new_holding = current_holding * (1 - quantity_percent / 100).,1,1,False,READY_FOR_AUTO_APPLY
130,6a16f88adfef2e015044ec77,6a0d8832835de84db3693580,International Market,GLOBAL_COMMODITY,2026-05-27T13:58:34.518Z,2026-05-27T13:58:34.518Z,,Buy 50% gold aug @4457 with SL 4420 for target 4550-4600,Buy 50% gold aug @4457 with SL 4420 for target 4550-4600,fdf3654aea342892,TRADE_ACTION,OPEN_LONG,SINGLE_INSTRUMENT,,gold aug,GOLD,"[""GOLD""]",AUG,,,LONG,50.0,MODEL_ALLOCATION,,EXPLICIT_PERCENT,False,[4457.0],4457.0,4420.0,"[4550.0, 4600.0]",4550.0,4600.0,False,False,False,True,0.98,False,AUTO_HIGH_CONFIDENCE,RULE_BASED_AND_CURATED,Buy instruction.,REDUCE_POSITION uses current holding: new_holding = current_holding * (1 - quantity_percent / 100).,1,1,False,READY_FOR_AUTO_APPLY
131,6a16f8a9dfef2e015044ec87,6a0d8832835de84db3693580,International Market,GLOBAL_COMMODITY,2026-05-27T13:59:05.961Z,2026-05-27T13:59:05.961Z,,Buy 50% silver July @74.60 with SL 73.40 for target 77-78,Buy 50% silver July @74.60 with SL 73.40 for target 77-78,39d936b53279c8f7,TRADE_ACTION,OPEN_LONG,SINGLE_INSTRUMENT,,silver July,SILVER,"[""SILVER""]",JUL,,,LONG,50.0,MODEL_ALLOCATION,,EXPLICIT_PERCENT,False,[74.6],74.6,73.4,"[77.0, 78.0]",77.0,78.0,False,False,False,True,0.98,False,AUTO_HIGH_CONFIDENCE,RULE_BASED_AND_CURATED,Buy instruction.,REDUCE_POSITION uses current holding: new_holding = current_holding * (1 - quantity_percent / 100).,1,1,False,READY_FOR_AUTO_APPLY
132,6a16f8fcdfef2e015044ecb6,6a0d881f835de84db369357c,MCX,INDIA_COMMODITY,2026-05-27T14:00:28.406Z,2026-05-27T14:00:28.406Z,,Positional buy 50% gold @155180 with SL 154700 for target 157000-158000,Positional buy 50% gold @155180 with SL 154700 for target 157000-158000,05e4a55e3b4bfe59,TRADE_ACTION,OPEN_LONG,SINGLE_INSTRUMENT,,gold,GOLD,"[""GOLD""]",,,,LONG,50.0,MODEL_ALLOCATION,,EXPLICIT_PERCENT,False,[155180.0],155180.0,154700.0,"[157000.0, 158000.0]",157000.0,158000.0,False,False,False,True,0.98,False,AUTO_HIGH_CONFIDENCE,RULE_BASED_AND_CURATED,Buy instruction.,REDUCE_POSITION uses current holding: new_holding = current_holding * (1 - quantity_percent / 100).,1,1,False,READY_FOR_AUTO_APPLY
133,6a16f912dfef2e015044ecf2,6a0d881f835de84db369357c,MCX,INDIA_COMMODITY,2026-05-27T14:00:50.829Z,2026-05-27T14:00:50.829Z,,Positional buy 50% silver @265600 with SL 262000 for target 272000-275000,Positional buy 50% silver @265600 with SL 262000 for target 272000-275000,33c2ab3f3cb189eb,TRADE_ACTION,OPEN_LONG,SINGLE_INSTRUMENT,,silver,SILVER,"[""SILVER""]",,,,LONG,50.0,MODEL_ALLOCATION,,EXPLICIT_PERCENT,False,[265600.0],265600.0,262000.0,"[272000.0, 275000.0]",272000.0,275000.0,False,False,False,True,0.98,False,AUTO_HIGH_CONFIDENCE,RULE_BASED_AND_CURATED,Buy instruction.,REDUCE_POSITION uses current holding: new_holding = current_holding * (1 - quantity_percent / 100).,1,1,False,READY_FOR_AUTO_APPLY
134,6a16ff25dfef2e015044ee84,6a0d8832835de84db3693580,International Market,GLOBAL_INDEX_OR_MACRO,2026-05-27T14:26:45.776Z,2026-05-27T14:26:45.776Z,,Hold Nasdaq with sl 29700,Hold Nasdaq with sl 29700,b69db04179d57987,TRADE_UPDATE,UPDATE_STOP_LOSS,SINGLE_INSTRUMENT,,Nasdaq,NASDAQ,"[""NASDAQ""]",,,,,,NONE,,NOT_APPLICABLE,False,[],,29700.0,[],,,False,False,False,True,0.99,False,AUTO_HIGH_CONFIDENCE,RULE_BASED_AND_CURATED,Hold and update stop loss.,REDUCE_POSITION uses current holding: new_holding = current_holding * (1 - quantity_percent / 100).,2,1,True,READY_FOR_AUTO_APPLY
135,6a1706ffdfef2e015044f152,6a0d8832835de84db3693580,International Market,GLOBAL_COMMODITY,2026-05-27T15:00:15.841Z,2026-05-27T15:00:15.841Z,,Buy copper @6.34 with SL 6.28 for target 6.40-6.45,Buy copper @6.34 with SL 6.28 for target 6.40-6.45,bb68fe48f32b02b2,TRADE_ACTION,OPEN_LONG,SINGLE_INSTRUMENT,,copper,COPPER,"[""COPPER""]",,,,LONG,100.0,MODEL_ALLOCATION,,DEFAULT_FULL_ALLOCATION,True,[6.34],6.34,6.28,"[6.4, 6.45]",6.4,6.45,False,False,False,True,0.98,False,AUTO_HIGH_CONFIDENCE,RULE_BASED_AND_CURATED,Buy instruction.,REDUCE_POSITION uses current holding: new_holding = current_holding * (1 - quantity_percent / 100).,1,1,False,READY_FOR_AUTO_APPLY
136,6a170950dfef2e015044f25f,6a0d881f835de84db369357c,MCX,INDIA_COMMODITY,2026-05-27T15:10:08.907Z,2026-05-27T15:10:08.907Z,,Book part profit in crude mini @8745,Book part profit in crude mini @8745,43413ec228ebd4c5,TRADE_ACTION,REDUCE_POSITION,SINGLE_INSTRUMENT,,crude mini,CRUDE_MINI,"[""CRUDE_MINI""]",,,,,25.0,CURRENT_HOLDING,0.75,PART_PROFIT_RULE,False,[8745.0],8745.0,,[],,,False,False,False,True,0.99,False,AUTO_HIGH_CONFIDENCE,RULE_BASED_AND_CURATED,Part/partial profit means sell 25% of current holding.,REDUCE_POSITION uses current holding: new_holding = current_holding * (1 - quantity_percent / 100).,1,1,False,READY_FOR_AUTO_APPLY
137,6a171f4fdfef2e015044f4a0,6a0d8832835de84db3693580,International Market,GLOBAL_COMMODITY,2026-05-27T16:43:59.242Z,2026-05-27T16:43:59.242Z,,Book full profit in Ng @3.13,Book full profit in Ng @3.13,248ab5d0d954537f,TRADE_ACTION,CLOSE_POSITION,SINGLE_INSTRUMENT,,Ng,NATURAL_GAS,"[""NATURAL_GAS""]",,,,,100.0,CURRENT_HOLDING,0.0,FULL_EXIT_RULE,False,[3.13],3.13,,[],,,False,False,False,True,0.99,False,AUTO_HIGH_CONFIDENCE,RULE_BASED_AND_CURATED,Explicit full exit.,REDUCE_POSITION uses current holding: new_holding = current_holding * (1 - quantity_percent / 100).,1,1,False,READY_FOR_AUTO_APPLY
138,6a172daddfef2e015044f6fc,6a0d8832835de84db3693580,International Market,GLOBAL_EQUITY,2026-05-27T17:45:17.924Z,2026-05-27T17:45:17.924Z,,Buy MRVL @ 199 with SL 195 for target 205/210,Buy MRVL @ 199 with SL 195 for target 205/210,6c14a9fc7b5297cb,TRADE_ACTION,OPEN_LONG,SINGLE_INSTRUMENT,,MRVL,MRVL,"[""MRVL""]",,,,LONG,100.0,MODEL_ALLOCATION,,DEFAULT_FULL_ALLOCATION,True,"[205.0, 210.0, 199.0]",205.0,195.0,"[205.0, 210.0]",205.0,210.0,False,False,False,True,0.98,False,AUTO_HIGH_CONFIDENCE,RULE_BASED_AND_CURATED,Buy instruction.,REDUCE_POSITION uses current holding: new_holding = current_holding * (1 - quantity_percent / 100).,1,1,False,READY_FOR_AUTO_APPLY
139,6a17b56fdfef2e015044f954,6a0d8832835de84db3693580,International Market,GLOBAL_EQUITY,2026-05-28T03:24:31.802Z,2026-05-28T03:24:31.802Z,,Gold Aug has support at 4400 & Silver July has support at 72.00,Gold Aug has support at 4400 & Silver July has support at 72.00,1095b34404207444,NON_TRADE,MARKET_COMMENTARY,MULTI_INSTRUMENT,,,,"[""GOLD"", ""SILVER""]",AUG,,,,,NONE,,NOT_APPLICABLE,False,[],,,[],,,False,True,True,False,0.92,False,AUTO_HIGH_CONFIDENCE,RULE_BASED_AND_CURATED,Market information; no direct execution.,REDUCE_POSITION uses current holding: new_holding = current_holding * (1 - quantity_percent / 100).,1,1,False,NON_EXECUTABLE
140,6a17b83edfef2e015044f98e,6a0d8832835de84db3693580,International Market,GLOBAL_COMMODITY,2026-05-28T03:36:30.105Z,2026-05-28T03:36:30.105Z,,Book 50% profit in crude @92.00,Book 50% profit in crude @92.00,94005d139d65af51,TRADE_ACTION,REDUCE_POSITION,SINGLE_INSTRUMENT,,crude,CRUDE,"[""CRUDE""]",,,,,50.0,CURRENT_HOLDING,0.5,EXPLICIT_PERCENT,False,[92.0],92.0,,[],,,False,False,False,True,0.99,False,AUTO_HIGH_CONFIDENCE,RULE_BASED_AND_CURATED,Explicit percentage reduction of current holding.,REDUCE_POSITION uses current holding: new_holding = current_holding * (1 - quantity_percent / 100).,1,1,False,READY_FOR_AUTO_APPLY
141,6a1847df59359ea1faee8c76,6a0d8832835de84db3693580,International Market,GLOBAL_EQUITY,2026-05-28T13:49:19.018Z,2026-05-28T13:49:19.018Z,,Buy STX@ 868 sl 850 tgt 900,Buy STX @ 868 sl 850 tgt 900,cb617e45a8a6b174,TRADE_ACTION,OPEN_LONG,SINGLE_INSTRUMENT,,STX,STX,"[""STX""]",,,,LONG,100.0,MODEL_ALLOCATION,,DEFAULT_FULL_ALLOCATION,True,[868.0],868.0,850.0,[900.0],900.0,,False,False,False,True,0.98,False,AUTO_HIGH_CONFIDENCE,RULE_BASED_AND_CURATED,Buy instruction.,REDUCE_POSITION uses current holding: new_holding = current_holding * (1 - quantity_percent / 100).,1,1,False,READY_FOR_AUTO_APPLY
142,6a184c2c59359ea1faee8cca,6a0d8832835de84db3693580,International Market,GLOBAL_EQUITY,2026-05-28T14:07:40.245Z,2026-05-28T14:07:40.245Z,,Book profit in SNOW @ 238.09,Book profit in SNOW @ 238.09,90a88446afb90d2d,TRADE_ACTION,CLOSE_POSITION,SINGLE_INSTRUMENT,,SNOW,SNOW,"[""SNOW""]",,,,,100.0,CURRENT_HOLDING,0.0,FULL_EXIT_RULE,False,[238.09],238.09,,[],,,False,False,False,True,0.96,False,AUTO_HIGH_CONFIDENCE,RULE_BASED_AND_CURATED,Unqualified 'book profit' closes all remaining holding.,REDUCE_POSITION uses current holding: new_holding = current_holding * (1 - quantity_percent / 100).,1,1,False,READY_FOR_AUTO_APPLY
143,6a184cb859359ea1faee8d03,6a0d8832835de84db3693580,International Market,GLOBAL_EQUITY,2026-05-28T14:10:00.162Z,2026-05-28T14:10:00.162Z,,Buy amd @500 with SL 490 for target 510-520,Buy amd @500 with SL 490 for target 510-520,1755642e76160dae,TRADE_ACTION,OPEN_LONG,SINGLE_INSTRUMENT,,amd,AMD,"[""AMD""]",,,,LONG,100.0,MODEL_ALLOCATION,,DEFAULT_FULL_ALLOCATION,True,[500.0],500.0,490.0,"[510.0, 520.0]",510.0,520.0,False,False,False,True,0.98,False,AUTO_HIGH_CONFIDENCE,RULE_BASED_AND_CURATED,Buy instruction.,REDUCE_POSITION uses current holding: new_holding = current_holding * (1 - quantity_percent / 100).,1,1,False,READY_FOR_AUTO_APPLY
144,6a184d3959359ea1faee8d79,6a0d8832835de84db3693580,International Market,GLOBAL_EQUITY,2026-05-28T14:12:09.436Z,2026-05-28T14:12:09.436Z,,Book profit in NOW @ 108.00,Book profit in NOW @ 108.00,c0e27554467cfa19,TRADE_ACTION,CLOSE_POSITION,SINGLE_INSTRUMENT,,NOW,NOW,"[""NOW""]",,,,,100.0,CURRENT_HOLDING,0.0,FULL_EXIT_RULE,False,[108.0],108.0,,[],,,False,False,False,True,0.96,False,AUTO_HIGH_CONFIDENCE,RULE_BASED_AND_CURATED,Unqualified 'book profit' closes all remaining holding.,REDUCE_POSITION uses current holding: new_holding = current_holding * (1 - quantity_percent / 100).,1,1,False,READY_FOR_AUTO_APPLY
145,6a184d7859359ea1faee8da3,6a0d8832835de84db3693580,International Market,GLOBAL_COMMODITY,2026-05-28T14:13:12.361Z,2026-05-28T14:13:12.361Z,,Sell ng @ 3.18 with SL 3.26 for target 3.10-3.00,Sell ng @ 3.18 with SL 3.26 for target 3.10-3.00,d799288d6d0fdb8d,TRADE_ACTION,OPEN_SHORT,SINGLE_INSTRUMENT,,ng,NATURAL_GAS,"[""NATURAL_GAS""]",,,,SHORT,100.0,MODEL_ALLOCATION,,DEFAULT_FULL_ALLOCATION,True,[3.18],3.18,3.26,"[3.1, 3.0]",3.1,3.0,False,False,False,True,0.96,False,AUTO_HIGH_CONFIDENCE,RULE_BASED_AND_CURATED,Sell/short instruction.,REDUCE_POSITION uses current holding: new_holding = current_holding * (1 - quantity_percent / 100).,1,1,False,READY_FOR_AUTO_APPLY
146,6a184d9859359ea1faee8db6,6a0d8832835de84db3693580,International Market,GLOBAL_INDEX_OR_MACRO,2026-05-28T14:13:44.811Z,2026-05-28T14:13:44.811Z,,Book part profit in s&p500 @7550,Book part profit in s&p500 @7550,811a04188df99f0b,TRADE_ACTION,REDUCE_POSITION,SINGLE_INSTRUMENT,,s&p500,SP500,"[""SP500""]",,,,,25.0,CURRENT_HOLDING,0.75,PART_PROFIT_RULE,False,[7550.0],7550.0,,[],,,False,False,False,True,0.99,False,AUTO_HIGH_CONFIDENCE,RULE_BASED_AND_CURATED,Part/partial profit means sell 25% of current holding.,REDUCE_POSITION uses current holding: new_holding = current_holding * (1 - quantity_percent / 100).,1,1,False,READY_FOR_AUTO_APPLY
147,6a184dc959359ea1faee8dc6,6a0d8832835de84db3693580,International Market,GLOBAL_INDEX_OR_MACRO,2026-05-28T14:14:33.523Z,2026-05-28T14:14:33.523Z,,Book part profit in nasdaq @30100,Book part profit in nasdaq @30100,5d313c718cb8b048,TRADE_ACTION,REDUCE_POSITION,SINGLE_INSTRUMENT,,nasdaq,NASDAQ,"[""NASDAQ""]",,,,,25.0,CURRENT_HOLDING,0.75,PART_PROFIT_RULE,False,[30100.0],30100.0,,[],,,False,False,False,True,0.99,False,AUTO_HIGH_CONFIDENCE,RULE_BASED_AND_CURATED,Part/partial profit means sell 25% of current holding.,REDUCE_POSITION uses current holding: new_holding = current_holding * (1 - quantity_percent / 100).,1,1,False,READY_FOR_AUTO_APPLY
148,6a184df459359ea1faee8dd7,6a0d8832835de84db3693580,International Market,GLOBAL_COMMODITY,2026-05-28T14:15:16.622Z,2026-05-28T14:15:16.622Z,,Book 50% profit in gold aug @4496,Book 50% profit in gold aug @4496,43642e4778622d6e,TRADE_ACTION,REDUCE_POSITION,SINGLE_INSTRUMENT,,gold aug,GOLD,"[""GOLD""]",AUG,,,,50.0,CURRENT_HOLDING,0.5,EXPLICIT_PERCENT,False,[4496.0],4496.0,,[],,,False,False,False,True,0.99,False,AUTO_HIGH_CONFIDENCE,RULE_BASED_AND_CURATED,Explicit percentage reduction of current holding.,REDUCE_POSITION uses current holding: new_holding = current_holding * (1 - quantity_percent / 100).,1,1,False,READY_FOR_AUTO_APPLY
149,6a184e0659359ea1faee8dee,6a0d881f835de84db369357c,MCX,INDIA_COMMODITY,2026-05-28T14:15:34.404Z,2026-05-28T14:15:34.404Z,,Book 50% profit in gold @156330,Book 50% profit in gold @156330,14c44cbfc92dd799,TRADE_ACTION,REDUCE_POSITION,SINGLE_INSTRUMENT,,gold,GOLD,"[""GOLD""]",,,,,50.0,CURRENT_HOLDING,0.5,EXPLICIT_PERCENT,False,[156330.0],156330.0,,[],,,False,False,False,True,0.99,False,AUTO_HIGH_CONFIDENCE,RULE_BASED_AND_CURATED,Explicit percentage reduction of current holding.,REDUCE_POSITION uses current holding: new_holding = current_holding * (1 - quantity_percent / 100).,1,1,False,READY_FOR_AUTO_APPLY
150,6a184e2359359ea1faee8e99,6a0d881f835de84db369357c,MCX,INDIA_COMMODITY,2026-05-28T14:16:03.893Z,2026-05-28T14:16:03.893Z,,Buy crude @ 8490 SL 8400 TGT 8650-8800,Buy crude @ 8490 SL 8400 TGT 8650-8800,992b11f2b3107e4e,TRADE_ACTION,OPEN_LONG,SINGLE_INSTRUMENT,,crude,CRUDE,"[""CRUDE""]",,,,LONG,100.0,MODEL_ALLOCATION,,DEFAULT_FULL_ALLOCATION,True,[8490.0],8490.0,8400.0,"[8650.0, 8800.0]",8650.0,8800.0,False,False,False,True,0.98,False,AUTO_HIGH_CONFIDENCE,RULE_BASED_AND_CURATED,Buy instruction.,REDUCE_POSITION uses current holding: new_holding = current_holding * (1 - quantity_percent / 100).,1,1,False,READY_FOR_AUTO_APPLY
151,6a184e3659359ea1faee8eab,6a0d8832835de84db3693580,International Market,GLOBAL_COMMODITY,2026-05-28T14:16:22.184Z,2026-05-28T14:16:22.184Z,,Buy crude @ 89 with SL 87 for target 92-95,Buy crude @ 89 with SL 87 for target 92-95,212feb367cc349a4,TRADE_ACTION,OPEN_LONG,SINGLE_INSTRUMENT,,crude,CRUDE,"[""CRUDE""]",,,,LONG,100.0,MODEL_ALLOCATION,,DEFAULT_FULL_ALLOCATION,True,[89.0],89.0,87.0,"[92.0, 95.0]",92.0,95.0,False,False,False,True,0.98,False,AUTO_HIGH_CONFIDENCE,RULE_BASED_AND_CURATED,Buy instruction.,REDUCE_POSITION uses current holding: new_holding = current_holding * (1 - quantity_percent / 100).,1,1,False,READY_FOR_AUTO_APPLY
152,6a184ec159359ea1faee8ed7,6a0d8832835de84db3693580,International Market,GLOBAL_EQUITY,2026-05-28T14:18:41.630Z,2026-05-28T14:18:41.630Z,,Book 50% profit in stx @881,Book 50% profit in stx @881,5edea0fa38f121f8,TRADE_ACTION,REDUCE_POSITION,SINGLE_INSTRUMENT,,stx,STX,"[""STX""]",,,,,50.0,CURRENT_HOLDING,0.5,EXPLICIT_PERCENT,False,[881.0],881.0,,[],,,False,False,False,True,0.99,False,AUTO_HIGH_CONFIDENCE,RULE_BASED_AND_CURATED,Explicit percentage reduction of current holding.,REDUCE_POSITION uses current holding: new_holding = current_holding * (1 - quantity_percent / 100).,1,1,False,READY_FOR_AUTO_APPLY
153,6a18548659359ea1faee9076,6a0d8832835de84db3693580,International Market,GLOBAL_EQUITY,2026-05-28T14:43:18.192Z,2026-05-28T14:43:18.192Z,,Book 50% profit In intu @316,Book 50% profit In intu @316,dbe8fb15b99bb773,TRADE_ACTION,REDUCE_POSITION,SINGLE_INSTRUMENT,,intu,INTU,"[""INTU""]",,,,,50.0,CURRENT_HOLDING,0.5,EXPLICIT_PERCENT,False,[316.0],316.0,,[],,,False,False,False,True,0.99,False,AUTO_HIGH_CONFIDENCE,RULE_BASED_AND_CURATED,Explicit percentage reduction of current holding.,REDUCE_POSITION uses current holding: new_holding = current_holding * (1 - quantity_percent / 100).,1,1,False,READY_FOR_AUTO_APPLY
154,6a18572259359ea1faee9127,6a0d8832835de84db3693580,International Market,GLOBAL_EQUITY,2026-05-28T14:54:26.531Z,2026-05-28T14:54:26.531Z,,Buy OKTA @ 93.40 with SL 89.00 for target 98-105,Buy OKTA @ 93.40 with SL 89.00 for target 98-105,5f44fd8c546c2b77,TRADE_ACTION,OPEN_LONG,SINGLE_INSTRUMENT,,OKTA,OKTA,"[""OKTA""]",,,,LONG,100.0,MODEL_ALLOCATION,,DEFAULT_FULL_ALLOCATION,True,[93.4],93.4,89.0,"[98.0, 105.0]",98.0,105.0,False,False,False,True,0.98,False,AUTO_HIGH_CONFIDENCE,RULE_BASED_AND_CURATED,Buy instruction.,REDUCE_POSITION uses current holding: new_holding = current_holding * (1 - quantity_percent / 100).,1,1,False,READY_FOR_AUTO_APPLY
155,6a18576359359ea1faee916e,6a0d8832835de84db3693580,International Market,GLOBAL_EQUITY,2026-05-28T14:55:31.646Z,2026-05-28T14:55:31.646Z,,Buy VSAT @ 87.7 with SL 83 for target 95-99,Buy VSAT @ 87.7 with SL 83 for target 95-99,c9a62a97ede693ac,TRADE_ACTION,OPEN_LONG,SINGLE_INSTRUMENT,,VSAT,VSAT,"[""VSAT""]",,,,LONG,100.0,MODEL_ALLOCATION,,DEFAULT_FULL_ALLOCATION,True,[87.7],87.7,83.0,"[95.0, 99.0]",95.0,99.0,False,False,False,True,0.98,False,AUTO_HIGH_CONFIDENCE,RULE_BASED_AND_CURATED,Buy instruction.,REDUCE_POSITION uses current holding: new_holding = current_holding * (1 - quantity_percent / 100).,1,1,False,READY_FOR_AUTO_APPLY
156,6a1857ac59359ea1faee917c,6a0d8832835de84db3693580,International Market,GLOBAL_EQUITY,2026-05-28T14:56:44.057Z,2026-05-28T14:56:44.057Z,,Buy MDB @ 323 with SL 316 for target 332-345,Buy MDB @ 323 with SL 316 for target 332-345,668153cebab931a1,TRADE_ACTION,OPEN_LONG,SINGLE_INSTRUMENT,,MDB,MDB,"[""MDB""]",,,,LONG,100.0,MODEL_ALLOCATION,,DEFAULT_FULL_ALLOCATION,True,[323.0],323.0,316.0,"[332.0, 345.0]",332.0,345.0,False,False,False,True,0.98,False,AUTO_HIGH_CONFIDENCE,RULE_BASED_AND_CURATED,Buy instruction.,REDUCE_POSITION uses current holding: new_holding = current_holding * (1 - quantity_percent / 100).,1,1,False,READY_FOR_AUTO_APPLY
157,6a1857d859359ea1faee918a,6a0d8832835de84db3693580,International Market,GLOBAL_COMMODITY,2026-05-28T14:57:28.435Z,2026-05-28T14:57:28.435Z,,Book part profit in silver @74.85,Book part profit in silver @74.85,84197c95e2d925a4,TRADE_ACTION,REDUCE_POSITION,SINGLE_INSTRUMENT,,silver,SILVER,"[""SILVER""]",,,,,25.0,CURRENT_HOLDING,0.75,PART_PROFIT_RULE,False,[74.85],74.85,,[],,,False,False,False,True,0.99,False,AUTO_HIGH_CONFIDENCE,RULE_BASED_AND_CURATED,Part/partial profit means sell 25% of current holding.,REDUCE_POSITION uses current holding: new_holding = current_holding * (1 - quantity_percent / 100).,1,1,False,READY_FOR_AUTO_APPLY
158,6a18583d59359ea1faee919b,6a0d8832835de84db3693580,International Market,GLOBAL_EQUITY,2026-05-28T14:59:09.686Z,2026-05-28T14:59:09.686Z,,Book 50% profit in MU @935,Book 50% profit in MU @935,81ebc6dcbb329b5b,TRADE_ACTION,REDUCE_POSITION,SINGLE_INSTRUMENT,,MU,MU,"[""MU""]",,,,,50.0,CURRENT_HOLDING,0.5,EXPLICIT_PERCENT,False,[935.0],935.0,,[],,,False,False,False,True,0.99,False,AUTO_HIGH_CONFIDENCE,RULE_BASED_AND_CURATED,Explicit percentage reduction of current holding.,REDUCE_POSITION uses current holding: new_holding = current_holding * (1 - quantity_percent / 100).,1,1,False,READY_FOR_AUTO_APPLY
159,6a1858d959359ea1faee91e3,6a0d881f835de84db369357c,MCX,INDIA_COMMODITY,2026-05-28T15:01:45.256Z,2026-05-28T15:01:45.256Z,,Book 50% profit in silver @266300,Book 50% profit in silver @266300,e13694cedd6ac506,TRADE_ACTION,REDUCE_POSITION,SINGLE_INSTRUMENT,,silver,SILVER,"[""SILVER""]",,,,,50.0,CURRENT_HOLDING,0.5,EXPLICIT_PERCENT,False,[266300.0],266300.0,,[],,,False,False,False,True,0.99,False,AUTO_HIGH_CONFIDENCE,RULE_BASED_AND_CURATED,Explicit percentage reduction of current holding.,REDUCE_POSITION uses current holding: new_holding = current_holding * (1 - quantity_percent / 100).,1,1,False,READY_FOR_AUTO_APPLY
160,6a185a7659359ea1faee92cc,6a0d8832835de84db3693580,International Market,GLOBAL_EQUITY,2026-05-28T15:08:38.397Z,2026-05-28T15:08:38.397Z,,Book 50% profit in soxl @225.39,Book 50% profit in soxl @225.39,d1ba43d890368269,TRADE_ACTION,REDUCE_POSITION,SINGLE_INSTRUMENT,,soxl,SOXL,"[""SOXL""]",,,,,50.0,CURRENT_HOLDING,0.5,EXPLICIT_PERCENT,False,[225.39],225.39,,[],,,False,False,False,True,0.99,False,AUTO_HIGH_CONFIDENCE,RULE_BASED_AND_CURATED,Explicit percentage reduction of current holding.,REDUCE_POSITION uses current holding: new_holding = current_holding * (1 - quantity_percent / 100).,1,1,False,READY_FOR_AUTO_APPLY
161,6a185b9259359ea1faee92fb,6a0d8832835de84db3693580,International Market,GLOBAL_EQUITY,2026-05-28T15:13:22.267Z,2026-05-28T15:13:22.267Z,,Book 50% profit in APP @ 597,Book 50% profit in APP @ 597,26dfcae7a5cc80b6,TRADE_ACTION,REDUCE_POSITION,SINGLE_INSTRUMENT,,APP,APP,"[""APP""]",,,,,50.0,CURRENT_HOLDING,0.5,EXPLICIT_PERCENT,False,[597.0],597.0,,[],,,False,False,False,True,0.99,False,AUTO_HIGH_CONFIDENCE,RULE_BASED_AND_CURATED,Explicit percentage reduction of current holding.,REDUCE_POSITION uses current holding: new_holding = current_holding * (1 - quantity_percent / 100).,1,1,False,READY_FOR_AUTO_APPLY
162,6a185bd059359ea1faee9326,6a0d8832835de84db3693580,International Market,GLOBAL_EQUITY,2026-05-28T15:14:24.316Z,2026-05-28T15:14:24.316Z,,Book 50% profit in smci @41.80,Book 50% profit in smci @41.80,f9c36d85927e314b,TRADE_ACTION,REDUCE_POSITION,SINGLE_INSTRUMENT,,smci,SMCI,"[""SMCI""]",,,,,50.0,CURRENT_HOLDING,0.5,EXPLICIT_PERCENT,False,[41.8],41.8,,[],,,False,False,False,True,0.99,False,AUTO_HIGH_CONFIDENCE,RULE_BASED_AND_CURATED,Explicit percentage reduction of current holding.,REDUCE_POSITION uses current holding: new_holding = current_holding * (1 - quantity_percent / 100).,1,1,False,READY_FOR_AUTO_APPLY
163,6a185c6e59359ea1faee9349,6a0d8832835de84db3693580,International Market,GLOBAL_EQUITY,2026-05-28T15:17:02.958Z,2026-05-28T15:17:02.958Z,,Book profit in xom @436 (buying was suggested at 106.80),Book profit in xom @436 (buying was suggested at 106.80),31258d8a9030ac10,TRADE_ACTION,CLOSE_POSITION,SINGLE_INSTRUMENT,,xom,XOM,"[""XOM""]",,,,,100.0,CURRENT_HOLDING,0.0,FULL_EXIT_RULE,False,[436.0],436.0,,[],,,False,False,False,True,0.96,False,AUTO_HIGH_CONFIDENCE,RULE_BASED_AND_CURATED,Unqualified 'book profit' closes all remaining holding.,REDUCE_POSITION uses current holding: new_holding = current_holding * (1 - quantity_percent / 100).,1,1,False,READY_FOR_AUTO_APPLY
164,6a185cd659359ea1faee9396,6a0d8832835de84db3693580,International Market,GLOBAL_COMMODITY,2026-05-28T15:18:47.000Z,2026-05-28T15:18:47.000Z,,50% Profit Book in Copper @ 6.40,50% Profit Book in Copper @ 6.40,5b77b208ffae4724,TRADE_ACTION,REDUCE_POSITION,SINGLE_INSTRUMENT,,Copper,COPPER,"[""COPPER""]",,,,,50.0,CURRENT_HOLDING,0.5,EXPLICIT_PERCENT,False,[6.4],6.4,,[],,,False,False,False,True,0.99,False,AUTO_HIGH_CONFIDENCE,RULE_BASED_AND_CURATED,Explicit percentage reduction of current holding.,REDUCE_POSITION uses current holding: new_holding = current_holding * (1 - quantity_percent / 100).,1,1,False,READY_FOR_AUTO_APPLY
165,6a18634359359ea1faee9448,6a0d881f835de84db369357c,MCX,INDIA_COMMODITY,2026-05-28T15:46:11.462Z,2026-05-28T15:46:11.462Z,,Book 50% profit in crude @8641,Book 50% profit in crude @8641,a372d3eacbd0b8a8,TRADE_ACTION,REDUCE_POSITION,SINGLE_INSTRUMENT,,crude,CRUDE,"[""CRUDE""]",,,,,50.0,CURRENT_HOLDING,0.5,EXPLICIT_PERCENT,False,[8641.0],8641.0,,[],,,False,False,False,True,0.99,False,AUTO_HIGH_CONFIDENCE,RULE_BASED_AND_CURATED,Explicit percentage reduction of current holding.,REDUCE_POSITION uses current holding: new_holding = current_holding * (1 - quantity_percent / 100).,1,1,False,READY_FOR_AUTO_APPLY
166,6a1863a459359ea1faee9458,6a0d8832835de84db3693580,International Market,GLOBAL_EQUITY,2026-05-28T15:47:48.305Z,2026-05-28T15:47:48.305Z,,Book profit in STX @905,Book profit in STX @905,85567fee14de4452,TRADE_ACTION,CLOSE_POSITION,SINGLE_INSTRUMENT,,STX,STX,"[""STX""]",,,,,100.0,CURRENT_HOLDING,0.0,FULL_EXIT_RULE,False,[905.0],905.0,,[],,,False,False,False,True,0.96,False,AUTO_HIGH_CONFIDENCE,RULE_BASED_AND_CURATED,Unqualified 'book profit' closes all remaining holding.,REDUCE_POSITION uses current holding: new_holding = current_holding * (1 - quantity_percent / 100).,1,1,False,READY_FOR_AUTO_APPLY
167,6a1865fa59359ea1faee9523,6a0d881f835de84db369357c,MCX,INDIA_COMMODITY,2026-05-28T15:57:46.305Z,2026-05-28T15:57:46.305Z,,Hold NG with sl 3.30,Hold NG with sl 3.30,14ebe26bcb465a7e,TRADE_UPDATE,UPDATE_STOP_LOSS,SINGLE_INSTRUMENT,,NG,NATURAL_GAS,"[""NATURAL_GAS""]",,,,,,NONE,,NOT_APPLICABLE,False,[],,3.3,[],,,False,False,False,True,0.99,False,AUTO_HIGH_CONFIDENCE,RULE_BASED_AND_CURATED,Hold and update stop loss.,REDUCE_POSITION uses current holding: new_holding = current_holding * (1 - quantity_percent / 100).,2,1,True,READY_FOR_AUTO_APPLY
168,6a18660a59359ea1faee9538,6a0d881f835de84db369357c,MCX,INDIA_COMMODITY,2026-05-28T15:58:02.293Z,2026-05-28T15:58:02.293Z,,Ignore NG message,Ignore NG message,0b678591bf7a4b91,TRADE_CONTROL,CANCEL_PREVIOUS,NONE,,,,[],,,,,,NONE,,NOT_APPLICABLE,False,[],,,[],,,False,False,True,False,0.98,False,AUTO_HIGH_CONFIDENCE,RULE_BASED_AND_CURATED,Explicit ignore/cancel instruction.,REDUCE_POSITION uses current holding: new_holding = current_holding * (1 - quantity_percent / 100).,1,1,False,MANUAL_OR_CONTEXT_REVIEW
169,6a18663059359ea1faee9568,6a0d8832835de84db3693580,International Market,GLOBAL_COMMODITY,2026-05-28T15:58:40.180Z,2026-05-28T15:58:40.180Z,,Hold NG with sl 3.30,Hold NG with sl 3.30,14ebe26bcb465a7e,TRADE_UPDATE,UPDATE_STOP_LOSS,SINGLE_INSTRUMENT,,NG,NATURAL_GAS,"[""NATURAL_GAS""]",,,,,,NONE,,NOT_APPLICABLE,False,[],,3.3,[],,,False,False,False,True,0.99,False,AUTO_HIGH_CONFIDENCE,RULE_BASED_AND_CURATED,Hold and update stop loss.,REDUCE_POSITION uses current holding: new_holding = current_holding * (1 - quantity_percent / 100).,2,2,True,READY_FOR_AUTO_APPLY
170,6a18769f59359ea1faee98d3,6a0d881f835de84db369357c,MCX,INDIA_COMMODITY,2026-05-28T17:08:47.038Z,2026-05-28T17:08:47.038Z,,Buy 50% crude @8534 with sl 8350 for target 8800-9000,Buy 50% crude @8534 with sl 8350 for target 8800-9000,8f2af79d7c6c5bd4,TRADE_ACTION,OPEN_LONG,SINGLE_INSTRUMENT,,crude,CRUDE,"[""CRUDE""]",,,,LONG,50.0,MODEL_ALLOCATION,,EXPLICIT_PERCENT,False,[8534.0],8534.0,8350.0,"[8800.0, 9000.0]",8800.0,9000.0,False,False,False,True,0.98,False,AUTO_HIGH_CONFIDENCE,RULE_BASED_AND_CURATED,Buy instruction.,REDUCE_POSITION uses current holding: new_holding = current_holding * (1 - quantity_percent / 100).,1,1,False,READY_FOR_AUTO_APPLY
171,6a1876f559359ea1faee98e4,6a0d8832835de84db3693580,International Market,GLOBAL_INDEX_OR_MACRO,2026-05-28T17:10:13.439Z,2026-05-28T17:10:13.439Z,,Book 50% profit in Russell @2940,Book 50% profit in Russell @2940,02520a0940bad166,TRADE_ACTION,REDUCE_POSITION,SINGLE_INSTRUMENT,,Russell,RUSSELL,"[""RUSSELL""]",,,,,50.0,CURRENT_HOLDING,0.5,EXPLICIT_PERCENT,False,[2940.0],2940.0,,[],,,False,False,False,True,0.99,False,AUTO_HIGH_CONFIDENCE,RULE_BASED_AND_CURATED,Explicit percentage reduction of current holding.,REDUCE_POSITION uses current holding: new_holding = current_holding * (1 - quantity_percent / 100).,1,1,False,READY_FOR_AUTO_APPLY
172,6a187cd759359ea1faee9a18,6a0d8832835de84db3693580,International Market,GLOBAL_EQUITY,2026-05-28T17:35:19.033Z,2026-05-28T17:35:19.033Z,,Book 50% profit in OKTA @ 96.00,Book 50% profit in OKTA @ 96.00,c24947d3cbdea016,TRADE_ACTION,REDUCE_POSITION,SINGLE_INSTRUMENT,,OKTA,OKTA,"[""OKTA""]",,,,,50.0,CURRENT_HOLDING,0.5,EXPLICIT_PERCENT,False,[96.0],96.0,,[],,,False,False,False,True,0.99,False,AUTO_HIGH_CONFIDENCE,RULE_BASED_AND_CURATED,Explicit percentage reduction of current holding.,REDUCE_POSITION uses current holding: new_holding = current_holding * (1 - quantity_percent / 100).,1,1,False,READY_FOR_AUTO_APPLY
173,6a187d6a59359ea1faee9a77,6a0d8832835de84db3693580,International Market,GLOBAL_EQUITY,2026-05-28T17:37:46.221Z,2026-05-28T17:37:46.221Z,,Book 50% profit in PLTR @141.50,Book 50% profit in PLTR @141.50,23605deca5a503c3,TRADE_ACTION,REDUCE_POSITION,SINGLE_INSTRUMENT,,PLTR,PLTR,"[""PLTR""]",,,,,50.0,CURRENT_HOLDING,0.5,EXPLICIT_PERCENT,False,[141.5],141.5,,[],,,False,False,False,True,0.99,False,AUTO_HIGH_CONFIDENCE,RULE_BASED_AND_CURATED,Explicit percentage reduction of current holding.,REDUCE_POSITION uses current holding: new_holding = current_holding * (1 - quantity_percent / 100).,1,1,False,READY_FOR_AUTO_APPLY
174,6a18851859359ea1faee9aea,6a0d8832835de84db3693580,International Market,GLOBAL_EQUITY,2026-05-28T18:10:32.069Z,2026-05-28T18:10:32.069Z,,Book 50% profit in mdb @330,Book 50% profit in mdb @330,722b3f72791ac455,TRADE_ACTION,REDUCE_POSITION,SINGLE_INSTRUMENT,,mdb,MDB,"[""MDB""]",,,,,50.0,CURRENT_HOLDING,0.5,EXPLICIT_PERCENT,False,[330.0],330.0,,[],,,False,False,False,True,0.99,False,AUTO_HIGH_CONFIDENCE,RULE_BASED_AND_CURATED,Explicit percentage reduction of current holding.,REDUCE_POSITION uses current holding: new_holding = current_holding * (1 - quantity_percent / 100).,1,1,False,READY_FOR_AUTO_APPLY
175,6a1908d059359ea1faee9e23,6a0d881f835de84db369357c,MCX,INDIA_COMMODITY,2026-05-29T03:32:32.712Z,2026-05-29T03:32:32.712Z,,SELL NG @316.90 SL 325 TGT 300,SELL NG @316.90 SL 325 TGT 300,ea859f2df168f99c,TRADE_ACTION,OPEN_SHORT,SINGLE_INSTRUMENT,,NG,NATURAL_GAS,"[""NATURAL_GAS""]",,,,SHORT,100.0,MODEL_ALLOCATION,,DEFAULT_FULL_ALLOCATION,True,[316.9],316.9,325.0,[300.0],300.0,,False,False,False,True,0.96,False,AUTO_HIGH_CONFIDENCE,RULE_BASED_AND_CURATED,Sell/short instruction.,REDUCE_POSITION uses current holding: new_holding = current_holding * (1 - quantity_percent / 100).,1,1,False,READY_FOR_AUTO_APPLY
176,6a19093559359ea1faee9e62,6a0d881f835de84db369357c,MCX,INDIA_COMMODITY,2026-05-29T03:34:13.083Z,2026-05-29T03:34:13.083Z,,SELL COPPER (JUN) @1358 SL 1366 TGT 1340-1332,SELL COPPER (JUN) @1358 SL 1366 TGT 1340-1332,fdf2fc1a3e977e40,TRADE_ACTION,OPEN_SHORT,SINGLE_INSTRUMENT,,COPPER,COPPER,"[""COPPER""]",JUN,,,SHORT,100.0,MODEL_ALLOCATION,,DEFAULT_FULL_ALLOCATION,True,[1358.0],1358.0,1366.0,"[1340.0, 1332.0]",1340.0,1332.0,False,False,False,True,0.96,False,AUTO_HIGH_CONFIDENCE,RULE_BASED_AND_CURATED,Sell/short instruction.,REDUCE_POSITION uses current holding: new_holding = current_holding * (1 - quantity_percent / 100).,1,1,False,READY_FOR_AUTO_APPLY
177,6a190c3059359ea1faee9f30,6a0d87fb835de84db3693578,NSE,INDIA_EQUITY,2026-05-29T03:46:56.303Z,2026-05-29T03:46:56.303Z,,50% PROFIT BOOK IN TCS @2320,50% PROFIT BOOK IN TCS @2320,038425136d6191cf,TRADE_ACTION,REDUCE_POSITION,SINGLE_INSTRUMENT,,TCS,TCS,"[""TCS""]",,,,,50.0,CURRENT_HOLDING,0.5,EXPLICIT_PERCENT,False,[2320.0],2320.0,,[],,,False,False,False,True,0.99,False,AUTO_HIGH_CONFIDENCE,RULE_BASED_AND_CURATED,Explicit percentage reduction of current holding.,REDUCE_POSITION uses current holding: new_holding = current_holding * (1 - quantity_percent / 100).,1,1,False,READY_FOR_AUTO_APPLY
178,6a190c5d59359ea1faee9f49,6a0d87fb835de84db3693578,NSE,INDIA_EQUITY,2026-05-29T03:47:41.767Z,2026-05-29T03:47:41.767Z,,FULL PROFIT BOOK IN VEDL @354,FULL PROFIT BOOK IN VEDL @354,f74226db3e82bda4,TRADE_ACTION,CLOSE_POSITION,SINGLE_INSTRUMENT,,VEDL,VEDL,"[""VEDL""]",,,,,100.0,CURRENT_HOLDING,0.0,FULL_EXIT_RULE,False,[354.0],354.0,,[],,,False,False,False,True,0.99,False,AUTO_HIGH_CONFIDENCE,RULE_BASED_AND_CURATED,Explicit full exit.,REDUCE_POSITION uses current holding: new_holding = current_holding * (1 - quantity_percent / 100).,1,1,False,READY_FOR_AUTO_APPLY
179,6a190d7459359ea1faee9f9a,6a0d87fb835de84db3693578,NSE,INDIA_EQUITY,2026-05-29T03:52:20.683Z,2026-05-29T03:52:20.683Z,,FULL PROFIT BOOK IN TCS @2330,FULL PROFIT BOOK IN TCS @2330,6aaaf5bb21c21c41,TRADE_ACTION,CLOSE_POSITION,SINGLE_INSTRUMENT,,TCS,TCS,"[""TCS""]",,,,,100.0,CURRENT_HOLDING,0.0,FULL_EXIT_RULE,False,[2330.0],2330.0,,[],,,False,False,False,True,0.99,False,AUTO_HIGH_CONFIDENCE,RULE_BASED_AND_CURATED,Explicit full exit.,REDUCE_POSITION uses current holding: new_holding = current_holding * (1 - quantity_percent / 100).,1,1,False,READY_FOR_AUTO_APPLY
180,6a190db359359ea1faee9fdb,6a0d87fb835de84db3693578,NSE,INDIA_EQUITY,2026-05-29T03:53:23.555Z,2026-05-29T03:53:23.555Z,,FULL PROFIT BOOK IN WIPRO @189.50,FULL PROFIT BOOK IN WIPRO @189.50,7d86946483d713f6,TRADE_ACTION,CLOSE_POSITION,SINGLE_INSTRUMENT,,WIPRO,WIPRO,"[""WIPRO""]",,,,,100.0,CURRENT_HOLDING,0.0,FULL_EXIT_RULE,False,[189.5],189.5,,[],,,False,False,False,True,0.99,False,AUTO_HIGH_CONFIDENCE,RULE_BASED_AND_CURATED,Explicit full exit.,REDUCE_POSITION uses current holding: new_holding = current_holding * (1 - quantity_percent / 100).,1,1,False,READY_FOR_AUTO_APPLY
181,6a190ecc59359ea1faeea04e,6a0d87fb835de84db3693578,NSE,INDIA_EQUITY,2026-05-29T03:58:04.643Z,2026-05-29T03:58:04.643Z,,FULL PROFIT BOOK IN MARUTI @13600,FULL PROFIT BOOK IN MARUTI @13600,eb0d926718016454,TRADE_ACTION,CLOSE_POSITION,SINGLE_INSTRUMENT,,MARUTI,MARUTI,"[""MARUTI""]",,,,,100.0,CURRENT_HOLDING,0.0,FULL_EXIT_RULE,False,[13600.0],13600.0,,[],,,False,False,False,True,0.99,False,AUTO_HIGH_CONFIDENCE,RULE_BASED_AND_CURATED,Explicit full exit.,REDUCE_POSITION uses current holding: new_holding = current_holding * (1 - quantity_percent / 100).,1,1,False,READY_FOR_AUTO_APPLY
182,6a190eec59359ea1faeea05b,6a0d87fb835de84db3693578,NSE,INDIA_EQUITY,2026-05-29T03:58:36.562Z,2026-05-29T03:58:36.562Z,,FULL PROFIT BOOK IN ULTRACEMCO @11830,FULL PROFIT BOOK IN ULTRACEMCO @11830,e918c7b0ae5a24b3,TRADE_ACTION,CLOSE_POSITION,SINGLE_INSTRUMENT,,ULTRACEMCO,ULTRACEMCO,"[""ULTRACEMCO""]",,,,,100.0,CURRENT_HOLDING,0.0,FULL_EXIT_RULE,False,[11830.0],11830.0,,[],,,False,False,False,True,0.99,False,AUTO_HIGH_CONFIDENCE,RULE_BASED_AND_CURATED,Explicit full exit.,REDUCE_POSITION uses current holding: new_holding = current_holding * (1 - quantity_percent / 100).,1,1,False,READY_FOR_AUTO_APPLY
183,6a19111159359ea1faeea0e4,6a0d87fb835de84db3693578,NSE,INDIA_EQUITY,2026-05-29T04:07:45.473Z,2026-05-29T04:07:45.473Z,,FULL PROFIT BOOK IN LAURUSLABS @1400,FULL PROFIT BOOK IN LAURUSLABS @1400,9246b6025135c151,TRADE_ACTION,CLOSE_POSITION,SINGLE_INSTRUMENT,,LAURUSLABS,LAURUSLABS,"[""LAURUSLABS""]",,,,,100.0,CURRENT_HOLDING,0.0,FULL_EXIT_RULE,False,[1400.0],1400.0,,[],,,False,False,False,True,0.99,False,AUTO_HIGH_CONFIDENCE,RULE_BASED_AND_CURATED,Explicit full exit.,REDUCE_POSITION uses current holding: new_holding = current_holding * (1 - quantity_percent / 100).,1,1,False,READY_FOR_AUTO_APPLY
184,6a1915f259359ea1faeea1a8,6a0d881f835de84db369357c,MCX,INDIA_COMMODITY,2026-05-29T04:28:34.727Z,2026-05-29T04:28:34.727Z,,BUY CRUDE MINI @8400 SL 8200 TGT 8800-8900,BUY CRUDE MINI @8400 SL 8200 TGT 8800-8900,6051cd9b35ddbc1e,TRADE_ACTION,OPEN_LONG,SINGLE_INSTRUMENT,,CRUDE MINI,CRUDE_MINI,"[""CRUDE_MINI""]",,,,LONG,100.0,MODEL_ALLOCATION,,DEFAULT_FULL_ALLOCATION,True,[8400.0],8400.0,8200.0,"[8800.0, 8900.0]",8800.0,8900.0,False,False,False,True,0.98,False,AUTO_HIGH_CONFIDENCE,RULE_BASED_AND_CURATED,Buy instruction.,REDUCE_POSITION uses current holding: new_holding = current_holding * (1 - quantity_percent / 100).,1,1,False,READY_FOR_AUTO_APPLY
185,6a1926a159359ea1faeea2b2,6a0d87fb835de84db3693578,NSE,INDIA_EQUITY,2026-05-29T05:39:45.547Z,2026-05-29T05:39:45.547Z,,HOLD RELIANCE FOR NEXT WEEK,HOLD RELIANCE FOR NEXT WEEK,d17668d763a22633,TRADE_UPDATE,HOLD_POSITION,SINGLE_INSTRUMENT,,RELIANCE,RELIANCE,"[""RELIANCE""]",,,,,,NONE,,NOT_APPLICABLE,False,[],,,[],,,False,False,False,True,0.97,False,AUTO_HIGH_CONFIDENCE,RULE_BASED_AND_CURATED,Hold instruction; no quantity change.,REDUCE_POSITION uses current holding: new_holding = current_holding * (1 - quantity_percent / 100).,1,1,False,READY_FOR_AUTO_APPLY
186,6a192ce459359ea1faeea3c6,6a0d881f835de84db369357c,MCX,INDIA_COMMODITY,2026-05-29T06:06:28.207Z,2026-05-29T06:06:28.207Z,,50% PROFIT BOOK IN COPPER(JUNE) @1354,50% PROFIT BOOK IN COPPER(JUNE) @1354,a6410ab179b6bf32,TRADE_ACTION,REDUCE_POSITION,SINGLE_INSTRUMENT,,COPPER,COPPER,"[""COPPER""]",JUN,,,,50.0,CURRENT_HOLDING,0.5,EXPLICIT_PERCENT,False,[1354.0],1354.0,,[],,,False,False,False,True,0.99,False,AUTO_HIGH_CONFIDENCE,RULE_BASED_AND_CURATED,Explicit percentage reduction of current holding.,REDUCE_POSITION uses current holding: new_holding = current_holding * (1 - quantity_percent / 100).,1,1,False,READY_FOR_AUTO_APPLY
187,6a192d4c59359ea1faeea46e,6a0d87fb835de84db3693578,NSE,INDIA_EQUITY,2026-05-29T06:08:12.751Z,2026-05-29T06:08:12.751Z,,50% PROFIT BOOK IN KOTAKBANK@393.50,50% PROFIT BOOK IN KOTAKBANK @393.50,b78302f66d81d4c1,TRADE_ACTION,REDUCE_POSITION,SINGLE_INSTRUMENT,,KOTAKBANK,KOTAKBANK,"[""KOTAKBANK""]",,,,,50.0,CURRENT_HOLDING,0.5,EXPLICIT_PERCENT,False,[393.5],393.5,,[],,,False,False,False,True,0.99,False,AUTO_HIGH_CONFIDENCE,RULE_BASED_AND_CURATED,Explicit percentage reduction of current holding.,REDUCE_POSITION uses current holding: new_holding = current_holding * (1 - quantity_percent / 100).,1,1,False,READY_FOR_AUTO_APPLY
188,6a1935ce59359ea1faeea4c0,6a0d87fb835de84db3693578,NSE,INDIA_EQUITY,2026-05-29T06:44:30.771Z,2026-05-29T06:44:30.771Z,,INTRADAY 50% PROFIT BOOK IN NIFTY @23922,INTRADAY 50% PROFIT BOOK IN NIFTY @23922,a7d063afa302d0a7,TRADE_ACTION,REDUCE_POSITION,SINGLE_INSTRUMENT,,NIFTY,NIFTY,"[""NIFTY""]",,,,,50.0,CURRENT_HOLDING,0.5,EXPLICIT_PERCENT,False,[23922.0],23922.0,,[],,,False,False,False,True,0.99,False,AUTO_HIGH_CONFIDENCE,RULE_BASED_AND_CURATED,Explicit percentage reduction of current holding.,REDUCE_POSITION uses current holding: new_holding = current_holding * (1 - quantity_percent / 100).,1,1,False,READY_FOR_AUTO_APPLY
189,6a193fba59359ea1faeea5b3,6a0d87fb835de84db3693578,NSE,INDIA_EQUITY,2026-05-29T07:26:50.872Z,2026-05-29T07:26:50.872Z,,INTRADAY 50% PROFIT BOOK IN BANKNIFTY @55050,INTRADAY 50% PROFIT BOOK IN BANKNIFTY @55050,8e2b31294c999c41,TRADE_ACTION,REDUCE_POSITION,SINGLE_INSTRUMENT,,BANKNIFTY,BANKNIFTY,"[""BANKNIFTY""]",,,,,50.0,CURRENT_HOLDING,0.5,EXPLICIT_PERCENT,False,[55050.0],55050.0,,[],,,False,False,False,True,0.99,False,AUTO_HIGH_CONFIDENCE,RULE_BASED_AND_CURATED,Explicit percentage reduction of current holding.,REDUCE_POSITION uses current holding: new_holding = current_holding * (1 - quantity_percent / 100).,1,1,False,READY_FOR_AUTO_APPLY
190,6a19499959359ea1faeea5fa,6a0d881f835de84db369357c,MCX,INDIA_COMMODITY,2026-05-29T08:08:57.811Z,2026-05-29T08:08:57.811Z,,INTRADAY TRADERS PART PROFIT BOOK IN SILVER @266850,INTRADAY TRADERS PART PROFIT BOOK IN SILVER @266850,b9d12463b5c6a43d,TRADE_ACTION,REDUCE_POSITION,SINGLE_INSTRUMENT,,SILVER,SILVER,"[""SILVER""]",,,,,25.0,CURRENT_HOLDING,0.75,PART_PROFIT_RULE,False,[266850.0],266850.0,,[],,,False,False,False,True,0.99,False,AUTO_HIGH_CONFIDENCE,RULE_BASED_AND_CURATED,Part/partial profit means sell 25% of current holding.,REDUCE_POSITION uses current holding: new_holding = current_holding * (1 - quantity_percent / 100).,1,1,False,READY_FOR_AUTO_APPLY
191,6a1949b659359ea1faeea600,6a0d881f835de84db369357c,MCX,INDIA_COMMODITY,2026-05-29T08:09:26.230Z,2026-05-29T08:09:26.230Z,,PART PROFIT BOOK IN CRUDE MINI @8513,PART PROFIT BOOK IN CRUDE MINI @8513,625866e1541bdade,TRADE_ACTION,REDUCE_POSITION,SINGLE_INSTRUMENT,,CRUDE MINI,CRUDE_MINI,"[""CRUDE_MINI""]",,,,,25.0,CURRENT_HOLDING,0.75,PART_PROFIT_RULE,False,[8513.0],8513.0,,[],,,False,False,False,True,0.99,False,AUTO_HIGH_CONFIDENCE,RULE_BASED_AND_CURATED,Part/partial profit means sell 25% of current holding.,REDUCE_POSITION uses current holding: new_holding = current_holding * (1 - quantity_percent / 100).,1,1,False,READY_FOR_AUTO_APPLY
192,6a1949fd59359ea1faeea60a,6a0d87fb835de84db3693578,NSE,INDIA_EQUITY,2026-05-29T08:10:37.893Z,2026-05-29T08:10:37.893Z,,PART PROFIT BOOK IN SBIN @968,PART PROFIT BOOK IN SBIN @968,248bfc20214a1051,TRADE_ACTION,REDUCE_POSITION,SINGLE_INSTRUMENT,,SBIN,SBIN,"[""SBIN""]",,,,,25.0,CURRENT_HOLDING,0.75,PART_PROFIT_RULE,False,[968.0],968.0,,[],,,False,False,False,True,0.99,False,AUTO_HIGH_CONFIDENCE,RULE_BASED_AND_CURATED,Part/partial profit means sell 25% of current holding.,REDUCE_POSITION uses current holding: new_holding = current_holding * (1 - quantity_percent / 100).,1,1,False,READY_FOR_AUTO_APPLY
193,6a19512c59359ea1faeea6bb,6a0d8832835de84db3693580,International Market,GLOBAL_COMMODITY,2026-05-29T08:41:16.853Z,2026-05-29T08:41:16.853Z,,Day traders book part profit in silver july @ 75.35,Day traders book part profit in silver july @ 75.35,db24dc3a766de0a1,TRADE_ACTION,REDUCE_POSITION,SINGLE_INSTRUMENT,,silver july,SILVER,"[""SILVER""]",JUL,,,,25.0,CURRENT_HOLDING,0.75,PART_PROFIT_RULE,False,[75.35],75.35,,[],,,False,False,False,True,0.99,False,AUTO_HIGH_CONFIDENCE,RULE_BASED_AND_CURATED,Part/partial profit means sell 25% of current holding.,REDUCE_POSITION uses current holding: new_holding = current_holding * (1 - quantity_percent / 100).,1,1,False,READY_FOR_AUTO_APPLY
194,6a19538459359ea1faeea6ef,6a0d87fb835de84db3693578,NSE,INDIA_EQUITY,2026-05-29T08:51:16.769Z,2026-05-29T08:51:16.769Z,,DAY TRADERS PART PROFIT BOOK IN AXISBANK @1300.50,DAY TRADERS PART PROFIT BOOK IN AXISBANK @1300.50,e6e332870bfdb378,TRADE_ACTION,REDUCE_POSITION,SINGLE_INSTRUMENT,,AXISBANK,AXISBANK,"[""AXISBANK""]",,,,,25.0,CURRENT_HOLDING,0.75,PART_PROFIT_RULE,False,[1300.5],1300.5,,[],,,False,False,False,True,0.99,False,AUTO_HIGH_CONFIDENCE,RULE_BASED_AND_CURATED,Part/partial profit means sell 25% of current holding.,REDUCE_POSITION uses current holding: new_holding = current_holding * (1 - quantity_percent / 100).,1,1,False,READY_FOR_AUTO_APPLY
195,6a195b5059359ea1faeea969,6a0d881f835de84db369357c,MCX,INDIA_COMMODITY,2026-05-29T09:24:32.253Z,2026-05-29T09:24:32.253Z,,BUY CRUDE MINI @8350 SL 8200 TGT 8550-8800,BUY CRUDE MINI @8350 SL 8200 TGT 8550-8800,0c6fdb9502f6f62b,TRADE_ACTION,OPEN_LONG,SINGLE_INSTRUMENT,,CRUDE MINI,CRUDE_MINI,"[""CRUDE_MINI""]",,,,LONG,100.0,MODEL_ALLOCATION,,DEFAULT_FULL_ALLOCATION,True,[8350.0],8350.0,8200.0,"[8550.0, 8800.0]",8550.0,8800.0,False,False,False,True,0.98,False,AUTO_HIGH_CONFIDENCE,RULE_BASED_AND_CURATED,Buy instruction.,REDUCE_POSITION uses current holding: new_holding = current_holding * (1 - quantity_percent / 100).,1,1,False,READY_FOR_AUTO_APPLY
196,6a195d1059359ea1faeea9ca,6a0d87fb835de84db3693578,NSE,INDIA_EQUITY,2026-05-29T09:32:00.987Z,2026-05-29T09:32:00.987Z,,PART PROFIT BOOK IN NIFTY @23750,PART PROFIT BOOK IN NIFTY @23750,4772b31b0957e773,TRADE_ACTION,REDUCE_POSITION,SINGLE_INSTRUMENT,,NIFTY,NIFTY,"[""NIFTY""]",,,,,25.0,CURRENT_HOLDING,0.75,PART_PROFIT_RULE,False,[23750.0],23750.0,,[],,,False,False,False,True,0.99,False,AUTO_HIGH_CONFIDENCE,RULE_BASED_AND_CURATED,Part/partial profit means sell 25% of current holding.,REDUCE_POSITION uses current holding: new_holding = current_holding * (1 - quantity_percent / 100).,1,1,False,READY_FOR_AUTO_APPLY
197,6a195d8a59359ea1faeea9d7,6a0d87fb835de84db3693578,NSE,INDIA_EQUITY,2026-05-29T09:34:02.234Z,2026-05-29T09:34:02.234Z,,DAY TRADERS PART PROFIT BOOK IN BANKNIFTY @54601,DAY TRADERS PART PROFIT BOOK IN BANKNIFTY @54601,b037402b11d780d9,TRADE_ACTION,REDUCE_POSITION,SINGLE_INSTRUMENT,,BANKNIFTY,BANKNIFTY,"[""BANKNIFTY""]",,,,,25.0,CURRENT_HOLDING,0.75,PART_PROFIT_RULE,False,[54601.0],54601.0,,[],,,False,False,False,True,0.99,False,AUTO_HIGH_CONFIDENCE,RULE_BASED_AND_CURATED,Part/partial profit means sell 25% of current holding.,REDUCE_POSITION uses current holding: new_holding = current_holding * (1 - quantity_percent / 100).,1,1,False,READY_FOR_AUTO_APPLY
198,6a19957e59359ea1faeeaf83,6a0d8832835de84db3693580,International Market,GLOBAL_EQUITY,2026-05-29T13:32:46.391Z,2026-05-29T13:32:46.391Z,,50% Profit Book in DELL@ 415,50% Profit Book in DELL @ 415,db828cb6673e278b,TRADE_ACTION,REDUCE_POSITION,SINGLE_INSTRUMENT,,DELL,DELL,"[""DELL""]",,,,,50.0,CURRENT_HOLDING,0.5,EXPLICIT_PERCENT,False,[415.0],415.0,,[],,,False,False,False,True,0.99,False,AUTO_HIGH_CONFIDENCE,RULE_BASED_AND_CURATED,Explicit percentage reduction of current holding.,REDUCE_POSITION uses current holding: new_holding = current_holding * (1 - quantity_percent / 100).,1,1,False,READY_FOR_AUTO_APPLY
199,6a19961559359ea1faeeaf90,6a0d8832835de84db3693580,International Market,GLOBAL_EQUITY,2026-05-29T13:35:17.956Z,2026-05-29T13:35:17.956Z,,50% Profit Book in OKTA@ 111,50% Profit Book in OKTA @ 111,ccc395b780f5e66e,TRADE_ACTION,REDUCE_POSITION,SINGLE_INSTRUMENT,,OKTA,OKTA,"[""OKTA""]",,,,,50.0,CURRENT_HOLDING,0.5,EXPLICIT_PERCENT,False,[111.0],111.0,,[],,,False,False,False,True,0.99,False,AUTO_HIGH_CONFIDENCE,RULE_BASED_AND_CURATED,Explicit percentage reduction of current holding.,REDUCE_POSITION uses current holding: new_holding = current_holding * (1 - quantity_percent / 100).,1,1,False,READY_FOR_AUTO_APPLY
200,6a19965259359ea1faeeafb7,6a0d8832835de84db3693580,International Market,GLOBAL_EQUITY,2026-05-29T13:36:18.249Z,2026-05-29T13:36:18.249Z,,Profit book in MDB@ 337,Profit book in MDB @ 337,f0932ad20ff29819,TRADE_ACTION,CLOSE_POSITION,SINGLE_INSTRUMENT,,MDB,MDB,"[""MDB""]",,,,,100.0,CURRENT_HOLDING,0.0,FULL_EXIT_RULE,False,[337.0],337.0,,[],,,False,False,False,True,0.96,False,AUTO_HIGH_CONFIDENCE,RULE_BASED_AND_CURATED,Unqualified 'book profit' closes all remaining holding.,REDUCE_POSITION uses current holding: new_holding = current_holding * (1 - quantity_percent / 100).,1,1,False,READY_FOR_AUTO_APPLY
201,6a1996c559359ea1faeeafc4,6a0d8832835de84db3693580,International Market,GLOBAL_EQUITY,2026-05-29T13:38:13.998Z,2026-05-29T13:38:13.998Z,,Full Profit book in MU@ 956,Full Profit book in MU @ 956,03733953399813a5,TRADE_ACTION,CLOSE_POSITION,SINGLE_INSTRUMENT,,MU,MU,"[""MU""]",,,,,100.0,CURRENT_HOLDING,0.0,FULL_EXIT_RULE,False,[956.0],956.0,,[],,,False,False,False,True,0.99,False,AUTO_HIGH_CONFIDENCE,RULE_BASED_AND_CURATED,Explicit full exit.,REDUCE_POSITION uses current holding: new_holding = current_holding * (1 - quantity_percent / 100).,1,1,False,READY_FOR_AUTO_APPLY
202,6a19972f59359ea1faeeafee,6a0d8832835de84db3693580,International Market,GLOBAL_EQUITY,2026-05-29T13:39:59.385Z,2026-05-29T13:39:59.385Z,,50% Profit Book in AVGO@ 441,50% Profit Book in AVGO @ 441,16426381640b9f7e,TRADE_ACTION,REDUCE_POSITION,SINGLE_INSTRUMENT,,AVGO,AVGO,"[""AVGO""]",,,,,50.0,CURRENT_HOLDING,0.5,EXPLICIT_PERCENT,False,[441.0],441.0,,[],,,False,False,False,True,0.99,False,AUTO_HIGH_CONFIDENCE,RULE_BASED_AND_CURATED,Explicit percentage reduction of current holding.,REDUCE_POSITION uses current holding: new_holding = current_holding * (1 - quantity_percent / 100).,1,1,False,READY_FOR_AUTO_APPLY
203,6a19978259359ea1faeeaffe,6a0d8832835de84db3693580,International Market,GLOBAL_EQUITY,2026-05-29T13:41:22.908Z,2026-05-29T13:41:22.908Z,,50% Profit Book in AAPL@ 315,50% Profit Book in AAPL @ 315,e2673d8c5c8756d8,TRADE_ACTION,REDUCE_POSITION,SINGLE_INSTRUMENT,,AAPL,AAPL,"[""AAPL""]",,,,,50.0,CURRENT_HOLDING,0.5,EXPLICIT_PERCENT,False,[315.0],315.0,,[],,,False,False,False,True,0.99,False,AUTO_HIGH_CONFIDENCE,RULE_BASED_AND_CURATED,Explicit percentage reduction of current holding.,REDUCE_POSITION uses current holding: new_holding = current_holding * (1 - quantity_percent / 100).,1,1,False,READY_FOR_AUTO_APPLY
204,6a19981959359ea1faeeb039,6a0d8832835de84db3693580,International Market,GLOBAL_INDEX_OR_MACRO,2026-05-29T13:43:53.667Z,2026-05-29T13:43:53.667Z,,Full Profit book in NASDAQ @ 30380,Full Profit book in NASDAQ @ 30380,62b4390274e07128,TRADE_ACTION,CLOSE_POSITION,SINGLE_INSTRUMENT,,NASDAQ,NASDAQ,"[""NASDAQ""]",,,,,100.0,CURRENT_HOLDING,0.0,FULL_EXIT_RULE,False,[30380.0],30380.0,,[],,,False,False,False,True,0.99,False,AUTO_HIGH_CONFIDENCE,RULE_BASED_AND_CURATED,Explicit full exit.,REDUCE_POSITION uses current holding: new_holding = current_holding * (1 - quantity_percent / 100).,1,1,False,READY_FOR_AUTO_APPLY
205,6a19985c59359ea1faeeb060,6a0d8832835de84db3693580,International Market,GLOBAL_INDEX_OR_MACRO,2026-05-29T13:45:00.413Z,2026-05-29T13:45:00.413Z,,Full Profit book in S&P@ 7588,Full Profit book in S&P @ 7588,19ce7a2152c179c8,TRADE_ACTION,CLOSE_POSITION,SINGLE_INSTRUMENT,,S&P,SP500,"[""SP500""]",,,,,100.0,CURRENT_HOLDING,0.0,FULL_EXIT_RULE,False,[7588.0],7588.0,,[],,,False,False,False,True,0.99,False,AUTO_HIGH_CONFIDENCE,RULE_BASED_AND_CURATED,Explicit full exit.,REDUCE_POSITION uses current holding: new_holding = current_holding * (1 - quantity_percent / 100).,1,1,False,READY_FOR_AUTO_APPLY
206,6a19989059359ea1faeeb070,6a0d8832835de84db3693580,International Market,GLOBAL_INDEX_OR_MACRO,2026-05-29T13:45:52.914Z,2026-05-29T13:45:52.914Z,,50% Profit Book in DOW@ 50880,50% Profit Book in DOW @ 50880,eb52ac2f731657ba,TRADE_ACTION,REDUCE_POSITION,SINGLE_INSTRUMENT,,DOW,DOW,"[""DOW""]",,,,,50.0,CURRENT_HOLDING,0.5,EXPLICIT_PERCENT,False,[50880.0],50880.0,,[],,,False,False,False,True,0.99,False,AUTO_HIGH_CONFIDENCE,RULE_BASED_AND_CURATED,Explicit percentage reduction of current holding.,REDUCE_POSITION uses current holding: new_holding = current_holding * (1 - quantity_percent / 100).,1,1,False,READY_FOR_AUTO_APPLY
207,6a19998f59359ea1faeeb0a4,6a0d8832835de84db3693580,International Market,GLOBAL_EQUITY,2026-05-29T13:50:07.136Z,2026-05-29T13:50:07.136Z,,Full Profit book in OKTA @ 114,Full Profit book in OKTA @ 114,40cd3b9185871f57,TRADE_ACTION,CLOSE_POSITION,SINGLE_INSTRUMENT,,OKTA,OKTA,"[""OKTA""]",,,,,100.0,CURRENT_HOLDING,0.0,FULL_EXIT_RULE,False,[114.0],114.0,,[],,,False,False,False,True,0.99,False,AUTO_HIGH_CONFIDENCE,RULE_BASED_AND_CURATED,Explicit full exit.,REDUCE_POSITION uses current holding: new_holding = current_holding * (1 - quantity_percent / 100).,1,1,False,READY_FOR_AUTO_APPLY
208,6a199c2659359ea1faeeb15f,6a0d8832835de84db3693580,International Market,GLOBAL_EQUITY,2026-05-29T14:01:10.654Z,2026-05-29T14:01:10.654Z,,Book 50% profit in MRVL @208.50,Book 50% profit in MRVL @208.50,7b336e04c646da6d,TRADE_ACTION,REDUCE_POSITION,SINGLE_INSTRUMENT,,MRVL,MRVL,"[""MRVL""]",,,,,50.0,CURRENT_HOLDING,0.5,EXPLICIT_PERCENT,False,[208.5],208.5,,[],,,False,False,False,True,0.99,False,AUTO_HIGH_CONFIDENCE,RULE_BASED_AND_CURATED,Explicit percentage reduction of current holding.,REDUCE_POSITION uses current holding: new_holding = current_holding * (1 - quantity_percent / 100).,1,1,False,READY_FOR_AUTO_APPLY
209,6a199c8859359ea1faeeb1ca,6a0d8832835de84db3693580,International Market,GLOBAL_EQUITY,2026-05-29T14:02:48.160Z,2026-05-29T14:02:48.160Z,,Buy amd @ 520 with sl 515 for target 525-535,Buy amd @ 520 with sl 515 for target 525-535,b2841c54e200f199,TRADE_ACTION,OPEN_LONG,SINGLE_INSTRUMENT,,amd,AMD,"[""AMD""]",,,,LONG,100.0,MODEL_ALLOCATION,,DEFAULT_FULL_ALLOCATION,True,[520.0],520.0,515.0,"[525.0, 535.0]",525.0,535.0,False,False,False,True,0.98,False,AUTO_HIGH_CONFIDENCE,RULE_BASED_AND_CURATED,Buy instruction.,REDUCE_POSITION uses current holding: new_holding = current_holding * (1 - quantity_percent / 100).,1,1,False,READY_FOR_AUTO_APPLY
210,6a199cc459359ea1faeeb244,6a0d8832835de84db3693580,International Market,GLOBAL_EQUITY,2026-05-29T14:03:48.911Z,2026-05-29T14:03:48.911Z,,Book profit in PLTR @154.60,Book profit in PLTR @154.60,61bb7f58d7387f85,TRADE_ACTION,CLOSE_POSITION,SINGLE_INSTRUMENT,,PLTR,PLTR,"[""PLTR""]",,,,,100.0,CURRENT_HOLDING,0.0,FULL_EXIT_RULE,False,[154.6],154.6,,[],,,False,False,False,True,0.96,False,AUTO_HIGH_CONFIDENCE,RULE_BASED_AND_CURATED,Unqualified 'book profit' closes all remaining holding.,REDUCE_POSITION uses current holding: new_holding = current_holding * (1 - quantity_percent / 100).,1,1,False,READY_FOR_AUTO_APPLY
211,6a199ce559359ea1faeeb260,6a0d8832835de84db3693580,International Market,GLOBAL_EQUITY,2026-05-29T14:04:21.571Z,2026-05-29T14:04:21.571Z,,Book profit in smci @48.00,Book profit in smci @48.00,d4bad66388a8b75b,TRADE_ACTION,CLOSE_POSITION,SINGLE_INSTRUMENT,,smci,SMCI,"[""SMCI""]",,,,,100.0,CURRENT_HOLDING,0.0,FULL_EXIT_RULE,False,[48.0],48.0,,[],,,False,False,False,True,0.96,False,AUTO_HIGH_CONFIDENCE,RULE_BASED_AND_CURATED,Unqualified 'book profit' closes all remaining holding.,REDUCE_POSITION uses current holding: new_holding = current_holding * (1 - quantity_percent / 100).,1,1,False,READY_FOR_AUTO_APPLY
212,6a199d9859359ea1faeeb285,6a0d8832835de84db3693580,International Market,GLOBAL_COMMODITY,2026-05-29T14:07:20.433Z,2026-05-29T14:07:20.433Z,,Sell gold aug @4581 with SL 4622 for target 4450-4400,Sell gold aug @4581 with SL 4622 for target 4450-4400,b19ec4978c9fcd0c,TRADE_ACTION,OPEN_SHORT,SINGLE_INSTRUMENT,,gold aug,GOLD,"[""GOLD""]",AUG,,,SHORT,100.0,MODEL_ALLOCATION,,DEFAULT_FULL_ALLOCATION,True,[4581.0],4581.0,4622.0,"[4450.0, 4400.0]",4450.0,4400.0,False,False,False,True,0.96,False,AUTO_HIGH_CONFIDENCE,RULE_BASED_AND_CURATED,Sell/short instruction.,REDUCE_POSITION uses current holding: new_holding = current_holding * (1 - quantity_percent / 100).,1,1,False,READY_FOR_AUTO_APPLY
213,6a19a0a859359ea1faeeb2b7,6a0d8832835de84db3693580,International Market,GLOBAL_INDEX_OR_MACRO,2026-05-29T14:20:24.498Z,2026-05-29T14:20:24.498Z,,Sell s&p500 @7585 with SL 7622 for target 7500-7450,Sell s&p500 @7585 with SL 7622 for target 7500-7450,18f934b12f17dbef,TRADE_ACTION,OPEN_SHORT,SINGLE_INSTRUMENT,,s&p500,SP500,"[""SP500""]",,,,SHORT,100.0,MODEL_ALLOCATION,,DEFAULT_FULL_ALLOCATION,True,[7585.0],7585.0,7622.0,"[7500.0, 7450.0]",7500.0,7450.0,False,False,False,True,0.96,False,AUTO_HIGH_CONFIDENCE,RULE_BASED_AND_CURATED,Sell/short instruction.,REDUCE_POSITION uses current holding: new_holding = current_holding * (1 - quantity_percent / 100).,1,1,False,READY_FOR_AUTO_APPLY
214,6a19a1d059359ea1faeeb2f5,6a0d8832835de84db3693580,International Market,GLOBAL_INDEX_OR_MACRO,2026-05-29T14:25:20.690Z,2026-05-29T14:25:20.690Z,,Sell NASDAQ @ 30369 sl 30563 tgt 30000-29800,Sell NASDAQ @ 30369 sl 30563 tgt 30000-29800,8d6b1f66e2d968d1,TRADE_ACTION,OPEN_SHORT,SINGLE_INSTRUMENT,,NASDAQ,NASDAQ,"[""NASDAQ""]",,,,SHORT,100.0,MODEL_ALLOCATION,,DEFAULT_FULL_ALLOCATION,True,[30369.0],30369.0,30563.0,"[30000.0, 29800.0]",30000.0,29800.0,False,False,False,True,0.96,False,AUTO_HIGH_CONFIDENCE,RULE_BASED_AND_CURATED,Sell/short instruction.,REDUCE_POSITION uses current holding: new_holding = current_holding * (1 - quantity_percent / 100).,1,1,False,READY_FOR_AUTO_APPLY
215,6a19a4ba59359ea1faeeb32c,6a0d881f835de84db369357c,MCX,INDIA_COMMODITY,2026-05-29T14:37:46.156Z,2026-05-29T14:37:46.156Z,,Day traders full Profit book in Copper jun@ 1347,Day traders full Profit book in Copper jun @ 1347,8a30f8fcec302fc2,TRADE_ACTION,CLOSE_POSITION,SINGLE_INSTRUMENT,,Copper jun,COPPER,"[""COPPER""]",JUN,,,,100.0,CURRENT_HOLDING,0.0,FULL_EXIT_RULE,False,[1347.0],1347.0,,[],,,False,False,False,True,0.99,False,AUTO_HIGH_CONFIDENCE,RULE_BASED_AND_CURATED,Explicit full exit.,REDUCE_POSITION uses current holding: new_holding = current_holding * (1 - quantity_percent / 100).,1,1,False,READY_FOR_AUTO_APPLY
216,6a19a5cd59359ea1faeeb3d7,6a0d8832835de84db3693580,International Market,GLOBAL_COMMODITY,2026-05-29T14:42:21.313Z,2026-05-29T14:42:21.313Z,,Book 50% profit in copper @6.38,Book 50% profit in copper @6.38,74de95b24f72f47a,TRADE_ACTION,REDUCE_POSITION,SINGLE_INSTRUMENT,,copper,COPPER,"[""COPPER""]",,,,,50.0,CURRENT_HOLDING,0.5,EXPLICIT_PERCENT,False,[6.38],6.38,,[],,,False,False,False,True,0.99,False,AUTO_HIGH_CONFIDENCE,RULE_BASED_AND_CURATED,Explicit percentage reduction of current holding.,REDUCE_POSITION uses current holding: new_holding = current_holding * (1 - quantity_percent / 100).,1,1,False,READY_FOR_AUTO_APPLY
217,6a19b47659359ea1faeeb609,6a0d8832835de84db3693580,International Market,GLOBAL_COMMODITY,2026-05-29T15:44:54.738Z,2026-05-29T15:44:54.738Z,,Hold gold aug with closing basis sl 4633 for next week,Hold gold aug with closing basis sl 4633 for next week,adf449752a437da7,TRADE_UPDATE,UPDATE_STOP_LOSS,SINGLE_INSTRUMENT,,gold aug,GOLD,"[""GOLD""]",AUG,,,,,NONE,,NOT_APPLICABLE,False,[],,4633.0,[],,,False,False,False,True,0.99,False,AUTO_HIGH_CONFIDENCE,RULE_BASED_AND_CURATED,Hold and update stop loss.,REDUCE_POSITION uses current holding: new_holding = current_holding * (1 - quantity_percent / 100).,1,1,False,READY_FOR_AUTO_APPLY
218,6a19ecb959359ea1faeeb84a,6a0d8832835de84db3693580,International Market,GLOBAL_INDEX_OR_MACRO,2026-05-29T19:44:57.493Z,2026-05-29T19:44:57.493Z,,Sell Dow @ 51060 with SL 51260 for target 50600-50200,Sell Dow @ 51060 with SL 51260 for target 50600-50200,d6c1ca510330e1ee,TRADE_ACTION,OPEN_SHORT,SINGLE_INSTRUMENT,,Dow,DOW,"[""DOW""]",,,,SHORT,100.0,MODEL_ALLOCATION,,DEFAULT_FULL_ALLOCATION,True,[51060.0],51060.0,51260.0,"[50600.0, 50200.0]",50600.0,50200.0,False,False,False,True,0.96,False,AUTO_HIGH_CONFIDENCE,RULE_BASED_AND_CURATED,Sell/short instruction.,REDUCE_POSITION uses current holding: new_holding = current_holding * (1 - quantity_percent / 100).,1,1,False,READY_FOR_AUTO_APPLY
219,6a19ecde59359ea1faeeb857,6a0d8832835de84db3693580,International Market,GLOBAL_INDEX_OR_MACRO,2026-05-29T19:45:34.271Z,2026-05-29T19:45:34.271Z,,Sell Russell @ 2919 with SL 2943 for target 2882-2856,Sell Russell @ 2919 with SL 2943 for target 2882-2856,948efc7e48b9193d,TRADE_ACTION,OPEN_SHORT,SINGLE_INSTRUMENT,,Russell,RUSSELL,"[""RUSSELL""]",,,,SHORT,100.0,MODEL_ALLOCATION,,DEFAULT_FULL_ALLOCATION,True,[2919.0],2919.0,2943.0,"[2882.0, 2856.0]",2882.0,2856.0,False,False,False,True,0.96,False,AUTO_HIGH_CONFIDENCE,RULE_BASED_AND_CURATED,Sell/short instruction.,REDUCE_POSITION uses current holding: new_holding = current_holding * (1 - quantity_percent / 100).,1,1,False,READY_FOR_AUTO_APPLY
220,6a1cd8ed59359ea1faeebab4,6a0d8832835de84db3693580,International Market,GLOBAL_COMMODITY,2026-06-01T00:57:17.482Z,2026-06-01T00:57:17.482Z,,Book 50% profit in silver July @75.80,Book 50% profit in silver July @75.80,9cf0064a80670af8,TRADE_ACTION,REDUCE_POSITION,SINGLE_INSTRUMENT,,silver July,SILVER,"[""SILVER""]",JUL,,,,50.0,CURRENT_HOLDING,0.5,EXPLICIT_PERCENT,False,[75.8],75.8,,[],,,False,False,False,True,0.99,False,AUTO_HIGH_CONFIDENCE,RULE_BASED_AND_CURATED,Explicit percentage reduction of current holding.,REDUCE_POSITION uses current holding: new_holding = current_holding * (1 - quantity_percent / 100).,1,1,False,READY_FOR_AUTO_APPLY
221,6a1cd99659359ea1faeebac1,6a0d8832835de84db3693580,International Market,GLOBAL_COMMODITY,2026-06-01T01:00:06.198Z,2026-06-01T01:00:06.198Z,,Hold NG with sl 3.42,Hold NG with sl 3.42,05eceb462ed9a97b,TRADE_UPDATE,UPDATE_STOP_LOSS,SINGLE_INSTRUMENT,,NG,NATURAL_GAS,"[""NATURAL_GAS""]",,,,,,NONE,,NOT_APPLICABLE,False,[],,3.42,[],,,False,False,False,True,0.99,False,AUTO_HIGH_CONFIDENCE,RULE_BASED_AND_CURATED,Hold and update stop loss.,REDUCE_POSITION uses current holding: new_holding = current_holding * (1 - quantity_percent / 100).,1,1,False,READY_FOR_AUTO_APPLY
222,6a1ce78359359ea1faeebb1c,6a0d8832835de84db3693580,International Market,GLOBAL_EQUITY,2026-06-01T01:59:31.678Z,2026-06-01T01:59:31.678Z,,If the stoploss gets triggered in short positions of indices then make long position with support levels mentioned in the daily newsletter.,If the stoploss gets triggered in short positions of indices then make long position with support levels mentioned in the daily newsletter.,4fbcce6bc6325d4e,TRADE_CONTROL,CONDITIONAL_INSTRUCTION,NONE,,,,[],,,,,,NONE,,NOT_APPLICABLE,False,[],,,[],,,False,False,True,False,0.88,True,REVIEW_REQUIRED,RULE_BASED_AND_CURATED,Conditional instruction requiring external state.,REDUCE_POSITION uses current holding: new_holding = current_holding * (1 - quantity_percent / 100).,1,1,False,MANUAL_OR_CONTEXT_REVIEW
223,6a1cfcd759359ea1faeebb60,6a0d881f835de84db369357c,MCX,INDIA_COMMODITY,2026-06-01T03:30:31.701Z,2026-06-01T03:30:31.701Z,,50% profit book in gold @160150,50% profit book in gold @160150,1e9091ee86cf4aa4,TRADE_ACTION,REDUCE_POSITION,SINGLE_INSTRUMENT,,gold,GOLD,"[""GOLD""]",,,,,50.0,CURRENT_HOLDING,0.5,EXPLICIT_PERCENT,False,[160150.0],160150.0,,[],,,False,False,False,True,0.99,False,AUTO_HIGH_CONFIDENCE,RULE_BASED_AND_CURATED,Explicit percentage reduction of current holding.,REDUCE_POSITION uses current holding: new_holding = current_holding * (1 - quantity_percent / 100).,1,1,False,READY_FOR_AUTO_APPLY
224,6a1cfd1959359ea1faeebbad,6a0d881f835de84db369357c,MCX,INDIA_COMMODITY,2026-06-01T03:31:37.283Z,2026-06-01T03:31:37.283Z,,50% PROFIT BOOK IN CRUDE MINI @8513,50% PROFIT BOOK IN CRUDE MINI @8513,bc17310295c904f6,TRADE_ACTION,REDUCE_POSITION,SINGLE_INSTRUMENT,,CRUDE MINI,CRUDE_MINI,"[""CRUDE_MINI""]",,,,,50.0,CURRENT_HOLDING,0.5,EXPLICIT_PERCENT,False,[8513.0],8513.0,,[],,,False,False,False,True,0.99,False,AUTO_HIGH_CONFIDENCE,RULE_BASED_AND_CURATED,Explicit percentage reduction of current holding.,REDUCE_POSITION uses current holding: new_holding = current_holding * (1 - quantity_percent / 100).,1,1,False,READY_FOR_AUTO_APPLY
225,6a1cfe5459359ea1faeebc0a,6a0d881f835de84db369357c,MCX,INDIA_COMMODITY,2026-06-01T03:36:52.892Z,2026-06-01T03:36:52.892Z,,SELL COPPER @1355 SL 1362 TGT 1345,SELL COPPER @1355 SL 1362 TGT 1345,ffdf7045fb563894,TRADE_ACTION,OPEN_SHORT,SINGLE_INSTRUMENT,,COPPER,COPPER,"[""COPPER""]",,,,SHORT,100.0,MODEL_ALLOCATION,,DEFAULT_FULL_ALLOCATION,True,[1355.0],1355.0,1362.0,[1345.0],1345.0,,False,False,False,True,0.96,False,AUTO_HIGH_CONFIDENCE,RULE_BASED_AND_CURATED,Sell/short instruction.,REDUCE_POSITION uses current holding: new_holding = current_holding * (1 - quantity_percent / 100).,1,1,False,READY_FOR_AUTO_APPLY
226,6a1cfee459359ea1faeebc87,6a0d881f835de84db369357c,MCX,INDIA_COMMODITY,2026-06-01T03:39:16.792Z,2026-06-01T03:39:16.792Z,,REST 50% POSITION HOLD IN SILVER WITH SL 269000,REST 50% POSITION HOLD IN SILVER WITH SL 269000,273c14ef1320e046,TRADE_UPDATE,UPDATE_STOP_LOSS,SINGLE_INSTRUMENT,,SILVER,SILVER,"[""SILVER""]",,,,,,NONE,,NOT_APPLICABLE,False,[],,269000.0,[],,,False,False,False,True,0.99,False,AUTO_HIGH_CONFIDENCE,RULE_BASED_AND_CURATED,Hold and update stop loss.,REDUCE_POSITION uses current holding: new_holding = current_holding * (1 - quantity_percent / 100).,1,1,False,READY_FOR_AUTO_APPLY
227,6a1cff4759359ea1faeebd5b,6a0d881f835de84db369357c,MCX,INDIA_COMMODITY,2026-06-01T03:40:55.129Z,2026-06-01T03:40:55.129Z,,FULL PROFIT BOOK IN GOLD @159750,FULL PROFIT BOOK IN GOLD @159750,a1f4ac6ff823f9a9,TRADE_ACTION,CLOSE_POSITION,SINGLE_INSTRUMENT,,GOLD,GOLD,"[""GOLD""]",,,,,100.0,CURRENT_HOLDING,0.0,FULL_EXIT_RULE,False,[159750.0],159750.0,,[],,,False,False,False,True,0.99,False,AUTO_HIGH_CONFIDENCE,RULE_BASED_AND_CURATED,Explicit full exit.,REDUCE_POSITION uses current holding: new_holding = current_holding * (1 - quantity_percent / 100).,1,1,False,READY_FOR_AUTO_APPLY
228,6a1cffc259359ea1faeebdc6,6a0d881f835de84db369357c,MCX,INDIA_COMMODITY,2026-06-01T03:42:58.483Z,2026-06-01T03:42:58.483Z,,FULL PROFIT BOOK IN SILVER @266250,FULL PROFIT BOOK IN SILVER @266250,fff285e97436d25b,TRADE_ACTION,CLOSE_POSITION,SINGLE_INSTRUMENT,,SILVER,SILVER,"[""SILVER""]",,,,,100.0,CURRENT_HOLDING,0.0,FULL_EXIT_RULE,False,[266250.0],266250.0,,[],,,False,False,False,True,0.99,False,AUTO_HIGH_CONFIDENCE,RULE_BASED_AND_CURATED,Explicit full exit.,REDUCE_POSITION uses current holding: new_holding = current_holding * (1 - quantity_percent / 100).,1,1,False,READY_FOR_AUTO_APPLY
229,6a1cfff459359ea1faeebe09,6a0d881f835de84db369357c,MCX,INDIA_COMMODITY,2026-06-01T03:43:48.574Z,2026-06-01T03:45:14.583Z,2026-06-01T03:45:14.583Z,WAIT FOR BUYING TOMORROW IN SILVER & GOLD,WAIT FOR BUYING TOMORROW IN SILVER & GOLD,28d26f7462309c74,NON_TRADE,WAIT_NO_ACTION,MULTI_INSTRUMENT,,,,"[""GOLD"", ""SILVER""]",,,,,,NONE,,NOT_APPLICABLE,False,[],,,[],,,False,True,True,False,0.95,False,AUTO_HIGH_CONFIDENCE,RULE_BASED_AND_CURATED,Wait/no execution.,REDUCE_POSITION uses current holding: new_holding = current_holding * (1 - quantity_percent / 100).,1,1,False,NON_EXECUTABLE
230,6a1d00e759359ea1faeebeb6,6a0d87fb835de84db3693578,NSE,INDIA_EQUITY,2026-06-01T03:47:51.639Z,2026-06-01T03:47:51.639Z,,BUY BSE @4185 SL 4130 TGT 4300,BUY BSE @4185 SL 4130 TGT 4300,5600269217300cef,TRADE_ACTION,OPEN_LONG,SINGLE_INSTRUMENT,,BSE,BSE,"[""BSE""]",,,,LONG,100.0,MODEL_ALLOCATION,,DEFAULT_FULL_ALLOCATION,True,[4185.0],4185.0,4130.0,[4300.0],4300.0,,False,False,False,True,0.98,False,AUTO_HIGH_CONFIDENCE,RULE_BASED_AND_CURATED,Buy instruction.,REDUCE_POSITION uses current holding: new_holding = current_holding * (1 - quantity_percent / 100).,1,1,False,READY_FOR_AUTO_APPLY
231,6a1d012859359ea1faeebeca,6a0d87fb835de84db3693578,NSE,INDIA_EQUITY,2026-06-01T03:48:56.717Z,2026-06-01T03:48:56.717Z,,50% PROFIT BOOK IN HINDALCO @1142,50% PROFIT BOOK IN HINDALCO @1142,de53831ce3dbc30c,TRADE_ACTION,REDUCE_POSITION,SINGLE_INSTRUMENT,,HINDALCO,HINDALCO,"[""HINDALCO""]",,,,,50.0,CURRENT_HOLDING,0.5,EXPLICIT_PERCENT,False,[1142.0],1142.0,,[],,,False,False,False,True,0.99,False,AUTO_HIGH_CONFIDENCE,RULE_BASED_AND_CURATED,Explicit percentage reduction of current holding.,REDUCE_POSITION uses current holding: new_holding = current_holding * (1 - quantity_percent / 100).,1,1,False,READY_FOR_AUTO_APPLY
232,6a1d014259359ea1faeebede,6a0d87fb835de84db3693578,NSE,INDIA_EQUITY,2026-06-01T03:49:22.786Z,2026-06-01T03:49:22.786Z,,BUY BHARATFORG @1948 SL 1930 TGT 1980-2000,BUY BHARATFORG @1948 SL 1930 TGT 1980-2000,fa990e7a66178f23,TRADE_ACTION,OPEN_LONG,SINGLE_INSTRUMENT,,BHARATFORG,BHARATFORG,"[""BHARATFORG""]",,,,LONG,100.0,MODEL_ALLOCATION,,DEFAULT_FULL_ALLOCATION,True,[1948.0],1948.0,1930.0,"[1980.0, 2000.0]",1980.0,2000.0,False,False,False,True,0.98,False,AUTO_HIGH_CONFIDENCE,RULE_BASED_AND_CURATED,Buy instruction.,REDUCE_POSITION uses current holding: new_holding = current_holding * (1 - quantity_percent / 100).,1,1,False,READY_FOR_AUTO_APPLY
233,6a1d017c59359ea1faeebef2,6a0d87fb835de84db3693578,NSE,INDIA_EQUITY,2026-06-01T03:50:20.025Z,2026-06-01T03:50:20.025Z,,POSITIONAL BUY HDFCBANK @740 SL 700 TGT 800-850,POSITIONAL BUY HDFCBANK @740 SL 700 TGT 800-850,f1b02d23795c306a,TRADE_ACTION,OPEN_LONG,SINGLE_INSTRUMENT,,HDFCBANK,HDFCBANK,"[""HDFCBANK""]",,,,LONG,100.0,MODEL_ALLOCATION,,DEFAULT_FULL_ALLOCATION,True,[740.0],740.0,700.0,"[800.0, 850.0]",800.0,850.0,False,False,False,True,0.98,False,AUTO_HIGH_CONFIDENCE,RULE_BASED_AND_CURATED,Buy instruction.,REDUCE_POSITION uses current holding: new_holding = current_holding * (1 - quantity_percent / 100).,1,1,False,READY_FOR_AUTO_APPLY
234,6a1d01a459359ea1faeebf06,6a0d87fb835de84db3693578,NSE,INDIA_EQUITY,2026-06-01T03:51:00.656Z,2026-06-01T03:51:00.656Z,,BUY ASIANPAINT @2756 SL 2720 TGT 2800-2840,BUY ASIANPAINT @2756 SL 2720 TGT 2800-2840,305f7c1b8451250d,TRADE_ACTION,OPEN_LONG,SINGLE_INSTRUMENT,,ASIANPAINT,ASIANPAINT,"[""ASIANPAINT""]",,,,LONG,100.0,MODEL_ALLOCATION,,DEFAULT_FULL_ALLOCATION,True,[2756.0],2756.0,2720.0,"[2800.0, 2840.0]",2800.0,2840.0,False,False,False,True,0.98,False,AUTO_HIGH_CONFIDENCE,RULE_BASED_AND_CURATED,Buy instruction.,REDUCE_POSITION uses current holding: new_holding = current_holding * (1 - quantity_percent / 100).,1,1,False,READY_FOR_AUTO_APPLY
235,6a1d01b159359ea1faeebf1a,6a0d87fb835de84db3693578,NSE,INDIA_EQUITY,2026-06-01T03:51:13.137Z,2026-06-01T06:32:45.630Z,2026-06-01T06:32:45.629Z,50% PROFIT BOOK IN AXISBANK @1292,50% PROFIT BOOK IN AXISBANK @1292,55fbe5a402f5e946,TRADE_ACTION,REDUCE_POSITION,SINGLE_INSTRUMENT,,AXISBANK,AXISBANK,"[""AXISBANK""]",,,,,50.0,CURRENT_HOLDING,0.5,EXPLICIT_PERCENT,False,[1292.0],1292.0,,[],,,False,False,False,True,0.99,False,AUTO_HIGH_CONFIDENCE,RULE_BASED_AND_CURATED,Explicit percentage reduction of current holding.,REDUCE_POSITION uses current holding: new_holding = current_holding * (1 - quantity_percent / 100).,1,1,False,READY_FOR_AUTO_APPLY
236,6a1d01d659359ea1faeebf27,6a0d87fb835de84db3693578,NSE,INDIA_EQUITY,2026-06-01T03:51:50.772Z,2026-06-01T03:51:50.772Z,,BUY BEL @410.50 SL 400 TGT 430-440,BUY BEL @410.50 SL 400 TGT 430-440,8c509a5d4fdb7c3f,TRADE_ACTION,OPEN_LONG,SINGLE_INSTRUMENT,,BEL,BEL,"[""BEL""]",,,,LONG,100.0,MODEL_ALLOCATION,,DEFAULT_FULL_ALLOCATION,True,[410.5],410.5,400.0,"[430.0, 440.0]",430.0,440.0,False,False,False,True,0.98,False,AUTO_HIGH_CONFIDENCE,RULE_BASED_AND_CURATED,Buy instruction.,REDUCE_POSITION uses current holding: new_holding = current_holding * (1 - quantity_percent / 100).,1,1,False,READY_FOR_AUTO_APPLY
237,6a1d027759359ea1faeebff8,6a0d87fb835de84db3693578,NSE,INDIA_EQUITY,2026-06-01T03:54:31.399Z,2026-06-01T03:54:31.399Z,,BUY KOTAKBANK @386 SL 382 TGT 390-394,BUY KOTAKBANK @386 SL 382 TGT 390-394,5f0e2cc241cd747d,TRADE_ACTION,OPEN_LONG,SINGLE_INSTRUMENT,,KOTAKBANK,KOTAKBANK,"[""KOTAKBANK""]",,,,LONG,100.0,MODEL_ALLOCATION,,DEFAULT_FULL_ALLOCATION,True,[386.0],386.0,382.0,"[390.0, 394.0]",390.0,394.0,False,False,False,True,0.98,False,AUTO_HIGH_CONFIDENCE,RULE_BASED_AND_CURATED,Buy instruction.,REDUCE_POSITION uses current holding: new_holding = current_holding * (1 - quantity_percent / 100).,1,1,False,READY_FOR_AUTO_APPLY
238,6a1d02fb59359ea1faeec03b,6a0d87fb835de84db3693578,NSE,INDIA_EQUITY,2026-06-01T03:56:43.844Z,2026-06-01T03:56:43.844Z,,50% PROFIT BOOK IN UNIONBANK @169,50% PROFIT BOOK IN UNIONBANK @169,172a263040e26cd3,TRADE_ACTION,REDUCE_POSITION,SINGLE_INSTRUMENT,,UNIONBANK,UNIONBANK,"[""UNIONBANK""]",,,,,50.0,CURRENT_HOLDING,0.5,EXPLICIT_PERCENT,False,[169.0],169.0,,[],,,False,False,False,True,0.99,False,AUTO_HIGH_CONFIDENCE,RULE_BASED_AND_CURATED,Explicit percentage reduction of current holding.,REDUCE_POSITION uses current holding: new_holding = current_holding * (1 - quantity_percent / 100).,1,1,False,READY_FOR_AUTO_APPLY
239,6a1d04cf59359ea1faeec0c6,6a0d87fb835de84db3693578,NSE,INDIA_EQUITY,2026-06-01T04:04:31.164Z,2026-06-01T04:04:31.164Z,,BUY M&M @ 3020 SL 2980 TGT 3140,BUY M&M @ 3020 SL 2980 TGT 3140,49c2e82652667df9,TRADE_ACTION,OPEN_LONG,SINGLE_INSTRUMENT,,M&M,M&M,"[""M&M""]",,,,LONG,100.0,MODEL_ALLOCATION,,DEFAULT_FULL_ALLOCATION,True,[3020.0],3020.0,2980.0,[3140.0],3140.0,,False,False,False,True,0.98,False,AUTO_HIGH_CONFIDENCE,RULE_BASED_AND_CURATED,Buy instruction.,REDUCE_POSITION uses current holding: new_holding = current_holding * (1 - quantity_percent / 100).,1,1,False,READY_FOR_AUTO_APPLY
240,6a1d04e959359ea1faeec0df,6a0d87fb835de84db3693578,NSE,INDIA_EQUITY,2026-06-01T04:04:57.792Z,2026-06-01T04:04:57.792Z,,BUY ICICIBANK @1266 SL 1248 TGT 1285-1385,BUY ICICIBANK @1266 SL 1248 TGT 1285-1385,89f70282293a0457,TRADE_ACTION,OPEN_LONG,SINGLE_INSTRUMENT,,ICICIBANK,ICICIBANK,"[""ICICIBANK""]",,,,LONG,100.0,MODEL_ALLOCATION,,DEFAULT_FULL_ALLOCATION,True,[1266.0],1266.0,1248.0,"[1285.0, 1385.0]",1285.0,1385.0,False,False,False,True,0.98,False,AUTO_HIGH_CONFIDENCE,RULE_BASED_AND_CURATED,Buy instruction.,REDUCE_POSITION uses current holding: new_holding = current_holding * (1 - quantity_percent / 100).,1,1,False,READY_FOR_AUTO_APPLY
241,6a1d053559359ea1faeec10e,6a0d87fb835de84db3693578,NSE,INDIA_EQUITY,2026-06-01T04:06:13.175Z,2026-06-01T04:06:13.175Z,,BUY WIPRO @191 SL 187.50 TGT 195-200,BUY WIPRO @191 SL 187.50 TGT 195-200,57031715f9e68b3c,TRADE_ACTION,OPEN_LONG,SINGLE_INSTRUMENT,,WIPRO,WIPRO,"[""WIPRO""]",,,,LONG,100.0,MODEL_ALLOCATION,,DEFAULT_FULL_ALLOCATION,True,[191.0],191.0,187.5,"[195.0, 200.0]",195.0,200.0,False,False,False,True,0.98,False,AUTO_HIGH_CONFIDENCE,RULE_BASED_AND_CURATED,Buy instruction.,REDUCE_POSITION uses current holding: new_holding = current_holding * (1 - quantity_percent / 100).,1,1,False,READY_FOR_AUTO_APPLY
242,6a1d05e659359ea1faeec14d,6a0d87fb835de84db3693578,NSE,INDIA_EQUITY,2026-06-01T04:09:10.339Z,2026-06-01T04:09:10.339Z,,HOLD BSE WITH SL 4100,HOLD BSE WITH SL 4100,4752bc9b8030319c,TRADE_UPDATE,UPDATE_STOP_LOSS,SINGLE_INSTRUMENT,,BSE,BSE,"[""BSE""]",,,,,,NONE,,NOT_APPLICABLE,False,[],,4100.0,[],,,False,False,False,True,0.99,False,AUTO_HIGH_CONFIDENCE,RULE_BASED_AND_CURATED,Hold and update stop loss.,REDUCE_POSITION uses current holding: new_holding = current_holding * (1 - quantity_percent / 100).,1,1,False,READY_FOR_AUTO_APPLY
243,6a1d061359359ea1faeec166,6a0d87fb835de84db3693578,NSE,INDIA_EQUITY,2026-06-01T04:09:55.171Z,2026-06-01T04:09:55.171Z,,HOLD ASIANPAINT WITH SL 2719,HOLD ASIANPAINT WITH SL 2719,59e5169792b5dcc1,TRADE_UPDATE,UPDATE_STOP_LOSS,SINGLE_INSTRUMENT,,ASIANPAINT,ASIANPAINT,"[""ASIANPAINT""]",,,,,,NONE,,NOT_APPLICABLE,False,[],,2719.0,[],,,False,False,False,True,0.99,False,AUTO_HIGH_CONFIDENCE,RULE_BASED_AND_CURATED,Hold and update stop loss.,REDUCE_POSITION uses current holding: new_holding = current_holding * (1 - quantity_percent / 100).,1,1,False,READY_FOR_AUTO_APPLY
244,6a1d063d59359ea1faeec17f,6a0d87fb835de84db3693578,NSE,INDIA_EQUITY,2026-06-01T04:10:37.783Z,2026-06-01T04:10:37.783Z,,FULL PROFIT BOOK IN UNIONBANK @168,FULL PROFIT BOOK IN UNIONBANK @168,b3c8a29baa3b4787,TRADE_ACTION,CLOSE_POSITION,SINGLE_INSTRUMENT,,UNIONBANK,UNIONBANK,"[""UNIONBANK""]",,,,,100.0,CURRENT_HOLDING,0.0,FULL_EXIT_RULE,False,[168.0],168.0,,[],,,False,False,False,True,0.99,False,AUTO_HIGH_CONFIDENCE,RULE_BASED_AND_CURATED,Explicit full exit.,REDUCE_POSITION uses current holding: new_holding = current_holding * (1 - quantity_percent / 100).,1,1,False,READY_FOR_AUTO_APPLY
245,6a1d077159359ea1faeec236,6a0d87fb835de84db3693578,NSE,INDIA_EQUITY,2026-06-01T04:15:45.874Z,2026-06-01T04:15:45.874Z,,SL TOUCH IN BSE,SL TOUCH IN BSE,860e126501b972b1,TRADE_ACTION,CLOSE_POSITION,SINGLE_INSTRUMENT,,BSE,BSE,"[""BSE""]",,,,,100.0,CURRENT_HOLDING,0.0,FULL_EXIT_RULE,False,[],,,[],,,False,False,False,True,0.99,False,AUTO_HIGH_CONFIDENCE,RULE_BASED_AND_CURATED,Stop-loss hit closes current holding.,REDUCE_POSITION uses current holding: new_holding = current_holding * (1 - quantity_percent / 100).,1,1,False,READY_FOR_AUTO_APPLY
246,6a1d0ebe59359ea1faeec39d,6a0d87fb835de84db3693578,NSE,INDIA_EQUITY,2026-06-01T04:46:54.303Z,2026-06-01T04:46:54.303Z,,SELL INFY @1210 SL 1232 TGT 1182-1162,SELL INFY @1210 SL 1232 TGT 1182-1162,5a9e4fd445daf49f,TRADE_ACTION,OPEN_SHORT,SINGLE_INSTRUMENT,,INFY,INFY,"[""INFY""]",,,,SHORT,100.0,MODEL_ALLOCATION,,DEFAULT_FULL_ALLOCATION,True,[1210.0],1210.0,1232.0,"[1182.0, 1162.0]",1182.0,1162.0,False,False,False,True,0.96,False,AUTO_HIGH_CONFIDENCE,RULE_BASED_AND_CURATED,Sell/short instruction.,REDUCE_POSITION uses current holding: new_holding = current_holding * (1 - quantity_percent / 100).,1,1,False,READY_FOR_AUTO_APPLY
247,6a1d12ef59359ea1faeec4c3,6a0d87fb835de84db3693578,NSE,INDIA_EQUITY,2026-06-01T05:04:47.334Z,2026-06-01T05:04:47.334Z,,50% BUY NIFTY @23581 SL 23500 TGT 23750,50% BUY NIFTY @23581 SL 23500 TGT 23750,eda4cebc04d10e9a,TRADE_ACTION,OPEN_LONG,SINGLE_INSTRUMENT,,NIFTY,NIFTY,"[""NIFTY""]",,,,LONG,50.0,MODEL_ALLOCATION,,EXPLICIT_PERCENT,False,[23581.0],23581.0,23500.0,[23750.0],23750.0,,False,False,False,True,0.98,False,AUTO_HIGH_CONFIDENCE,RULE_BASED_AND_CURATED,Buy instruction.,REDUCE_POSITION uses current holding: new_holding = current_holding * (1 - quantity_percent / 100).,1,1,False,READY_FOR_AUTO_APPLY
248,6a1d132859359ea1faeec4d2,6a0d87fb835de84db3693578,NSE,INDIA_EQUITY,2026-06-01T05:05:44.136Z,2026-06-01T05:05:44.136Z,,FULL PROFIT BOOK IN SBIN @965,FULL PROFIT BOOK IN SBIN @965,f7181b54410915f7,TRADE_ACTION,CLOSE_POSITION,SINGLE_INSTRUMENT,,SBIN,SBIN,"[""SBIN""]",,,,,100.0,CURRENT_HOLDING,0.0,FULL_EXIT_RULE,False,[965.0],965.0,,[],,,False,False,False,True,0.99,False,AUTO_HIGH_CONFIDENCE,RULE_BASED_AND_CURATED,Explicit full exit.,REDUCE_POSITION uses current holding: new_holding = current_holding * (1 - quantity_percent / 100).,2,2,True,READY_FOR_AUTO_APPLY
249,6a1d1d1d59359ea1faeec5b3,6a0d87fb835de84db3693578,NSE,INDIA_EQUITY,2026-06-01T05:48:13.260Z,2026-06-01T05:48:13.260Z,,50% PROFIT BOOK IN NIFTY @23690,50% PROFIT BOOK IN NIFTY @23690,97f23b58d70bc9f2,TRADE_ACTION,REDUCE_POSITION,SINGLE_INSTRUMENT,,NIFTY,NIFTY,"[""NIFTY""]",,,,,50.0,CURRENT_HOLDING,0.5,EXPLICIT_PERCENT,False,[23690.0],23690.0,,[],,,False,False,False,True,0.99,False,AUTO_HIGH_CONFIDENCE,RULE_BASED_AND_CURATED,Explicit percentage reduction of current holding.,REDUCE_POSITION uses current holding: new_holding = current_holding * (1 - quantity_percent / 100).,1,1,False,READY_FOR_AUTO_APPLY
250,6a1d1e1b59359ea1faeec5e1,6a0d87fb835de84db3693578,NSE,INDIA_EQUITY,2026-06-01T05:52:27.224Z,2026-06-01T05:52:27.224Z,,SL TOUCH IN ASIANPAINT,SL TOUCH IN ASIANPAINT,9bb79068a51c1573,TRADE_ACTION,CLOSE_POSITION,SINGLE_INSTRUMENT,,ASIANPAINT,ASIANPAINT,"[""ASIANPAINT""]",,,,,100.0,CURRENT_HOLDING,0.0,FULL_EXIT_RULE,False,[],,,[],,,False,False,False,True,0.99,False,AUTO_HIGH_CONFIDENCE,RULE_BASED_AND_CURATED,Stop-loss hit closes current holding.,REDUCE_POSITION uses current holding: new_holding = current_holding * (1 - quantity_percent / 100).,1,1,False,READY_FOR_AUTO_APPLY
251,6a1d271759359ea1faeec6ee,6a0d87fb835de84db3693578,NSE,INDIA_EQUITY,2026-06-01T06:30:47.142Z,2026-06-01T06:30:47.142Z,,FULL PROFIT BOOK IN AXISBANK @1283,FULL PROFIT BOOK IN AXISBANK @1283,b7d35ec02d9f6ff8,TRADE_ACTION,CLOSE_POSITION,SINGLE_INSTRUMENT,,AXISBANK,AXISBANK,"[""AXISBANK""]",,,,,100.0,CURRENT_HOLDING,0.0,FULL_EXIT_RULE,False,[1283.0],1283.0,,[],,,False,False,False,True,0.99,False,AUTO_HIGH_CONFIDENCE,RULE_BASED_AND_CURATED,Explicit full exit.,REDUCE_POSITION uses current holding: new_holding = current_holding * (1 - quantity_percent / 100).,1,1,False,READY_FOR_AUTO_APPLY
252,6a1d39ec59359ea1faeec7b2,6a0d87fb835de84db3693578,NSE,INDIA_EQUITY,2026-06-01T07:51:08.107Z,2026-06-01T07:51:08.107Z,,HOLD BANKNIFTY WITH SL 53800,HOLD BANKNIFTY WITH SL 53800,8dc939ef9ed77549,TRADE_UPDATE,UPDATE_STOP_LOSS,SINGLE_INSTRUMENT,,BANKNIFTY,BANKNIFTY,"[""BANKNIFTY""]",,,,,,NONE,,NOT_APPLICABLE,False,[],,53800.0,[],,,False,False,False,True,0.99,False,AUTO_HIGH_CONFIDENCE,RULE_BASED_AND_CURATED,Hold and update stop loss.,REDUCE_POSITION uses current holding: new_holding = current_holding * (1 - quantity_percent / 100).,1,1,False,READY_FOR_AUTO_APPLY
253,6a1d408459359ea1faeec89d,6a0d87fb835de84db3693578,NSE,INDIA_EQUITY,2026-06-01T08:19:16.640Z,2026-06-01T08:19:16.640Z,,HOLD KOTAKBANK WITH SL 378,HOLD KOTAKBANK WITH SL 378,31718a215324e54c,TRADE_UPDATE,UPDATE_STOP_LOSS,SINGLE_INSTRUMENT,,KOTAKBANK,KOTAKBANK,"[""KOTAKBANK""]",,,,,,NONE,,NOT_APPLICABLE,False,[],,378.0,[],,,False,False,False,True,0.99,False,AUTO_HIGH_CONFIDENCE,RULE_BASED_AND_CURATED,Hold and update stop loss.,REDUCE_POSITION uses current holding: new_holding = current_holding * (1 - quantity_percent / 100).,1,1,False,READY_FOR_AUTO_APPLY
254,6a1d449b59359ea1faeec8df,6a0d87fb835de84db3693578,NSE,INDIA_EQUITY,2026-06-01T08:36:43.507Z,2026-06-01T08:40:09.453Z,2026-06-01T08:40:09.452Z,HOLD NIFTY WITH SL 23450,HOLD NIFTY WITH SL 23450,7b73203d8a1a0a78,TRADE_UPDATE,UPDATE_STOP_LOSS,SINGLE_INSTRUMENT,,NIFTY,NIFTY,"[""NIFTY""]",,,,,,NONE,,NOT_APPLICABLE,False,[],,23450.0,[],,,False,False,False,True,0.99,False,AUTO_HIGH_CONFIDENCE,RULE_BASED_AND_CURATED,Hold and update stop loss.,REDUCE_POSITION uses current holding: new_holding = current_holding * (1 - quantity_percent / 100).,1,1,False,READY_FOR_AUTO_APPLY
255,6a1d567659359ea1faeeca3a,6a0d881f835de84db369357c,MCX,INDIA_COMMODITY,2026-06-01T09:52:54.243Z,2026-06-01T09:52:54.243Z,,SL TOUCH IN COPPER,SL TOUCH IN COPPER,2eeb3f82dd4ed16e,TRADE_ACTION,CLOSE_POSITION,SINGLE_INSTRUMENT,,COPPER,COPPER,"[""COPPER""]",,,,,100.0,CURRENT_HOLDING,0.0,FULL_EXIT_RULE,False,[],,,[],,,False,False,False,True,0.99,False,AUTO_HIGH_CONFIDENCE,RULE_BASED_AND_CURATED,Stop-loss hit closes current holding.,REDUCE_POSITION uses current holding: new_holding = current_holding * (1 - quantity_percent / 100).,1,1,False,READY_FOR_AUTO_APPLY
256,6a1d56ca59359ea1faeeca61,6a0d87fb835de84db3693578,NSE,INDIA_EQUITY,2026-06-01T09:54:18.109Z,2026-06-01T09:54:18.109Z,,50% PROFIT BOOK IN TMPV @384.25,50% PROFIT BOOK IN TMPV @384.25,06b0ecdacdfbfc36,TRADE_ACTION,REDUCE_POSITION,SINGLE_INSTRUMENT,,TMPV,TMPV,"[""TMPV""]",,,,,50.0,CURRENT_HOLDING,0.5,EXPLICIT_PERCENT,False,[384.25],384.25,,[],,,False,False,False,True,0.99,False,AUTO_HIGH_CONFIDENCE,RULE_BASED_AND_CURATED,Explicit percentage reduction of current holding.,REDUCE_POSITION uses current holding: new_holding = current_holding * (1 - quantity_percent / 100).,1,1,False,READY_FOR_AUTO_APPLY
257,6a1d579c59359ea1faeecae8,6a0d87fb835de84db3693578,NSE,INDIA_EQUITY,2026-06-01T09:57:48.619Z,2026-06-01T09:57:48.619Z,,50% PROFIT BOOK IN INFY @1204,50% PROFIT BOOK IN INFY @1204,fa18ae46c78077fd,TRADE_ACTION,REDUCE_POSITION,SINGLE_INSTRUMENT,,INFY,INFY,"[""INFY""]",,,,,50.0,CURRENT_HOLDING,0.5,EXPLICIT_PERCENT,False,[1204.0],1204.0,,[],,,False,False,False,True,0.99,False,AUTO_HIGH_CONFIDENCE,RULE_BASED_AND_CURATED,Explicit percentage reduction of current holding.,REDUCE_POSITION uses current holding: new_holding = current_holding * (1 - quantity_percent / 100).,1,1,False,READY_FOR_AUTO_APPLY
258,6a1d7c2659359ea1faeeccf6,6a0d8832835de84db3693580,International Market,GLOBAL_COMMODITY,2026-06-01T12:33:42.240Z,2026-06-01T12:33:42.240Z,,50% Profit Book in NG@ 3.22,50% Profit Book in NG @ 3.22,664fab6540c8633a,TRADE_ACTION,REDUCE_POSITION,SINGLE_INSTRUMENT,,NG,NATURAL_GAS,"[""NATURAL_GAS""]",,,,,50.0,CURRENT_HOLDING,0.5,EXPLICIT_PERCENT,False,[3.22],3.22,,[],,,False,False,False,True,0.99,False,AUTO_HIGH_CONFIDENCE,RULE_BASED_AND_CURATED,Explicit percentage reduction of current holding.,REDUCE_POSITION uses current holding: new_holding = current_holding * (1 - quantity_percent / 100).,1,1,False,READY_FOR_AUTO_APPLY
259,6a1d7c9559359ea1faeecd12,6a0d881f835de84db369357c,MCX,INDIA_COMMODITY,2026-06-01T12:35:33.368Z,2026-06-01T12:35:33.368Z,,50% Profit Book in NG @ 307,50% Profit Book in NG @ 307,3f66fbf2c43bd77b,TRADE_ACTION,REDUCE_POSITION,SINGLE_INSTRUMENT,,NG,NATURAL_GAS,"[""NATURAL_GAS""]",,,,,50.0,CURRENT_HOLDING,0.5,EXPLICIT_PERCENT,False,[307.0],307.0,,[],,,False,False,False,True,0.99,False,AUTO_HIGH_CONFIDENCE,RULE_BASED_AND_CURATED,Explicit percentage reduction of current holding.,REDUCE_POSITION uses current holding: new_holding = current_holding * (1 - quantity_percent / 100).,1,1,False,READY_FOR_AUTO_APPLY
260,6a1d861c59359ea1faeece77,6a0d8832835de84db3693580,International Market,GLOBAL_COMMODITY,2026-06-01T13:16:12.507Z,2026-06-01T13:16:12.507Z,,Book 50% profit in gold aug @4515,Book 50% profit in gold aug @4515,632b65b6bec70bde,TRADE_ACTION,REDUCE_POSITION,SINGLE_INSTRUMENT,,gold aug,GOLD,"[""GOLD""]",AUG,,,,50.0,CURRENT_HOLDING,0.5,EXPLICIT_PERCENT,False,[4515.0],4515.0,,[],,,False,False,False,True,0.99,False,AUTO_HIGH_CONFIDENCE,RULE_BASED_AND_CURATED,Explicit percentage reduction of current holding.,REDUCE_POSITION uses current holding: new_holding = current_holding * (1 - quantity_percent / 100).,1,1,False,READY_FOR_AUTO_APPLY
261,6a1d89d959359ea1faeececd,6a0d8832835de84db3693580,International Market,GLOBAL_COMMODITY,2026-06-01T13:32:09.996Z,2026-06-01T13:32:09.996Z,,Book profit in silver July @74.80,Book profit in silver July @74.80,6700078f1c6a786e,TRADE_ACTION,CLOSE_POSITION,SINGLE_INSTRUMENT,,silver July,SILVER,"[""SILVER""]",JUL,,,,100.0,CURRENT_HOLDING,0.0,FULL_EXIT_RULE,False,[74.8],74.8,,[],,,False,False,False,True,0.96,False,AUTO_HIGH_CONFIDENCE,RULE_BASED_AND_CURATED,Unqualified 'book profit' closes all remaining holding.,REDUCE_POSITION uses current holding: new_holding = current_holding * (1 - quantity_percent / 100).,1,1,False,READY_FOR_AUTO_APPLY
262,6a1d8a0559359ea1faeeceda,6a0d8832835de84db3693580,International Market,GLOBAL_COMMODITY,2026-06-01T13:32:53.024Z,2026-06-01T13:32:53.024Z,,Book profit in gold aug @4495,Book profit in gold aug @4495,53dedd4d0011c385,TRADE_ACTION,CLOSE_POSITION,SINGLE_INSTRUMENT,,gold aug,GOLD,"[""GOLD""]",AUG,,,,100.0,CURRENT_HOLDING,0.0,FULL_EXIT_RULE,False,[4495.0],4495.0,,[],,,False,False,False,True,0.96,False,AUTO_HIGH_CONFIDENCE,RULE_BASED_AND_CURATED,Unqualified 'book profit' closes all remaining holding.,REDUCE_POSITION uses current holding: new_holding = current_holding * (1 - quantity_percent / 100).,1,1,False,READY_FOR_AUTO_APPLY
263,6a1d8a2d59359ea1faeecee7,6a0d8832835de84db3693580,International Market,GLOBAL_INDEX_OR_MACRO,2026-06-01T13:33:33.325Z,2026-06-01T13:33:33.325Z,,Book 50% profit in Russell @2894,Book 50% profit in Russell @2894,49f6e1c22bf21a2f,TRADE_ACTION,REDUCE_POSITION,SINGLE_INSTRUMENT,,Russell,RUSSELL,"[""RUSSELL""]",,,,,50.0,CURRENT_HOLDING,0.5,EXPLICIT_PERCENT,False,[2894.0],2894.0,,[],,,False,False,False,True,0.99,False,AUTO_HIGH_CONFIDENCE,RULE_BASED_AND_CURATED,Explicit percentage reduction of current holding.,REDUCE_POSITION uses current holding: new_holding = current_holding * (1 - quantity_percent / 100).,1,1,False,READY_FOR_AUTO_APPLY
264,6a1d8acb59359ea1faeecf08,6a0d8832835de84db3693580,International Market,GLOBAL_EQUITY,2026-06-01T13:36:11.022Z,2026-06-01T13:36:11.022Z,,Buy MU @1022 with sl 999 for target 1045-1070,Buy MU @1022 with sl 999 for target 1045-1070,07f97a91ae3b3798,TRADE_ACTION,OPEN_LONG,SINGLE_INSTRUMENT,,MU,MU,"[""MU""]",,,,LONG,100.0,MODEL_ALLOCATION,,DEFAULT_FULL_ALLOCATION,True,[1022.0],1022.0,999.0,"[1045.0, 1070.0]",1045.0,1070.0,False,False,False,True,0.98,False,AUTO_HIGH_CONFIDENCE,RULE_BASED_AND_CURATED,Buy instruction.,REDUCE_POSITION uses current holding: new_holding = current_holding * (1 - quantity_percent / 100).,1,1,False,READY_FOR_AUTO_APPLY
265,6a1d8b0459359ea1faeecf2f,6a0d8832835de84db3693580,International Market,GLOBAL_EQUITY,2026-06-01T13:37:08.852Z,2026-06-01T13:37:08.852Z,,Buy avgo @448 with SL 437 for target 460-470,Buy avgo @448 with SL 437 for target 460-470,b7d3983f42473d15,TRADE_ACTION,OPEN_LONG,SINGLE_INSTRUMENT,,avgo,AVGO,"[""AVGO""]",,,,LONG,100.0,MODEL_ALLOCATION,,DEFAULT_FULL_ALLOCATION,True,[448.0],448.0,437.0,"[460.0, 470.0]",460.0,470.0,False,False,False,True,0.98,False,AUTO_HIGH_CONFIDENCE,RULE_BASED_AND_CURATED,Buy instruction.,REDUCE_POSITION uses current holding: new_holding = current_holding * (1 - quantity_percent / 100).,1,1,False,READY_FOR_AUTO_APPLY
266,6a1d8b6b59359ea1faeecf60,6a0d8832835de84db3693580,International Market,GLOBAL_EQUITY,2026-06-01T13:38:51.428Z,2026-06-01T13:38:51.428Z,,Positional traders Book profit in dell @452,Positional traders Book profit in dell @452,e9df1b468ce882cc,TRADE_ACTION,CLOSE_POSITION,SINGLE_INSTRUMENT,,dell,DELL,"[""DELL""]",,,,,100.0,CURRENT_HOLDING,0.0,FULL_EXIT_RULE,False,[452.0],452.0,,[],,,False,False,False,True,0.96,False,AUTO_HIGH_CONFIDENCE,RULE_BASED_AND_CURATED,Unqualified 'book profit' closes all remaining holding.,REDUCE_POSITION uses current holding: new_holding = current_holding * (1 - quantity_percent / 100).,1,1,False,READY_FOR_AUTO_APPLY
267,6a1d8b9859359ea1faeecf8a,6a0d8832835de84db3693580,International Market,GLOBAL_EQUITY,2026-06-01T13:39:36.289Z,2026-06-01T13:39:36.289Z,,Buy panw @ 287 with SL 278 for target 295-325,Buy panw @ 287 with SL 278 for target 295-325,a162a3e715392f64,TRADE_ACTION,OPEN_LONG,SINGLE_INSTRUMENT,,panw,PANW,"[""PANW""]",,,,LONG,100.0,MODEL_ALLOCATION,,DEFAULT_FULL_ALLOCATION,True,[287.0],287.0,278.0,"[295.0, 325.0]",295.0,325.0,False,False,False,True,0.98,False,AUTO_HIGH_CONFIDENCE,RULE_BASED_AND_CURATED,Buy instruction.,REDUCE_POSITION uses current holding: new_holding = current_holding * (1 - quantity_percent / 100).,1,1,False,READY_FOR_AUTO_APPLY
268,6a1d8bac59359ea1faeecf9b,6a0d8832835de84db3693580,International Market,GLOBAL_EQUITY,2026-06-01T13:39:56.805Z,2026-06-01T13:39:56.805Z,,Buy CRDO @ 236 with SL 228 for target 255-265,Buy CRDO @ 236 with SL 228 for target 255-265,777595ca8bd9d5c0,TRADE_ACTION,OPEN_LONG,SINGLE_INSTRUMENT,,CRDO,CRDO,"[""CRDO""]",,,,LONG,100.0,MODEL_ALLOCATION,,DEFAULT_FULL_ALLOCATION,True,[236.0],236.0,228.0,"[255.0, 265.0]",255.0,265.0,False,False,False,True,0.98,False,AUTO_HIGH_CONFIDENCE,RULE_BASED_AND_CURATED,Buy instruction.,REDUCE_POSITION uses current holding: new_holding = current_holding * (1 - quantity_percent / 100).,1,1,False,READY_FOR_AUTO_APPLY
269,6a1d8d8559359ea1faeed010,6a0d8832835de84db3693580,International Market,GLOBAL_EQUITY,2026-06-01T13:47:49.280Z,2026-06-01T13:47:49.280Z,,BUY RKLB.@ 130 with S/L 124 for target 140-145.,BUY RKLB.@ 130 with S/L 124 for target 140-145.,5fc4588877f092f8,TRADE_ACTION,OPEN_LONG,SINGLE_INSTRUMENT,,RKLB,RKLB,"[""RKLB""]",,,,LONG,100.0,MODEL_ALLOCATION,,DEFAULT_FULL_ALLOCATION,True,[130.0],130.0,124.0,"[140.0, 145.0]",140.0,145.0,False,False,False,True,0.98,False,AUTO_HIGH_CONFIDENCE,RULE_BASED_AND_CURATED,Buy instruction.,REDUCE_POSITION uses current holding: new_holding = current_holding * (1 - quantity_percent / 100).,1,1,False,READY_FOR_AUTO_APPLY
270,6a1d8dc859359ea1faeed01d,6a0d8832835de84db3693580,International Market,GLOBAL_EQUITY,2026-06-01T13:48:56.192Z,2026-06-01T13:48:56.192Z,,Hold CRDO with S/L 225,Hold CRDO with S/L 225,54ad483e47d1e748,TRADE_UPDATE,UPDATE_STOP_LOSS,SINGLE_INSTRUMENT,,CRDO,CRDO,"[""CRDO""]",,,,,,NONE,,NOT_APPLICABLE,False,[],,225.0,[],,,False,False,False,True,0.99,False,AUTO_HIGH_CONFIDENCE,RULE_BASED_AND_CURATED,Hold and update stop loss.,REDUCE_POSITION uses current holding: new_holding = current_holding * (1 - quantity_percent / 100).,1,1,False,READY_FOR_AUTO_APPLY
271,6a1d904d59359ea1faeed080,6a0d8832835de84db3693580,International Market,GLOBAL_EQUITY,2026-06-01T13:59:41.889Z,2026-06-01T13:59:41.889Z,,Book profit in INTU @ 354,Book profit in INTU @ 354,196ef758381539da,TRADE_ACTION,CLOSE_POSITION,SINGLE_INSTRUMENT,,INTU,INTU,"[""INTU""]",,,,,100.0,CURRENT_HOLDING,0.0,FULL_EXIT_RULE,False,[354.0],354.0,,[],,,False,False,False,True,0.96,False,AUTO_HIGH_CONFIDENCE,RULE_BASED_AND_CURATED,Unqualified 'book profit' closes all remaining holding.,REDUCE_POSITION uses current holding: new_holding = current_holding * (1 - quantity_percent / 100).,1,1,False,READY_FOR_AUTO_APPLY
272,6a1d91e559359ea1faeed0b6,6a0d881f835de84db369357c,MCX,INDIA_COMMODITY,2026-06-01T14:06:29.945Z,2026-06-01T14:06:29.945Z,,Again sell crude mini@ 8974 sl9100 tgt 8500-8360,Again sell crude mini @ 8974 sl9100 tgt 8500-8360,7d8deb92c05f5b86,TRADE_ACTION,OPEN_SHORT,SINGLE_INSTRUMENT,,crude mini,CRUDE_MINI,"[""CRUDE_MINI""]",,,,SHORT,100.0,MODEL_ALLOCATION,,DEFAULT_FULL_ALLOCATION,True,[8974.0],8974.0,9100.0,"[8500.0, 8360.0]",8500.0,8360.0,False,False,False,True,0.96,False,AUTO_HIGH_CONFIDENCE,RULE_BASED_AND_CURATED,Sell/short instruction.,REDUCE_POSITION uses current holding: new_holding = current_holding * (1 - quantity_percent / 100).,1,1,False,READY_FOR_AUTO_APPLY
273,6a1d96f059359ea1faeed158,6a0d8832835de84db3693580,International Market,GLOBAL_EQUITY,2026-06-01T14:28:00.056Z,2026-06-01T14:28:00.056Z,,Book profit in crwv @125,Book profit in crwv @125,95000210d8f1e612,TRADE_ACTION,CLOSE_POSITION,SINGLE_INSTRUMENT,,crwv,CRWV,"[""CRWV""]",,,,,100.0,CURRENT_HOLDING,0.0,FULL_EXIT_RULE,False,[125.0],125.0,,[],,,False,False,False,True,0.96,False,AUTO_HIGH_CONFIDENCE,RULE_BASED_AND_CURATED,Unqualified 'book profit' closes all remaining holding.,REDUCE_POSITION uses current holding: new_holding = current_holding * (1 - quantity_percent / 100).,1,1,False,READY_FOR_AUTO_APPLY
274,6a1d970a59359ea1faeed1a2,6a0d8832835de84db3693580,International Market,GLOBAL_EQUITY,2026-06-01T14:28:26.356Z,2026-06-01T14:28:26.356Z,,Buy amd @ 501 with sl 480 for target 520-540,Buy amd @ 501 with sl 480 for target 520-540,bbc17848a93ed0a0,TRADE_ACTION,OPEN_LONG,SINGLE_INSTRUMENT,,amd,AMD,"[""AMD""]",,,,LONG,100.0,MODEL_ALLOCATION,,DEFAULT_FULL_ALLOCATION,True,[501.0],501.0,480.0,"[520.0, 540.0]",520.0,540.0,False,False,False,True,0.98,False,AUTO_HIGH_CONFIDENCE,RULE_BASED_AND_CURATED,Buy instruction.,REDUCE_POSITION uses current holding: new_holding = current_holding * (1 - quantity_percent / 100).,1,1,False,READY_FOR_AUTO_APPLY
275,6a1d9d0659359ea1faeed1ea,6a0d8832835de84db3693580,International Market,GLOBAL_EQUITY,2026-06-01T14:53:58.821Z,2026-06-01T14:53:58.821Z,,50% Buy GEV@ 944 tgt 1040-1090,50% Buy GEV @ 944 tgt 1040-1090,55e0729bb5d47775,TRADE_ACTION,OPEN_LONG,SINGLE_INSTRUMENT,,GEV,GEV,"[""GEV""]",,,,LONG,50.0,MODEL_ALLOCATION,,EXPLICIT_PERCENT,False,[944.0],944.0,,"[1040.0, 1090.0]",1040.0,1090.0,False,False,False,True,0.98,False,AUTO_HIGH_CONFIDENCE,RULE_BASED_AND_CURATED,Buy instruction.,REDUCE_POSITION uses current holding: new_holding = current_holding * (1 - quantity_percent / 100).,1,1,False,READY_FOR_AUTO_APPLY
276,6a1da59e59359ea1faeed2b4,6a0d8832835de84db3693580,International Market,GLOBAL_EQUITY,2026-06-01T15:30:38.013Z,2026-06-01T15:30:38.013Z,,Book 50% profit in amd @514.67,Book 50% profit in amd @514.67,1112ff1961c8ac5f,TRADE_ACTION,REDUCE_POSITION,SINGLE_INSTRUMENT,,amd,AMD,"[""AMD""]",,,,,50.0,CURRENT_HOLDING,0.5,EXPLICIT_PERCENT,False,[514.67],514.67,,[],,,False,False,False,True,0.99,False,AUTO_HIGH_CONFIDENCE,RULE_BASED_AND_CURATED,Explicit percentage reduction of current holding.,REDUCE_POSITION uses current holding: new_holding = current_holding * (1 - quantity_percent / 100).,1,1,False,READY_FOR_AUTO_APPLY
277,6a1da5b459359ea1faeed2db,6a0d8832835de84db3693580,International Market,GLOBAL_EQUITY,2026-06-01T15:31:00.467Z,2026-06-01T15:31:00.467Z,,Book 50% profit in AVGO @457.50,Book 50% profit in AVGO @457.50,25b6bc71bdaa2b52,TRADE_ACTION,REDUCE_POSITION,SINGLE_INSTRUMENT,,AVGO,AVGO,"[""AVGO""]",,,,,50.0,CURRENT_HOLDING,0.5,EXPLICIT_PERCENT,False,[457.5],457.5,,[],,,False,False,False,True,0.99,False,AUTO_HIGH_CONFIDENCE,RULE_BASED_AND_CURATED,Explicit percentage reduction of current holding.,REDUCE_POSITION uses current holding: new_holding = current_holding * (1 - quantity_percent / 100).,1,1,False,READY_FOR_AUTO_APPLY
278,6a1da60d59359ea1faeed301,6a0d8832835de84db3693580,International Market,GLOBAL_EQUITY,2026-06-01T15:32:29.356Z,2026-06-01T15:32:29.356Z,,Buy 50% BE @ 274 with SL 260 for target 295-320,Buy 50% BE @ 274 with SL 260 for target 295-320,e7110cd819b193d7,TRADE_ACTION,OPEN_LONG,SINGLE_INSTRUMENT,,BE,BE,"[""BE""]",,,,LONG,50.0,MODEL_ALLOCATION,,EXPLICIT_PERCENT,False,[274.0],274.0,260.0,"[295.0, 320.0]",295.0,320.0,False,False,False,True,0.98,False,AUTO_HIGH_CONFIDENCE,RULE_BASED_AND_CURATED,Buy instruction.,REDUCE_POSITION uses current holding: new_holding = current_holding * (1 - quantity_percent / 100).,1,1,False,READY_FOR_AUTO_APPLY
279,6a1da6ce59359ea1faeed328,6a0d8832835de84db3693580,International Market,GLOBAL_EQUITY,2026-06-01T15:35:42.035Z,2026-06-01T15:35:42.035Z,,Buy 50% soxl @ 229 for target 240-258,Buy 50% soxl @ 229 for target 240-258,f40cf7ffce5b9e02,TRADE_ACTION,OPEN_LONG,SINGLE_INSTRUMENT,,soxl,SOXL,"[""SOXL""]",,,,LONG,50.0,MODEL_ALLOCATION,,EXPLICIT_PERCENT,False,[229.0],229.0,,"[240.0, 258.0]",240.0,258.0,False,False,False,True,0.98,False,AUTO_HIGH_CONFIDENCE,RULE_BASED_AND_CURATED,Buy instruction.,REDUCE_POSITION uses current holding: new_holding = current_holding * (1 - quantity_percent / 100).,1,1,False,READY_FOR_AUTO_APPLY
280,6a1dbbd959359ea1faeed50f,6a0d881f835de84db369357c,MCX,INDIA_COMMODITY,2026-06-01T17:05:29.382Z,2026-06-01T17:05:29.382Z,,Part Profit book in crude@ 8877,Part Profit book in crude @ 8877,64d959aba22830ee,TRADE_ACTION,REDUCE_POSITION,SINGLE_INSTRUMENT,,crude,CRUDE,"[""CRUDE""]",,,,,25.0,CURRENT_HOLDING,0.75,PART_PROFIT_RULE,False,[8877.0],8877.0,,[],,,False,False,False,True,0.99,False,AUTO_HIGH_CONFIDENCE,RULE_BASED_AND_CURATED,Part/partial profit means sell 25% of current holding.,REDUCE_POSITION uses current holding: new_holding = current_holding * (1 - quantity_percent / 100).,1,1,False,READY_FOR_AUTO_APPLY
281,6a1e2a3e59359ea1faeed6a3,6a0d8832835de84db3693580,International Market,GLOBAL_COMMODITY,2026-06-02T00:56:30.797Z,2026-06-02T00:56:30.797Z,,50% Profit Book in crude@ 92.28,50% Profit Book in crude @ 92.28,82d5d8bbe69b2843,TRADE_ACTION,REDUCE_POSITION,SINGLE_INSTRUMENT,,crude,CRUDE,"[""CRUDE""]",,,,,50.0,CURRENT_HOLDING,0.5,EXPLICIT_PERCENT,False,[92.28],92.28,,[],,,False,False,False,True,0.99,False,AUTO_HIGH_CONFIDENCE,RULE_BASED_AND_CURATED,Explicit percentage reduction of current holding.,REDUCE_POSITION uses current holding: new_holding = current_holding * (1 - quantity_percent / 100).,1,1,False,READY_FOR_AUTO_APPLY
282,6a1e2c4b59359ea1faeed6c3,6a0d8832835de84db3693580,International Market,GLOBAL_COMMODITY,2026-06-02T01:05:15.498Z,2026-06-02T01:05:15.498Z,,Buy 50% gold aug @4511 with sl 4440 for target 4572-4600,Buy 50% gold aug @4511 with sl 4440 for target 4572-4600,c10dfa3d9ed37fff,TRADE_ACTION,OPEN_LONG,SINGLE_INSTRUMENT,,gold aug,GOLD,"[""GOLD""]",AUG,,,LONG,50.0,MODEL_ALLOCATION,,EXPLICIT_PERCENT,False,[4511.0],4511.0,4440.0,"[4572.0, 4600.0]",4572.0,4600.0,False,False,False,True,0.98,False,AUTO_HIGH_CONFIDENCE,RULE_BASED_AND_CURATED,Buy instruction.,REDUCE_POSITION uses current holding: new_holding = current_holding * (1 - quantity_percent / 100).,1,1,False,READY_FOR_AUTO_APPLY
283,6a1e2c8559359ea1faeed6d0,6a0d8832835de84db3693580,International Market,GLOBAL_COMMODITY,2026-06-02T01:06:13.882Z,2026-06-02T01:06:13.882Z,,"Buy silver July @75.40 & 74.60 with sl 74,00 for target 77.00-78.00","Buy silver July @75.40 & 74.60 with sl 74,00 for target 77.00-78.00",023bd87f57a77125,TRADE_ACTION,OPEN_LONG,SINGLE_INSTRUMENT,,silver July,SILVER,"[""SILVER""]",JUL,,,LONG,100.0,MODEL_ALLOCATION,,DEFAULT_FULL_ALLOCATION,True,"[75.4, 74.6]",75.4,74.0,"[77.0, 78.0]",77.0,78.0,False,False,False,True,0.98,False,AUTO_HIGH_CONFIDENCE,RULE_BASED_AND_CURATED,Buy instruction.,REDUCE_POSITION uses current holding: new_holding = current_holding * (1 - quantity_percent / 100).,1,1,False,READY_FOR_AUTO_APPLY
284,6a1e2ca359359ea1faeed6dd,6a0d8832835de84db3693580,International Market,GLOBAL_COMMODITY,2026-06-02T01:06:43.284Z,2026-06-02T01:06:43.284Z,,Buy copper @6.55 with sl 6.49 for target 6.70,Buy copper @6.55 with sl 6.49 for target 6.70,8951c157344b2ba2,TRADE_ACTION,OPEN_LONG,SINGLE_INSTRUMENT,,copper,COPPER,"[""COPPER""]",,,,LONG,100.0,MODEL_ALLOCATION,,DEFAULT_FULL_ALLOCATION,True,[6.55],6.55,6.49,[6.7],6.7,,False,False,False,True,0.98,False,AUTO_HIGH_CONFIDENCE,RULE_BASED_AND_CURATED,Buy instruction.,REDUCE_POSITION uses current holding: new_holding = current_holding * (1 - quantity_percent / 100).,1,1,False,READY_FOR_AUTO_APPLY
285,6a1e4f5059359ea1faeed7bb,6a0d881f835de84db369357c,MCX,INDIA_COMMODITY,2026-06-02T03:34:40.614Z,2026-06-02T03:34:40.614Z,,50% profit book in crude mini @8740,50% profit book in crude mini @8740,fa7620d9e954339a,TRADE_ACTION,REDUCE_POSITION,SINGLE_INSTRUMENT,,crude mini,CRUDE_MINI,"[""CRUDE_MINI""]",,,,,50.0,CURRENT_HOLDING,0.5,EXPLICIT_PERCENT,False,[8740.0],8740.0,,[],,,False,False,False,True,0.99,False,AUTO_HIGH_CONFIDENCE,RULE_BASED_AND_CURATED,Explicit percentage reduction of current holding.,REDUCE_POSITION uses current holding: new_holding = current_holding * (1 - quantity_percent / 100).,1,1,False,READY_FOR_AUTO_APPLY
286,6a1e513859359ea1faeed7f2,6a0d881f835de84db369357c,MCX,INDIA_COMMODITY,2026-06-02T03:42:48.692Z,2026-06-02T03:42:48.692Z,,full profit book in ng @304,full profit book in ng @304,d62417fc9be5b418,TRADE_ACTION,CLOSE_POSITION,SINGLE_INSTRUMENT,,ng,NATURAL_GAS,"[""NATURAL_GAS""]",,,,,100.0,CURRENT_HOLDING,0.0,FULL_EXIT_RULE,False,[304.0],304.0,,[],,,False,False,False,True,0.99,False,AUTO_HIGH_CONFIDENCE,RULE_BASED_AND_CURATED,Explicit full exit.,REDUCE_POSITION uses current holding: new_holding = current_holding * (1 - quantity_percent / 100).,1,1,False,READY_FOR_AUTO_APPLY
287,6a1e522159359ea1faeed89f,6a0d87fb835de84db3693578,NSE,INDIA_EQUITY,2026-06-02T03:46:41.437Z,2026-06-02T03:46:41.437Z,,full profit book in tmpv @381,full profit book in tmpv @381,16cdeb1c3b0e448c,TRADE_ACTION,CLOSE_POSITION,SINGLE_INSTRUMENT,,tmpv,TMPV,"[""TMPV""]",,,,,100.0,CURRENT_HOLDING,0.0,FULL_EXIT_RULE,False,[381.0],381.0,,[],,,False,False,False,True,0.99,False,AUTO_HIGH_CONFIDENCE,RULE_BASED_AND_CURATED,Explicit full exit.,REDUCE_POSITION uses current holding: new_holding = current_holding * (1 - quantity_percent / 100).,1,1,False,READY_FOR_AUTO_APPLY
288,6a1e538359359ea1faeedbbe,6a0d87fb835de84db3693578,NSE,INDIA_EQUITY,2026-06-02T03:52:35.104Z,2026-06-02T03:52:48.552Z,2026-06-02T03:52:48.552Z,BUY HINDPETRO @388 SL 384 TGT 397-400,BUY HINDPETRO @388 SL 384 TGT 397-400,01cb570a31270fbd,TRADE_ACTION,OPEN_LONG,SINGLE_INSTRUMENT,,HINDPETRO,HINDPETRO,"[""HINDPETRO""]",,,,LONG,100.0,MODEL_ALLOCATION,,DEFAULT_FULL_ALLOCATION,True,[388.0],388.0,384.0,"[397.0, 400.0]",397.0,400.0,False,False,False,True,0.98,False,AUTO_HIGH_CONFIDENCE,RULE_BASED_AND_CURATED,Buy instruction.,REDUCE_POSITION uses current holding: new_holding = current_holding * (1 - quantity_percent / 100).,1,1,False,READY_FOR_AUTO_APPLY
289,6a1e53d459359ea1faeedbe4,6a0d881f835de84db369357c,MCX,INDIA_COMMODITY,2026-06-02T03:53:56.275Z,2026-06-02T03:53:56.275Z,,BUY COPPER @1365 SL 1360 TGT 1370-1374,BUY COPPER @1365 SL 1360 TGT 1370-1374,e66161270d530959,TRADE_ACTION,OPEN_LONG,SINGLE_INSTRUMENT,,COPPER,COPPER,"[""COPPER""]",,,,LONG,100.0,MODEL_ALLOCATION,,DEFAULT_FULL_ALLOCATION,True,[1365.0],1365.0,1360.0,"[1370.0, 1374.0]",1370.0,1374.0,False,False,False,True,0.98,False,AUTO_HIGH_CONFIDENCE,RULE_BASED_AND_CURATED,Buy instruction.,REDUCE_POSITION uses current holding: new_holding = current_holding * (1 - quantity_percent / 100).,1,1,False,READY_FOR_AUTO_APPLY
290,6a1e553459359ea1faeedc3c,6a0d87fb835de84db3693578,NSE,INDIA_EQUITY,2026-06-02T03:59:48.175Z,2026-06-02T03:59:48.175Z,,BUY SBIN @954 SL 942 TGT 972,BUY SBIN @954 SL 942 TGT 972,e6b1a05503fab735,TRADE_ACTION,OPEN_LONG,SINGLE_INSTRUMENT,,SBIN,SBIN,"[""SBIN""]",,,,LONG,100.0,MODEL_ALLOCATION,,DEFAULT_FULL_ALLOCATION,True,[954.0],954.0,942.0,[972.0],972.0,,False,False,False,True,0.98,False,AUTO_HIGH_CONFIDENCE,RULE_BASED_AND_CURATED,Buy instruction.,REDUCE_POSITION uses current holding: new_holding = current_holding * (1 - quantity_percent / 100).,1,1,False,READY_FOR_AUTO_APPLY
291,6a1e573059359ea1faeedc90,6a0d87fb835de84db3693578,NSE,INDIA_EQUITY,2026-06-02T04:08:16.915Z,2026-06-02T04:08:16.915Z,,50% PROFIT BOOK IN WIPRO @192,50% PROFIT BOOK IN WIPRO @192,13faa404388a04ff,TRADE_ACTION,REDUCE_POSITION,SINGLE_INSTRUMENT,,WIPRO,WIPRO,"[""WIPRO""]",,,,,50.0,CURRENT_HOLDING,0.5,EXPLICIT_PERCENT,False,[192.0],192.0,,[],,,False,False,False,True,0.99,False,AUTO_HIGH_CONFIDENCE,RULE_BASED_AND_CURATED,Explicit percentage reduction of current holding.,REDUCE_POSITION uses current holding: new_holding = current_holding * (1 - quantity_percent / 100).,1,1,False,READY_FOR_AUTO_APPLY
292,6a1e57f759359ea1faeedcec,6a0d87fb835de84db3693578,NSE,INDIA_EQUITY,2026-06-02T04:11:35.147Z,2026-06-02T04:11:35.147Z,,BUY UNIONBANK @164 SL 161 TGT 168-170,BUY UNIONBANK @164 SL 161 TGT 168-170,1ad6973f64c02391,TRADE_ACTION,OPEN_LONG,SINGLE_INSTRUMENT,,UNIONBANK,UNIONBANK,"[""UNIONBANK""]",,,,LONG,100.0,MODEL_ALLOCATION,,DEFAULT_FULL_ALLOCATION,True,[164.0],164.0,161.0,"[168.0, 170.0]",168.0,170.0,False,False,False,True,0.98,False,AUTO_HIGH_CONFIDENCE,RULE_BASED_AND_CURATED,Buy instruction.,REDUCE_POSITION uses current holding: new_holding = current_holding * (1 - quantity_percent / 100).,1,1,False,READY_FOR_AUTO_APPLY
293,6a1e615859359ea1faeee04a,6a0d87fb835de84db3693578,NSE,INDIA_EQUITY,2026-06-02T04:51:36.539Z,2026-06-02T04:51:36.539Z,,FULL PROFIT BOOK IN WIPRO @195,FULL PROFIT BOOK IN WIPRO @195,6606ac887c31f9e4,TRADE_ACTION,CLOSE_POSITION,SINGLE_INSTRUMENT,,WIPRO,WIPRO,"[""WIPRO""]",,,,,100.0,CURRENT_HOLDING,0.0,FULL_EXIT_RULE,False,[195.0],195.0,,[],,,False,False,False,True,0.99,False,AUTO_HIGH_CONFIDENCE,RULE_BASED_AND_CURATED,Explicit full exit.,REDUCE_POSITION uses current holding: new_holding = current_holding * (1 - quantity_percent / 100).,1,1,False,READY_FOR_AUTO_APPLY
294,6a1e61b959359ea1faeee07f,6a0d881f835de84db369357c,MCX,INDIA_COMMODITY,2026-06-02T04:53:13.522Z,2026-06-02T04:53:13.522Z,,50% PROFIT BOOK IN COPPER @1368.50,50% PROFIT BOOK IN COPPER @1368.50,9da220bf1e5098b5,TRADE_ACTION,REDUCE_POSITION,SINGLE_INSTRUMENT,,COPPER,COPPER,"[""COPPER""]",,,,,50.0,CURRENT_HOLDING,0.5,EXPLICIT_PERCENT,False,[1368.5],1368.5,,[],,,False,False,False,True,0.99,False,AUTO_HIGH_CONFIDENCE,RULE_BASED_AND_CURATED,Explicit percentage reduction of current holding.,REDUCE_POSITION uses current holding: new_holding = current_holding * (1 - quantity_percent / 100).,1,1,False,READY_FOR_AUTO_APPLY
295,6a1e69e259359ea1faeee133,6a0d881f835de84db369357c,MCX,INDIA_COMMODITY,2026-06-02T05:28:02.668Z,2026-06-02T05:28:02.668Z,,PART PROFIT BOOK IN GOLD @160120,PART PROFIT BOOK IN GOLD @160120,614742336ea62fe6,TRADE_ACTION,REDUCE_POSITION,SINGLE_INSTRUMENT,,GOLD,GOLD,"[""GOLD""]",,,,,25.0,CURRENT_HOLDING,0.75,PART_PROFIT_RULE,False,[160120.0],160120.0,,[],,,False,False,False,True,0.99,False,AUTO_HIGH_CONFIDENCE,RULE_BASED_AND_CURATED,Part/partial profit means sell 25% of current holding.,REDUCE_POSITION uses current holding: new_holding = current_holding * (1 - quantity_percent / 100).,1,1,False,READY_FOR_AUTO_APPLY
296,6a1e69fc59359ea1faeee16c,6a0d881f835de84db369357c,MCX,INDIA_COMMODITY,2026-06-02T05:28:28.948Z,2026-06-02T05:28:40.515Z,2026-06-02T05:28:40.515Z,PART PROFIT BOOK IN SILVER @268600,PART PROFIT BOOK IN SILVER @268600,2c9c93c7808bd8c8,TRADE_ACTION,REDUCE_POSITION,SINGLE_INSTRUMENT,,SILVER,SILVER,"[""SILVER""]",,,,,25.0,CURRENT_HOLDING,0.75,PART_PROFIT_RULE,False,[268600.0],268600.0,,[],,,False,False,False,True,0.99,False,AUTO_HIGH_CONFIDENCE,RULE_BASED_AND_CURATED,Part/partial profit means sell 25% of current holding.,REDUCE_POSITION uses current holding: new_holding = current_holding * (1 - quantity_percent / 100).,1,1,False,READY_FOR_AUTO_APPLY
297,6a1e6b4759359ea1faeee1f3,6a0d881f835de84db369357c,MCX,INDIA_COMMODITY,2026-06-02T05:33:59.628Z,2026-06-02T05:33:59.628Z,,FULL PROFIT BOOK IN COPPER @1374.40,FULL PROFIT BOOK IN COPPER @1374.40,1e84f25bdc6d3e24,TRADE_ACTION,CLOSE_POSITION,SINGLE_INSTRUMENT,,COPPER,COPPER,"[""COPPER""]",,,,,100.0,CURRENT_HOLDING,0.0,FULL_EXIT_RULE,False,[1374.4],1374.4,,[],,,False,False,False,True,0.99,False,AUTO_HIGH_CONFIDENCE,RULE_BASED_AND_CURATED,Explicit full exit.,REDUCE_POSITION uses current holding: new_holding = current_holding * (1 - quantity_percent / 100).,1,1,False,READY_FOR_AUTO_APPLY
298,6a1e6ba559359ea1faeee24b,6a0d8832835de84db3693580,International Market,GLOBAL_COMMODITY,2026-06-02T05:35:33.457Z,2026-06-02T05:35:33.457Z,,50% Profit Book in copper@ 6.61,50% Profit Book in copper @ 6.61,9a51bf61d81661a3,TRADE_ACTION,REDUCE_POSITION,SINGLE_INSTRUMENT,,copper,COPPER,"[""COPPER""]",,,,,50.0,CURRENT_HOLDING,0.5,EXPLICIT_PERCENT,False,[6.61],6.61,,[],,,False,False,False,True,0.99,False,AUTO_HIGH_CONFIDENCE,RULE_BASED_AND_CURATED,Explicit percentage reduction of current holding.,REDUCE_POSITION uses current holding: new_holding = current_holding * (1 - quantity_percent / 100).,1,1,False,READY_FOR_AUTO_APPLY
299,6a1e82ea59359ea1faeee755,6a0d87fb835de84db3693578,NSE,INDIA_EQUITY,2026-06-02T07:14:50.535Z,2026-06-02T07:14:50.535Z,,INTRADAY 50% PROFIT BOOK IN NIFTY @23470,INTRADAY 50% PROFIT BOOK IN NIFTY @23470,a94bce792a7cdff2,TRADE_ACTION,REDUCE_POSITION,SINGLE_INSTRUMENT,,NIFTY,NIFTY,"[""NIFTY""]",,,,,50.0,CURRENT_HOLDING,0.5,EXPLICIT_PERCENT,False,[23470.0],23470.0,,[],,,False,False,False,True,0.99,False,AUTO_HIGH_CONFIDENCE,RULE_BASED_AND_CURATED,Explicit percentage reduction of current holding.,REDUCE_POSITION uses current holding: new_holding = current_holding * (1 - quantity_percent / 100).,1,1,False,READY_FOR_AUTO_APPLY
300,6a1e835259359ea1faeee7ac,6a0d87fb835de84db3693578,NSE,INDIA_EQUITY,2026-06-02T07:16:34.040Z,2026-06-02T07:16:34.040Z,,INTRADAY 50% PROFIT BOOK IN BANKNIFTY @54000,INTRADAY 50% PROFIT BOOK IN BANKNIFTY @54000,1c8ab6f2a9e2b62b,TRADE_ACTION,REDUCE_POSITION,SINGLE_INSTRUMENT,,BANKNIFTY,BANKNIFTY,"[""BANKNIFTY""]",,,,,50.0,CURRENT_HOLDING,0.5,EXPLICIT_PERCENT,False,[54000.0],54000.0,,[],,,False,False,False,True,0.99,False,AUTO_HIGH_CONFIDENCE,RULE_BASED_AND_CURATED,Explicit percentage reduction of current holding.,REDUCE_POSITION uses current holding: new_holding = current_holding * (1 - quantity_percent / 100).,1,1,False,READY_FOR_AUTO_APPLY
301,6a1e8e1159359ea1faeee8fe,6a0d87fb835de84db3693578,NSE,INDIA_EQUITY,2026-06-02T08:02:25.305Z,2026-06-02T08:02:38.387Z,2026-06-02T08:02:38.387Z,INTRADAY FULL PROFIT BOOK IN NIFTY @23630,INTRADAY FULL PROFIT BOOK IN NIFTY @23630,02d2a55a7d599360,TRADE_ACTION,CLOSE_POSITION,SINGLE_INSTRUMENT,,NIFTY,NIFTY,"[""NIFTY""]",,,,,100.0,CURRENT_HOLDING,0.0,FULL_EXIT_RULE,False,[23630.0],23630.0,,[],,,False,False,False,True,0.99,False,AUTO_HIGH_CONFIDENCE,RULE_BASED_AND_CURATED,Explicit full exit.,REDUCE_POSITION uses current holding: new_holding = current_holding * (1 - quantity_percent / 100).,1,1,False,READY_FOR_AUTO_APPLY
302,6a1e8e6059359ea1faeee967,6a0d87fb835de84db3693578,NSE,INDIA_EQUITY,2026-06-02T08:03:44.604Z,2026-06-02T08:03:44.604Z,,50% PROFIT BOOK IN SBIN @965.85,50% PROFIT BOOK IN SBIN @965.85,d099252c84582e72,TRADE_ACTION,REDUCE_POSITION,SINGLE_INSTRUMENT,,SBIN,SBIN,"[""SBIN""]",,,,,50.0,CURRENT_HOLDING,0.5,EXPLICIT_PERCENT,False,[965.85],965.85,,[],,,False,False,False,True,0.99,False,AUTO_HIGH_CONFIDENCE,RULE_BASED_AND_CURATED,Explicit percentage reduction of current holding.,REDUCE_POSITION uses current holding: new_holding = current_holding * (1 - quantity_percent / 100).,1,1,False,READY_FOR_AUTO_APPLY
303,6a1e9dde59359ea1faeeeb8a,6a0d87fb835de84db3693578,NSE,INDIA_EQUITY,2026-06-02T09:09:50.722Z,2026-06-02T09:09:50.722Z,,50% SELL NIFTY @23585 TGT 23300-23000,50% SELL NIFTY @23585 TGT 23300-23000,67125ff4c8540d76,TRADE_ACTION,OPEN_SHORT,SINGLE_INSTRUMENT,,NIFTY,NIFTY,"[""NIFTY""]",,,,SHORT,50.0,MODEL_ALLOCATION,,EXPLICIT_PERCENT,False,[23585.0],23585.0,,"[23300.0, 23000.0]",23300.0,23000.0,False,False,False,True,0.97,False,AUTO_HIGH_CONFIDENCE,RULE_BASED_AND_CURATED,Sell with stop/target opens a short allocation.,REDUCE_POSITION uses current holding: new_holding = current_holding * (1 - quantity_percent / 100).,1,1,False,READY_FOR_AUTO_APPLY
304,6a1e9df759359ea1faeeeba7,6a0d87fb835de84db3693578,NSE,INDIA_EQUITY,2026-06-02T09:10:15.669Z,2026-06-02T09:10:15.669Z,,SELL INFY @1268 SL 1281 TGT 1230-1200,SELL INFY @1268 SL 1281 TGT 1230-1200,ff30567e74c4e963,TRADE_ACTION,OPEN_SHORT,SINGLE_INSTRUMENT,,INFY,INFY,"[""INFY""]",,,,SHORT,100.0,MODEL_ALLOCATION,,DEFAULT_FULL_ALLOCATION,True,[1268.0],1268.0,1281.0,"[1230.0, 1200.0]",1230.0,1200.0,False,False,False,True,0.96,False,AUTO_HIGH_CONFIDENCE,RULE_BASED_AND_CURATED,Sell/short instruction.,REDUCE_POSITION uses current holding: new_holding = current_holding * (1 - quantity_percent / 100).,1,1,False,READY_FOR_AUTO_APPLY
305,6a1e9e2059359ea1faeeebcc,6a0d87fb835de84db3693578,NSE,INDIA_EQUITY,2026-06-02T09:10:56.391Z,2026-06-02T09:10:56.391Z,,SELL UNIONBANK @164 SL 167 TGT 161-160,SELL UNIONBANK @164 SL 167 TGT 161-160,1a7b41ea9b47b3bf,TRADE_ACTION,OPEN_SHORT,SINGLE_INSTRUMENT,,UNIONBANK,UNIONBANK,"[""UNIONBANK""]",,,,SHORT,100.0,MODEL_ALLOCATION,,DEFAULT_FULL_ALLOCATION,True,[164.0],164.0,167.0,"[161.0, 160.0]",161.0,160.0,False,False,False,True,0.96,False,AUTO_HIGH_CONFIDENCE,RULE_BASED_AND_CURATED,Sell/short instruction.,REDUCE_POSITION uses current holding: new_holding = current_holding * (1 - quantity_percent / 100).,1,1,False,READY_FOR_AUTO_APPLY
306,6a1e9e8959359ea1faeeec3c,6a0d87fb835de84db3693578,NSE,INDIA_EQUITY,2026-06-02T09:12:41.801Z,2026-06-02T09:12:41.801Z,,SELL SBIN @962 SL 973 TGT 952-943,SELL SBIN @962 SL 973 TGT 952-943,65a4c61b70dd8c97,TRADE_ACTION,OPEN_SHORT,SINGLE_INSTRUMENT,,SBIN,SBIN,"[""SBIN""]",,,,SHORT,100.0,MODEL_ALLOCATION,,DEFAULT_FULL_ALLOCATION,True,[962.0],962.0,973.0,"[952.0, 943.0]",952.0,943.0,False,False,False,True,0.96,False,AUTO_HIGH_CONFIDENCE,RULE_BASED_AND_CURATED,Sell/short instruction.,REDUCE_POSITION uses current holding: new_holding = current_holding * (1 - quantity_percent / 100).,1,1,False,READY_FOR_AUTO_APPLY
307,6a1ec90e59359ea1faeef61d,6a0d8832835de84db3693580,International Market,GLOBAL_COMMODITY,2026-06-02T12:14:06.107Z,2026-06-02T12:14:06.107Z,,Full Profit book in copper@ 6.65,Full Profit book in copper @ 6.65,d7a42bbf48a0e79e,TRADE_ACTION,CLOSE_POSITION,SINGLE_INSTRUMENT,,copper,COPPER,"[""COPPER""]",,,,,100.0,CURRENT_HOLDING,0.0,FULL_EXIT_RULE,False,[6.65],6.65,,[],,,False,False,False,True,0.99,False,AUTO_HIGH_CONFIDENCE,RULE_BASED_AND_CURATED,Explicit full exit.,REDUCE_POSITION uses current holding: new_holding = current_holding * (1 - quantity_percent / 100).,1,1,False,READY_FOR_AUTO_APPLY
308,6a1ed0f259359ea1faeef6b5,6a0d881f835de84db369357c,MCX,INDIA_COMMODITY,2026-06-02T12:47:46.354Z,2026-06-02T12:47:46.354Z,,Intraday traders Full Profit book in Silver @270650,Intraday traders Full Profit book in Silver @270650,c21bad0e77ef9707,TRADE_ACTION,CLOSE_POSITION,SINGLE_INSTRUMENT,,Silver,SILVER,"[""SILVER""]",,,,,100.0,CURRENT_HOLDING,0.0,FULL_EXIT_RULE,False,[270650.0],270650.0,,[],,,False,False,False,True,0.99,False,AUTO_HIGH_CONFIDENCE,RULE_BASED_AND_CURATED,Explicit full exit.,REDUCE_POSITION uses current holding: new_holding = current_holding * (1 - quantity_percent / 100).,1,1,False,READY_FOR_AUTO_APPLY
309,6a1edb0659359ea1faeef810,6a0d8832835de84db3693580,International Market,GLOBAL_EQUITY,2026-06-02T13:30:46.556Z,2026-06-02T13:30:46.556Z,,Book 50% profit in SOXL @ 240.46,Book 50% profit in SOXL @ 240.46,0cceea0d8097728b,TRADE_ACTION,REDUCE_POSITION,SINGLE_INSTRUMENT,,SOXL,SOXL,"[""SOXL""]",,,,,50.0,CURRENT_HOLDING,0.5,EXPLICIT_PERCENT,False,[240.46],240.46,,[],,,False,False,False,True,0.99,False,AUTO_HIGH_CONFIDENCE,RULE_BASED_AND_CURATED,Explicit percentage reduction of current holding.,REDUCE_POSITION uses current holding: new_holding = current_holding * (1 - quantity_percent / 100).,1,1,False,READY_FOR_AUTO_APPLY
310,6a1edb2559359ea1faeef81d,6a0d8832835de84db3693580,International Market,GLOBAL_EQUITY,2026-06-02T13:31:17.336Z,2026-06-02T13:31:17.336Z,,Book profit in AVGO @ 484,Book profit in AVGO @ 484,ec6d78a890bf9dd5,TRADE_ACTION,CLOSE_POSITION,SINGLE_INSTRUMENT,,AVGO,AVGO,"[""AVGO""]",,,,,100.0,CURRENT_HOLDING,0.0,FULL_EXIT_RULE,False,[484.0],484.0,,[],,,False,False,False,True,0.96,False,AUTO_HIGH_CONFIDENCE,RULE_BASED_AND_CURATED,Unqualified 'book profit' closes all remaining holding.,REDUCE_POSITION uses current holding: new_holding = current_holding * (1 - quantity_percent / 100).,1,1,False,READY_FOR_AUTO_APPLY
311,6a1edb3859359ea1faeef88c,6a0d8832835de84db3693580,International Market,GLOBAL_EQUITY,2026-06-02T13:31:36.123Z,2026-06-02T13:31:36.123Z,,Book 50% profit in BE @ 283.88,Book 50% profit in BE @ 283.88,b3aeec86eacc825a,TRADE_ACTION,REDUCE_POSITION,SINGLE_INSTRUMENT,,BE,BE,"[""BE""]",,,,,50.0,CURRENT_HOLDING,0.5,EXPLICIT_PERCENT,False,[283.88],283.88,,[],,,False,False,False,True,0.99,False,AUTO_HIGH_CONFIDENCE,RULE_BASED_AND_CURATED,Explicit percentage reduction of current holding.,REDUCE_POSITION uses current holding: new_holding = current_holding * (1 - quantity_percent / 100).,1,1,False,READY_FOR_AUTO_APPLY
312,6a1edb5159359ea1faeef9ba,6a0d8832835de84db3693580,International Market,GLOBAL_EQUITY,2026-06-02T13:32:01.953Z,2026-06-02T13:32:01.953Z,,Book 50% profit in GEV @ 965.67,Book 50% profit in GEV @ 965.67,c0a3e784ae97e43a,TRADE_ACTION,REDUCE_POSITION,SINGLE_INSTRUMENT,,GEV,GEV,"[""GEV""]",,,,,50.0,CURRENT_HOLDING,0.5,EXPLICIT_PERCENT,False,[965.67],965.67,,[],,,False,False,False,True,0.99,False,AUTO_HIGH_CONFIDENCE,RULE_BASED_AND_CURATED,Explicit percentage reduction of current holding.,REDUCE_POSITION uses current holding: new_holding = current_holding * (1 - quantity_percent / 100).,1,1,False,READY_FOR_AUTO_APPLY
313,6a1edb7059359ea1faeefa0a,6a0d8832835de84db3693580,International Market,GLOBAL_EQUITY,2026-06-02T13:32:32.560Z,2026-06-02T13:32:32.560Z,,Book 50% profit in NVDA @ 227.00,Book 50% profit in NVDA @ 227.00,ff95a39614dca118,TRADE_ACTION,REDUCE_POSITION,SINGLE_INSTRUMENT,,NVDA,NVDA,"[""NVDA""]",,,,,50.0,CURRENT_HOLDING,0.5,EXPLICIT_PERCENT,False,[227.0],227.0,,[],,,False,False,False,True,0.99,False,AUTO_HIGH_CONFIDENCE,RULE_BASED_AND_CURATED,Explicit percentage reduction of current holding.,REDUCE_POSITION uses current holding: new_holding = current_holding * (1 - quantity_percent / 100).,1,1,False,READY_FOR_AUTO_APPLY
314,6a1edc3159359ea1faeefb08,6a0d8832835de84db3693580,International Market,GLOBAL_EQUITY,2026-06-02T13:35:45.391Z,2026-06-02T13:35:45.391Z,,Book profit in MRVL @ 265,Book profit in MRVL @ 265,efac7ce401edc839,TRADE_ACTION,CLOSE_POSITION,SINGLE_INSTRUMENT,,MRVL,MRVL,"[""MRVL""]",,,,,100.0,CURRENT_HOLDING,0.0,FULL_EXIT_RULE,False,[265.0],265.0,,[],,,False,False,False,True,0.96,False,AUTO_HIGH_CONFIDENCE,RULE_BASED_AND_CURATED,Unqualified 'book profit' closes all remaining holding.,REDUCE_POSITION uses current holding: new_holding = current_holding * (1 - quantity_percent / 100).,1,1,False,READY_FOR_AUTO_APPLY
315,6a1ee6c859359ea1faeefcbd,6a0d8832835de84db3693580,International Market,GLOBAL_EQUITY,2026-06-02T14:20:56.336Z,2026-06-02T14:20:56.336Z,,Book 50% profit in MU @1060,Book 50% profit in MU @1060,6424ed5935825b60,TRADE_ACTION,REDUCE_POSITION,SINGLE_INSTRUMENT,,MU,MU,"[""MU""]",,,,,50.0,CURRENT_HOLDING,0.5,EXPLICIT_PERCENT,False,[1060.0],1060.0,,[],,,False,False,False,True,0.99,False,AUTO_HIGH_CONFIDENCE,RULE_BASED_AND_CURATED,Explicit percentage reduction of current holding.,REDUCE_POSITION uses current holding: new_holding = current_holding * (1 - quantity_percent / 100).,1,1,False,READY_FOR_AUTO_APPLY
316,6a1ee6ef59359ea1faeefcd6,6a0d8832835de84db3693580,International Market,GLOBAL_EQUITY,2026-06-02T14:21:35.736Z,2026-06-02T14:21:35.736Z,,Buy HOOD @87.7 with SL 82 for target 95-100,Buy HOOD @87.7 with SL 82 for target 95-100,26d405313d22441c,TRADE_ACTION,OPEN_LONG,SINGLE_INSTRUMENT,,HOOD,HOOD,"[""HOOD""]",,,,LONG,100.0,MODEL_ALLOCATION,,DEFAULT_FULL_ALLOCATION,True,[87.7],87.7,82.0,"[95.0, 100.0]",95.0,100.0,False,False,False,True,0.98,False,AUTO_HIGH_CONFIDENCE,RULE_BASED_AND_CURATED,Buy instruction.,REDUCE_POSITION uses current holding: new_holding = current_holding * (1 - quantity_percent / 100).,1,1,False,READY_FOR_AUTO_APPLY
317,6a1ee71a59359ea1faeefcf0,6a0d8832835de84db3693580,International Market,GLOBAL_EQUITY,2026-06-02T14:22:18.655Z,2026-06-02T14:22:18.655Z,,Buy amd @506 with SL 498 for target 520-530,Buy amd @506 with SL 498 for target 520-530,848f61309f225950,TRADE_ACTION,OPEN_LONG,SINGLE_INSTRUMENT,,amd,AMD,"[""AMD""]",,,,LONG,100.0,MODEL_ALLOCATION,,DEFAULT_FULL_ALLOCATION,True,[506.0],506.0,498.0,"[520.0, 530.0]",520.0,530.0,False,False,False,True,0.98,False,AUTO_HIGH_CONFIDENCE,RULE_BASED_AND_CURATED,Buy instruction.,REDUCE_POSITION uses current holding: new_holding = current_holding * (1 - quantity_percent / 100).,1,1,False,READY_FOR_AUTO_APPLY
318,6a1ee73359359ea1faeefd09,6a0d8832835de84db3693580,International Market,GLOBAL_EQUITY,2026-06-02T14:22:43.752Z,2026-06-02T14:22:43.752Z,,Buy dell @455 with SL 444 for target 470-478,Buy dell @455 with SL 444 for target 470-478,0f2ab84d97a4bce4,TRADE_ACTION,OPEN_LONG,SINGLE_INSTRUMENT,,dell,DELL,"[""DELL""]",,,,LONG,100.0,MODEL_ALLOCATION,,DEFAULT_FULL_ALLOCATION,True,[455.0],455.0,444.0,"[470.0, 478.0]",470.0,478.0,False,False,False,True,0.98,False,AUTO_HIGH_CONFIDENCE,RULE_BASED_AND_CURATED,Buy instruction.,REDUCE_POSITION uses current holding: new_holding = current_holding * (1 - quantity_percent / 100).,1,1,False,READY_FOR_AUTO_APPLY
319,6a1ee74659359ea1faeefd29,6a0d8832835de84db3693580,International Market,GLOBAL_EQUITY,2026-06-02T14:23:02.211Z,2026-06-02T14:23:02.211Z,,Book profit in BE @ 299.00,Book profit in BE @ 299.00,1d4d9ca5a22e1148,TRADE_ACTION,CLOSE_POSITION,SINGLE_INSTRUMENT,,BE,BE,"[""BE""]",,,,,100.0,CURRENT_HOLDING,0.0,FULL_EXIT_RULE,False,[299.0],299.0,,[],,,False,False,False,True,0.96,False,AUTO_HIGH_CONFIDENCE,RULE_BASED_AND_CURATED,Unqualified 'book profit' closes all remaining holding.,REDUCE_POSITION uses current holding: new_holding = current_holding * (1 - quantity_percent / 100).,1,1,False,READY_FOR_AUTO_APPLY
320,6a1ee76759359ea1faeefd7c,6a0d8832835de84db3693580,International Market,GLOBAL_EQUITY,2026-06-02T14:23:35.136Z,2026-06-02T14:23:35.136Z,,Buy crwd @758 with SL 748 for target 795-800,Buy crwd @758 with SL 748 for target 795-800,62b4b2baa747c93f,TRADE_ACTION,OPEN_LONG,SINGLE_INSTRUMENT,,crwd,CRWD,"[""CRWD""]",,,,LONG,100.0,MODEL_ALLOCATION,,DEFAULT_FULL_ALLOCATION,True,[758.0],758.0,748.0,"[795.0, 800.0]",795.0,800.0,False,False,False,True,0.98,False,AUTO_HIGH_CONFIDENCE,RULE_BASED_AND_CURATED,Buy instruction.,REDUCE_POSITION uses current holding: new_holding = current_holding * (1 - quantity_percent / 100).,1,1,False,READY_FOR_AUTO_APPLY
321,6a1ee7aa59359ea1faeefd8d,6a0d8832835de84db3693580,International Market,GLOBAL_EQUITY,2026-06-02T14:24:42.279Z,2026-06-02T14:24:42.279Z,,Buy 50% sndk @1735 for target 1779-1800,Buy 50% sndk @1735 for target 1779-1800,139daf7430bb084a,TRADE_ACTION,OPEN_LONG,SINGLE_INSTRUMENT,,sndk,SNDK,"[""SNDK""]",,,,LONG,50.0,MODEL_ALLOCATION,,EXPLICIT_PERCENT,False,[1735.0],1735.0,,"[1779.0, 1800.0]",1779.0,1800.0,False,False,False,True,0.98,False,AUTO_HIGH_CONFIDENCE,RULE_BASED_AND_CURATED,Buy instruction.,REDUCE_POSITION uses current holding: new_holding = current_holding * (1 - quantity_percent / 100).,1,1,False,READY_FOR_AUTO_APPLY
322,6a1ee7fe59359ea1faeefda6,6a0d8832835de84db3693580,International Market,GLOBAL_INDEX_OR_MACRO,2026-06-02T14:26:06.304Z,2026-06-02T14:26:06.304Z,,Buy Russell @ 2920 & 2890 with SL 2880 for target 2940-2970.,Buy Russell @ 2920 & 2890 with SL 2880 for target 2940-2970.,6bcc4051352e5279,TRADE_ACTION,OPEN_LONG,SINGLE_INSTRUMENT,,Russell,RUSSELL,"[""RUSSELL""]",,,,LONG,100.0,MODEL_ALLOCATION,,DEFAULT_FULL_ALLOCATION,True,"[2920.0, 2890.0]",2920.0,2880.0,"[2940.0, 2970.0]",2940.0,2970.0,False,False,False,True,0.98,False,AUTO_HIGH_CONFIDENCE,RULE_BASED_AND_CURATED,Buy instruction.,REDUCE_POSITION uses current holding: new_holding = current_holding * (1 - quantity_percent / 100).,1,1,False,READY_FOR_AUTO_APPLY
323,6a1ee8e459359ea1faeefdb5,6a0d8832835de84db3693580,International Market,GLOBAL_INDEX_OR_MACRO,2026-06-02T14:29:56.299Z,2026-06-02T14:29:56.299Z,,Buy Dow @50968 with SL 50500 for target 51300-51400,Buy Dow @50968 with SL 50500 for target 51300-51400,9b6696e3fd34f08b,TRADE_ACTION,OPEN_LONG,SINGLE_INSTRUMENT,,Dow,DOW,"[""DOW""]",,,,LONG,100.0,MODEL_ALLOCATION,,DEFAULT_FULL_ALLOCATION,True,[50968.0],50968.0,50500.0,"[51300.0, 51400.0]",51300.0,51400.0,False,False,False,True,0.98,False,AUTO_HIGH_CONFIDENCE,RULE_BASED_AND_CURATED,Buy instruction.,REDUCE_POSITION uses current holding: new_holding = current_holding * (1 - quantity_percent / 100).,1,1,False,READY_FOR_AUTO_APPLY
324,6a1ee91459359ea1faeefde7,6a0d8832835de84db3693580,International Market,GLOBAL_INDEX_OR_MACRO,2026-06-02T14:30:44.022Z,2026-06-02T14:30:44.022Z,,Buy Nasdaq @30505 & 30200 with SL 30100 for target 30700-30900,Buy Nasdaq @30505 & 30200 with SL 30100 for target 30700-30900,118cc020f1c1eca3,TRADE_ACTION,OPEN_LONG,SINGLE_INSTRUMENT,,Nasdaq,NASDAQ,"[""NASDAQ""]",,,,LONG,100.0,MODEL_ALLOCATION,,DEFAULT_FULL_ALLOCATION,True,"[30505.0, 30200.0]",30505.0,30100.0,"[30700.0, 30900.0]",30700.0,30900.0,False,False,False,True,0.98,False,AUTO_HIGH_CONFIDENCE,RULE_BASED_AND_CURATED,Buy instruction.,REDUCE_POSITION uses current holding: new_holding = current_holding * (1 - quantity_percent / 100).,1,1,False,READY_FOR_AUTO_APPLY
325,6a1ee93659359ea1faeefe02,6a0d8832835de84db3693580,International Market,GLOBAL_INDEX_OR_MACRO,2026-06-02T14:31:18.483Z,2026-06-02T14:31:18.483Z,,Buy s&p500 @ 7596 with SL 7550 for target 7640-7685,Buy s&p500 @ 7596 with SL 7550 for target 7640-7685,2f1be27318aa2c69,TRADE_ACTION,OPEN_LONG,SINGLE_INSTRUMENT,,s&p500,SP500,"[""SP500""]",,,,LONG,100.0,MODEL_ALLOCATION,,DEFAULT_FULL_ALLOCATION,True,[7596.0],7596.0,7550.0,"[7640.0, 7685.0]",7640.0,7685.0,False,False,False,True,0.98,False,AUTO_HIGH_CONFIDENCE,RULE_BASED_AND_CURATED,Buy instruction.,REDUCE_POSITION uses current holding: new_holding = current_holding * (1 - quantity_percent / 100).,1,1,False,READY_FOR_AUTO_APPLY
326,6a1ee99459359ea1faeefe42,6a0d881f835de84db369357c,MCX,INDIA_COMMODITY,2026-06-02T14:32:52.234Z,2026-06-02T14:32:52.234Z,,Buy copper @1381 with SL 1370 for target 1400-1415,Buy copper @1381 with SL 1370 for target 1400-1415,ad50c7eb3e1d5ce4,TRADE_ACTION,OPEN_LONG,SINGLE_INSTRUMENT,,copper,COPPER,"[""COPPER""]",,,,LONG,100.0,MODEL_ALLOCATION,,DEFAULT_FULL_ALLOCATION,True,[1381.0],1381.0,1370.0,"[1400.0, 1415.0]",1400.0,1415.0,False,False,False,True,0.98,False,AUTO_HIGH_CONFIDENCE,RULE_BASED_AND_CURATED,Buy instruction.,REDUCE_POSITION uses current holding: new_holding = current_holding * (1 - quantity_percent / 100).,1,1,False,READY_FOR_AUTO_APPLY
327,6a1ee9ae59359ea1faeefe82,6a0d8832835de84db3693580,International Market,GLOBAL_COMMODITY,2026-06-02T14:33:18.260Z,2026-06-02T14:33:18.260Z,,Buy copper @6.66 with SL 6.58 for target 6.75-6.90,Buy copper @6.66 with SL 6.58 for target 6.75-6.90,e1e767ab1b13b5d4,TRADE_ACTION,OPEN_LONG,SINGLE_INSTRUMENT,,copper,COPPER,"[""COPPER""]",,,,LONG,100.0,MODEL_ALLOCATION,,DEFAULT_FULL_ALLOCATION,True,[6.66],6.66,6.58,"[6.75, 6.9]",6.75,6.9,False,False,False,True,0.98,False,AUTO_HIGH_CONFIDENCE,RULE_BASED_AND_CURATED,Buy instruction.,REDUCE_POSITION uses current holding: new_holding = current_holding * (1 - quantity_percent / 100).,1,1,False,READY_FOR_AUTO_APPLY
328,6a1eea5b59359ea1faeefefb,6a0d8832835de84db3693580,International Market,GLOBAL_EQUITY,2026-06-02T14:36:11.676Z,2026-06-02T14:36:11.676Z,,Buy nvda @228 with SL 224 for target 233-240,Buy nvda @228 with SL 224 for target 233-240,d16cce3658e209d4,TRADE_ACTION,OPEN_LONG,SINGLE_INSTRUMENT,,nvda,NVDA,"[""NVDA""]",,,,LONG,100.0,MODEL_ALLOCATION,,DEFAULT_FULL_ALLOCATION,True,[228.0],228.0,224.0,"[233.0, 240.0]",233.0,240.0,False,False,False,True,0.98,False,AUTO_HIGH_CONFIDENCE,RULE_BASED_AND_CURATED,Buy instruction.,REDUCE_POSITION uses current holding: new_holding = current_holding * (1 - quantity_percent / 100).,1,1,False,READY_FOR_AUTO_APPLY
329,6a1ef1eb59359ea1faef004b,6a0d8832835de84db3693580,International Market,GLOBAL_EQUITY,2026-06-02T15:08:27.909Z,2026-06-02T15:08:27.909Z,,Buy 50% AMAT @ 483.40 for target 499-535,Buy 50% AMAT @ 483.40 for target 499-535,09042efc034d288c,TRADE_ACTION,OPEN_LONG,SINGLE_INSTRUMENT,,AMAT,AMAT,"[""AMAT""]",,,,LONG,50.0,MODEL_ALLOCATION,,EXPLICIT_PERCENT,False,[483.4],483.4,,"[499.0, 535.0]",499.0,535.0,False,False,False,True,0.98,False,AUTO_HIGH_CONFIDENCE,RULE_BASED_AND_CURATED,Buy instruction.,REDUCE_POSITION uses current holding: new_holding = current_holding * (1 - quantity_percent / 100).,1,1,False,READY_FOR_AUTO_APPLY
330,6a1efcfe59359ea1faef00ef,6a0d8832835de84db3693580,International Market,GLOBAL_EQUITY,2026-06-02T15:55:42.784Z,2026-06-02T15:55:42.784Z,,50% Profit Book in AMD@ 515,50% Profit Book in AMD @ 515,5c63df296e884afb,TRADE_ACTION,REDUCE_POSITION,SINGLE_INSTRUMENT,,AMD,AMD,"[""AMD""]",,,,,50.0,CURRENT_HOLDING,0.5,EXPLICIT_PERCENT,False,[515.0],515.0,,[],,,False,False,False,True,0.99,False,AUTO_HIGH_CONFIDENCE,RULE_BASED_AND_CURATED,Explicit percentage reduction of current holding.,REDUCE_POSITION uses current holding: new_holding = current_holding * (1 - quantity_percent / 100).,1,1,False,READY_FOR_AUTO_APPLY
331,6a1f015e59359ea1faef0169,6a0d8832835de84db3693580,International Market,GLOBAL_COMMODITY,2026-06-02T16:14:22.602Z,2026-06-02T16:14:22.602Z,,Sell crude @ 93&94.50 sl 95.60 tgt 90.50-88,Sell crude @ 93&94.50 sl 95.60 tgt 90.50-88,5f79740626f3c7c3,TRADE_ACTION,OPEN_SHORT,SINGLE_INSTRUMENT,,crude,CRUDE,"[""CRUDE""]",,,,SHORT,100.0,MODEL_ALLOCATION,,DEFAULT_FULL_ALLOCATION,True,"[93.0, 94.5]",93.0,95.6,"[90.5, 88.0]",90.5,88.0,False,False,False,True,0.96,False,AUTO_HIGH_CONFIDENCE,RULE_BASED_AND_CURATED,Sell/short instruction.,REDUCE_POSITION uses current holding: new_holding = current_holding * (1 - quantity_percent / 100).,1,1,False,READY_FOR_AUTO_APPLY
332,6a1f051959359ea1faef024e,6a0d881f835de84db369357c,MCX,INDIA_COMMODITY,2026-06-02T16:30:17.969Z,2026-06-02T16:30:17.969Z,,Sell crude mini@ 8900 sl9100 tgt 8700-8600,Sell crude mini @ 8900 sl9100 tgt 8700-8600,234a11b4fd3b9e6a,TRADE_ACTION,OPEN_SHORT,SINGLE_INSTRUMENT,,crude mini,CRUDE_MINI,"[""CRUDE_MINI""]",,,,SHORT,100.0,MODEL_ALLOCATION,,DEFAULT_FULL_ALLOCATION,True,[8900.0],8900.0,9100.0,"[8700.0, 8600.0]",8700.0,8600.0,False,False,False,True,0.96,False,AUTO_HIGH_CONFIDENCE,RULE_BASED_AND_CURATED,Sell/short instruction.,REDUCE_POSITION uses current holding: new_holding = current_holding * (1 - quantity_percent / 100).,1,1,False,READY_FOR_AUTO_APPLY
333,6a1f347e59359ea1faef0470,6a0d8832835de84db3693580,International Market,GLOBAL_INDEX_OR_MACRO,2026-06-02T19:52:30.958Z,2026-06-02T19:52:30.958Z,,Part Profit book in DOW@ 51364,Part Profit book in DOW @ 51364,c1189a1358ed280f,TRADE_ACTION,REDUCE_POSITION,SINGLE_INSTRUMENT,,DOW,DOW,"[""DOW""]",,,,,25.0,CURRENT_HOLDING,0.75,PART_PROFIT_RULE,False,[51364.0],51364.0,,[],,,False,False,False,True,0.99,False,AUTO_HIGH_CONFIDENCE,RULE_BASED_AND_CURATED,Part/partial profit means sell 25% of current holding.,REDUCE_POSITION uses current holding: new_holding = current_holding * (1 - quantity_percent / 100).,1,1,False,READY_FOR_AUTO_APPLY
334,6a1f354e59359ea1faef0497,6a0d8832835de84db3693580,International Market,GLOBAL_EQUITY,2026-06-02T19:55:58.504Z,2026-06-02T19:55:58.504Z,,Part Profit book in AMAT @ 491,Part Profit book in AMAT @ 491,4e270788ee9408ba,TRADE_ACTION,REDUCE_POSITION,SINGLE_INSTRUMENT,,AMAT,AMAT,"[""AMAT""]",,,,,25.0,CURRENT_HOLDING,0.75,PART_PROFIT_RULE,False,[491.0],491.0,,[],,,False,False,False,True,0.99,False,AUTO_HIGH_CONFIDENCE,RULE_BASED_AND_CURATED,Part/partial profit means sell 25% of current holding.,REDUCE_POSITION uses current holding: new_holding = current_holding * (1 - quantity_percent / 100).,1,1,False,READY_FOR_AUTO_APPLY
335,6a1f364759359ea1faef04be,6a0d8832835de84db3693580,International Market,GLOBAL_EQUITY,2026-06-02T20:00:07.075Z,2026-06-02T20:00:07.075Z,,50% Buy WDC@ 563 tgt 580,50% Buy WDC @ 563 tgt 580,96a257292a6ee7fb,TRADE_ACTION,OPEN_LONG,SINGLE_INSTRUMENT,,WDC,WDC,"[""WDC""]",,,,LONG,50.0,MODEL_ALLOCATION,,EXPLICIT_PERCENT,False,[563.0],563.0,,[580.0],580.0,,False,False,False,True,0.98,False,AUTO_HIGH_CONFIDENCE,RULE_BASED_AND_CURATED,Buy instruction.,REDUCE_POSITION uses current holding: new_holding = current_holding * (1 - quantity_percent / 100).,1,1,False,READY_FOR_AUTO_APPLY
336,6a1f856659359ea1faef05de,6a0d8832835de84db3693580,International Market,GLOBAL_INDEX_OR_MACRO,2026-06-03T01:37:42.284Z,2026-06-03T01:37:42.284Z,,Part Profit book in NASDAQ @ 30650,Part Profit book in NASDAQ @ 30650,86f430510612dece,TRADE_ACTION,REDUCE_POSITION,SINGLE_INSTRUMENT,,NASDAQ,NASDAQ,"[""NASDAQ""]",,,,,25.0,CURRENT_HOLDING,0.75,PART_PROFIT_RULE,False,[30650.0],30650.0,,[],,,False,False,False,True,0.99,False,AUTO_HIGH_CONFIDENCE,RULE_BASED_AND_CURATED,Part/partial profit means sell 25% of current holding.,REDUCE_POSITION uses current holding: new_holding = current_holding * (1 - quantity_percent / 100).,1,1,False,READY_FOR_AUTO_APPLY
337,6a1fa0c659359ea1faef06a6,6a0d881f835de84db369357c,MCX,INDIA_COMMODITY,2026-06-03T03:34:30.234Z,2026-06-03T03:34:30.234Z,,BUY NG @302.90 SL 294 TGT 315-322,BUY NG @302.90 SL 294 TGT 315-322,c610137c0cf6a511,TRADE_ACTION,OPEN_LONG,SINGLE_INSTRUMENT,,NG,NATURAL_GAS,"[""NATURAL_GAS""]",,,,LONG,100.0,MODEL_ALLOCATION,,DEFAULT_FULL_ALLOCATION,True,[302.9],302.9,294.0,"[315.0, 322.0]",315.0,322.0,False,False,False,True,0.98,False,AUTO_HIGH_CONFIDENCE,RULE_BASED_AND_CURATED,Buy instruction.,REDUCE_POSITION uses current holding: new_holding = current_holding * (1 - quantity_percent / 100).,1,1,False,READY_FOR_AUTO_APPLY
338,6a1fa0d959359ea1faef06d5,6a0d8832835de84db3693580,International Market,GLOBAL_COMMODITY,2026-06-03T03:34:49.706Z,2026-06-03T03:34:49.706Z,,Buy NG @ 3.15 & 3.08 with S/L 3.00 for target 3.30-3.45,Buy NG @ 3.15 & 3.08 with S/L 3.00 for target 3.30-3.45,e7d534e0cbbee66f,TRADE_ACTION,OPEN_LONG,SINGLE_INSTRUMENT,,NG,NATURAL_GAS,"[""NATURAL_GAS""]",,,,LONG,100.0,MODEL_ALLOCATION,,DEFAULT_FULL_ALLOCATION,True,"[3.15, 3.08]",3.15,3.0,"[3.3, 3.45]",3.3,3.45,False,False,False,True,0.98,False,AUTO_HIGH_CONFIDENCE,RULE_BASED_AND_CURATED,Buy instruction.,REDUCE_POSITION uses current holding: new_holding = current_holding * (1 - quantity_percent / 100).,1,1,False,READY_FOR_AUTO_APPLY
339,6a1fa36259359ea1faef08b3,6a0d87fb835de84db3693578,NSE,INDIA_EQUITY,2026-06-03T03:45:38.923Z,2026-06-03T03:45:38.923Z,,50% PROFIT BOOK IN NIFTY @23420,50% PROFIT BOOK IN NIFTY @23420,b40ad02b50272422,TRADE_ACTION,REDUCE_POSITION,SINGLE_INSTRUMENT,,NIFTY,NIFTY,"[""NIFTY""]",,,,,50.0,CURRENT_HOLDING,0.5,EXPLICIT_PERCENT,False,[23420.0],23420.0,,[],,,False,False,False,True,0.99,False,AUTO_HIGH_CONFIDENCE,RULE_BASED_AND_CURATED,Explicit percentage reduction of current holding.,REDUCE_POSITION uses current holding: new_holding = current_holding * (1 - quantity_percent / 100).,1,1,False,READY_FOR_AUTO_APPLY
340,6a1fa37c59359ea1faef0903,6a0d87fb835de84db3693578,NSE,INDIA_EQUITY,2026-06-03T03:46:04.983Z,2026-06-03T03:46:04.983Z,,50% PROFIT BOOK IN BANKNIFTY @53780,50% PROFIT BOOK IN BANKNIFTY @53780,3228bf95c3fdb630,TRADE_ACTION,REDUCE_POSITION,SINGLE_INSTRUMENT,,BANKNIFTY,BANKNIFTY,"[""BANKNIFTY""]",,,,,50.0,CURRENT_HOLDING,0.5,EXPLICIT_PERCENT,False,[53780.0],53780.0,,[],,,False,False,False,True,0.99,False,AUTO_HIGH_CONFIDENCE,RULE_BASED_AND_CURATED,Explicit percentage reduction of current holding.,REDUCE_POSITION uses current holding: new_holding = current_holding * (1 - quantity_percent / 100).,1,1,False,READY_FOR_AUTO_APPLY
341,6a1fa38b59359ea1faef0985,6a0d87fb835de84db3693578,NSE,INDIA_EQUITY,2026-06-03T03:46:19.194Z,2026-06-03T03:46:19.194Z,,50% PROFIT BOOK IN INFY @1242,50% PROFIT BOOK IN INFY @1242,7eaec411f716fb75,TRADE_ACTION,REDUCE_POSITION,SINGLE_INSTRUMENT,,INFY,INFY,"[""INFY""]",,,,,50.0,CURRENT_HOLDING,0.5,EXPLICIT_PERCENT,False,[1242.0],1242.0,,[],,,False,False,False,True,0.99,False,AUTO_HIGH_CONFIDENCE,RULE_BASED_AND_CURATED,Explicit percentage reduction of current holding.,REDUCE_POSITION uses current holding: new_holding = current_holding * (1 - quantity_percent / 100).,1,1,False,READY_FOR_AUTO_APPLY
342,6a1fa3ec59359ea1faef0a19,6a0d87fb835de84db3693578,NSE,INDIA_EQUITY,2026-06-03T03:47:56.964Z,2026-06-03T03:47:56.964Z,,50% PROFIT BOOK IN SBIN @952,50% PROFIT BOOK IN SBIN @952,f487aa95b3b187ea,TRADE_ACTION,REDUCE_POSITION,SINGLE_INSTRUMENT,,SBIN,SBIN,"[""SBIN""]",,,,,50.0,CURRENT_HOLDING,0.5,EXPLICIT_PERCENT,False,[952.0],952.0,,[],,,False,False,False,True,0.99,False,AUTO_HIGH_CONFIDENCE,RULE_BASED_AND_CURATED,Explicit percentage reduction of current holding.,REDUCE_POSITION uses current holding: new_holding = current_holding * (1 - quantity_percent / 100).,1,1,False,READY_FOR_AUTO_APPLY
343,6a1fa44859359ea1faef0a76,6a0d87fb835de84db3693578,NSE,INDIA_EQUITY,2026-06-03T03:49:28.645Z,2026-06-03T03:49:28.645Z,,BUY ETERNAL @247.40 SL 244 TGT 253-257,BUY ETERNAL @247.40 SL 244 TGT 253-257,77bc849e60193405,TRADE_ACTION,OPEN_LONG,SINGLE_INSTRUMENT,,ETERNAL,ETERNAL,"[""ETERNAL""]",,,,LONG,100.0,MODEL_ALLOCATION,,DEFAULT_FULL_ALLOCATION,True,[247.4],247.4,244.0,"[253.0, 257.0]",253.0,257.0,False,False,False,True,0.98,False,AUTO_HIGH_CONFIDENCE,RULE_BASED_AND_CURATED,Buy instruction.,REDUCE_POSITION uses current holding: new_holding = current_holding * (1 - quantity_percent / 100).,1,1,False,READY_FOR_AUTO_APPLY
344,6a1fa46859359ea1faef0a8c,6a0d87fb835de84db3693578,NSE,INDIA_EQUITY,2026-06-03T03:50:00.339Z,2026-06-03T03:50:00.339Z,,50% PROFIT BOOK IN UNIONBANK @162.75,50% PROFIT BOOK IN UNIONBANK @162.75,7447dcbb41182289,TRADE_ACTION,REDUCE_POSITION,SINGLE_INSTRUMENT,,UNIONBANK,UNIONBANK,"[""UNIONBANK""]",,,,,50.0,CURRENT_HOLDING,0.5,EXPLICIT_PERCENT,False,[162.75],162.75,,[],,,False,False,False,True,0.99,False,AUTO_HIGH_CONFIDENCE,RULE_BASED_AND_CURATED,Explicit percentage reduction of current holding.,REDUCE_POSITION uses current holding: new_holding = current_holding * (1 - quantity_percent / 100).,1,1,False,READY_FOR_AUTO_APPLY
345,6a1fa71d59359ea1faef0afd,6a0d881f835de84db369357c,MCX,INDIA_COMMODITY,2026-06-03T04:01:33.734Z,2026-06-03T04:01:33.734Z,,50% PROFIT BOOK IN COPPER @1387,50% PROFIT BOOK IN COPPER @1387,53c782216d1b6eae,TRADE_ACTION,REDUCE_POSITION,SINGLE_INSTRUMENT,,COPPER,COPPER,"[""COPPER""]",,,,,50.0,CURRENT_HOLDING,0.5,EXPLICIT_PERCENT,False,[1387.0],1387.0,,[],,,False,False,False,True,0.99,False,AUTO_HIGH_CONFIDENCE,RULE_BASED_AND_CURATED,Explicit percentage reduction of current holding.,REDUCE_POSITION uses current holding: new_holding = current_holding * (1 - quantity_percent / 100).,1,1,False,READY_FOR_AUTO_APPLY
346,6a1fa84659359ea1faef0bb5,6a0d87fb835de84db3693578,NSE,INDIA_EQUITY,2026-06-03T04:06:30.062Z,2026-06-03T04:06:30.062Z,,INTRADAY FULL PROFIT BOOK IN INFY @1226,INTRADAY FULL PROFIT BOOK IN INFY @1226,85045544797dca80,TRADE_ACTION,CLOSE_POSITION,SINGLE_INSTRUMENT,,INFY,INFY,"[""INFY""]",,,,,100.0,CURRENT_HOLDING,0.0,FULL_EXIT_RULE,False,[1226.0],1226.0,,[],,,False,False,False,True,0.99,False,AUTO_HIGH_CONFIDENCE,RULE_BASED_AND_CURATED,Explicit full exit.,REDUCE_POSITION uses current holding: new_holding = current_holding * (1 - quantity_percent / 100).,1,1,False,READY_FOR_AUTO_APPLY
347,6a1faa3159359ea1faef0cbc,6a0d881f835de84db369357c,MCX,INDIA_COMMODITY,2026-06-03T04:14:41.434Z,2026-06-03T04:14:41.434Z,,AGAIN POSITIONAL SELL CRUDE MINI @9100 SL 9300 TGT 8700-8300,AGAIN POSITIONAL SELL CRUDE MINI @9100 SL 9300 TGT 8700-8300,218d4d5761485da5,TRADE_ACTION,OPEN_SHORT,SINGLE_INSTRUMENT,,CRUDE MINI,CRUDE_MINI,"[""CRUDE_MINI""]",,,,SHORT,100.0,MODEL_ALLOCATION,,DEFAULT_FULL_ALLOCATION,True,[9100.0],9100.0,9300.0,"[8700.0, 8300.0]",8700.0,8300.0,False,False,False,True,0.96,False,AUTO_HIGH_CONFIDENCE,RULE_BASED_AND_CURATED,Sell/short instruction.,REDUCE_POSITION uses current holding: new_holding = current_holding * (1 - quantity_percent / 100).,1,1,False,READY_FOR_AUTO_APPLY
348,6a1faae859359ea1faef0d23,6a0d87fb835de84db3693578,NSE,INDIA_EQUITY,2026-06-03T04:17:44.252Z,2026-06-03T04:17:44.252Z,,50% PROFIT BOOK IN M&M @3048,50% PROFIT BOOK IN M&M @3048,da50989caceb732e,TRADE_ACTION,REDUCE_POSITION,SINGLE_INSTRUMENT,,M&M,M&M,"[""M&M""]",,,,,50.0,CURRENT_HOLDING,0.5,EXPLICIT_PERCENT,False,[3048.0],3048.0,,[],,,False,False,False,True,0.99,False,AUTO_HIGH_CONFIDENCE,RULE_BASED_AND_CURATED,Explicit percentage reduction of current holding.,REDUCE_POSITION uses current holding: new_holding = current_holding * (1 - quantity_percent / 100).,1,1,False,READY_FOR_AUTO_APPLY
349,6a1fb28759359ea1faef0e71,6a0d87fb835de84db3693578,NSE,INDIA_EQUITY,2026-06-03T04:50:15.716Z,2026-06-03T04:50:15.716Z,,BUY KOTAKBANK @382 SL 378 TGT 388-390,BUY KOTAKBANK @382 SL 378 TGT 388-390,a1c1b06d078db406,TRADE_ACTION,OPEN_LONG,SINGLE_INSTRUMENT,,KOTAKBANK,KOTAKBANK,"[""KOTAKBANK""]",,,,LONG,100.0,MODEL_ALLOCATION,,DEFAULT_FULL_ALLOCATION,True,[382.0],382.0,378.0,"[388.0, 390.0]",388.0,390.0,False,False,False,True,0.98,False,AUTO_HIGH_CONFIDENCE,RULE_BASED_AND_CURATED,Buy instruction.,REDUCE_POSITION uses current holding: new_holding = current_holding * (1 - quantity_percent / 100).,1,1,False,READY_FOR_AUTO_APPLY
350,6a1fb4f759359ea1faef0eab,6a0d881f835de84db369357c,MCX,INDIA_COMMODITY,2026-06-03T05:00:39.362Z,2026-06-03T05:00:39.362Z,,BUY COPPER @1381.40 SL 1372 TGT 1387-1398,BUY COPPER @1381.40 SL 1372 TGT 1387-1398,d8b1ae49ffd4a73a,TRADE_ACTION,OPEN_LONG,SINGLE_INSTRUMENT,,COPPER,COPPER,"[""COPPER""]",,,,LONG,100.0,MODEL_ALLOCATION,,DEFAULT_FULL_ALLOCATION,True,[1381.4],1381.4,1372.0,"[1387.0, 1398.0]",1387.0,1398.0,False,False,False,True,0.98,False,AUTO_HIGH_CONFIDENCE,RULE_BASED_AND_CURATED,Buy instruction.,REDUCE_POSITION uses current holding: new_holding = current_holding * (1 - quantity_percent / 100).,1,1,False,READY_FOR_AUTO_APPLY
351,6a1fba3859359ea1faef0ffd,6a0d87fb835de84db3693578,NSE,INDIA_EQUITY,2026-06-03T05:23:04.041Z,2026-06-03T05:23:04.041Z,,50% PROFIT BOOK IN ETERNAL @250.50,50% PROFIT BOOK IN ETERNAL @250.50,3b9c92ddd018c86a,TRADE_ACTION,REDUCE_POSITION,SINGLE_INSTRUMENT,,ETERNAL,ETERNAL,"[""ETERNAL""]",,,,,50.0,CURRENT_HOLDING,0.5,EXPLICIT_PERCENT,False,[250.5],250.5,,[],,,False,False,False,True,0.99,False,AUTO_HIGH_CONFIDENCE,RULE_BASED_AND_CURATED,Explicit percentage reduction of current holding.,REDUCE_POSITION uses current holding: new_holding = current_holding * (1 - quantity_percent / 100).,1,1,False,READY_FOR_AUTO_APPLY
352,6a1fbaac59359ea1faef1030,6a0d87fb835de84db3693578,NSE,INDIA_EQUITY,2026-06-03T05:25:00.668Z,2026-06-03T05:25:00.668Z,,FULL PROFIT BOOK IN SBIN @947,FULL PROFIT BOOK IN SBIN @947,ac9e52cec77afe3a,TRADE_ACTION,CLOSE_POSITION,SINGLE_INSTRUMENT,,SBIN,SBIN,"[""SBIN""]",,,,,100.0,CURRENT_HOLDING,0.0,FULL_EXIT_RULE,False,[947.0],947.0,,[],,,False,False,False,True,0.99,False,AUTO_HIGH_CONFIDENCE,RULE_BASED_AND_CURATED,Explicit full exit.,REDUCE_POSITION uses current holding: new_holding = current_holding * (1 - quantity_percent / 100).,1,1,False,READY_FOR_AUTO_APPLY
353,6a1fbf0c59359ea1faef10db,6a0d881f835de84db369357c,MCX,INDIA_COMMODITY,2026-06-03T05:43:40.461Z,2026-06-03T05:43:40.461Z,,HOLD GOLD WITH SL 158450,HOLD GOLD WITH SL 158450,b10a032e37b3389b,TRADE_UPDATE,UPDATE_STOP_LOSS,SINGLE_INSTRUMENT,,GOLD,GOLD,"[""GOLD""]",,,,,,NONE,,NOT_APPLICABLE,False,[],,158450.0,[],,,False,False,False,True,0.99,False,AUTO_HIGH_CONFIDENCE,RULE_BASED_AND_CURATED,Hold and update stop loss.,REDUCE_POSITION uses current holding: new_holding = current_holding * (1 - quantity_percent / 100).,1,1,False,READY_FOR_AUTO_APPLY
354,6a1fcac059359ea1faef1336,6a0d87fb835de84db3693578,NSE,INDIA_EQUITY,2026-06-03T06:33:36.389Z,2026-06-03T06:33:36.389Z,,POSITIONAL TRADERS 50% PROFIT BOOK IN INFY @1215,POSITIONAL TRADERS 50% PROFIT BOOK IN INFY @1215,6c801f6afea047b8,TRADE_ACTION,REDUCE_POSITION,SINGLE_INSTRUMENT,,INFY,INFY,"[""INFY""]",,,,,50.0,CURRENT_HOLDING,0.5,EXPLICIT_PERCENT,False,[1215.0],1215.0,,[],,,False,False,False,True,0.99,False,AUTO_HIGH_CONFIDENCE,RULE_BASED_AND_CURATED,Explicit percentage reduction of current holding.,REDUCE_POSITION uses current holding: new_holding = current_holding * (1 - quantity_percent / 100).,1,1,False,READY_FOR_AUTO_APPLY
355,6a1fd19359359ea1faef13a9,6a0d87fb835de84db3693578,NSE,INDIA_EQUITY,2026-06-03T07:02:43.547Z,2026-06-03T07:02:43.547Z,,50% PROFIT BOOK IN BANKNIFTY@53890,50% PROFIT BOOK IN BANKNIFTY @53890,57db9ebb2deceb38,TRADE_ACTION,REDUCE_POSITION,SINGLE_INSTRUMENT,,BANKNIFTY,BANKNIFTY,"[""BANKNIFTY""]",,,,,50.0,CURRENT_HOLDING,0.5,EXPLICIT_PERCENT,False,[53890.0],53890.0,,[],,,False,False,False,True,0.99,False,AUTO_HIGH_CONFIDENCE,RULE_BASED_AND_CURATED,Explicit percentage reduction of current holding.,REDUCE_POSITION uses current holding: new_holding = current_holding * (1 - quantity_percent / 100).,1,1,False,READY_FOR_AUTO_APPLY
356,6a1fd27059359ea1faef1473,6a0d87fb835de84db3693578,NSE,INDIA_EQUITY,2026-06-03T07:06:24.207Z,2026-06-03T07:06:24.207Z,,50% PROFIT BOOK IN NIFTY@23430,50% PROFIT BOOK IN NIFTY @23430,7a2165ae07bb861d,TRADE_ACTION,REDUCE_POSITION,SINGLE_INSTRUMENT,,NIFTY,NIFTY,"[""NIFTY""]",,,,,50.0,CURRENT_HOLDING,0.5,EXPLICIT_PERCENT,False,[23430.0],23430.0,,[],,,False,False,False,True,0.99,False,AUTO_HIGH_CONFIDENCE,RULE_BASED_AND_CURATED,Explicit percentage reduction of current holding.,REDUCE_POSITION uses current holding: new_holding = current_holding * (1 - quantity_percent / 100).,2,1,True,READY_FOR_AUTO_APPLY
357,6a1fe34259359ea1faef1613,6a0d87fb835de84db3693578,NSE,INDIA_EQUITY,2026-06-03T08:18:10.268Z,2026-06-03T08:18:10.268Z,,FULL PROFIT BOOK IN BANKNIFTY @54260,FULL PROFIT BOOK IN BANKNIFTY @54260,5572887488a8c012,TRADE_ACTION,CLOSE_POSITION,SINGLE_INSTRUMENT,,BANKNIFTY,BANKNIFTY,"[""BANKNIFTY""]",,,,,100.0,CURRENT_HOLDING,0.0,FULL_EXIT_RULE,False,[54260.0],54260.0,,[],,,False,False,False,True,0.99,False,AUTO_HIGH_CONFIDENCE,RULE_BASED_AND_CURATED,Explicit full exit.,REDUCE_POSITION uses current holding: new_holding = current_holding * (1 - quantity_percent / 100).,1,1,False,READY_FOR_AUTO_APPLY
358,6a1fe38359359ea1faef1644,6a0d87fb835de84db3693578,NSE,INDIA_EQUITY,2026-06-03T08:19:15.988Z,2026-06-03T08:19:15.988Z,,50% PROFIT BOOK IN KOTAKBANK @385,50% PROFIT BOOK IN KOTAKBANK @385,73eeb7cd73356608,TRADE_ACTION,REDUCE_POSITION,SINGLE_INSTRUMENT,,KOTAKBANK,KOTAKBANK,"[""KOTAKBANK""]",,,,,50.0,CURRENT_HOLDING,0.5,EXPLICIT_PERCENT,False,[385.0],385.0,,[],,,False,False,False,True,0.99,False,AUTO_HIGH_CONFIDENCE,RULE_BASED_AND_CURATED,Explicit percentage reduction of current holding.,REDUCE_POSITION uses current holding: new_holding = current_holding * (1 - quantity_percent / 100).,2,1,True,READY_FOR_AUTO_APPLY
359,6a1fe3b659359ea1faef1662,6a0d87fb835de84db3693578,NSE,INDIA_EQUITY,2026-06-03T08:20:06.747Z,2026-06-03T08:20:06.747Z,,FULL PROFIT BOOK IN NIFTY @23500,FULL PROFIT BOOK IN NIFTY @23500,9dbd4df42bbebfe1,TRADE_ACTION,CLOSE_POSITION,SINGLE_INSTRUMENT,,NIFTY,NIFTY,"[""NIFTY""]",,,,,100.0,CURRENT_HOLDING,0.0,FULL_EXIT_RULE,False,[23500.0],23500.0,,[],,,False,False,False,True,0.99,False,AUTO_HIGH_CONFIDENCE,RULE_BASED_AND_CURATED,Explicit full exit.,REDUCE_POSITION uses current holding: new_holding = current_holding * (1 - quantity_percent / 100).,1,1,False,READY_FOR_AUTO_APPLY
360,6a1fe57b59359ea1faef174c,6a0d881f835de84db369357c,MCX,INDIA_COMMODITY,2026-06-03T08:27:39.233Z,2026-06-03T08:27:39.233Z,,INTRADAY TRADERS 50% PROFIT BOOK IN NG @309.10,INTRADAY TRADERS 50% PROFIT BOOK IN NG @309.10,0f65ecb5cbbabc69,TRADE_ACTION,REDUCE_POSITION,SINGLE_INSTRUMENT,,NG,NATURAL_GAS,"[""NATURAL_GAS""]",,,,,50.0,CURRENT_HOLDING,0.5,EXPLICIT_PERCENT,False,[309.1],309.1,,[],,,False,False,False,True,0.99,False,AUTO_HIGH_CONFIDENCE,RULE_BASED_AND_CURATED,Explicit percentage reduction of current holding.,REDUCE_POSITION uses current holding: new_holding = current_holding * (1 - quantity_percent / 100).,1,1,False,READY_FOR_AUTO_APPLY
361,6a1feae359359ea1faef1837,6a0d87fb835de84db3693578,NSE,INDIA_EQUITY,2026-06-03T08:50:43.775Z,2026-06-03T08:50:43.775Z,,50% PROFIT BOOK IN BHARATFORG @1959,50% PROFIT BOOK IN BHARATFORG @1959,560f2345728cebec,TRADE_ACTION,REDUCE_POSITION,SINGLE_INSTRUMENT,,BHARATFORG,BHARATFORG,"[""BHARATFORG""]",,,,,50.0,CURRENT_HOLDING,0.5,EXPLICIT_PERCENT,False,[1959.0],1959.0,,[],,,False,False,False,True,0.99,False,AUTO_HIGH_CONFIDENCE,RULE_BASED_AND_CURATED,Explicit percentage reduction of current holding.,REDUCE_POSITION uses current holding: new_holding = current_holding * (1 - quantity_percent / 100).,1,1,False,READY_FOR_AUTO_APPLY
362,6a1feb8859359ea1faef186f,6a0d881f835de84db369357c,MCX,INDIA_COMMODITY,2026-06-03T08:53:28.160Z,2026-06-03T08:53:28.160Z,,SL TOUCH IN GOLD,SL TOUCH IN GOLD,3ba56b31088a10c0,TRADE_ACTION,CLOSE_POSITION,SINGLE_INSTRUMENT,,GOLD,GOLD,"[""GOLD""]",,,,,100.0,CURRENT_HOLDING,0.0,FULL_EXIT_RULE,False,[],,,[],,,False,False,False,True,0.99,False,AUTO_HIGH_CONFIDENCE,RULE_BASED_AND_CURATED,Stop-loss hit closes current holding.,REDUCE_POSITION uses current holding: new_holding = current_holding * (1 - quantity_percent / 100).,3,2,True,READY_FOR_AUTO_APPLY
363,6a1fece759359ea1faef1943,6a0d8832835de84db3693580,International Market,GLOBAL_COMMODITY,2026-06-03T08:59:19.703Z,2026-06-03T08:59:19.703Z,,SL touch in Gold,SL touch in Gold,3ba56b31088a10c0,TRADE_ACTION,CLOSE_POSITION,SINGLE_INSTRUMENT,,Gold,GOLD,"[""GOLD""]",,,,,100.0,CURRENT_HOLDING,0.0,FULL_EXIT_RULE,False,[],,,[],,,False,False,False,True,0.99,False,AUTO_HIGH_CONFIDENCE,RULE_BASED_AND_CURATED,Stop-loss hit closes current holding.,REDUCE_POSITION uses current holding: new_holding = current_holding * (1 - quantity_percent / 100).,3,3,True,READY_FOR_AUTO_APPLY
364,6a1feebb59359ea1faef19b7,6a0d87fb835de84db3693578,NSE,INDIA_EQUITY,2026-06-03T09:07:07.683Z,2026-06-03T09:07:07.683Z,,SELL TMPV @399 SL 412 TGT 385-380,SELL TMPV @399 SL 412 TGT 385-380,662714b23551d56a,TRADE_ACTION,OPEN_SHORT,SINGLE_INSTRUMENT,,TMPV,TMPV,"[""TMPV""]",,,,SHORT,100.0,MODEL_ALLOCATION,,DEFAULT_FULL_ALLOCATION,True,[399.0],399.0,412.0,"[385.0, 380.0]",385.0,380.0,False,False,False,True,0.96,False,AUTO_HIGH_CONFIDENCE,RULE_BASED_AND_CURATED,Sell/short instruction.,REDUCE_POSITION uses current holding: new_holding = current_holding * (1 - quantity_percent / 100).,1,1,False,READY_FOR_AUTO_APPLY
365,6a1ff5d159359ea1faef1a3e,6a0d87fb835de84db3693578,NSE,INDIA_EQUITY,2026-06-03T09:37:21.168Z,2026-06-03T09:37:21.168Z,,SELL SBIN @979 SL 988 TGT 952- 942,SELL SBIN @979 SL 988 TGT 952- 942,dc8925775b295a81,TRADE_ACTION,OPEN_SHORT,SINGLE_INSTRUMENT,,SBIN,SBIN,"[""SBIN""]",,,,SHORT,100.0,MODEL_ALLOCATION,,DEFAULT_FULL_ALLOCATION,True,[979.0],979.0,988.0,"[952.0, 942.0]",952.0,942.0,False,False,False,True,0.96,False,AUTO_HIGH_CONFIDENCE,RULE_BASED_AND_CURATED,Sell/short instruction.,REDUCE_POSITION uses current holding: new_holding = current_holding * (1 - quantity_percent / 100).,1,1,False,READY_FOR_AUTO_APPLY
366,6a1ff5df59359ea1faef1a59,6a0d87fb835de84db3693578,NSE,INDIA_EQUITY,2026-06-03T09:37:35.282Z,2026-06-03T09:37:35.282Z,,SELL UNIONBANK @168 SL 172 TGT 162-158,SELL UNIONBANK @168 SL 172 TGT 162-158,63db64f1526210ce,TRADE_ACTION,OPEN_SHORT,SINGLE_INSTRUMENT,,UNIONBANK,UNIONBANK,"[""UNIONBANK""]",,,,SHORT,100.0,MODEL_ALLOCATION,,DEFAULT_FULL_ALLOCATION,True,[168.0],168.0,172.0,"[162.0, 158.0]",162.0,158.0,False,False,False,True,0.96,False,AUTO_HIGH_CONFIDENCE,RULE_BASED_AND_CURATED,Sell/short instruction.,REDUCE_POSITION uses current holding: new_holding = current_holding * (1 - quantity_percent / 100).,1,1,False,READY_FOR_AUTO_APPLY
367,6a1ff85f59359ea1faef1aa6,6a0d8832835de84db3693580,International Market,GLOBAL_COMMODITY,2026-06-03T09:48:15.106Z,2026-06-03T09:48:15.106Z,,Part Profit book in NG@ 3.24,Part Profit book in NG @ 3.24,f238a8c885656db6,TRADE_ACTION,REDUCE_POSITION,SINGLE_INSTRUMENT,,NG,NATURAL_GAS,"[""NATURAL_GAS""]",,,,,25.0,CURRENT_HOLDING,0.75,PART_PROFIT_RULE,False,[3.24],3.24,,[],,,False,False,False,True,0.99,False,AUTO_HIGH_CONFIDENCE,RULE_BASED_AND_CURATED,Part/partial profit means sell 25% of current holding.,REDUCE_POSITION uses current holding: new_holding = current_holding * (1 - quantity_percent / 100).,1,1,False,READY_FOR_AUTO_APPLY
368,6a202ca859359ea1faef1e59,6a0d8832835de84db3693580,International Market,GLOBAL_EQUITY,2026-06-03T13:31:20.740Z,2026-06-03T13:31:20.740Z,,Book profit in soxl @280,Book profit in soxl @280,1f5d6b337da69823,TRADE_ACTION,CLOSE_POSITION,SINGLE_INSTRUMENT,,soxl,SOXL,"[""SOXL""]",,,,,100.0,CURRENT_HOLDING,0.0,FULL_EXIT_RULE,False,[280.0],280.0,,[],,,False,False,False,True,0.96,False,AUTO_HIGH_CONFIDENCE,RULE_BASED_AND_CURATED,Unqualified 'book profit' closes all remaining holding.,REDUCE_POSITION uses current holding: new_holding = current_holding * (1 - quantity_percent / 100).,1,1,False,READY_FOR_AUTO_APPLY
369,6a202cee59359ea1faef1e89,6a0d8832835de84db3693580,International Market,GLOBAL_EQUITY,2026-06-03T13:32:30.447Z,2026-06-03T13:32:30.447Z,,Book profit in AMD @538,Book profit in AMD @538,c5d0317823a4e363,TRADE_ACTION,CLOSE_POSITION,SINGLE_INSTRUMENT,,AMD,AMD,"[""AMD""]",,,,,100.0,CURRENT_HOLDING,0.0,FULL_EXIT_RULE,False,[538.0],538.0,,[],,,False,False,False,True,0.96,False,AUTO_HIGH_CONFIDENCE,RULE_BASED_AND_CURATED,Unqualified 'book profit' closes all remaining holding.,REDUCE_POSITION uses current holding: new_holding = current_holding * (1 - quantity_percent / 100).,1,1,False,READY_FOR_AUTO_APPLY
370,6a202d3359359ea1faef1e96,6a0d8832835de84db3693580,International Market,GLOBAL_EQUITY,2026-06-03T13:33:39.593Z,2026-06-03T13:33:39.593Z,,Book 50% profit in wdc @593.50,Book 50% profit in wdc @593.50,fc4cb01f6d8d7e5d,TRADE_ACTION,REDUCE_POSITION,SINGLE_INSTRUMENT,,wdc,WDC,"[""WDC""]",,,,,50.0,CURRENT_HOLDING,0.5,EXPLICIT_PERCENT,False,[593.5],593.5,,[],,,False,False,False,True,0.99,False,AUTO_HIGH_CONFIDENCE,RULE_BASED_AND_CURATED,Explicit percentage reduction of current holding.,REDUCE_POSITION uses current holding: new_holding = current_holding * (1 - quantity_percent / 100).,1,1,False,READY_FOR_AUTO_APPLY
371,6a202ef859359ea1faef1ebe,6a0d8832835de84db3693580,International Market,GLOBAL_EQUITY,2026-06-03T13:41:12.193Z,2026-06-03T13:41:12.193Z,,Buy 50% dell @ 425 for target 460-490,Buy 50% dell @ 425 for target 460-490,7dd1798c95568c2a,TRADE_ACTION,OPEN_LONG,SINGLE_INSTRUMENT,,dell,DELL,"[""DELL""]",,,,LONG,50.0,MODEL_ALLOCATION,,EXPLICIT_PERCENT,False,[425.0],425.0,,"[460.0, 490.0]",460.0,490.0,False,False,False,True,0.98,False,AUTO_HIGH_CONFIDENCE,RULE_BASED_AND_CURATED,Buy instruction.,REDUCE_POSITION uses current holding: new_holding = current_holding * (1 - quantity_percent / 100).,1,1,False,READY_FOR_AUTO_APPLY
372,6a20330559359ea1faef1f1d,6a0d8832835de84db3693580,International Market,GLOBAL_COMMODITY,2026-06-03T13:58:29.358Z,2026-06-03T13:58:29.358Z,,Intraday sl touched in silver july.,Intraday sl touched in silver july.,3ad5d1e53a17b8ef,TRADE_ACTION,CLOSE_POSITION,SINGLE_INSTRUMENT,,silver july,SILVER,"[""SILVER""]",JUL,,,,100.0,CURRENT_HOLDING,0.0,FULL_EXIT_RULE,False,[],,,[],,,False,False,False,True,0.99,False,AUTO_HIGH_CONFIDENCE,RULE_BASED_AND_CURATED,Stop-loss hit closes current holding.,REDUCE_POSITION uses current holding: new_holding = current_holding * (1 - quantity_percent / 100).,1,1,False,READY_FOR_AUTO_APPLY
373,6a20333259359ea1faef1f82,6a0d881f835de84db369357c,MCX,INDIA_COMMODITY,2026-06-03T13:59:14.726Z,2026-06-03T13:59:14.726Z,,SL TOUCHED IN SILVER.,SL TOUCHED IN SILVER.,2143eef02474fb22,TRADE_ACTION,CLOSE_POSITION,SINGLE_INSTRUMENT,,SILVER,SILVER,"[""SILVER""]",,,,,100.0,CURRENT_HOLDING,0.0,FULL_EXIT_RULE,False,[],,,[],,,False,False,False,True,0.99,False,AUTO_HIGH_CONFIDENCE,RULE_BASED_AND_CURATED,Stop-loss hit closes current holding.,REDUCE_POSITION uses current holding: new_holding = current_holding * (1 - quantity_percent / 100).,1,1,False,READY_FOR_AUTO_APPLY
374,6a2033b159359ea1faef1fa1,6a0d8832835de84db3693580,International Market,GLOBAL_COMMODITY,2026-06-03T14:01:21.033Z,2026-06-03T14:01:21.033Z,,Positional buy 50% Copper @ 6.50 for target 6.95-7.00,Positional buy 50% Copper @ 6.50 for target 6.95-7.00,727304ed842c9207,TRADE_ACTION,OPEN_LONG,SINGLE_INSTRUMENT,,Copper,COPPER,"[""COPPER""]",,,,LONG,50.0,MODEL_ALLOCATION,,EXPLICIT_PERCENT,False,[6.5],6.5,,"[6.95, 7.0]",6.95,7.0,False,False,False,True,0.98,False,AUTO_HIGH_CONFIDENCE,RULE_BASED_AND_CURATED,Buy instruction.,REDUCE_POSITION uses current holding: new_holding = current_holding * (1 - quantity_percent / 100).,1,1,False,READY_FOR_AUTO_APPLY
375,6a2034aa59359ea1faef203d,6a0d8832835de84db3693580,International Market,GLOBAL_INDEX_OR_MACRO,2026-06-03T14:05:30.280Z,2026-06-03T14:05:30.280Z,,Buy 50% Dow @ 51000 with S/L 50500 for target 51500-51800,Buy 50% Dow @ 51000 with S/L 50500 for target 51500-51800,e93271e2c7ef7ce1,TRADE_ACTION,OPEN_LONG,SINGLE_INSTRUMENT,,Dow,DOW,"[""DOW""]",,,,LONG,50.0,MODEL_ALLOCATION,,EXPLICIT_PERCENT,False,[51000.0],51000.0,50500.0,"[51500.0, 51800.0]",51500.0,51800.0,False,False,False,True,0.98,False,AUTO_HIGH_CONFIDENCE,RULE_BASED_AND_CURATED,Buy instruction.,REDUCE_POSITION uses current holding: new_holding = current_holding * (1 - quantity_percent / 100).,1,1,False,READY_FOR_AUTO_APPLY
376,6a2034cd59359ea1faef204b,6a0d8832835de84db3693580,International Market,GLOBAL_INDEX_OR_MACRO,2026-06-03T14:06:05.090Z,2026-06-03T14:06:05.090Z,,Second level triggered to buy Russell :,Second level triggered to buy Russell :,7278b79d9203c821,TRADE_ACTION,ADD_LONG,SINGLE_INSTRUMENT,,Russell,RUSSELL,"[""RUSSELL""]",,,,LONG,100.0,MODEL_ALLOCATION,,DEFAULT_FULL_ALLOCATION,True,[],,,[],,,False,False,True,False,0.8,True,REVIEW_REQUIRED,RULE_BASED_AND_CURATED,Context-dependent staged entry. Entry price is absent or context-dependent.,REDUCE_POSITION uses current holding: new_holding = current_holding * (1 - quantity_percent / 100).,1,1,False,MANUAL_OR_CONTEXT_REVIEW
377,6a20361559359ea1faef20d6,6a0d8832835de84db3693580,International Market,GLOBAL_EQUITY,2026-06-03T14:11:33.087Z,2026-06-03T14:11:33.087Z,,Positional buy NVDA @ 216 sl 205 tgt 226-238,Positional buy NVDA @ 216 sl 205 tgt 226-238,95e5c218b570ffff,TRADE_ACTION,OPEN_LONG,SINGLE_INSTRUMENT,,NVDA,NVDA,"[""NVDA""]",,,,LONG,100.0,MODEL_ALLOCATION,,DEFAULT_FULL_ALLOCATION,True,[216.0],216.0,205.0,"[226.0, 238.0]",226.0,238.0,False,False,False,True,0.98,False,AUTO_HIGH_CONFIDENCE,RULE_BASED_AND_CURATED,Buy instruction.,REDUCE_POSITION uses current holding: new_holding = current_holding * (1 - quantity_percent / 100).,1,1,False,READY_FOR_AUTO_APPLY
378,6a203e3059359ea1faef2185,6a0d8832835de84db3693580,International Market,GLOBAL_EQUITY,2026-06-03T14:46:08.798Z,2026-06-03T14:46:08.798Z,,Book 50% profit in SNDK @ 1788,Book 50% profit in SNDK @ 1788,6e62f95b945f2dd7,TRADE_ACTION,REDUCE_POSITION,SINGLE_INSTRUMENT,,SNDK,SNDK,"[""SNDK""]",,,,,50.0,CURRENT_HOLDING,0.5,EXPLICIT_PERCENT,False,[1788.0],1788.0,,[],,,False,False,False,True,0.99,False,AUTO_HIGH_CONFIDENCE,RULE_BASED_AND_CURATED,Explicit percentage reduction of current holding.,REDUCE_POSITION uses current holding: new_holding = current_holding * (1 - quantity_percent / 100).,1,1,False,READY_FOR_AUTO_APPLY
379,6a20473359359ea1faef22e4,6a0d8832835de84db3693580,International Market,GLOBAL_INDEX_OR_MACRO,2026-06-03T15:24:35.662Z,2026-06-03T15:24:35.662Z,,Buy s&p500 @7570 with SL 7550 for target 7615-7645,Buy s&p500 @7570 with SL 7550 for target 7615-7645,7449b3523b760799,TRADE_ACTION,OPEN_LONG,SINGLE_INSTRUMENT,,s&p500,SP500,"[""SP500""]",,,,LONG,100.0,MODEL_ALLOCATION,,DEFAULT_FULL_ALLOCATION,True,[7570.0],7570.0,7550.0,"[7615.0, 7645.0]",7615.0,7645.0,False,False,False,True,0.98,False,AUTO_HIGH_CONFIDENCE,RULE_BASED_AND_CURATED,Buy instruction.,REDUCE_POSITION uses current holding: new_holding = current_holding * (1 - quantity_percent / 100).,1,1,False,READY_FOR_AUTO_APPLY
380,6a20495d59359ea1faef2345,6a0d8832835de84db3693580,International Market,GLOBAL_EQUITY,2026-06-03T15:33:49.738Z,2026-06-03T15:33:49.738Z,,Buy 50% pltr @144.90 with SL 138 for target 154-160,Buy 50% pltr @144.90 with SL 138 for target 154-160,4e6b2c00795ff863,TRADE_ACTION,OPEN_LONG,SINGLE_INSTRUMENT,,pltr,PLTR,"[""PLTR""]",,,,LONG,50.0,MODEL_ALLOCATION,,EXPLICIT_PERCENT,False,[144.9],144.9,138.0,"[154.0, 160.0]",154.0,160.0,False,False,False,True,0.98,False,AUTO_HIGH_CONFIDENCE,RULE_BASED_AND_CURATED,Buy instruction.,REDUCE_POSITION uses current holding: new_holding = current_holding * (1 - quantity_percent / 100).,1,1,False,READY_FOR_AUTO_APPLY
381,6a2055c559359ea1faef242d,6a0d8832835de84db3693580,International Market,GLOBAL_INDEX_OR_MACRO,2026-06-03T16:26:45.018Z,2026-06-03T16:26:45.018Z,,Buy nasdaq @ 30493 with SL 30100 for target 30800-31100,Buy nasdaq @ 30493 with SL 30100 for target 30800-31100,404113f80b044abe,TRADE_ACTION,OPEN_LONG,SINGLE_INSTRUMENT,,nasdaq,NASDAQ,"[""NASDAQ""]",,,,LONG,100.0,MODEL_ALLOCATION,,DEFAULT_FULL_ALLOCATION,True,[30493.0],30493.0,30100.0,"[30800.0, 31100.0]",30800.0,31100.0,False,False,False,True,0.98,False,AUTO_HIGH_CONFIDENCE,RULE_BASED_AND_CURATED,Buy instruction.,REDUCE_POSITION uses current holding: new_holding = current_holding * (1 - quantity_percent / 100).,1,1,False,READY_FOR_AUTO_APPLY
382,6a20599459359ea1faef24e4,6a0d8832835de84db3693580,International Market,GLOBAL_INDEX_OR_MACRO,2026-06-03T16:43:00.541Z,2026-06-03T16:43:00.541Z,,Hold s&p500 with SL 7520,Hold s&p500 with SL 7520,c45692dd29ba80b8,TRADE_UPDATE,UPDATE_STOP_LOSS,SINGLE_INSTRUMENT,,s&p500,SP500,"[""SP500""]",,,,,,NONE,,NOT_APPLICABLE,False,[],,7520.0,[],,,False,False,False,True,0.99,False,AUTO_HIGH_CONFIDENCE,RULE_BASED_AND_CURATED,Hold and update stop loss.,REDUCE_POSITION uses current holding: new_holding = current_holding * (1 - quantity_percent / 100).,1,1,False,READY_FOR_AUTO_APPLY
383,6a20691f59359ea1faef259a,6a0d8832835de84db3693580,International Market,GLOBAL_EQUITY,2026-06-03T17:49:19.210Z,2026-06-03T17:49:19.210Z,,Full Profit book in SNDK @ 1837,Full Profit book in SNDK @ 1837,f7fe25c8188612de,TRADE_ACTION,CLOSE_POSITION,SINGLE_INSTRUMENT,,SNDK,SNDK,"[""SNDK""]",,,,,100.0,CURRENT_HOLDING,0.0,FULL_EXIT_RULE,False,[1837.0],1837.0,,[],,,False,False,False,True,0.99,False,AUTO_HIGH_CONFIDENCE,RULE_BASED_AND_CURATED,Explicit full exit.,REDUCE_POSITION uses current holding: new_holding = current_holding * (1 - quantity_percent / 100).,1,1,False,READY_FOR_AUTO_APPLY
384,6a2069a559359ea1faef25c2,6a0d8832835de84db3693580,International Market,GLOBAL_EQUITY,2026-06-03T17:51:33.885Z,2026-06-03T17:51:33.885Z,,50% Buy AVGO @ 485 sl 470 tgt 504-525,50% Buy AVGO @ 485 sl 470 tgt 504-525,b3092d5fc5e5e2fb,TRADE_ACTION,OPEN_LONG,SINGLE_INSTRUMENT,,AVGO,AVGO,"[""AVGO""]",,,,LONG,50.0,MODEL_ALLOCATION,,EXPLICIT_PERCENT,False,[485.0],485.0,470.0,"[504.0, 525.0]",504.0,525.0,False,False,False,True,0.98,False,AUTO_HIGH_CONFIDENCE,RULE_BASED_AND_CURATED,Buy instruction.,REDUCE_POSITION uses current holding: new_holding = current_holding * (1 - quantity_percent / 100).,1,1,False,READY_FOR_AUTO_APPLY
385,6a20c49359359ea1faef26ef,6a0d8832835de84db3693580,International Market,GLOBAL_INDEX_OR_MACRO,2026-06-04T00:19:31.926Z,2026-06-04T00:19:31.926Z,,Market is expected to move higher in today's session. Buy s&p500 @ 7530 with S/L 7500 for target 7600,Market is expected to move higher in today's session. Buy s&p500 @ 7530 with S/L 7500 for target 7600,df12608cdd3a3960,TRADE_ACTION,OPEN_LONG,SINGLE_INSTRUMENT,,s&p500,SP500,"[""SP500""]",,,,LONG,100.0,MODEL_ALLOCATION,,DEFAULT_FULL_ALLOCATION,True,[7530.0],7530.0,7500.0,[7600.0],7600.0,,False,False,False,True,0.98,False,AUTO_HIGH_CONFIDENCE,RULE_BASED_AND_CURATED,Buy instruction.,REDUCE_POSITION uses current holding: new_holding = current_holding * (1 - quantity_percent / 100).,1,1,False,READY_FOR_AUTO_APPLY
386,6a20c4ba59359ea1faef2727,6a0d8832835de84db3693580,International Market,GLOBAL_EQUITY,2026-06-04T00:20:10.114Z,2026-06-04T00:20:10.114Z,,CMP of S&P500^ 7528*,CMP of S&P500^ 7528*,ce6ba13b9996e2af,NON_TRADE,MARKET_COMMENTARY,NONE,,,,[],,,,,,NONE,,NOT_APPLICABLE,False,[],,,[],,,False,False,False,False,0.92,False,AUTO_HIGH_CONFIDENCE,RULE_BASED_AND_CURATED,Market information; no direct execution.,REDUCE_POSITION uses current holding: new_holding = current_holding * (1 - quantity_percent / 100).,1,1,False,NON_EXECUTABLE
387,6a20c55259359ea1faef2737,6a0d8832835de84db3693580,International Market,GLOBAL_EQUITY,2026-06-04T00:22:42.267Z,2026-06-04T00:22:42.267Z,,Add long position in Nasdaq @ 30300 (when triggered) with S/L 30100 for target 30600-30700.,Add long position in Nasdaq @ 30300 (when triggered) with S/L 30100 for target 30600-30700.,31c3dd90cfc7d95f,TRADE_CONTROL,CONDITIONAL_INSTRUCTION,NONE,,,,[],,,,,,NONE,,NOT_APPLICABLE,False,[30300.0],30300.0,30100.0,"[30600.0, 30700.0]",30600.0,30700.0,False,False,True,False,0.88,True,REVIEW_REQUIRED,RULE_BASED_AND_CURATED,Conditional instruction requiring external state.,REDUCE_POSITION uses current holding: new_holding = current_holding * (1 - quantity_percent / 100).,1,1,False,MANUAL_OR_CONTEXT_REVIEW
388,6a20f4ec59359ea1faef29e3,6a0d87fb835de84db3693578,NSE,INDIA_EQUITY,2026-06-04T03:45:48.347Z,2026-06-04T03:45:48.347Z,,50% PROFIT BOOK IN TMPV @394,50% PROFIT BOOK IN TMPV @394,d8f1cafec4cfd934,TRADE_ACTION,REDUCE_POSITION,SINGLE_INSTRUMENT,,TMPV,TMPV,"[""TMPV""]",,,,,50.0,CURRENT_HOLDING,0.5,EXPLICIT_PERCENT,False,[394.0],394.0,,[],,,False,False,False,True,0.99,False,AUTO_HIGH_CONFIDENCE,RULE_BASED_AND_CURATED,Explicit percentage reduction of current holding.,REDUCE_POSITION uses current holding: new_holding = current_holding * (1 - quantity_percent / 100).,2,1,True,READY_FOR_AUTO_APPLY
389,6a20f51459359ea1faef2a35,6a0d87fb835de84db3693578,NSE,INDIA_EQUITY,2026-06-04T03:46:28.555Z,2026-06-04T03:46:28.555Z,,50% PROFIT BOOK IN SBIN @972,50% PROFIT BOOK IN SBIN @972,c2d3ab4c98053a29,TRADE_ACTION,REDUCE_POSITION,SINGLE_INSTRUMENT,,SBIN,SBIN,"[""SBIN""]",,,,,50.0,CURRENT_HOLDING,0.5,EXPLICIT_PERCENT,False,[972.0],972.0,,[],,,False,False,False,True,0.99,False,AUTO_HIGH_CONFIDENCE,RULE_BASED_AND_CURATED,Explicit percentage reduction of current holding.,REDUCE_POSITION uses current holding: new_holding = current_holding * (1 - quantity_percent / 100).,1,1,False,READY_FOR_AUTO_APPLY
390,6a20f59559359ea1faef2a9c,6a0d87fb835de84db3693578,NSE,INDIA_EQUITY,2026-06-04T03:48:37.771Z,2026-06-04T03:48:37.771Z,,50% PROFIT BOOK IN HINDPETRO @390.50,50% PROFIT BOOK IN HINDPETRO @390.50,47354b98dd6b3fbb,TRADE_ACTION,REDUCE_POSITION,SINGLE_INSTRUMENT,,HINDPETRO,HINDPETRO,"[""HINDPETRO""]",,,,,50.0,CURRENT_HOLDING,0.5,EXPLICIT_PERCENT,False,[390.5],390.5,,[],,,False,False,False,True,0.99,False,AUTO_HIGH_CONFIDENCE,RULE_BASED_AND_CURATED,Explicit percentage reduction of current holding.,REDUCE_POSITION uses current holding: new_holding = current_holding * (1 - quantity_percent / 100).,1,1,False,READY_FOR_AUTO_APPLY
391,6a20f5aa59359ea1faef2ac3,6a0d87fb835de84db3693578,NSE,INDIA_EQUITY,2026-06-04T03:48:58.474Z,2026-06-04T03:48:58.474Z,,FULL PROFIT BOOK IN BHARATFORG@1965,FULL PROFIT BOOK IN BHARATFORG @1965,22542b3f49194623,TRADE_ACTION,CLOSE_POSITION,SINGLE_INSTRUMENT,,BHARATFORG,BHARATFORG,"[""BHARATFORG""]",,,,,100.0,CURRENT_HOLDING,0.0,FULL_EXIT_RULE,False,[1965.0],1965.0,,[],,,False,False,False,True,0.99,False,AUTO_HIGH_CONFIDENCE,RULE_BASED_AND_CURATED,Explicit full exit.,REDUCE_POSITION uses current holding: new_holding = current_holding * (1 - quantity_percent / 100).,1,1,False,READY_FOR_AUTO_APPLY
392,6a20f5ba59359ea1faef2ad7,6a0d87fb835de84db3693578,NSE,INDIA_EQUITY,2026-06-04T03:49:14.327Z,2026-06-04T03:49:14.327Z,,50% PROFIT BOOK IN HINDALCO @1137,50% PROFIT BOOK IN HINDALCO @1137,16290ee5cd52ce18,TRADE_ACTION,REDUCE_POSITION,SINGLE_INSTRUMENT,,HINDALCO,HINDALCO,"[""HINDALCO""]",,,,,50.0,CURRENT_HOLDING,0.5,EXPLICIT_PERCENT,False,[1137.0],1137.0,,[],,,False,False,False,True,0.99,False,AUTO_HIGH_CONFIDENCE,RULE_BASED_AND_CURATED,Explicit percentage reduction of current holding.,REDUCE_POSITION uses current holding: new_holding = current_holding * (1 - quantity_percent / 100).,1,1,False,READY_FOR_AUTO_APPLY
393,6a20f5ea59359ea1faef2afc,6a0d87fb835de84db3693578,NSE,INDIA_EQUITY,2026-06-04T03:50:02.990Z,2026-06-04T03:50:02.990Z,,BUY RELIANCE @1311 SL 1280 TGT 1350-1400,BUY RELIANCE @1311 SL 1280 TGT 1350-1400,2eaeea396b3d18b7,TRADE_ACTION,OPEN_LONG,SINGLE_INSTRUMENT,,RELIANCE,RELIANCE,"[""RELIANCE""]",,,,LONG,100.0,MODEL_ALLOCATION,,DEFAULT_FULL_ALLOCATION,True,[1311.0],1311.0,1280.0,"[1350.0, 1400.0]",1350.0,1400.0,False,False,False,True,0.98,False,AUTO_HIGH_CONFIDENCE,RULE_BASED_AND_CURATED,Buy instruction.,REDUCE_POSITION uses current holding: new_holding = current_holding * (1 - quantity_percent / 100).,1,1,False,READY_FOR_AUTO_APPLY
394,6a20f63959359ea1faef2b37,6a0d87fb835de84db3693578,NSE,INDIA_EQUITY,2026-06-04T03:51:21.824Z,2026-06-04T03:51:21.824Z,,DELIVERY : BUY SILVERBEES @245 TGT 275-350,DELIVERY : BUY SILVERBEES @245 TGT 275-350,bd6e369012adbc40,TRADE_ACTION,OPEN_LONG,SINGLE_INSTRUMENT,,SILVERBEES,SILVERBEES,"[""SILVERBEES""]",,,,LONG,100.0,MODEL_ALLOCATION,,DEFAULT_FULL_ALLOCATION,True,[245.0],245.0,,"[275.0, 350.0]",275.0,350.0,False,False,False,True,0.98,False,AUTO_HIGH_CONFIDENCE,RULE_BASED_AND_CURATED,Buy instruction.,REDUCE_POSITION uses current holding: new_holding = current_holding * (1 - quantity_percent / 100).,1,1,False,READY_FOR_AUTO_APPLY
395,6a20f67a59359ea1faef2b4b,6a0d87fb835de84db3693578,NSE,INDIA_EQUITY,2026-06-04T03:52:26.135Z,2026-06-04T03:52:26.135Z,,BUY KOTAKBANK @381.70 SL 377 TGT 386-390,BUY KOTAKBANK @381.70 SL 377 TGT 386-390,c72fa6fa6efe8632,TRADE_ACTION,OPEN_LONG,SINGLE_INSTRUMENT,,KOTAKBANK,KOTAKBANK,"[""KOTAKBANK""]",,,,LONG,100.0,MODEL_ALLOCATION,,DEFAULT_FULL_ALLOCATION,True,[381.7],381.7,377.0,"[386.0, 390.0]",386.0,390.0,False,False,False,True,0.98,False,AUTO_HIGH_CONFIDENCE,RULE_BASED_AND_CURATED,Buy instruction.,REDUCE_POSITION uses current holding: new_holding = current_holding * (1 - quantity_percent / 100).,1,1,False,READY_FOR_AUTO_APPLY
396,6a20f69759359ea1faef2ba4,6a0d87fb835de84db3693578,NSE,INDIA_EQUITY,2026-06-04T03:52:55.214Z,2026-06-04T03:52:55.214Z,,FULL PROFIT BOOK IN HINDPETRO @393,FULL PROFIT BOOK IN HINDPETRO @393,3acb1c059144d947,TRADE_ACTION,CLOSE_POSITION,SINGLE_INSTRUMENT,,HINDPETRO,HINDPETRO,"[""HINDPETRO""]",,,,,100.0,CURRENT_HOLDING,0.0,FULL_EXIT_RULE,False,[393.0],393.0,,[],,,False,False,False,True,0.99,False,AUTO_HIGH_CONFIDENCE,RULE_BASED_AND_CURATED,Explicit full exit.,REDUCE_POSITION uses current holding: new_holding = current_holding * (1 - quantity_percent / 100).,1,1,False,READY_FOR_AUTO_APPLY
397,6a20f73359359ea1faef2cbc,6a0d87fb835de84db3693578,NSE,INDIA_EQUITY,2026-06-04T03:55:31.123Z,2026-06-04T03:55:31.123Z,,POSITIONAL FULL PROFIT BOOK IN INFY @1209,POSITIONAL FULL PROFIT BOOK IN INFY @1209,a4448c198db7bc84,TRADE_ACTION,CLOSE_POSITION,SINGLE_INSTRUMENT,,INFY,INFY,"[""INFY""]",,,,,100.0,CURRENT_HOLDING,0.0,FULL_EXIT_RULE,False,[1209.0],1209.0,,[],,,False,False,False,True,0.99,False,AUTO_HIGH_CONFIDENCE,RULE_BASED_AND_CURATED,Explicit full exit.,REDUCE_POSITION uses current holding: new_holding = current_holding * (1 - quantity_percent / 100).,1,1,False,READY_FOR_AUTO_APPLY
398,6a20f7ae59359ea1faef2d2d,6a0d87fb835de84db3693578,NSE,INDIA_EQUITY,2026-06-04T03:57:34.971Z,2026-06-04T03:57:34.971Z,,BUY IEX @125 SL 122 TGT 128-130,BUY IEX @125 SL 122 TGT 128-130,22a0f41d27d94977,TRADE_ACTION,OPEN_LONG,SINGLE_INSTRUMENT,,IEX,IEX,"[""IEX""]",,,,LONG,100.0,MODEL_ALLOCATION,,DEFAULT_FULL_ALLOCATION,True,[125.0],125.0,122.0,"[128.0, 130.0]",128.0,130.0,False,False,False,True,0.98,False,AUTO_HIGH_CONFIDENCE,RULE_BASED_AND_CURATED,Buy instruction.,REDUCE_POSITION uses current holding: new_holding = current_holding * (1 - quantity_percent / 100).,1,1,False,READY_FOR_AUTO_APPLY
399,6a20f90559359ea1faef2da0,6a0d87fb835de84db3693578,NSE,INDIA_EQUITY,2026-06-04T04:03:17.433Z,2026-06-04T04:03:17.433Z,,BUY HDFCLIFE @574 SL 560 TGT 600-620,BUY HDFCLIFE @574 SL 560 TGT 600-620,cb8e8ca7f6112483,TRADE_ACTION,OPEN_LONG,SINGLE_INSTRUMENT,,HDFCLIFE,HDFCLIFE,"[""HDFCLIFE""]",,,,LONG,100.0,MODEL_ALLOCATION,,DEFAULT_FULL_ALLOCATION,True,[574.0],574.0,560.0,"[600.0, 620.0]",600.0,620.0,False,False,False,True,0.98,False,AUTO_HIGH_CONFIDENCE,RULE_BASED_AND_CURATED,Buy instruction.,REDUCE_POSITION uses current holding: new_holding = current_holding * (1 - quantity_percent / 100).,1,1,False,READY_FOR_AUTO_APPLY
400,6a20fa6159359ea1faef2f74,6a0d87fb835de84db3693578,NSE,INDIA_EQUITY,2026-06-04T04:09:05.007Z,2026-06-04T04:09:05.007Z,,FULL PROFIT BOOK IN ETERNAL @253.50,FULL PROFIT BOOK IN ETERNAL @253.50,421b5bfc3d9465b7,TRADE_ACTION,CLOSE_POSITION,SINGLE_INSTRUMENT,,ETERNAL,ETERNAL,"[""ETERNAL""]",,,,,100.0,CURRENT_HOLDING,0.0,FULL_EXIT_RULE,False,[253.5],253.5,,[],,,False,False,False,True,0.99,False,AUTO_HIGH_CONFIDENCE,RULE_BASED_AND_CURATED,Explicit full exit.,REDUCE_POSITION uses current holding: new_holding = current_holding * (1 - quantity_percent / 100).,1,1,False,READY_FOR_AUTO_APPLY
401,6a20fe4e59359ea1faef31a1,6a20fde959359ea1faef3149,Astrology Guide,ASTROLOGY,2026-06-04T04:25:50.193Z,2026-06-04T04:25:50.193Z,,"Sun Sign: Reflects your core identity, ego, and life purpose","Sun Sign: Reflects your core identity, ego, and life purpose",5ed72241cbf95e84,NON_TRADE,ASTROLOGY_CONTENT,NONE,,,,[],,,,,,NONE,,NOT_APPLICABLE,False,[],,,[],,,False,False,False,False,0.99,False,AUTO_HIGH_CONFIDENCE,RULE_BASED_AND_CURATED,Astrology educational content.,REDUCE_POSITION uses current holding: new_holding = current_holding * (1 - quantity_percent / 100).,1,1,False,NON_EXECUTABLE
402,6a20fe6959359ea1faef31ae,6a20fde959359ea1faef3149,Astrology Guide,ASTROLOGY,2026-06-04T04:26:17.787Z,2026-06-04T04:26:17.787Z,,"Moon Sign: Represents your emotional nature, mind, and inner feelings","Moon Sign: Represents your emotional nature, mind, and inner feelings",8f772eff964f873c,NON_TRADE,ASTROLOGY_CONTENT,NONE,,,,[],,,,,,NONE,,NOT_APPLICABLE,False,[],,,[],,,False,False,False,False,0.99,False,AUTO_HIGH_CONFIDENCE,RULE_BASED_AND_CURATED,Astrology educational content.,REDUCE_POSITION uses current holding: new_holding = current_holding * (1 - quantity_percent / 100).,1,1,False,NON_EXECUTABLE
403,6a20fe7759359ea1faef31bb,6a20fde959359ea1faef3149,Astrology Guide,ASTROLOGY,2026-06-04T04:26:31.399Z,2026-06-04T04:26:31.399Z,,"Houses: The 12 segments of your chart, each governing specific life areas.","Houses: The 12 segments of your chart, each governing specific life areas.",f3ee08abd69df0b8,NON_TRADE,ASTROLOGY_CONTENT,NONE,,,,[],,,,,,NONE,,NOT_APPLICABLE,False,[],,,[],,,False,False,False,False,0.99,False,AUTO_HIGH_CONFIDENCE,RULE_BASED_AND_CURATED,Astrology educational content.,REDUCE_POSITION uses current holding: new_holding = current_holding * (1 - quantity_percent / 100).,1,1,False,NON_EXECUTABLE
404,6a20fe8259359ea1faef31c8,6a20fde959359ea1faef3149,Astrology Guide,ASTROLOGY,2026-06-04T04:26:42.672Z,2026-06-04T04:26:42.672Z,,Planets: Celestial bodies that act as active energies in various life houses.,Planets: Celestial bodies that act as active energies in various life houses.,904871040beb712d,NON_TRADE,ASTROLOGY_CONTENT,NONE,,,,[],,,,,,NONE,,NOT_APPLICABLE,False,[],,,[],,,False,False,False,False,0.99,False,AUTO_HIGH_CONFIDENCE,RULE_BASED_AND_CURATED,Astrology educational content.,REDUCE_POSITION uses current holding: new_holding = current_holding * (1 - quantity_percent / 100).,1,1,False,NON_EXECUTABLE
405,6a20fe9559359ea1faef31d5,6a20fde959359ea1faef3149,Astrology Guide,ASTROLOGY,2026-06-04T04:27:01.711Z,2026-06-04T04:27:01.711Z,,"Nakshatras: The 27 lunar constellations that provide deeper, micro-level predictions for your soul.","Nakshatras: The 27 lunar constellations that provide deeper, micro-level predictions for your soul.",d3ee82b10edeae22,NON_TRADE,ASTROLOGY_CONTENT,NONE,,,,[],,,,,,NONE,,NOT_APPLICABLE,False,[],,,[],,,False,False,False,False,0.99,False,AUTO_HIGH_CONFIDENCE,RULE_BASED_AND_CURATED,Astrology educational content.,REDUCE_POSITION uses current holding: new_holding = current_holding * (1 - quantity_percent / 100).,1,1,False,NON_EXECUTABLE
406,6a20ff5259359ea1faef31e2,6a0d87fb835de84db3693578,NSE,INDIA_EQUITY,2026-06-04T04:30:10.450Z,2026-06-04T04:30:10.450Z,,SELL SBIN @983.50 SL 992 TGT 973-963,SELL SBIN @983.50 SL 992 TGT 973-963,c0a42b5ce43242c2,TRADE_ACTION,OPEN_SHORT,SINGLE_INSTRUMENT,,SBIN,SBIN,"[""SBIN""]",,,,SHORT,100.0,MODEL_ALLOCATION,,DEFAULT_FULL_ALLOCATION,True,[983.5],983.5,992.0,"[973.0, 963.0]",973.0,963.0,False,False,False,True,0.96,False,AUTO_HIGH_CONFIDENCE,RULE_BASED_AND_CURATED,Sell/short instruction.,REDUCE_POSITION uses current holding: new_holding = current_holding * (1 - quantity_percent / 100).,1,1,False,READY_FOR_AUTO_APPLY
407,6a2102ab59359ea1faef3249,6a0d87fb835de84db3693578,NSE,INDIA_EQUITY,2026-06-04T04:44:27.272Z,2026-06-04T04:44:27.272Z,,50% PROFIT BOOK IN KOTAKBANK @385,50% PROFIT BOOK IN KOTAKBANK @385,73eeb7cd73356608,TRADE_ACTION,REDUCE_POSITION,SINGLE_INSTRUMENT,,KOTAKBANK,KOTAKBANK,"[""KOTAKBANK""]",,,,,50.0,CURRENT_HOLDING,0.5,EXPLICIT_PERCENT,False,[385.0],385.0,,[],,,False,False,False,True,0.99,False,AUTO_HIGH_CONFIDENCE,RULE_BASED_AND_CURATED,Explicit percentage reduction of current holding.,REDUCE_POSITION uses current holding: new_holding = current_holding * (1 - quantity_percent / 100).,2,2,True,READY_FOR_AUTO_APPLY
408,6a211cc959359ea1faef343e,6a0d87fb835de84db3693578,NSE,INDIA_EQUITY,2026-06-04T06:35:53.919Z,2026-06-04T06:35:53.919Z,,BUY WIPRO @182.60 SL 178 TGT 188-194,BUY WIPRO @182.60 SL 178 TGT 188-194,2d3659441eca5402,TRADE_ACTION,OPEN_LONG,SINGLE_INSTRUMENT,,WIPRO,WIPRO,"[""WIPRO""]",,,,LONG,100.0,MODEL_ALLOCATION,,DEFAULT_FULL_ALLOCATION,True,[182.6],182.6,178.0,"[188.0, 194.0]",188.0,194.0,False,False,False,True,0.98,False,AUTO_HIGH_CONFIDENCE,RULE_BASED_AND_CURATED,Buy instruction.,REDUCE_POSITION uses current holding: new_holding = current_holding * (1 - quantity_percent / 100).,1,1,False,READY_FOR_AUTO_APPLY
409,6a21206559359ea1faef34da,6a0d881f835de84db369357c,MCX,INDIA_COMMODITY,2026-06-04T06:51:17.752Z,2026-06-04T06:51:17.752Z,,POSITIONAL BUY COPPER @1362 SL 1354 TGT 1381-1392,POSITIONAL BUY COPPER @1362 SL 1354 TGT 1381-1392,7436bdd6c4de3758,TRADE_ACTION,OPEN_LONG,SINGLE_INSTRUMENT,,COPPER,COPPER,"[""COPPER""]",,,,LONG,100.0,MODEL_ALLOCATION,,DEFAULT_FULL_ALLOCATION,True,[1362.0],1362.0,1354.0,"[1381.0, 1392.0]",1381.0,1392.0,False,False,False,True,0.98,False,AUTO_HIGH_CONFIDENCE,RULE_BASED_AND_CURATED,Buy instruction.,REDUCE_POSITION uses current holding: new_holding = current_holding * (1 - quantity_percent / 100).,1,1,False,READY_FOR_AUTO_APPLY
410,6a21392a59359ea1faef36be,6a0d87fb835de84db3693578,NSE,INDIA_EQUITY,2026-06-04T08:36:58.358Z,2026-06-04T08:36:58.358Z,,SELL TMPV @400 SL 412 TGT 392-382,SELL TMPV @400 SL 412 TGT 392-382,0a08746d9e5612b9,TRADE_ACTION,OPEN_SHORT,SINGLE_INSTRUMENT,,TMPV,TMPV,"[""TMPV""]",,,,SHORT,100.0,MODEL_ALLOCATION,,DEFAULT_FULL_ALLOCATION,True,[400.0],400.0,412.0,"[392.0, 382.0]",392.0,382.0,False,False,False,True,0.96,False,AUTO_HIGH_CONFIDENCE,RULE_BASED_AND_CURATED,Sell/short instruction.,REDUCE_POSITION uses current holding: new_holding = current_holding * (1 - quantity_percent / 100).,1,1,False,READY_FOR_AUTO_APPLY
411,6a21404959359ea1faef378a,6a0d881f835de84db369357c,MCX,INDIA_COMMODITY,2026-06-04T09:07:21.313Z,2026-06-04T09:08:22.953Z,2026-06-04T09:08:22.953Z,INTRADAY 50% PROFIT BOOK IN COPPER @1369.50,INTRADAY 50% PROFIT BOOK IN COPPER @1369.50,790ead988380738b,TRADE_ACTION,REDUCE_POSITION,SINGLE_INSTRUMENT,,COPPER,COPPER,"[""COPPER""]",,,,,50.0,CURRENT_HOLDING,0.5,EXPLICIT_PERCENT,False,[1369.5],1369.5,,[],,,False,False,False,True,0.99,False,AUTO_HIGH_CONFIDENCE,RULE_BASED_AND_CURATED,Explicit percentage reduction of current holding.,REDUCE_POSITION uses current holding: new_holding = current_holding * (1 - quantity_percent / 100).,1,1,False,READY_FOR_AUTO_APPLY
412,6a21406559359ea1faef37cc,6a0d87fb835de84db3693578,NSE,INDIA_EQUITY,2026-06-04T09:07:49.768Z,2026-06-04T09:07:49.768Z,,50% PROFIT BOOK IN COALINDIA @488,50% PROFIT BOOK IN COALINDIA @488,8600450df601b267,TRADE_ACTION,REDUCE_POSITION,SINGLE_INSTRUMENT,,COALINDIA,COALINDIA,"[""COALINDIA""]",,,,,50.0,CURRENT_HOLDING,0.5,EXPLICIT_PERCENT,False,[488.0],488.0,,[],,,False,False,False,True,0.99,False,AUTO_HIGH_CONFIDENCE,RULE_BASED_AND_CURATED,Explicit percentage reduction of current holding.,REDUCE_POSITION uses current holding: new_holding = current_holding * (1 - quantity_percent / 100).,1,1,False,READY_FOR_AUTO_APPLY
413,6a21490459359ea1faef3963,6a0d87fb835de84db3693578,NSE,INDIA_EQUITY,2026-06-04T09:44:36.018Z,2026-06-04T09:44:36.018Z,,50% PROFIT BOOK IN WIPRO @183.95,50% PROFIT BOOK IN WIPRO @183.95,4810ce757c7e05ed,TRADE_ACTION,REDUCE_POSITION,SINGLE_INSTRUMENT,,WIPRO,WIPRO,"[""WIPRO""]",,,,,50.0,CURRENT_HOLDING,0.5,EXPLICIT_PERCENT,False,[183.95],183.95,,[],,,False,False,False,True,0.99,False,AUTO_HIGH_CONFIDENCE,RULE_BASED_AND_CURATED,Explicit percentage reduction of current holding.,REDUCE_POSITION uses current holding: new_holding = current_holding * (1 - quantity_percent / 100).,1,1,False,READY_FOR_AUTO_APPLY
414,6a216753109e0591bbf6d472,6a0d881f835de84db369357c,MCX,INDIA_COMMODITY,2026-06-04T11:53:55.051Z,2026-06-04T11:53:55.051Z,,Day traders Part Profit book in gold@ 160200,Day traders Part Profit book in gold @ 160200,4ce528331a629bf5,TRADE_ACTION,REDUCE_POSITION,SINGLE_INSTRUMENT,,gold,GOLD,"[""GOLD""]",,,,,25.0,CURRENT_HOLDING,0.75,PART_PROFIT_RULE,False,[160200.0],160200.0,,[],,,False,False,False,True,0.99,False,AUTO_HIGH_CONFIDENCE,RULE_BASED_AND_CURATED,Part/partial profit means sell 25% of current holding.,REDUCE_POSITION uses current holding: new_holding = current_holding * (1 - quantity_percent / 100).,1,1,False,READY_FOR_AUTO_APPLY
415,6a21679d109e0591bbf6d56e,6a0d8832835de84db3693580,International Market,GLOBAL_COMMODITY,2026-06-04T11:55:09.953Z,2026-06-04T11:55:09.953Z,,Day traders Part Profit book in gold aug@ 4532,Day traders Part Profit book in gold aug @ 4532,eb220d413e484f2b,TRADE_ACTION,REDUCE_POSITION,SINGLE_INSTRUMENT,,gold aug,GOLD,"[""GOLD""]",AUG,,,,25.0,CURRENT_HOLDING,0.75,PART_PROFIT_RULE,False,[4532.0],4532.0,,[],,,False,False,False,True,0.99,False,AUTO_HIGH_CONFIDENCE,RULE_BASED_AND_CURATED,Part/partial profit means sell 25% of current holding.,REDUCE_POSITION uses current holding: new_holding = current_holding * (1 - quantity_percent / 100).,1,1,False,READY_FOR_AUTO_APPLY
416,6a21687d109e0591bbf6d5a5,6a0d8832835de84db3693580,International Market,GLOBAL_COMMODITY,2026-06-04T11:58:53.083Z,2026-06-04T11:58:53.083Z,,Part Profit book in crude@ 42.48,Part Profit book in crude @ 42.48,7f5e4816307f6af8,TRADE_ACTION,REDUCE_POSITION,SINGLE_INSTRUMENT,,crude,CRUDE,"[""CRUDE""]",,,,,25.0,CURRENT_HOLDING,0.75,PART_PROFIT_RULE,False,[42.48],42.48,,[],,,False,False,False,True,0.99,False,AUTO_HIGH_CONFIDENCE,RULE_BASED_AND_CURATED,Part/partial profit means sell 25% of current holding.,REDUCE_POSITION uses current holding: new_holding = current_holding * (1 - quantity_percent / 100).,1,1,False,READY_FOR_AUTO_APPLY
417,6a2168db109e0591bbf6d5d9,6a0d881f835de84db369357c,MCX,INDIA_COMMODITY,2026-06-04T12:00:27.927Z,2026-06-04T12:00:27.927Z,,Part Profit book in crude @8850,Part Profit book in crude @8850,853480c5638c6ec0,TRADE_ACTION,REDUCE_POSITION,SINGLE_INSTRUMENT,,crude,CRUDE,"[""CRUDE""]",,,,,25.0,CURRENT_HOLDING,0.75,PART_PROFIT_RULE,False,[8850.0],8850.0,,[],,,False,False,False,True,0.99,False,AUTO_HIGH_CONFIDENCE,RULE_BASED_AND_CURATED,Part/partial profit means sell 25% of current holding.,REDUCE_POSITION uses current holding: new_holding = current_holding * (1 - quantity_percent / 100).,1,1,False,READY_FOR_AUTO_APPLY
418,6a216979109e0591bbf6d5f6,6a0d881f835de84db369357c,MCX,INDIA_COMMODITY,2026-06-04T12:03:05.231Z,2026-06-04T12:03:05.231Z,,Day traders full Profit book in copper @ 1375,Day traders full Profit book in copper @ 1375,d3b82fe6f5aaf4a5,TRADE_ACTION,CLOSE_POSITION,SINGLE_INSTRUMENT,,copper,COPPER,"[""COPPER""]",,,,,100.0,CURRENT_HOLDING,0.0,FULL_EXIT_RULE,False,[1375.0],1375.0,,[],,,False,False,False,True,0.99,False,AUTO_HIGH_CONFIDENCE,RULE_BASED_AND_CURATED,Explicit full exit.,REDUCE_POSITION uses current holding: new_holding = current_holding * (1 - quantity_percent / 100).,1,1,False,READY_FOR_AUTO_APPLY
419,6a217fba109e0591bbf6d757,6a0d8832835de84db3693580,International Market,GLOBAL_COMMODITY,2026-06-04T13:38:02.227Z,2026-06-04T13:38:02.227Z,,Day traders book part profit in silver July @75.07,Day traders book part profit in silver July @75.07,0f2cd886f657f11a,TRADE_ACTION,REDUCE_POSITION,SINGLE_INSTRUMENT,,silver July,SILVER,"[""SILVER""]",JUL,,,,25.0,CURRENT_HOLDING,0.75,PART_PROFIT_RULE,False,[75.07],75.07,,[],,,False,False,False,True,0.99,False,AUTO_HIGH_CONFIDENCE,RULE_BASED_AND_CURATED,Part/partial profit means sell 25% of current holding.,REDUCE_POSITION uses current holding: new_holding = current_holding * (1 - quantity_percent / 100).,1,1,False,READY_FOR_AUTO_APPLY
420,6a217feb109e0591bbf6d7ad,6a0d881f835de84db369357c,MCX,INDIA_COMMODITY,2026-06-04T13:38:51.122Z,2026-06-04T13:38:51.122Z,,Day traders book 50% profit in silver @267000,Day traders book 50% profit in silver @267000,9e4aed109c763d0a,TRADE_ACTION,REDUCE_POSITION,SINGLE_INSTRUMENT,,silver,SILVER,"[""SILVER""]",,,,,50.0,CURRENT_HOLDING,0.5,EXPLICIT_PERCENT,False,[267000.0],267000.0,,[],,,False,False,False,True,0.99,False,AUTO_HIGH_CONFIDENCE,RULE_BASED_AND_CURATED,Explicit percentage reduction of current holding.,REDUCE_POSITION uses current holding: new_holding = current_holding * (1 - quantity_percent / 100).,1,1,False,READY_FOR_AUTO_APPLY
421,6a21806e109e0591bbf6d848,6a0d881f835de84db369357c,MCX,INDIA_COMMODITY,2026-06-04T13:41:02.913Z,2026-06-04T13:41:02.913Z,,Buy aluminium @ 389.40 with SL 387 for target 392-394,Buy aluminium @ 389.40 with SL 387 for target 392-394,4512190fc0db1a68,TRADE_ACTION,OPEN_LONG,SINGLE_INSTRUMENT,,aluminium,ALUMINIUM,"[""ALUMINIUM""]",,,,LONG,100.0,MODEL_ALLOCATION,,DEFAULT_FULL_ALLOCATION,True,[389.4],389.4,387.0,"[392.0, 394.0]",392.0,394.0,False,False,False,True,0.98,False,AUTO_HIGH_CONFIDENCE,RULE_BASED_AND_CURATED,Buy instruction.,REDUCE_POSITION uses current holding: new_holding = current_holding * (1 - quantity_percent / 100).,1,1,False,READY_FOR_AUTO_APPLY
422,6a218094109e0591bbf6d86c,6a0d881f835de84db369357c,MCX,INDIA_COMMODITY,2026-06-04T13:41:40.179Z,2026-06-04T13:41:40.179Z,,Book 50% profit in ng @3.31,Book 50% profit in ng @3.31,2332595e0743b57d,TRADE_ACTION,REDUCE_POSITION,SINGLE_INSTRUMENT,,ng,NATURAL_GAS,"[""NATURAL_GAS""]",,,,,50.0,CURRENT_HOLDING,0.5,EXPLICIT_PERCENT,False,[3.31],3.31,,[],,,False,False,False,True,0.99,False,AUTO_HIGH_CONFIDENCE,RULE_BASED_AND_CURATED,Explicit percentage reduction of current holding.,REDUCE_POSITION uses current holding: new_holding = current_holding * (1 - quantity_percent / 100).,2,1,True,READY_FOR_AUTO_APPLY
423,6a2180a9109e0591bbf6d888,6a0d881f835de84db369357c,MCX,INDIA_COMMODITY,2026-06-04T13:42:01.965Z,2026-06-04T13:42:01.965Z,,Ignore last msg,Ignore last msg,1aff700f4d9d5eb9,TRADE_CONTROL,CANCEL_PREVIOUS,NONE,,,,[],,,,,,NONE,,NOT_APPLICABLE,False,[],,,[],,,False,False,True,False,0.98,False,AUTO_HIGH_CONFIDENCE,RULE_BASED_AND_CURATED,Explicit ignore/cancel instruction.,REDUCE_POSITION uses current holding: new_holding = current_holding * (1 - quantity_percent / 100).,1,1,False,MANUAL_OR_CONTEXT_REVIEW
424,6a2180b2109e0591bbf6d8a4,6a0d881f835de84db369357c,MCX,INDIA_COMMODITY,2026-06-04T13:42:10.640Z,2026-06-04T13:42:10.640Z,,Book 50% profit in ng @318,Book 50% profit in ng @318,8512cda60d4de414,TRADE_ACTION,REDUCE_POSITION,SINGLE_INSTRUMENT,,ng,NATURAL_GAS,"[""NATURAL_GAS""]",,,,,50.0,CURRENT_HOLDING,0.5,EXPLICIT_PERCENT,False,[318.0],318.0,,[],,,False,False,False,True,0.99,False,AUTO_HIGH_CONFIDENCE,RULE_BASED_AND_CURATED,Explicit percentage reduction of current holding.,REDUCE_POSITION uses current holding: new_holding = current_holding * (1 - quantity_percent / 100).,1,1,False,READY_FOR_AUTO_APPLY
425,6a2180bc109e0591bbf6d8c4,6a0d8832835de84db3693580,International Market,GLOBAL_COMMODITY,2026-06-04T13:42:20.256Z,2026-06-04T13:42:20.256Z,,Book 50% profit in ng @3.31,Book 50% profit in ng @3.31,2332595e0743b57d,TRADE_ACTION,REDUCE_POSITION,SINGLE_INSTRUMENT,,ng,NATURAL_GAS,"[""NATURAL_GAS""]",,,,,50.0,CURRENT_HOLDING,0.5,EXPLICIT_PERCENT,False,[3.31],3.31,,[],,,False,False,False,True,0.99,False,AUTO_HIGH_CONFIDENCE,RULE_BASED_AND_CURATED,Explicit percentage reduction of current holding.,REDUCE_POSITION uses current holding: new_holding = current_holding * (1 - quantity_percent / 100).,2,2,True,READY_FOR_AUTO_APPLY
426,6a2180f4109e0591bbf6d8f1,6a0d8832835de84db3693580,International Market,GLOBAL_COMMODITY,2026-06-04T13:43:16.341Z,2026-06-04T13:43:16.341Z,,Book part profit in copper July @6.55,Book part profit in copper July @6.55,3133d82d027dea85,TRADE_ACTION,REDUCE_POSITION,SINGLE_INSTRUMENT,,copper July,COPPER,"[""COPPER""]",JUL,,,,25.0,CURRENT_HOLDING,0.75,PART_PROFIT_RULE,False,[6.55],6.55,,[],,,False,False,False,True,0.99,False,AUTO_HIGH_CONFIDENCE,RULE_BASED_AND_CURATED,Part/partial profit means sell 25% of current holding.,REDUCE_POSITION uses current holding: new_holding = current_holding * (1 - quantity_percent / 100).,1,1,False,READY_FOR_AUTO_APPLY
427,6a21811e109e0591bbf6d919,6a0d8832835de84db3693580,International Market,GLOBAL_INDEX_OR_MACRO,2026-06-04T13:43:58.847Z,2026-06-04T13:43:58.847Z,,Book 50% profit in Dow @51318,Book 50% profit in Dow @51318,972b2b8f32042b9a,TRADE_ACTION,REDUCE_POSITION,SINGLE_INSTRUMENT,,Dow,DOW,"[""DOW""]",,,,,50.0,CURRENT_HOLDING,0.5,EXPLICIT_PERCENT,False,[51318.0],51318.0,,[],,,False,False,False,True,0.99,False,AUTO_HIGH_CONFIDENCE,RULE_BASED_AND_CURATED,Explicit percentage reduction of current holding.,REDUCE_POSITION uses current holding: new_holding = current_holding * (1 - quantity_percent / 100).,1,1,False,READY_FOR_AUTO_APPLY
428,6a218187109e0591bbf6d990,6a0d8832835de84db3693580,International Market,GLOBAL_EQUITY,2026-06-04T13:45:43.872Z,2026-06-04T13:45:43.872Z,,Buy 50% sndk @1765 for target 1850,Buy 50% sndk @1765 for target 1850,45ca237c23dc7933,TRADE_ACTION,OPEN_LONG,SINGLE_INSTRUMENT,,sndk,SNDK,"[""SNDK""]",,,,LONG,50.0,MODEL_ALLOCATION,,EXPLICIT_PERCENT,False,[1765.0],1765.0,,[1850.0],1850.0,,False,False,False,True,0.98,False,AUTO_HIGH_CONFIDENCE,RULE_BASED_AND_CURATED,Buy instruction.,REDUCE_POSITION uses current holding: new_holding = current_holding * (1 - quantity_percent / 100).,1,1,False,READY_FOR_AUTO_APPLY
429,6a2181b4109e0591bbf6d9c5,6a0d8832835de84db3693580,International Market,GLOBAL_EQUITY,2026-06-04T13:46:28.409Z,2026-06-04T13:46:28.409Z,,Buy amd @505 with SL 490 for target 530-540,Buy amd @505 with SL 490 for target 530-540,de3bfb3bab9644ac,TRADE_ACTION,OPEN_LONG,SINGLE_INSTRUMENT,,amd,AMD,"[""AMD""]",,,,LONG,100.0,MODEL_ALLOCATION,,DEFAULT_FULL_ALLOCATION,True,[505.0],505.0,490.0,"[530.0, 540.0]",530.0,540.0,False,False,False,True,0.98,False,AUTO_HIGH_CONFIDENCE,RULE_BASED_AND_CURATED,Buy instruction.,REDUCE_POSITION uses current holding: new_holding = current_holding * (1 - quantity_percent / 100).,1,1,False,READY_FOR_AUTO_APPLY
430,6a2181db109e0591bbf6d9de,6a0d8832835de84db3693580,International Market,GLOBAL_EQUITY,2026-06-04T13:47:07.694Z,2026-06-04T13:47:07.694Z,,Buy 50% MU @ 993 for target 1040-1060,Buy 50% MU @ 993 for target 1040-1060,d8c89620dc88e86c,TRADE_ACTION,OPEN_LONG,SINGLE_INSTRUMENT,,MU,MU,"[""MU""]",,,,LONG,50.0,MODEL_ALLOCATION,,EXPLICIT_PERCENT,False,[993.0],993.0,,"[1040.0, 1060.0]",1040.0,1060.0,False,False,False,True,0.98,False,AUTO_HIGH_CONFIDENCE,RULE_BASED_AND_CURATED,Buy instruction.,REDUCE_POSITION uses current holding: new_holding = current_holding * (1 - quantity_percent / 100).,1,1,False,READY_FOR_AUTO_APPLY
431,6a218ab0109e0591bbf6daf2,6a0d8832835de84db3693580,International Market,GLOBAL_INDEX_OR_MACRO,2026-06-04T14:24:48.400Z,2026-06-04T14:24:48.400Z,,Book 50% profit in Russell @2920,Book 50% profit in Russell @2920,c971777a858f3f77,TRADE_ACTION,REDUCE_POSITION,SINGLE_INSTRUMENT,,Russell,RUSSELL,"[""RUSSELL""]",,,,,50.0,CURRENT_HOLDING,0.5,EXPLICIT_PERCENT,False,[2920.0],2920.0,,[],,,False,False,False,True,0.99,False,AUTO_HIGH_CONFIDENCE,RULE_BASED_AND_CURATED,Explicit percentage reduction of current holding.,REDUCE_POSITION uses current holding: new_holding = current_holding * (1 - quantity_percent / 100).,1,1,False,READY_FOR_AUTO_APPLY
432,6a2196c3109e0591bbf6dc2a,6a0d8832835de84db3693580,International Market,GLOBAL_INDEX_OR_MACRO,2026-06-04T15:16:19.650Z,2026-06-04T15:16:19.650Z,,Book 50% profit in s&p500 @ 7572,Book 50% profit in s&p500 @ 7572,536c7907b41ecf08,TRADE_ACTION,REDUCE_POSITION,SINGLE_INSTRUMENT,,s&p500,SP500,"[""SP500""]",,,,,50.0,CURRENT_HOLDING,0.5,EXPLICIT_PERCENT,False,[7572.0],7572.0,,[],,,False,False,False,True,0.99,False,AUTO_HIGH_CONFIDENCE,RULE_BASED_AND_CURATED,Explicit percentage reduction of current holding.,REDUCE_POSITION uses current holding: new_holding = current_holding * (1 - quantity_percent / 100).,1,1,False,READY_FOR_AUTO_APPLY
433,6a219b1f109e0591bbf6dcae,6a0d8832835de84db3693580,International Market,GLOBAL_EQUITY,2026-06-04T15:34:55.452Z,2026-06-04T15:34:55.452Z,,Book 50% profit in AMD @524,Book 50% profit in AMD @524,94e981806306c15f,TRADE_ACTION,REDUCE_POSITION,SINGLE_INSTRUMENT,,AMD,AMD,"[""AMD""]",,,,,50.0,CURRENT_HOLDING,0.5,EXPLICIT_PERCENT,False,[524.0],524.0,,[],,,False,False,False,True,0.99,False,AUTO_HIGH_CONFIDENCE,RULE_BASED_AND_CURATED,Explicit percentage reduction of current holding.,REDUCE_POSITION uses current holding: new_holding = current_holding * (1 - quantity_percent / 100).,1,1,False,READY_FOR_AUTO_APPLY
434,6a219b51109e0591bbf6dcbb,6a0d8832835de84db3693580,International Market,GLOBAL_EQUITY,2026-06-04T15:35:45.949Z,2026-06-04T15:35:45.949Z,,Buy avgo @413 with SL 399 for target 440-460,Buy avgo @413 with SL 399 for target 440-460,8b602bd2a73e7b82,TRADE_ACTION,OPEN_LONG,SINGLE_INSTRUMENT,,avgo,AVGO,"[""AVGO""]",,,,LONG,100.0,MODEL_ALLOCATION,,DEFAULT_FULL_ALLOCATION,True,[413.0],413.0,399.0,"[440.0, 460.0]",440.0,460.0,False,False,False,True,0.98,False,AUTO_HIGH_CONFIDENCE,RULE_BASED_AND_CURATED,Buy instruction.,REDUCE_POSITION uses current holding: new_holding = current_holding * (1 - quantity_percent / 100).,1,1,False,READY_FOR_AUTO_APPLY
435,6a21bc80109e0591bbf6de0a,6a0d8832835de84db3693580,International Market,GLOBAL_INDEX_OR_MACRO,2026-06-04T17:57:20.204Z,2026-06-04T17:57:20.204Z,,Book part profit in nasdaq @30500,Book part profit in nasdaq @30500,9076ee7159289d46,TRADE_ACTION,REDUCE_POSITION,SINGLE_INSTRUMENT,,nasdaq,NASDAQ,"[""NASDAQ""]",,,,,25.0,CURRENT_HOLDING,0.75,PART_PROFIT_RULE,False,[30500.0],30500.0,,[],,,False,False,False,True,0.99,False,AUTO_HIGH_CONFIDENCE,RULE_BASED_AND_CURATED,Part/partial profit means sell 25% of current holding.,REDUCE_POSITION uses current holding: new_holding = current_holding * (1 - quantity_percent / 100).,1,1,False,READY_FOR_AUTO_APPLY
436,6a21c38c109e0591bbf6dea8,6a0d8832835de84db3693580,International Market,GLOBAL_EQUITY,2026-06-04T18:27:24.432Z,2026-06-04T18:27:24.432Z,,Book 50% profit in MU @1032,Book 50% profit in MU @1032,acc8e6d0013291a5,TRADE_ACTION,REDUCE_POSITION,SINGLE_INSTRUMENT,,MU,MU,"[""MU""]",,,,,50.0,CURRENT_HOLDING,0.5,EXPLICIT_PERCENT,False,[1032.0],1032.0,,[],,,False,False,False,True,0.99,False,AUTO_HIGH_CONFIDENCE,RULE_BASED_AND_CURATED,Explicit percentage reduction of current holding.,REDUCE_POSITION uses current holding: new_holding = current_holding * (1 - quantity_percent / 100).,1,1,False,READY_FOR_AUTO_APPLY
437,6a21c3cc109e0591bbf6deb5,6a0d8832835de84db3693580,International Market,GLOBAL_EQUITY,2026-06-04T18:28:28.491Z,2026-06-04T18:28:28.491Z,,Book 50% profit in sndk @1807,Book 50% profit in sndk @1807,2d266e29275ad8f9,TRADE_ACTION,REDUCE_POSITION,SINGLE_INSTRUMENT,,sndk,SNDK,"[""SNDK""]",,,,,50.0,CURRENT_HOLDING,0.5,EXPLICIT_PERCENT,False,[1807.0],1807.0,,[],,,False,False,False,True,0.99,False,AUTO_HIGH_CONFIDENCE,RULE_BASED_AND_CURATED,Explicit percentage reduction of current holding.,REDUCE_POSITION uses current holding: new_holding = current_holding * (1 - quantity_percent / 100).,1,1,False,READY_FOR_AUTO_APPLY
438,6a21c419109e0591bbf6dec2,6a0d8832835de84db3693580,International Market,GLOBAL_INDEX_OR_MACRO,2026-06-04T18:29:45.773Z,2026-06-04T18:29:45.773Z,,Book part profit in nasdaq @30531,Book part profit in nasdaq @30531,d6801140d59da479,TRADE_ACTION,REDUCE_POSITION,SINGLE_INSTRUMENT,,nasdaq,NASDAQ,"[""NASDAQ""]",,,,,25.0,CURRENT_HOLDING,0.75,PART_PROFIT_RULE,False,[30531.0],30531.0,,[],,,False,False,False,True,0.99,False,AUTO_HIGH_CONFIDENCE,RULE_BASED_AND_CURATED,Part/partial profit means sell 25% of current holding.,REDUCE_POSITION uses current holding: new_holding = current_holding * (1 - quantity_percent / 100).,1,1,False,READY_FOR_AUTO_APPLY
439,6a21c486109e0591bbf6deea,6a0d8832835de84db3693580,International Market,GLOBAL_INDEX_OR_MACRO,2026-06-04T18:31:34.194Z,2026-06-04T18:31:34.194Z,,Book profit in Russell @2942,Book profit in Russell @2942,21dde99a519278e5,TRADE_ACTION,CLOSE_POSITION,SINGLE_INSTRUMENT,,Russell,RUSSELL,"[""RUSSELL""]",,,,,100.0,CURRENT_HOLDING,0.0,FULL_EXIT_RULE,False,[2942.0],2942.0,,[],,,False,False,False,True,0.96,False,AUTO_HIGH_CONFIDENCE,RULE_BASED_AND_CURATED,Unqualified 'book profit' closes all remaining holding.,REDUCE_POSITION uses current holding: new_holding = current_holding * (1 - quantity_percent / 100).,1,1,False,READY_FOR_AUTO_APPLY
440,6a21c5d2109e0591bbf6df18,6a0d8832835de84db3693580,International Market,GLOBAL_EQUITY,2026-06-04T18:37:06.432Z,2026-06-04T18:37:06.432Z,,50% Profit Book in NVDA@420,50% Profit Book in NVDA @420,c27393aed1fe6443,TRADE_ACTION,REDUCE_POSITION,SINGLE_INSTRUMENT,,NVDA,NVDA,"[""NVDA""]",,,,,50.0,CURRENT_HOLDING,0.5,EXPLICIT_PERCENT,False,[420.0],420.0,,[],,,False,False,False,True,0.99,False,AUTO_HIGH_CONFIDENCE,RULE_BASED_AND_CURATED,Explicit percentage reduction of current holding.,REDUCE_POSITION uses current holding: new_holding = current_holding * (1 - quantity_percent / 100).,1,1,False,READY_FOR_AUTO_APPLY
441,6a21c658109e0591bbf6df4c,6a0d8832835de84db3693580,International Market,GLOBAL_INDEX_OR_MACRO,2026-06-04T18:39:20.148Z,2026-06-04T18:39:20.148Z,,Full Profit book in DOW@ 51570,Full Profit book in DOW @ 51570,a1680808ff07db2d,TRADE_ACTION,CLOSE_POSITION,SINGLE_INSTRUMENT,,DOW,DOW,"[""DOW""]",,,,,100.0,CURRENT_HOLDING,0.0,FULL_EXIT_RULE,False,[51570.0],51570.0,,[],,,False,False,False,True,0.99,False,AUTO_HIGH_CONFIDENCE,RULE_BASED_AND_CURATED,Explicit full exit.,REDUCE_POSITION uses current holding: new_holding = current_holding * (1 - quantity_percent / 100).,1,1,False,READY_FOR_AUTO_APPLY
442,6a21c6f5109e0591bbf6df59,6a0d8832835de84db3693580,International Market,GLOBAL_EQUITY,2026-06-04T18:41:57.751Z,2026-06-04T18:41:57.751Z,,Book profit in AMAT @506,Book profit in AMAT @506,e87c91faa44d201e,TRADE_ACTION,CLOSE_POSITION,SINGLE_INSTRUMENT,,AMAT,AMAT,"[""AMAT""]",,,,,100.0,CURRENT_HOLDING,0.0,FULL_EXIT_RULE,False,[506.0],506.0,,[],,,False,False,False,True,0.96,False,AUTO_HIGH_CONFIDENCE,RULE_BASED_AND_CURATED,Unqualified 'book profit' closes all remaining holding.,REDUCE_POSITION uses current holding: new_holding = current_holding * (1 - quantity_percent / 100).,1,1,False,READY_FOR_AUTO_APPLY
443,6a22327b109e0591bbf6e063,6a0d8832835de84db3693580,International Market,GLOBAL_INDEX_OR_MACRO,2026-06-05T02:20:43.480Z,2026-06-05T02:20:43.480Z,,50% Buy Nasdaq @ 30155 sl 29800 tgt 30500-30600,50% Buy Nasdaq @ 30155 sl 29800 tgt 30500-30600,3e1070f9ade05091,TRADE_ACTION,OPEN_LONG,SINGLE_INSTRUMENT,,Nasdaq,NASDAQ,"[""NASDAQ""]",,,,LONG,50.0,MODEL_ALLOCATION,,EXPLICIT_PERCENT,False,[30155.0],30155.0,29800.0,"[30500.0, 30600.0]",30500.0,30600.0,False,False,False,True,0.98,False,AUTO_HIGH_CONFIDENCE,RULE_BASED_AND_CURATED,Buy instruction.,REDUCE_POSITION uses current holding: new_holding = current_holding * (1 - quantity_percent / 100).,1,1,False,READY_FOR_AUTO_APPLY
444,6a2232c0109e0591bbf6e070,6a0d8832835de84db3693580,International Market,GLOBAL_COMMODITY,2026-06-05T02:21:52.713Z,2026-06-05T02:21:52.713Z,,Buy gold aug@ 4474 & 4448 sl 4815 tgt 4520-4550 Positional tgt 4750,Buy gold aug @ 4474 & 4448 sl 4815 tgt 4520-4550 Positional tgt 4750,b84cc082f72b2d92,TRADE_ACTION,OPEN_LONG,SINGLE_INSTRUMENT,,gold aug,GOLD,"[""GOLD""]",AUG,,,LONG,100.0,MODEL_ALLOCATION,,DEFAULT_FULL_ALLOCATION,True,"[4474.0, 4448.0]",4474.0,4815.0,"[4520.0, 4550.0]",4520.0,4550.0,False,False,False,True,0.98,False,AUTO_HIGH_CONFIDENCE,RULE_BASED_AND_CURATED,Buy instruction.,REDUCE_POSITION uses current holding: new_holding = current_holding * (1 - quantity_percent / 100).,1,1,False,READY_FOR_AUTO_APPLY
445,6a2232f9109e0591bbf6e07d,6a0d8832835de84db3693580,International Market,GLOBAL_COMMODITY,2026-06-05T02:22:49.371Z,2026-06-05T02:22:49.371Z,,Buy Silver july@ 73 & 72 SL 70 tgt 75-76 Positional tgt 82,Buy Silver july @ 73 & 72 SL 70 tgt 75-76 Positional tgt 82,3b52971811b03ed0,TRADE_ACTION,OPEN_LONG,SINGLE_INSTRUMENT,,Silver july,SILVER,"[""SILVER""]",JUL,,,LONG,100.0,MODEL_ALLOCATION,,DEFAULT_FULL_ALLOCATION,True,"[73.0, 72.0]",73.0,70.0,"[75.0, 76.0]",75.0,76.0,False,False,False,True,0.98,False,AUTO_HIGH_CONFIDENCE,RULE_BASED_AND_CURATED,Buy instruction.,REDUCE_POSITION uses current holding: new_holding = current_holding * (1 - quantity_percent / 100).,1,1,False,READY_FOR_AUTO_APPLY
446,6a2244c2109e0591bbf6e183,6a0d881f835de84db369357c,MCX,INDIA_COMMODITY,2026-06-05T03:38:42.018Z,2026-06-05T03:38:42.018Z,,BUY COPPER @1363 SL 1354 TGT 1372-1377,BUY COPPER @1363 SL 1354 TGT 1372-1377,d4b1ca7c6d0da4ee,TRADE_ACTION,OPEN_LONG,SINGLE_INSTRUMENT,,COPPER,COPPER,"[""COPPER""]",,,,LONG,100.0,MODEL_ALLOCATION,,DEFAULT_FULL_ALLOCATION,True,[1363.0],1363.0,1354.0,"[1372.0, 1377.0]",1372.0,1377.0,False,False,False,True,0.98,False,AUTO_HIGH_CONFIDENCE,RULE_BASED_AND_CURATED,Buy instruction.,REDUCE_POSITION uses current holding: new_holding = current_holding * (1 - quantity_percent / 100).,1,1,False,READY_FOR_AUTO_APPLY
447,6a224736109e0591bbf6e2ac,6a0d87fb835de84db3693578,NSE,INDIA_EQUITY,2026-06-05T03:49:10.077Z,2026-06-05T03:49:10.077Z,,FULL PROFIT BOOK IN WIPRO @187,FULL PROFIT BOOK IN WIPRO @187,74c22c98c46ea8e1,TRADE_ACTION,CLOSE_POSITION,SINGLE_INSTRUMENT,,WIPRO,WIPRO,"[""WIPRO""]",,,,,100.0,CURRENT_HOLDING,0.0,FULL_EXIT_RULE,False,[187.0],187.0,,[],,,False,False,False,True,0.99,False,AUTO_HIGH_CONFIDENCE,RULE_BASED_AND_CURATED,Explicit full exit.,REDUCE_POSITION uses current holding: new_holding = current_holding * (1 - quantity_percent / 100).,1,1,False,READY_FOR_AUTO_APPLY
448,6a22475e109e0591bbf6e301,6a0d87fb835de84db3693578,NSE,INDIA_EQUITY,2026-06-05T03:49:50.081Z,2026-06-05T03:49:50.081Z,,50% PROFIT BOOK IN HDFCLIFE @583,50% PROFIT BOOK IN HDFCLIFE @583,6eefe83eb03cb28f,TRADE_ACTION,REDUCE_POSITION,SINGLE_INSTRUMENT,,HDFCLIFE,HDFCLIFE,"[""HDFCLIFE""]",,,,,50.0,CURRENT_HOLDING,0.5,EXPLICIT_PERCENT,False,[583.0],583.0,,[],,,False,False,False,True,0.99,False,AUTO_HIGH_CONFIDENCE,RULE_BASED_AND_CURATED,Explicit percentage reduction of current holding.,REDUCE_POSITION uses current holding: new_holding = current_holding * (1 - quantity_percent / 100).,1,1,False,READY_FOR_AUTO_APPLY
449,6a2247be109e0591bbf6e38a,6a0d87fb835de84db3693578,NSE,INDIA_EQUITY,2026-06-05T03:51:26.049Z,2026-06-05T03:51:26.049Z,,BUY LAURUSLABS @1450 SL 1420 TGT 1475-1495,BUY LAURUSLABS @1450 SL 1420 TGT 1475-1495,d94e641b08dc4921,TRADE_ACTION,OPEN_LONG,SINGLE_INSTRUMENT,,LAURUSLABS,LAURUSLABS,"[""LAURUSLABS""]",,,,LONG,100.0,MODEL_ALLOCATION,,DEFAULT_FULL_ALLOCATION,True,[1450.0],1450.0,1420.0,"[1475.0, 1495.0]",1475.0,1495.0,False,False,False,True,0.98,False,AUTO_HIGH_CONFIDENCE,RULE_BASED_AND_CURATED,Buy instruction.,REDUCE_POSITION uses current holding: new_holding = current_holding * (1 - quantity_percent / 100).,1,1,False,READY_FOR_AUTO_APPLY
450,6a224a11109e0591bbf6e7f0,6a0d87fb835de84db3693578,NSE,INDIA_EQUITY,2026-06-05T04:01:21.191Z,2026-06-05T04:01:21.191Z,,SELL SBIN @994 SL 1006 TGT 982-972,SELL SBIN @994 SL 1006 TGT 982-972,2081aa7fcd5fd3bd,TRADE_ACTION,OPEN_SHORT,SINGLE_INSTRUMENT,,SBIN,SBIN,"[""SBIN""]",,,,SHORT,100.0,MODEL_ALLOCATION,,DEFAULT_FULL_ALLOCATION,True,[994.0],994.0,1006.0,"[982.0, 972.0]",982.0,972.0,False,False,False,True,0.96,False,AUTO_HIGH_CONFIDENCE,RULE_BASED_AND_CURATED,Sell/short instruction.,REDUCE_POSITION uses current holding: new_holding = current_holding * (1 - quantity_percent / 100).,1,1,False,READY_FOR_AUTO_APPLY
451,6a2250a5109e0591bbf6e93a,6a0d87fb835de84db3693578,NSE,INDIA_EQUITY,2026-06-05T04:29:25.275Z,2026-06-05T04:29:25.275Z,,FULL PROFIT BOOK IN HINDALCO @1111,FULL PROFIT BOOK IN HINDALCO @1111,1cdd1f311b312251,TRADE_ACTION,CLOSE_POSITION,SINGLE_INSTRUMENT,,HINDALCO,HINDALCO,"[""HINDALCO""]",,,,,100.0,CURRENT_HOLDING,0.0,FULL_EXIT_RULE,False,[1111.0],1111.0,,[],,,False,False,False,True,0.99,False,AUTO_HIGH_CONFIDENCE,RULE_BASED_AND_CURATED,Explicit full exit.,REDUCE_POSITION uses current holding: new_holding = current_holding * (1 - quantity_percent / 100).,1,1,False,READY_FOR_AUTO_APPLY
452,6a225223109e0591bbf6ea3e,6a0d881f835de84db369357c,MCX,INDIA_COMMODITY,2026-06-05T04:35:47.071Z,2026-06-05T04:35:47.071Z,,FULL PROFIT BOOK IN NG @322,FULL PROFIT BOOK IN NG @322,7a5b43bc3833c942,TRADE_ACTION,CLOSE_POSITION,SINGLE_INSTRUMENT,,NG,NATURAL_GAS,"[""NATURAL_GAS""]",,,,,100.0,CURRENT_HOLDING,0.0,FULL_EXIT_RULE,False,[322.0],322.0,,[],,,False,False,False,True,0.99,False,AUTO_HIGH_CONFIDENCE,RULE_BASED_AND_CURATED,Explicit full exit.,REDUCE_POSITION uses current holding: new_holding = current_holding * (1 - quantity_percent / 100).,1,1,False,READY_FOR_AUTO_APPLY
453,6a2253ba109e0591bbf6eace,6a0d87fb835de84db3693578,NSE,INDIA_EQUITY,2026-06-05T04:42:34.228Z,2026-06-05T04:42:34.228Z,,FULL  PROFIT BOOK IN KOTAKBANK @384,FULL PROFIT BOOK IN KOTAKBANK @384,6b9a37705b72078d,TRADE_ACTION,CLOSE_POSITION,SINGLE_INSTRUMENT,,KOTAKBANK,KOTAKBANK,"[""KOTAKBANK""]",,,,,100.0,CURRENT_HOLDING,0.0,FULL_EXIT_RULE,False,[384.0],384.0,,[],,,False,False,False,True,0.99,False,AUTO_HIGH_CONFIDENCE,RULE_BASED_AND_CURATED,Explicit full exit.,REDUCE_POSITION uses current holding: new_holding = current_holding * (1 - quantity_percent / 100).,1,1,False,READY_FOR_AUTO_APPLY
454,6a2256d7109e0591bbf6eb5d,6a20c6ae59359ea1faef274f,Indian Indices,INDIA_INDEX,2026-06-05T04:55:51.528Z,2026-06-05T04:55:51.528Z,,50% SELL BANKNIFTY @55045 SL 55500 TGT 54500-54000,50% SELL BANKNIFTY @55045 SL 55500 TGT 54500-54000,ebbafb053844e2c7,TRADE_ACTION,OPEN_SHORT,SINGLE_INSTRUMENT,,BANKNIFTY,BANKNIFTY,"[""BANKNIFTY""]",,,,SHORT,50.0,MODEL_ALLOCATION,,EXPLICIT_PERCENT,False,[55045.0],55045.0,55500.0,"[54500.0, 54000.0]",54500.0,54000.0,False,False,False,True,0.97,False,AUTO_HIGH_CONFIDENCE,RULE_BASED_AND_CURATED,Sell with stop/target opens a short allocation.,REDUCE_POSITION uses current holding: new_holding = current_holding * (1 - quantity_percent / 100).,1,1,False,READY_FOR_AUTO_APPLY
455,6a2256fd109e0591bbf6ebbb,6a0d87fb835de84db3693578,NSE,INDIA_EQUITY,2026-06-05T04:56:29.712Z,2026-06-05T04:56:29.712Z,,50% PROFIT BOOK IN ICICIBANK @1268.50,50% PROFIT BOOK IN ICICIBANK @1268.50,d9168e4ac96fa8cb,TRADE_ACTION,REDUCE_POSITION,SINGLE_INSTRUMENT,,ICICIBANK,ICICIBANK,"[""ICICIBANK""]",,,,,50.0,CURRENT_HOLDING,0.5,EXPLICIT_PERCENT,False,[1268.5],1268.5,,[],,,False,False,False,True,0.99,False,AUTO_HIGH_CONFIDENCE,RULE_BASED_AND_CURATED,Explicit percentage reduction of current holding.,REDUCE_POSITION uses current holding: new_holding = current_holding * (1 - quantity_percent / 100).,1,1,False,READY_FOR_AUTO_APPLY
456,6a225a57109e0591bbf6ed38,6a20c6ae59359ea1faef274f,Indian Indices,INDIA_INDEX,2026-06-05T05:10:47.872Z,2026-06-05T05:10:47.872Z,,50% PROFIT BOOK IN NIFTY @23410,50% PROFIT BOOK IN NIFTY @23410,8cc65f4c71f9e1ab,TRADE_ACTION,REDUCE_POSITION,SINGLE_INSTRUMENT,,NIFTY,NIFTY,"[""NIFTY""]",,,,,50.0,CURRENT_HOLDING,0.5,EXPLICIT_PERCENT,False,[23410.0],23410.0,,[],,,False,False,False,True,0.99,False,AUTO_HIGH_CONFIDENCE,RULE_BASED_AND_CURATED,Explicit percentage reduction of current holding.,REDUCE_POSITION uses current holding: new_holding = current_holding * (1 - quantity_percent / 100).,1,1,False,READY_FOR_AUTO_APPLY
457,6a225a72109e0591bbf6ed53,6a20c6ae59359ea1faef274f,Indian Indices,INDIA_INDEX,2026-06-05T05:11:14.498Z,2026-06-05T05:11:14.498Z,,50% PROFIT BOOK IN BANKNIFTY @54600,50% PROFIT BOOK IN BANKNIFTY @54600,05c4ab3f55266b31,TRADE_ACTION,REDUCE_POSITION,SINGLE_INSTRUMENT,,BANKNIFTY,BANKNIFTY,"[""BANKNIFTY""]",,,,,50.0,CURRENT_HOLDING,0.5,EXPLICIT_PERCENT,False,[54600.0],54600.0,,[],,,False,False,False,True,0.99,False,AUTO_HIGH_CONFIDENCE,RULE_BASED_AND_CURATED,Explicit percentage reduction of current holding.,REDUCE_POSITION uses current holding: new_holding = current_holding * (1 - quantity_percent / 100).,1,1,False,READY_FOR_AUTO_APPLY
458,6a225a83109e0591bbf6ed72,6a0d87fb835de84db3693578,NSE,INDIA_EQUITY,2026-06-05T05:11:31.241Z,2026-06-05T05:11:31.241Z,,50% PROFIT BOOK IN SBIN @983,50% PROFIT BOOK IN SBIN @983,c0328dc92d15b61b,TRADE_ACTION,REDUCE_POSITION,SINGLE_INSTRUMENT,,SBIN,SBIN,"[""SBIN""]",,,,,50.0,CURRENT_HOLDING,0.5,EXPLICIT_PERCENT,False,[983.0],983.0,,[],,,False,False,False,True,0.99,False,AUTO_HIGH_CONFIDENCE,RULE_BASED_AND_CURATED,Explicit percentage reduction of current holding.,REDUCE_POSITION uses current holding: new_holding = current_holding * (1 - quantity_percent / 100).,1,1,False,READY_FOR_AUTO_APPLY
459,6a225aa4109e0591bbf6eda5,6a0d87fb835de84db3693578,NSE,INDIA_EQUITY,2026-06-05T05:12:04.293Z,2026-06-05T05:12:04.293Z,,50% PROFIT BOOK IN TMPV @394.50,50% PROFIT BOOK IN TMPV @394.50,771c6588e718a5e6,TRADE_ACTION,REDUCE_POSITION,SINGLE_INSTRUMENT,,TMPV,TMPV,"[""TMPV""]",,,,,50.0,CURRENT_HOLDING,0.5,EXPLICIT_PERCENT,False,[394.5],394.5,,[],,,False,False,False,True,0.99,False,AUTO_HIGH_CONFIDENCE,RULE_BASED_AND_CURATED,Explicit percentage reduction of current holding.,REDUCE_POSITION uses current holding: new_holding = current_holding * (1 - quantity_percent / 100).,1,1,False,READY_FOR_AUTO_APPLY
460,6a22601e109e0591bbf6eec9,6a20c6ae59359ea1faef274f,Indian Indices,INDIA_INDEX,2026-06-05T05:35:26.372Z,2026-06-05T05:35:26.372Z,,50% SELL BANKNIFTY @54950 TGT 54000-53600,50% SELL BANKNIFTY @54950 TGT 54000-53600,878bae6de009b703,TRADE_ACTION,OPEN_SHORT,SINGLE_INSTRUMENT,,BANKNIFTY,BANKNIFTY,"[""BANKNIFTY""]",,,,SHORT,50.0,MODEL_ALLOCATION,,EXPLICIT_PERCENT,False,[54950.0],54950.0,,"[54000.0, 53600.0]",54000.0,53600.0,False,False,False,True,0.97,False,AUTO_HIGH_CONFIDENCE,RULE_BASED_AND_CURATED,Sell with stop/target opens a short allocation.,REDUCE_POSITION uses current holding: new_holding = current_holding * (1 - quantity_percent / 100).,1,1,False,READY_FOR_AUTO_APPLY
461,6a226044109e0591bbf6ef03,6a20c6ae59359ea1faef274f,Indian Indices,INDIA_INDEX,2026-06-05T05:36:04.748Z,2026-06-05T05:36:04.748Z,,50% SELL NIFTY @23540  TGT 23400-23300,50% SELL NIFTY @23540 TGT 23400-23300,a4cfb8d1f79bc229,TRADE_ACTION,OPEN_SHORT,SINGLE_INSTRUMENT,,NIFTY,NIFTY,"[""NIFTY""]",,,,SHORT,50.0,MODEL_ALLOCATION,,EXPLICIT_PERCENT,False,[23540.0],23540.0,,"[23400.0, 23300.0]",23400.0,23300.0,False,False,False,True,0.97,False,AUTO_HIGH_CONFIDENCE,RULE_BASED_AND_CURATED,Sell with stop/target opens a short allocation.,REDUCE_POSITION uses current holding: new_holding = current_holding * (1 - quantity_percent / 100).,1,1,False,READY_FOR_AUTO_APPLY
462,6a22606b109e0591bbf6ef1b,6a0d87fb835de84db3693578,NSE,INDIA_EQUITY,2026-06-05T05:36:43.556Z,2026-06-05T05:36:43.556Z,,SELL SBIN @995 SL 1022 TGT 982-963,SELL SBIN @995 SL 1022 TGT 982-963,373d3be23d911a39,TRADE_ACTION,OPEN_SHORT,SINGLE_INSTRUMENT,,SBIN,SBIN,"[""SBIN""]",,,,SHORT,100.0,MODEL_ALLOCATION,,DEFAULT_FULL_ALLOCATION,True,[995.0],995.0,1022.0,"[982.0, 963.0]",982.0,963.0,False,False,False,True,0.96,False,AUTO_HIGH_CONFIDENCE,RULE_BASED_AND_CURATED,Sell/short instruction.,REDUCE_POSITION uses current holding: new_holding = current_holding * (1 - quantity_percent / 100).,1,1,False,READY_FOR_AUTO_APPLY
463,6a2267a9109e0591bbf6efdb,6a0d881f835de84db369357c,MCX,INDIA_COMMODITY,2026-06-05T06:07:37.166Z,2026-06-05T06:07:37.166Z,,POSITIONAL TRADERS HOLD SILVER WITH SL 254000,POSITIONAL TRADERS HOLD SILVER WITH SL 254000,9c8026351d699ebd,TRADE_UPDATE,UPDATE_STOP_LOSS,SINGLE_INSTRUMENT,,SILVER,SILVER,"[""SILVER""]",,,,,,NONE,,NOT_APPLICABLE,False,[],,254000.0,[],,,False,False,False,True,0.99,False,AUTO_HIGH_CONFIDENCE,RULE_BASED_AND_CURATED,Hold and update stop loss.,REDUCE_POSITION uses current holding: new_holding = current_holding * (1 - quantity_percent / 100).,1,1,False,READY_FOR_AUTO_APPLY
464,6a226927109e0591bbf6f033,6a0d881f835de84db369357c,MCX,INDIA_COMMODITY,2026-06-05T06:13:59.036Z,2026-06-05T06:13:59.036Z,,HOLD COPPER WITH SL 1351,HOLD COPPER WITH SL 1351,dcc21d092fde7d59,TRADE_UPDATE,UPDATE_STOP_LOSS,SINGLE_INSTRUMENT,,COPPER,COPPER,"[""COPPER""]",,,,,,NONE,,NOT_APPLICABLE,False,[],,1351.0,[],,,False,False,False,True,0.99,False,AUTO_HIGH_CONFIDENCE,RULE_BASED_AND_CURATED,Hold and update stop loss.,REDUCE_POSITION uses current holding: new_holding = current_holding * (1 - quantity_percent / 100).,1,1,False,READY_FOR_AUTO_APPLY
465,6a2269f4109e0591bbf6f0a3,6a0d881f835de84db369357c,MCX,INDIA_COMMODITY,2026-06-05T06:17:24.147Z,2026-06-05T06:17:24.147Z,,HOLD ALUMINI WITH SL 385,HOLD ALUMINI WITH SL 385,143bda986b65720e,TRADE_UPDATE,UPDATE_STOP_LOSS,SINGLE_INSTRUMENT,,ALUMINI,ALUMINIUM,"[""ALUMINIUM""]",,,,,,NONE,,NOT_APPLICABLE,False,[],,385.0,[],,,False,False,False,True,0.99,False,AUTO_HIGH_CONFIDENCE,RULE_BASED_AND_CURATED,Hold and update stop loss.,REDUCE_POSITION uses current holding: new_holding = current_holding * (1 - quantity_percent / 100).,1,1,False,READY_FOR_AUTO_APPLY
466,6a226d69109e0591bbf6f18a,6a0d87fb835de84db3693578,NSE,INDIA_EQUITY,2026-06-05T06:32:09.273Z,2026-06-05T06:32:09.273Z,,SELL TMPV @400 SL 412 TGT 393-381,SELL TMPV @400 SL 412 TGT 393-381,f83af13d19a30d16,TRADE_ACTION,OPEN_SHORT,SINGLE_INSTRUMENT,,TMPV,TMPV,"[""TMPV""]",,,,SHORT,100.0,MODEL_ALLOCATION,,DEFAULT_FULL_ALLOCATION,True,[400.0],400.0,412.0,"[393.0, 381.0]",393.0,381.0,False,False,False,True,0.96,False,AUTO_HIGH_CONFIDENCE,RULE_BASED_AND_CURATED,Sell/short instruction.,REDUCE_POSITION uses current holding: new_holding = current_holding * (1 - quantity_percent / 100).,1,1,False,READY_FOR_AUTO_APPLY
467,6a226f45109e0591bbf6f20a,6a0d87fb835de84db3693578,NSE,INDIA_EQUITY,2026-06-05T06:40:05.729Z,2026-06-05T06:40:39.080Z,2026-06-05T06:40:39.080Z,POSITIONAL 50% BUY MCX @2909  TGT 3100- 3200,POSITIONAL 50% BUY MCX @2909 TGT 3100- 3200,be80487c20596b6e,TRADE_ACTION,OPEN_LONG,SINGLE_INSTRUMENT,,MCX,MCX,"[""MCX""]",,,,LONG,50.0,MODEL_ALLOCATION,,EXPLICIT_PERCENT,False,[2909.0],2909.0,,"[3100.0, 3200.0]",3100.0,3200.0,False,False,False,True,0.98,False,AUTO_HIGH_CONFIDENCE,RULE_BASED_AND_CURATED,Buy instruction.,REDUCE_POSITION uses current holding: new_holding = current_holding * (1 - quantity_percent / 100).,1,1,False,READY_FOR_AUTO_APPLY
468,6a22731c109e0591bbf6f374,6a0d87fb835de84db3693578,NSE,INDIA_EQUITY,2026-06-05T06:56:28.906Z,2026-06-05T06:57:12.474Z,2026-06-05T06:57:12.473Z,INTRADAY TRADERS FULL PROFIT BOOK IN ICICIBANK@1271,INTRADAY TRADERS FULL PROFIT BOOK IN ICICIBANK @1271,036a73d8f2a2f9b8,TRADE_ACTION,CLOSE_POSITION,SINGLE_INSTRUMENT,,ICICIBANK,ICICIBANK,"[""ICICIBANK""]",,,,,100.0,CURRENT_HOLDING,0.0,FULL_EXIT_RULE,False,[1271.0],1271.0,,[],,,False,False,False,True,0.99,False,AUTO_HIGH_CONFIDENCE,RULE_BASED_AND_CURATED,Explicit full exit.,REDUCE_POSITION uses current holding: new_holding = current_holding * (1 - quantity_percent / 100).,1,1,False,READY_FOR_AUTO_APPLY
469,6a2278bd109e0591bbf6f459,6a20c6ae59359ea1faef274f,Indian Indices,INDIA_INDEX,2026-06-05T07:20:29.924Z,2026-06-05T07:20:29.924Z,,PART PROFIT BOOK IN NIFTY @23431,PART PROFIT BOOK IN NIFTY @23431,bcec6496af95c532,TRADE_ACTION,REDUCE_POSITION,SINGLE_INSTRUMENT,,NIFTY,NIFTY,"[""NIFTY""]",,,,,25.0,CURRENT_HOLDING,0.75,PART_PROFIT_RULE,False,[23431.0],23431.0,,[],,,False,False,False,True,0.99,False,AUTO_HIGH_CONFIDENCE,RULE_BASED_AND_CURATED,Part/partial profit means sell 25% of current holding.,REDUCE_POSITION uses current holding: new_holding = current_holding * (1 - quantity_percent / 100).,1,1,False,READY_FOR_AUTO_APPLY
470,6a227e72109e0591bbf6f579,6a0d87fb835de84db3693578,NSE,INDIA_EQUITY,2026-06-05T07:44:50.575Z,2026-06-05T07:44:50.575Z,,50% PROFIT BOOK IN SBIN @985.60,50% PROFIT BOOK IN SBIN @985.60,5d1c3165f99ff048,TRADE_ACTION,REDUCE_POSITION,SINGLE_INSTRUMENT,,SBIN,SBIN,"[""SBIN""]",,,,,50.0,CURRENT_HOLDING,0.5,EXPLICIT_PERCENT,False,[985.6],985.6,,[],,,False,False,False,True,0.99,False,AUTO_HIGH_CONFIDENCE,RULE_BASED_AND_CURATED,Explicit percentage reduction of current holding.,REDUCE_POSITION uses current holding: new_holding = current_holding * (1 - quantity_percent / 100).,1,1,False,READY_FOR_AUTO_APPLY
471,6a2281be109e0591bbf6f632,6a20c6ae59359ea1faef274f,Indian Indices,INDIA_INDEX,2026-06-05T07:58:54.206Z,2026-06-05T07:58:54.206Z,,PART PROFIT BOOK IN BANKNIFTY @54550,PART PROFIT BOOK IN BANKNIFTY @54550,bfd7151ef80af066,TRADE_ACTION,REDUCE_POSITION,SINGLE_INSTRUMENT,,BANKNIFTY,BANKNIFTY,"[""BANKNIFTY""]",,,,,25.0,CURRENT_HOLDING,0.75,PART_PROFIT_RULE,False,[54550.0],54550.0,,[],,,False,False,False,True,0.99,False,AUTO_HIGH_CONFIDENCE,RULE_BASED_AND_CURATED,Part/partial profit means sell 25% of current holding.,REDUCE_POSITION uses current holding: new_holding = current_holding * (1 - quantity_percent / 100).,1,1,False,READY_FOR_AUTO_APPLY
472,6a22859f109e0591bbf6f7d3,6a20c6ae59359ea1faef274f,Indian Indices,INDIA_INDEX,2026-06-05T08:15:27.561Z,2026-06-05T08:15:27.561Z,,25% PROFIT BOOK IN NIFTY @23355,25% PROFIT BOOK IN NIFTY @23355,5ecc7438431fd4e9,TRADE_ACTION,REDUCE_POSITION,SINGLE_INSTRUMENT,,NIFTY,NIFTY,"[""NIFTY""]",,,,,25.0,CURRENT_HOLDING,0.75,EXPLICIT_PERCENT,False,[23355.0],23355.0,,[],,,False,False,False,True,0.99,False,AUTO_HIGH_CONFIDENCE,RULE_BASED_AND_CURATED,Explicit percentage reduction of current holding.,REDUCE_POSITION uses current holding: new_holding = current_holding * (1 - quantity_percent / 100).,1,1,False,READY_FOR_AUTO_APPLY
473,6a228859109e0591bbf6f824,6a0d87fb835de84db3693578,NSE,INDIA_EQUITY,2026-06-05T08:27:05.014Z,2026-06-05T08:27:05.014Z,,50% PROFIT BOOK IN TMPV @394,50% PROFIT BOOK IN TMPV @394,d8f1cafec4cfd934,TRADE_ACTION,REDUCE_POSITION,SINGLE_INSTRUMENT,,TMPV,TMPV,"[""TMPV""]",,,,,50.0,CURRENT_HOLDING,0.5,EXPLICIT_PERCENT,False,[394.0],394.0,,[],,,False,False,False,True,0.99,False,AUTO_HIGH_CONFIDENCE,RULE_BASED_AND_CURATED,Explicit percentage reduction of current holding.,REDUCE_POSITION uses current holding: new_holding = current_holding * (1 - quantity_percent / 100).,2,2,True,READY_FOR_AUTO_APPLY
474,6a228abf109e0591bbf6f9f3,6a0d87fb835de84db3693578,NSE,INDIA_EQUITY,2026-06-05T08:37:19.552Z,2026-06-05T08:37:19.552Z,,BUY BHARTIARTL @1810 SL 1778 TGT 1845-1895,BUY BHARTIARTL @1810 SL 1778 TGT 1845-1895,ad58964b93c76c44,TRADE_ACTION,OPEN_LONG,SINGLE_INSTRUMENT,,BHARTIARTL,BHARTIARTL,"[""BHARTIARTL""]",,,,LONG,100.0,MODEL_ALLOCATION,,DEFAULT_FULL_ALLOCATION,True,[1810.0],1810.0,1778.0,"[1845.0, 1895.0]",1845.0,1895.0,False,False,False,True,0.98,False,AUTO_HIGH_CONFIDENCE,RULE_BASED_AND_CURATED,Buy instruction.,REDUCE_POSITION uses current holding: new_holding = current_holding * (1 - quantity_percent / 100).,1,1,False,READY_FOR_AUTO_APPLY
475,6a2294f8109e0591bbf6fbd4,6a0d87fb835de84db3693578,NSE,INDIA_EQUITY,2026-06-05T09:20:56.497Z,2026-06-05T09:20:56.497Z,,SELL TMPV @398 SL 410 TGT 390-385,SELL TMPV @398 SL 410 TGT 390-385,1c65412ec9436058,TRADE_ACTION,OPEN_SHORT,SINGLE_INSTRUMENT,,TMPV,TMPV,"[""TMPV""]",,,,SHORT,100.0,MODEL_ALLOCATION,,DEFAULT_FULL_ALLOCATION,True,[398.0],398.0,410.0,"[390.0, 385.0]",390.0,385.0,False,False,False,True,0.96,False,AUTO_HIGH_CONFIDENCE,RULE_BASED_AND_CURATED,Sell/short instruction.,REDUCE_POSITION uses current holding: new_holding = current_holding * (1 - quantity_percent / 100).,1,1,False,READY_FOR_AUTO_APPLY
476,6a22993d109e0591bbf6fc52,6a0d87fb835de84db3693578,NSE,INDIA_EQUITY,2026-06-05T09:39:09.389Z,2026-06-05T09:39:09.389Z,,BUY HDFCLIFE @576 SL 563 TGT 590-620,BUY HDFCLIFE @576 SL 563 TGT 590-620,66ce965e2847f10b,TRADE_ACTION,OPEN_LONG,SINGLE_INSTRUMENT,,HDFCLIFE,HDFCLIFE,"[""HDFCLIFE""]",,,,LONG,100.0,MODEL_ALLOCATION,,DEFAULT_FULL_ALLOCATION,True,[576.0],576.0,563.0,"[590.0, 620.0]",590.0,620.0,False,False,False,True,0.98,False,AUTO_HIGH_CONFIDENCE,RULE_BASED_AND_CURATED,Buy instruction.,REDUCE_POSITION uses current holding: new_holding = current_holding * (1 - quantity_percent / 100).,1,1,False,READY_FOR_AUTO_APPLY
477,6a229989109e0591bbf6fc89,6a0d881f835de84db369357c,MCX,INDIA_COMMODITY,2026-06-05T09:40:25.216Z,2026-06-05T09:40:25.216Z,,POSITIONAL TRADERS HOLD GOLD WITH SL 156400,POSITIONAL TRADERS HOLD GOLD WITH SL 156400,a0ee373a46a47bbb,TRADE_UPDATE,UPDATE_STOP_LOSS,SINGLE_INSTRUMENT,,GOLD,GOLD,"[""GOLD""]",,,,,,NONE,,NOT_APPLICABLE,False,[],,156400.0,[],,,False,False,False,True,0.99,False,AUTO_HIGH_CONFIDENCE,RULE_BASED_AND_CURATED,Hold and update stop loss.,REDUCE_POSITION uses current holding: new_holding = current_holding * (1 - quantity_percent / 100).,1,1,False,READY_FOR_AUTO_APPLY
478,6a22c6f0109e0591bbf70232,6a0d8832835de84db3693580,International Market,GLOBAL_COMMODITY,2026-06-05T12:54:08.736Z,2026-06-05T12:54:08.736Z,,Buy 50% silver July @72.24 with SL 70 for target 77-81,Buy 50% silver July @72.24 with SL 70 for target 77-81,9980cfcdf5aaa045,TRADE_ACTION,OPEN_LONG,SINGLE_INSTRUMENT,,silver July,SILVER,"[""SILVER""]",JUL,,,LONG,50.0,MODEL_ALLOCATION,,EXPLICIT_PERCENT,False,[72.24],72.24,70.0,"[77.0, 81.0]",77.0,81.0,False,False,False,True,0.98,False,AUTO_HIGH_CONFIDENCE,RULE_BASED_AND_CURATED,Buy instruction.,REDUCE_POSITION uses current holding: new_holding = current_holding * (1 - quantity_percent / 100).,1,1,False,READY_FOR_AUTO_APPLY
479,6a22c729109e0591bbf7023f,6a0d8832835de84db3693580,International Market,GLOBAL_COMMODITY,2026-06-05T12:55:05.005Z,2026-06-05T12:55:05.005Z,,Buy 50% gold aug @4447 with SL 4400 for target 4550 / positional target 4750.,Buy 50% gold aug @4447 with SL 4400 for target 4550 / positional target 4750.,38dace210501125f,TRADE_ACTION,OPEN_LONG,SINGLE_INSTRUMENT,,gold aug,GOLD,"[""GOLD""]",AUG,,,LONG,50.0,MODEL_ALLOCATION,,EXPLICIT_PERCENT,False,[4447.0],4447.0,4400.0,[4550.0],4550.0,,False,False,False,True,0.98,False,AUTO_HIGH_CONFIDENCE,RULE_BASED_AND_CURATED,Buy instruction.,REDUCE_POSITION uses current holding: new_holding = current_holding * (1 - quantity_percent / 100).,1,1,False,READY_FOR_AUTO_APPLY
480,6a22c75e109e0591bbf70258,6a0d8832835de84db3693580,International Market,GLOBAL_INDEX_OR_MACRO,2026-06-05T12:55:58.445Z,2026-06-05T12:55:58.445Z,,Buy nasdaq @30000 with SL 29750 for target 30400-30500,Buy nasdaq @30000 with SL 29750 for target 30400-30500,6d527bc1a177a020,TRADE_ACTION,OPEN_LONG,SINGLE_INSTRUMENT,,nasdaq,NASDAQ,"[""NASDAQ""]",,,,LONG,100.0,MODEL_ALLOCATION,,DEFAULT_FULL_ALLOCATION,True,[30000.0],30000.0,29750.0,"[30400.0, 30500.0]",30400.0,30500.0,False,False,False,True,0.98,False,AUTO_HIGH_CONFIDENCE,RULE_BASED_AND_CURATED,Buy instruction.,REDUCE_POSITION uses current holding: new_holding = current_holding * (1 - quantity_percent / 100).,1,1,False,READY_FOR_AUTO_APPLY
481,6a22c775109e0591bbf70278,6a0d8832835de84db3693580,International Market,GLOBAL_INDEX_OR_MACRO,2026-06-05T12:56:21.586Z,2026-06-05T12:56:21.586Z,,Buy s&p500 @7535 with SL 7478 for target 7580-7610,Buy s&p500 @7535 with SL 7478 for target 7580-7610,c760be8d869285f7,TRADE_ACTION,OPEN_LONG,SINGLE_INSTRUMENT,,s&p500,SP500,"[""SP500""]",,,,LONG,100.0,MODEL_ALLOCATION,,DEFAULT_FULL_ALLOCATION,True,[7535.0],7535.0,7478.0,"[7580.0, 7610.0]",7580.0,7610.0,False,False,False,True,0.98,False,AUTO_HIGH_CONFIDENCE,RULE_BASED_AND_CURATED,Buy instruction.,REDUCE_POSITION uses current holding: new_holding = current_holding * (1 - quantity_percent / 100).,1,1,False,READY_FOR_AUTO_APPLY
482,6a22cafd109e0591bbf70450,6a0d881f835de84db369357c,MCX,INDIA_COMMODITY,2026-06-05T13:11:25.198Z,2026-06-05T13:11:25.198Z,,Full Profit book in crude@8757,Full Profit book in crude @8757,eb950e5a33a03723,TRADE_ACTION,CLOSE_POSITION,SINGLE_INSTRUMENT,,crude,CRUDE,"[""CRUDE""]",,,,,100.0,CURRENT_HOLDING,0.0,FULL_EXIT_RULE,False,[8757.0],8757.0,,[],,,False,False,False,True,0.99,False,AUTO_HIGH_CONFIDENCE,RULE_BASED_AND_CURATED,Explicit full exit.,REDUCE_POSITION uses current holding: new_holding = current_holding * (1 - quantity_percent / 100).,1,1,False,READY_FOR_AUTO_APPLY
483,6a22cfe4109e0591bbf70564,6a0d8832835de84db3693580,International Market,GLOBAL_EQUITY,2026-06-05T13:32:20.895Z,2026-06-05T13:32:20.895Z,,Positional buy 50% soxl @ 232 for target 260-280,Positional buy 50% soxl @ 232 for target 260-280,f2e5c1f2688660c5,TRADE_ACTION,OPEN_LONG,SINGLE_INSTRUMENT,,soxl,SOXL,"[""SOXL""]",,,,LONG,50.0,MODEL_ALLOCATION,,EXPLICIT_PERCENT,False,[232.0],232.0,,"[260.0, 280.0]",260.0,280.0,False,False,False,True,0.98,False,AUTO_HIGH_CONFIDENCE,RULE_BASED_AND_CURATED,Buy instruction.,REDUCE_POSITION uses current holding: new_holding = current_holding * (1 - quantity_percent / 100).,1,1,False,READY_FOR_AUTO_APPLY
484,6a22d00d109e0591bbf70575,6a0d8832835de84db3693580,International Market,GLOBAL_EQUITY,2026-06-05T13:33:01.563Z,2026-06-05T13:33:01.563Z,,Buy 50% MU @ 956 for target 1000-1040,Buy 50% MU @ 956 for target 1000-1040,868224562d7fbc19,TRADE_ACTION,OPEN_LONG,SINGLE_INSTRUMENT,,MU,MU,"[""MU""]",,,,LONG,50.0,MODEL_ALLOCATION,,EXPLICIT_PERCENT,False,[956.0],956.0,,"[1000.0, 1040.0]",1000.0,1040.0,False,False,False,True,0.98,False,AUTO_HIGH_CONFIDENCE,RULE_BASED_AND_CURATED,Buy instruction.,REDUCE_POSITION uses current holding: new_holding = current_holding * (1 - quantity_percent / 100).,1,1,False,READY_FOR_AUTO_APPLY
485,6a22d018109e0591bbf70586,6a0d8832835de84db3693580,International Market,GLOBAL_EQUITY,2026-06-05T13:33:12.418Z,2026-06-05T13:33:12.418Z,,Buy 50% sndk @1668 for target 1800,Buy 50% sndk @1668 for target 1800,b6170428f7cd004b,TRADE_ACTION,OPEN_LONG,SINGLE_INSTRUMENT,,sndk,SNDK,"[""SNDK""]",,,,LONG,50.0,MODEL_ALLOCATION,,EXPLICIT_PERCENT,False,[1668.0],1668.0,,[1800.0],1800.0,,False,False,False,True,0.98,False,AUTO_HIGH_CONFIDENCE,RULE_BASED_AND_CURATED,Buy instruction.,REDUCE_POSITION uses current holding: new_holding = current_holding * (1 - quantity_percent / 100).,1,1,False,READY_FOR_AUTO_APPLY
486,6a22d032109e0591bbf70593,6a0d8832835de84db3693580,International Market,GLOBAL_EQUITY,2026-06-05T13:33:38.362Z,2026-06-05T13:33:38.362Z,,Buy 50% amd @504 with SL 490 for target 524-540,Buy 50% amd @504 with SL 490 for target 524-540,f1be2f9b4cab0560,TRADE_ACTION,OPEN_LONG,SINGLE_INSTRUMENT,,amd,AMD,"[""AMD""]",,,,LONG,50.0,MODEL_ALLOCATION,,EXPLICIT_PERCENT,False,[504.0],504.0,490.0,"[524.0, 540.0]",524.0,540.0,False,False,False,True,0.98,False,AUTO_HIGH_CONFIDENCE,RULE_BASED_AND_CURATED,Buy instruction.,REDUCE_POSITION uses current holding: new_holding = current_holding * (1 - quantity_percent / 100).,1,1,False,READY_FOR_AUTO_APPLY
487,6a22d1d7109e0591bbf705bc,6a0d8832835de84db3693580,International Market,GLOBAL_INDEX_OR_MACRO,2026-06-05T13:40:39.037Z,2026-06-05T13:40:39.037Z,,Buy Russell @2895 with SL 2878 for target 2930,Buy Russell @2895 with SL 2878 for target 2930,3b976179a2db4699,TRADE_ACTION,OPEN_LONG,SINGLE_INSTRUMENT,,Russell,RUSSELL,"[""RUSSELL""]",,,,LONG,100.0,MODEL_ALLOCATION,,DEFAULT_FULL_ALLOCATION,True,[2895.0],2895.0,2878.0,[2930.0],2930.0,,False,False,False,True,0.98,False,AUTO_HIGH_CONFIDENCE,RULE_BASED_AND_CURATED,Buy instruction.,REDUCE_POSITION uses current holding: new_holding = current_holding * (1 - quantity_percent / 100).,1,1,False,READY_FOR_AUTO_APPLY
488,6a22d3d1109e0591bbf706e8,6a0d8832835de84db3693580,International Market,GLOBAL_EQUITY,2026-06-05T13:49:05.412Z,2026-06-05T13:49:05.412Z,,Positional traders hold amd for next week,Positional traders hold amd for next week,b4ee4a3d56bb38a4,TRADE_UPDATE,HOLD_POSITION,SINGLE_INSTRUMENT,,amd,AMD,"[""AMD""]",,,,,,NONE,,NOT_APPLICABLE,False,[],,,[],,,False,False,False,True,0.97,False,AUTO_HIGH_CONFIDENCE,RULE_BASED_AND_CURATED,Hold instruction; no quantity change.,REDUCE_POSITION uses current holding: new_holding = current_holding * (1 - quantity_percent / 100).,1,1,False,READY_FOR_AUTO_APPLY
489,6a22d433109e0591bbf70729,6a0d8832835de84db3693580,International Market,GLOBAL_INDEX_OR_MACRO,2026-06-05T13:50:43.272Z,2026-06-05T13:50:43.272Z,,Positional traders hold nasdaq with SL 29700,Positional traders hold nasdaq with SL 29700,03a48500ebdc24bf,TRADE_UPDATE,UPDATE_STOP_LOSS,SINGLE_INSTRUMENT,,nasdaq,NASDAQ,"[""NASDAQ""]",,,,,,NONE,,NOT_APPLICABLE,False,[],,29700.0,[],,,False,False,False,True,0.99,False,AUTO_HIGH_CONFIDENCE,RULE_BASED_AND_CURATED,Hold and update stop loss.,REDUCE_POSITION uses current holding: new_holding = current_holding * (1 - quantity_percent / 100).,1,1,False,READY_FOR_AUTO_APPLY
490,6a22d443109e0591bbf70736,6a0d8832835de84db3693580,International Market,GLOBAL_INDEX_OR_MACRO,2026-06-05T13:50:59.626Z,2026-06-05T13:50:59.626Z,,Positional traders hold Russell with SL 2870,Positional traders hold Russell with SL 2870,ee1286606942574d,TRADE_UPDATE,UPDATE_STOP_LOSS,SINGLE_INSTRUMENT,,Russell,RUSSELL,"[""RUSSELL""]",,,,,,NONE,,NOT_APPLICABLE,False,[],,2870.0,[],,,False,False,False,True,0.99,False,AUTO_HIGH_CONFIDENCE,RULE_BASED_AND_CURATED,Hold and update stop loss.,REDUCE_POSITION uses current holding: new_holding = current_holding * (1 - quantity_percent / 100).,1,1,False,READY_FOR_AUTO_APPLY
491,6a22d776109e0591bbf707d4,6a0d8832835de84db3693580,International Market,GLOBAL_COMMODITY,2026-06-05T14:04:38.666Z,2026-06-05T14:04:38.666Z,,Book part profit in crude @90.70,Book part profit in crude @90.70,f73bcdbc6098d6bc,TRADE_ACTION,REDUCE_POSITION,SINGLE_INSTRUMENT,,crude,CRUDE,"[""CRUDE""]",,,,,25.0,CURRENT_HOLDING,0.75,PART_PROFIT_RULE,False,[90.7],90.7,,[],,,False,False,False,True,0.99,False,AUTO_HIGH_CONFIDENCE,RULE_BASED_AND_CURATED,Part/partial profit means sell 25% of current holding.,REDUCE_POSITION uses current holding: new_holding = current_holding * (1 - quantity_percent / 100).,1,1,False,READY_FOR_AUTO_APPLY
492,6a22e7ae109e0591bbf70ac3,6a0d8832835de84db3693580,International Market,GLOBAL_INDEX_OR_MACRO,2026-06-05T15:13:50.776Z,2026-06-05T15:13:50.776Z,,Positional traders hold nasdaq with SL 29500,Positional traders hold nasdaq with SL 29500,275a6d960c97b4cd,TRADE_UPDATE,UPDATE_STOP_LOSS,SINGLE_INSTRUMENT,,nasdaq,NASDAQ,"[""NASDAQ""]",,,,,,NONE,,NOT_APPLICABLE,False,[],,29500.0,[],,,False,False,False,True,0.99,False,AUTO_HIGH_CONFIDENCE,RULE_BASED_AND_CURATED,Hold and update stop loss.,REDUCE_POSITION uses current holding: new_holding = current_holding * (1 - quantity_percent / 100).,1,1,False,READY_FOR_AUTO_APPLY
493,6a22f115109e0591bbf70caf,6a0d8832835de84db3693580,International Market,GLOBAL_EQUITY,2026-06-05T15:53:57.588Z,2026-06-05T15:53:57.588Z,,Buy NVDA @ 208.84 & 201 with S/L 195 for target 220-230,Buy NVDA @ 208.84 & 201 with S/L 195 for target 220-230,14144c2b5ed54717,TRADE_ACTION,OPEN_LONG,SINGLE_INSTRUMENT,,NVDA,NVDA,"[""NVDA""]",,,,LONG,100.0,MODEL_ALLOCATION,,DEFAULT_FULL_ALLOCATION,True,"[208.84, 201.0]",208.84,195.0,"[220.0, 230.0]",220.0,230.0,False,False,False,True,0.98,False,AUTO_HIGH_CONFIDENCE,RULE_BASED_AND_CURATED,Buy instruction.,REDUCE_POSITION uses current holding: new_holding = current_holding * (1 - quantity_percent / 100).,1,1,False,READY_FOR_AUTO_APPLY
494,6a231f85109e0591bbf70ee2,6a0d8832835de84db3693580,International Market,GLOBAL_EQUITY,2026-06-05T19:12:05.308Z,2026-06-05T19:12:05.308Z,,The stop loss has been triggered in indices. People who have quit their positions may reenter into 30% long positions at the US closing.,The stop loss has been triggered in indices. People who have quit their positions may reenter into 30% long positions at the US closing.,c4390d1636e87514,TRADE_UPDATE,MARKET_COMMENTARY,NONE,,,,[],MAY,,,,,NONE,,NOT_APPLICABLE,False,[],,,[],,,False,False,False,False,0.75,True,REVIEW_REQUIRED,RULE_BASED_AND_CURATED,General long recommendation/commentary.,REDUCE_POSITION uses current holding: new_holding = current_holding * (1 - quantity_percent / 100).,1,1,False,MANUAL_OR_CONTEXT_REVIEW
495,6a26109f109e0591bbf71759,6a0d8832835de84db3693580,International Market,GLOBAL_EQUITY,2026-06-08T00:45:19.535Z,2026-06-08T00:45:19.535Z,,Continue holding long positions in indices until Tuesday.,Continue holding long positions in indices until Tuesday.,0b055c69a2a97ea5,TRADE_UPDATE,MARKET_COMMENTARY,NONE,,,,[],,,,,,NONE,,NOT_APPLICABLE,False,[],,,[],,,False,False,False,False,0.75,True,REVIEW_REQUIRED,RULE_BASED_AND_CURATED,General long recommendation/commentary.,REDUCE_POSITION uses current holding: new_holding = current_holding * (1 - quantity_percent / 100).,1,1,False,MANUAL_OR_CONTEXT_REVIEW
496,6a2610ea109e0591bbf71767,6a0d8832835de84db3693580,International Market,GLOBAL_COMMODITY,2026-06-08T00:46:34.294Z,2026-06-08T00:46:34.294Z,,Buy copper @6.28 with SL 6.20 for target 6.40-6.50,Buy copper @6.28 with SL 6.20 for target 6.40-6.50,589b68d4ce1d6196,TRADE_ACTION,OPEN_LONG,SINGLE_INSTRUMENT,,copper,COPPER,"[""COPPER""]",,,,LONG,100.0,MODEL_ALLOCATION,,DEFAULT_FULL_ALLOCATION,True,[6.28],6.28,6.2,"[6.4, 6.5]",6.4,6.5,False,False,False,True,0.98,False,AUTO_HIGH_CONFIDENCE,RULE_BASED_AND_CURATED,Buy instruction.,REDUCE_POSITION uses current holding: new_holding = current_holding * (1 - quantity_percent / 100).,1,1,False,READY_FOR_AUTO_APPLY
497,6a261110109e0591bbf71774,6a0d8832835de84db3693580,International Market,GLOBAL_COMMODITY,2026-06-08T00:47:12.129Z,2026-06-08T00:47:12.129Z,,Sell crude @ 92.55 & 94.50 with SL 95.60 for target 90.50/89.50,Sell crude @ 92.55 & 94.50 with SL 95.60 for target 90.50/89.50,3f0c45dc1b450668,TRADE_ACTION,OPEN_SHORT,SINGLE_INSTRUMENT,,crude,CRUDE,"[""CRUDE""]",,,,SHORT,100.0,MODEL_ALLOCATION,,DEFAULT_FULL_ALLOCATION,True,"[92.55, 94.5]",92.55,95.6,"[90.5, 89.5]",90.5,89.5,False,False,False,True,0.96,False,AUTO_HIGH_CONFIDENCE,RULE_BASED_AND_CURATED,Sell/short instruction.,REDUCE_POSITION uses current holding: new_holding = current_holding * (1 - quantity_percent / 100).,1,1,False,READY_FOR_AUTO_APPLY
498,6a261127109e0591bbf71782,6a0d8832835de84db3693580,International Market,GLOBAL_COMMODITY,2026-06-08T00:47:35.700Z,2026-06-08T00:47:35.700Z,,Buy NG @ 3.18 with SL 3.00 for target 3.40,Buy NG @ 3.18 with SL 3.00 for target 3.40,34f08b1de17fb0be,TRADE_ACTION,OPEN_LONG,SINGLE_INSTRUMENT,,NG,NATURAL_GAS,"[""NATURAL_GAS""]",,,,LONG,100.0,MODEL_ALLOCATION,,DEFAULT_FULL_ALLOCATION,True,[3.18],3.18,3.0,[3.4],3.4,,False,False,False,True,0.98,False,AUTO_HIGH_CONFIDENCE,RULE_BASED_AND_CURATED,Buy instruction.,REDUCE_POSITION uses current holding: new_holding = current_holding * (1 - quantity_percent / 100).,1,1,False,READY_FOR_AUTO_APPLY
499,6a263850109e0591bbf718d3,6a0d881f835de84db369357c,MCX,INDIA_COMMODITY,2026-06-08T03:34:40.880Z,2026-06-08T03:34:40.880Z,,buy copper @1334 sl 1324 tgt 1345-1355,buy copper @1334 sl 1324 tgt 1345-1355,3d3d111c337cb0c5,TRADE_ACTION,OPEN_LONG,SINGLE_INSTRUMENT,,copper,COPPER,"[""COPPER""]",,,,LONG,100.0,MODEL_ALLOCATION,,DEFAULT_FULL_ALLOCATION,True,[1334.0],1334.0,1324.0,"[1345.0, 1355.0]",1345.0,1355.0,False,False,False,True,0.98,False,AUTO_HIGH_CONFIDENCE,RULE_BASED_AND_CURATED,Buy instruction.,REDUCE_POSITION uses current holding: new_holding = current_holding * (1 - quantity_percent / 100).,1,1,False,READY_FOR_AUTO_APPLY
500,6a263897109e0591bbf7194d,6a0d881f835de84db369357c,MCX,INDIA_COMMODITY,2026-06-08T03:35:51.643Z,2026-06-08T03:37:46.367Z,2026-06-08T03:37:46.366Z,50% sell crude M @8920 sl 9100 tgt 8650-8550,50% sell crude M @8920 sl 9100 tgt 8650-8550,32c91f54b998e497,TRADE_ACTION,OPEN_SHORT,SINGLE_INSTRUMENT,,crude M,CRUDE_MINI,"[""CRUDE_MINI""]",,,,SHORT,50.0,MODEL_ALLOCATION,,EXPLICIT_PERCENT,False,[8920.0],8920.0,9100.0,"[8650.0, 8550.0]",8650.0,8550.0,False,False,False,True,0.97,False,AUTO_HIGH_CONFIDENCE,RULE_BASED_AND_CURATED,Sell with stop/target opens a short allocation.,REDUCE_POSITION uses current holding: new_holding = current_holding * (1 - quantity_percent / 100).,1,1,False,READY_FOR_AUTO_APPLY
501,6a2638bf109e0591bbf7198f,6a0d881f835de84db369357c,MCX,INDIA_COMMODITY,2026-06-08T03:36:31.478Z,2026-06-08T03:36:31.478Z,,BUY NG @303.20 SL 294 TGT 310-320,BUY NG @303.20 SL 294 TGT 310-320,eeddcb34f5586ad8,TRADE_ACTION,OPEN_LONG,SINGLE_INSTRUMENT,,NG,NATURAL_GAS,"[""NATURAL_GAS""]",,,,LONG,100.0,MODEL_ALLOCATION,,DEFAULT_FULL_ALLOCATION,True,[303.2],303.2,294.0,"[310.0, 320.0]",310.0,320.0,False,False,False,True,0.98,False,AUTO_HIGH_CONFIDENCE,RULE_BASED_AND_CURATED,Buy instruction.,REDUCE_POSITION uses current holding: new_holding = current_holding * (1 - quantity_percent / 100).,1,1,False,READY_FOR_AUTO_APPLY
502,6a263adf109e0591bbf71ab1,6a0d87fb835de84db3693578,NSE,INDIA_EQUITY,2026-06-08T03:45:35.137Z,2026-06-08T03:45:35.137Z,,50% PROFIT BOOK IN SBIN @970,50% PROFIT BOOK IN SBIN @970,0129864a887213c6,TRADE_ACTION,REDUCE_POSITION,SINGLE_INSTRUMENT,,SBIN,SBIN,"[""SBIN""]",,,,,50.0,CURRENT_HOLDING,0.5,EXPLICIT_PERCENT,False,[970.0],970.0,,[],,,False,False,False,True,0.99,False,AUTO_HIGH_CONFIDENCE,RULE_BASED_AND_CURATED,Explicit percentage reduction of current holding.,REDUCE_POSITION uses current holding: new_holding = current_holding * (1 - quantity_percent / 100).,1,1,False,READY_FOR_AUTO_APPLY
503,6a263af1109e0591bbf71b21,6a0d87fb835de84db3693578,NSE,INDIA_EQUITY,2026-06-08T03:45:53.042Z,2026-06-08T03:45:53.042Z,,50% PROFIT BOOK IN UNIONBANK @165,50% PROFIT BOOK IN UNIONBANK @165,99f513bc491eb1f0,TRADE_ACTION,REDUCE_POSITION,SINGLE_INSTRUMENT,,UNIONBANK,UNIONBANK,"[""UNIONBANK""]",,,,,50.0,CURRENT_HOLDING,0.5,EXPLICIT_PERCENT,False,[165.0],165.0,,[],,,False,False,False,True,0.99,False,AUTO_HIGH_CONFIDENCE,RULE_BASED_AND_CURATED,Explicit percentage reduction of current holding.,REDUCE_POSITION uses current holding: new_holding = current_holding * (1 - quantity_percent / 100).,1,1,False,READY_FOR_AUTO_APPLY
504,6a263b03109e0591bbf71bb3,6a0d87fb835de84db3693578,NSE,INDIA_EQUITY,2026-06-08T03:46:11.394Z,2026-06-08T03:46:11.394Z,,50% PROFIT BOOK IN TMPV @388,50% PROFIT BOOK IN TMPV @388,4f77b2f800b99bec,TRADE_ACTION,REDUCE_POSITION,SINGLE_INSTRUMENT,,TMPV,TMPV,"[""TMPV""]",,,,,50.0,CURRENT_HOLDING,0.5,EXPLICIT_PERCENT,False,[388.0],388.0,,[],,,False,False,False,True,0.99,False,AUTO_HIGH_CONFIDENCE,RULE_BASED_AND_CURATED,Explicit percentage reduction of current holding.,REDUCE_POSITION uses current holding: new_holding = current_holding * (1 - quantity_percent / 100).,1,1,False,READY_FOR_AUTO_APPLY
505,6a263be6109e0591bbf71db2,6a0d87fb835de84db3693578,NSE,INDIA_EQUITY,2026-06-08T03:49:58.303Z,2026-06-08T03:49:58.303Z,,BUY LT @3916 SL 3840 TGT 4000,BUY LT @3916 SL 3840 TGT 4000,250b7e5712ceafae,TRADE_ACTION,OPEN_LONG,SINGLE_INSTRUMENT,,LT,LT,"[""LT""]",,,,LONG,100.0,MODEL_ALLOCATION,,DEFAULT_FULL_ALLOCATION,True,[3916.0],3916.0,3840.0,[4000.0],4000.0,,False,False,False,True,0.98,False,AUTO_HIGH_CONFIDENCE,RULE_BASED_AND_CURATED,Buy instruction.,REDUCE_POSITION uses current holding: new_holding = current_holding * (1 - quantity_percent / 100).,1,1,False,READY_FOR_AUTO_APPLY
506,6a263c94109e0591bbf71e34,6a0d87fb835de84db3693578,NSE,INDIA_EQUITY,2026-06-08T03:52:52.679Z,2026-06-08T03:52:52.679Z,,BUY IDFCFIRSTB@72.65 SL 71 TGT 75-77.50,BUY IDFCFIRSTB @72.65 SL 71 TGT 75-77.50,4744d879115b9c33,TRADE_ACTION,OPEN_LONG,SINGLE_INSTRUMENT,,IDFCFIRSTB,IDFCFIRSTB,"[""IDFCFIRSTB""]",,,,LONG,100.0,MODEL_ALLOCATION,,DEFAULT_FULL_ALLOCATION,True,[72.65],72.65,71.0,"[75.0, 77.5]",75.0,77.5,False,False,False,True,0.98,False,AUTO_HIGH_CONFIDENCE,RULE_BASED_AND_CURATED,Buy instruction.,REDUCE_POSITION uses current holding: new_holding = current_holding * (1 - quantity_percent / 100).,1,1,False,READY_FOR_AUTO_APPLY
507,6a263d5c109e0591bbf71e4e,6a0d87fb835de84db3693578,NSE,INDIA_EQUITY,2026-06-08T03:56:12.816Z,2026-06-08T03:56:12.816Z,,BUY KOTAKBANK @377.35 SL 371 TGT 385-388,BUY KOTAKBANK @377.35 SL 371 TGT 385-388,f6f2b7f7e75f9cc8,TRADE_ACTION,OPEN_LONG,SINGLE_INSTRUMENT,,KOTAKBANK,KOTAKBANK,"[""KOTAKBANK""]",,,,LONG,100.0,MODEL_ALLOCATION,,DEFAULT_FULL_ALLOCATION,True,[377.35],377.35,371.0,"[385.0, 388.0]",385.0,388.0,False,False,False,True,0.98,False,AUTO_HIGH_CONFIDENCE,RULE_BASED_AND_CURATED,Buy instruction.,REDUCE_POSITION uses current holding: new_holding = current_holding * (1 - quantity_percent / 100).,1,1,False,READY_FOR_AUTO_APPLY
508,6a264a8d109e0591bbf722ab,6a0d87fb835de84db3693578,NSE,INDIA_EQUITY,2026-06-08T04:52:29.400Z,2026-06-08T04:52:29.400Z,,FULL PROFIT BOOK IN UNIONBANK @165.35,FULL PROFIT BOOK IN UNIONBANK @165.35,9325b91d08eb927a,TRADE_ACTION,CLOSE_POSITION,SINGLE_INSTRUMENT,,UNIONBANK,UNIONBANK,"[""UNIONBANK""]",,,,,100.0,CURRENT_HOLDING,0.0,FULL_EXIT_RULE,False,[165.35],165.35,,[],,,False,False,False,True,0.99,False,AUTO_HIGH_CONFIDENCE,RULE_BASED_AND_CURATED,Explicit full exit.,REDUCE_POSITION uses current holding: new_holding = current_holding * (1 - quantity_percent / 100).,1,1,False,READY_FOR_AUTO_APPLY
509,6a264b1f109e0591bbf722e9,6a0d881f835de84db369357c,MCX,INDIA_COMMODITY,2026-06-08T04:54:55.410Z,2026-06-08T04:54:55.410Z,,HOLD COPPER WITH SL 1320,HOLD COPPER WITH SL 1320,b3c8c2d8090d536a,TRADE_UPDATE,UPDATE_STOP_LOSS,SINGLE_INSTRUMENT,,COPPER,COPPER,"[""COPPER""]",,,,,,NONE,,NOT_APPLICABLE,False,[],,1320.0,[],,,False,False,False,True,0.99,False,AUTO_HIGH_CONFIDENCE,RULE_BASED_AND_CURATED,Hold and update stop loss.,REDUCE_POSITION uses current holding: new_holding = current_holding * (1 - quantity_percent / 100).,1,1,False,READY_FOR_AUTO_APPLY
510,6a2653e6109e0591bbf7247f,6a0d881f835de84db369357c,MCX,INDIA_COMMODITY,2026-06-08T05:32:22.947Z,2026-06-08T05:32:22.947Z,,HOLD SILVER WITH SL 240000,HOLD SILVER WITH SL 240000,c9d56149b14c8a8c,TRADE_UPDATE,UPDATE_STOP_LOSS,SINGLE_INSTRUMENT,,SILVER,SILVER,"[""SILVER""]",,,,,,NONE,,NOT_APPLICABLE,False,[],,240000.0,[],,,False,False,False,True,0.99,False,AUTO_HIGH_CONFIDENCE,RULE_BASED_AND_CURATED,Hold and update stop loss.,REDUCE_POSITION uses current holding: new_holding = current_holding * (1 - quantity_percent / 100).,1,1,False,READY_FOR_AUTO_APPLY
511,6a265533109e0591bbf724ef,6a0d881f835de84db369357c,MCX,INDIA_COMMODITY,2026-06-08T05:37:55.275Z,2026-06-08T05:37:55.275Z,,INTRADAY SL TOUCH IN GOLD & SILVER,INTRADAY SL TOUCH IN GOLD & SILVER,756f8eaee6b5d4ad,TRADE_ACTION,CLOSE_POSITION,MULTI_INSTRUMENT,,GOLD & SILVER,,"[""GOLD"", ""SILVER""]",,,,,100.0,CURRENT_HOLDING,0.0,FULL_EXIT_RULE,False,[],,,[],,,False,True,True,False,0.7,True,REVIEW_REQUIRED,RULE_BASED_AND_CURATED,Stop-loss hit closes current holding. Multiple instruments must be split into separate events.,REDUCE_POSITION uses current holding: new_holding = current_holding * (1 - quantity_percent / 100).,1,1,False,MANUAL_OR_CONTEXT_REVIEW
512,6a265605109e0591bbf72569,6a0d8832835de84db3693580,International Market,GLOBAL_EQUITY,2026-06-08T05:41:25.394Z,2026-06-08T05:41:25.394Z,,Positional SL for gold aug: 4278 & silver july: 65.70,Positional SL for gold aug: 4278 & silver july: 65.70,180b38f11e42c209,TRADE_UPDATE,UPDATE_STOP_LOSS,MULTI_INSTRUMENT,,gold aug,,"[""GOLD"", ""SILVER""]",AUG,,,,,NONE,,NOT_APPLICABLE,False,[],,,[],,,False,True,True,False,0.7,True,REVIEW_REQUIRED,RULE_BASED_AND_CURATED,Standalone stop-loss update. Multiple instruments must be split into separate events.,REDUCE_POSITION uses current holding: new_holding = current_holding * (1 - quantity_percent / 100).,1,1,False,MANUAL_OR_CONTEXT_REVIEW
513,6a266460109e0591bbf727d8,6a0d87fb835de84db3693578,NSE,INDIA_EQUITY,2026-06-08T06:42:40.546Z,2026-06-08T06:42:40.546Z,,BUY TMPV @389 SL 385 TGT 395-400,BUY TMPV @389 SL 385 TGT 395-400,a959138cf79b58ad,TRADE_ACTION,OPEN_LONG,SINGLE_INSTRUMENT,,TMPV,TMPV,"[""TMPV""]",,,,LONG,100.0,MODEL_ALLOCATION,,DEFAULT_FULL_ALLOCATION,True,[389.0],389.0,385.0,"[395.0, 400.0]",395.0,400.0,False,False,False,True,0.98,False,AUTO_HIGH_CONFIDENCE,RULE_BASED_AND_CURATED,Buy instruction.,REDUCE_POSITION uses current holding: new_holding = current_holding * (1 - quantity_percent / 100).,1,1,False,READY_FOR_AUTO_APPLY
514,6a2668c9109e0591bbf728a6,6a0d8832835de84db3693580,International Market,GLOBAL_INDEX_OR_MACRO,2026-06-08T07:01:29.799Z,2026-06-08T07:01:29.799Z,,Buy s&p500 @7394 with SL 7319 for target 745017490,Buy s&p500 @7394 with SL 7319 for target 745017490,23d5b9dd09f338e1,TRADE_ACTION,OPEN_LONG,SINGLE_INSTRUMENT,,s&p500,SP500,"[""SP500""]",,,,LONG,100.0,MODEL_ALLOCATION,,DEFAULT_FULL_ALLOCATION,True,[7394.0],7394.0,7319.0,[745017490.0],745017490.0,,False,False,False,True,0.98,False,AUTO_HIGH_CONFIDENCE,RULE_BASED_AND_CURATED,Buy instruction.,REDUCE_POSITION uses current holding: new_holding = current_holding * (1 - quantity_percent / 100).,1,1,False,READY_FOR_AUTO_APPLY
515,6a2668e3109e0591bbf728b3,6a0d8832835de84db3693580,International Market,GLOBAL_INDEX_OR_MACRO,2026-06-08T07:01:55.252Z,2026-06-08T07:01:55.252Z,,Buy nasdaq @29060 with SL 28700 for target 29300-29500,Buy nasdaq @29060 with SL 28700 for target 29300-29500,6c36e13500fa5d29,TRADE_ACTION,OPEN_LONG,SINGLE_INSTRUMENT,,nasdaq,NASDAQ,"[""NASDAQ""]",,,,LONG,100.0,MODEL_ALLOCATION,,DEFAULT_FULL_ALLOCATION,True,[29060.0],29060.0,28700.0,"[29300.0, 29500.0]",29300.0,29500.0,False,False,False,True,0.98,False,AUTO_HIGH_CONFIDENCE,RULE_BASED_AND_CURATED,Buy instruction.,REDUCE_POSITION uses current holding: new_holding = current_holding * (1 - quantity_percent / 100).,1,1,False,READY_FOR_AUTO_APPLY
516,6a2668fc109e0591bbf728ef,6a0d8832835de84db3693580,International Market,GLOBAL_INDEX_OR_MACRO,2026-06-08T07:02:20.657Z,2026-06-08T07:02:20.657Z,,Buy Russell @2833 with SL 2790 for target 2870-2895,Buy Russell @2833 with SL 2790 for target 2870-2895,2031962a1764f2ce,TRADE_ACTION,OPEN_LONG,SINGLE_INSTRUMENT,,Russell,RUSSELL,"[""RUSSELL""]",,,,LONG,100.0,MODEL_ALLOCATION,,DEFAULT_FULL_ALLOCATION,True,[2833.0],2833.0,2790.0,"[2870.0, 2895.0]",2870.0,2895.0,False,False,False,True,0.98,False,AUTO_HIGH_CONFIDENCE,RULE_BASED_AND_CURATED,Buy instruction.,REDUCE_POSITION uses current holding: new_holding = current_holding * (1 - quantity_percent / 100).,1,1,False,READY_FOR_AUTO_APPLY
517,6a266917109e0591bbf72903,6a0d8832835de84db3693580,International Market,GLOBAL_INDEX_OR_MACRO,2026-06-08T07:02:47.201Z,2026-06-08T07:02:47.201Z,,Buy Dow @ 50695 with SL 50300 for target 51200,Buy Dow @ 50695 with SL 50300 for target 51200,9c0aa1924aafef35,TRADE_ACTION,OPEN_LONG,SINGLE_INSTRUMENT,,Dow,DOW,"[""DOW""]",,,,LONG,100.0,MODEL_ALLOCATION,,DEFAULT_FULL_ALLOCATION,True,[50695.0],50695.0,50300.0,[51200.0],51200.0,,False,False,False,True,0.98,False,AUTO_HIGH_CONFIDENCE,RULE_BASED_AND_CURATED,Buy instruction.,REDUCE_POSITION uses current holding: new_holding = current_holding * (1 - quantity_percent / 100).,1,1,False,READY_FOR_AUTO_APPLY
518,6a266b5f109e0591bbf7299e,6a0d87fb835de84db3693578,NSE,INDIA_EQUITY,2026-06-08T07:12:31.411Z,2026-06-08T07:12:31.411Z,,50% PROFIT BOOK IN BEL@416,50% PROFIT BOOK IN BEL @416,eb0e05983ec14ef5,TRADE_ACTION,REDUCE_POSITION,SINGLE_INSTRUMENT,,BEL,BEL,"[""BEL""]",,,,,50.0,CURRENT_HOLDING,0.5,EXPLICIT_PERCENT,False,[416.0],416.0,,[],,,False,False,False,True,0.99,False,AUTO_HIGH_CONFIDENCE,RULE_BASED_AND_CURATED,Explicit percentage reduction of current holding.,REDUCE_POSITION uses current holding: new_holding = current_holding * (1 - quantity_percent / 100).,1,1,False,READY_FOR_AUTO_APPLY
519,6a2679f6109e0591bbf72b55,6a0d881f835de84db369357c,MCX,INDIA_COMMODITY,2026-06-08T08:14:46.339Z,2026-06-08T08:14:46.339Z,,50% SELL CRUDEMINI @9100 SL 9200 TGT 8800-8600,50% SELL CRUDEMINI @9100 SL 9200 TGT 8800-8600,ff85e43ea14d6670,TRADE_ACTION,OPEN_SHORT,SINGLE_INSTRUMENT,,CRUDEMINI,CRUDE_MINI,"[""CRUDE_MINI""]",,,,SHORT,50.0,MODEL_ALLOCATION,,EXPLICIT_PERCENT,False,[9100.0],9100.0,9200.0,"[8800.0, 8600.0]",8800.0,8600.0,False,False,False,True,0.97,False,AUTO_HIGH_CONFIDENCE,RULE_BASED_AND_CURATED,Sell with stop/target opens a short allocation.,REDUCE_POSITION uses current holding: new_holding = current_holding * (1 - quantity_percent / 100).,1,1,False,READY_FOR_AUTO_APPLY
520,6a269223109e0591bbf72f00,6a20c6ae59359ea1faef274f,Indian Indices,INDIA_INDEX,2026-06-08T09:57:55.334Z,2026-06-08T09:57:55.334Z,,AGAIN  BUY NIFTY @23145 SL 23000 TGT 23350-23450,AGAIN BUY NIFTY @23145 SL 23000 TGT 23350-23450,bce9cb1e505921c5,TRADE_ACTION,ADD_LONG,SINGLE_INSTRUMENT,,NIFTY,NIFTY,"[""NIFTY""]",,,,LONG,100.0,MODEL_ALLOCATION,,DEFAULT_FULL_ALLOCATION,True,[23145.0],23145.0,23000.0,"[23350.0, 23450.0]",23350.0,23450.0,False,False,False,True,0.97,False,AUTO_HIGH_CONFIDENCE,RULE_BASED_AND_CURATED,Explicit additional long entry.,REDUCE_POSITION uses current holding: new_holding = current_holding * (1 - quantity_percent / 100).,1,1,False,READY_FOR_AUTO_APPLY
521,6a269ee8109e0591bbf730ec,6a0d881f835de84db369357c,MCX,INDIA_COMMODITY,2026-06-08T10:52:24.017Z,2026-06-08T10:52:24.017Z,,50% Profit Book in copper @ 1335,50% Profit Book in copper @ 1335,6c226cc108672031,TRADE_ACTION,REDUCE_POSITION,SINGLE_INSTRUMENT,,copper,COPPER,"[""COPPER""]",,,,,50.0,CURRENT_HOLDING,0.5,EXPLICIT_PERCENT,False,[1335.0],1335.0,,[],,,False,False,False,True,0.99,False,AUTO_HIGH_CONFIDENCE,RULE_BASED_AND_CURATED,Explicit percentage reduction of current holding.,REDUCE_POSITION uses current holding: new_holding = current_holding * (1 - quantity_percent / 100).,1,1,False,READY_FOR_AUTO_APPLY
522,6a269f18109e0591bbf731a8,6a0d8832835de84db3693580,International Market,GLOBAL_COMMODITY,2026-06-08T10:53:12.298Z,2026-06-08T10:53:12.298Z,,50% Profit Book in copper @ 6.35,50% Profit Book in copper @ 6.35,312a9ccb1233fdb4,TRADE_ACTION,REDUCE_POSITION,SINGLE_INSTRUMENT,,copper,COPPER,"[""COPPER""]",,,,,50.0,CURRENT_HOLDING,0.5,EXPLICIT_PERCENT,False,[6.35],6.35,,[],,,False,False,False,True,0.99,False,AUTO_HIGH_CONFIDENCE,RULE_BASED_AND_CURATED,Explicit percentage reduction of current holding.,REDUCE_POSITION uses current holding: new_holding = current_holding * (1 - quantity_percent / 100).,1,1,False,READY_FOR_AUTO_APPLY
523,6a269fee109e0591bbf73226,6a0d881f835de84db369357c,MCX,INDIA_COMMODITY,2026-06-08T10:56:46.327Z,2026-06-08T10:56:46.327Z,,Part Profit book in crude@8986,Part Profit book in crude @8986,aa006a3113cebb1c,TRADE_ACTION,REDUCE_POSITION,SINGLE_INSTRUMENT,,crude,CRUDE,"[""CRUDE""]",,,,,25.0,CURRENT_HOLDING,0.75,PART_PROFIT_RULE,False,[8986.0],8986.0,,[],,,False,False,False,True,0.99,False,AUTO_HIGH_CONFIDENCE,RULE_BASED_AND_CURATED,Part/partial profit means sell 25% of current holding.,REDUCE_POSITION uses current holding: new_holding = current_holding * (1 - quantity_percent / 100).,1,1,False,READY_FOR_AUTO_APPLY
524,6a26a468109e0591bbf73325,6a0d881f835de84db369357c,MCX,INDIA_COMMODITY,2026-06-08T11:15:52.442Z,2026-06-08T11:15:52.442Z,,50% Profit Book in crude@8843,50% Profit Book in crude @8843,ce8e3fe8dcd8c548,TRADE_ACTION,REDUCE_POSITION,SINGLE_INSTRUMENT,,crude,CRUDE,"[""CRUDE""]",,,,,50.0,CURRENT_HOLDING,0.5,EXPLICIT_PERCENT,False,[8843.0],8843.0,,[],,,False,False,False,True,0.99,False,AUTO_HIGH_CONFIDENCE,RULE_BASED_AND_CURATED,Explicit percentage reduction of current holding.,REDUCE_POSITION uses current holding: new_holding = current_holding * (1 - quantity_percent / 100).,1,1,False,READY_FOR_AUTO_APPLY
525,6a26a4ad109e0591bbf73365,6a0d8832835de84db3693580,International Market,GLOBAL_COMMODITY,2026-06-08T11:17:01.133Z,2026-06-08T11:17:01.133Z,,50% Profit Book in crude@92.26,50% Profit Book in crude @92.26,01d15257b9969bef,TRADE_ACTION,REDUCE_POSITION,SINGLE_INSTRUMENT,,crude,CRUDE,"[""CRUDE""]",,,,,50.0,CURRENT_HOLDING,0.5,EXPLICIT_PERCENT,False,[92.26],92.26,,[],,,False,False,False,True,0.99,False,AUTO_HIGH_CONFIDENCE,RULE_BASED_AND_CURATED,Explicit percentage reduction of current holding.,REDUCE_POSITION uses current holding: new_holding = current_holding * (1 - quantity_percent / 100).,1,1,False,READY_FOR_AUTO_APPLY
526,6a26c50d109e0591bbf73873,6a0d8832835de84db3693580,International Market,GLOBAL_EQUITY,2026-06-08T13:35:09.292Z,2026-06-08T13:35:09.292Z,,Book 50% profit in nvda @208.50,Book 50% profit in nvda @208.50,8a9b4a75ed412ccc,TRADE_ACTION,REDUCE_POSITION,SINGLE_INSTRUMENT,,nvda,NVDA,"[""NVDA""]",,,,,50.0,CURRENT_HOLDING,0.5,EXPLICIT_PERCENT,False,[208.5],208.5,,[],,,False,False,False,True,0.99,False,AUTO_HIGH_CONFIDENCE,RULE_BASED_AND_CURATED,Explicit percentage reduction of current holding.,REDUCE_POSITION uses current holding: new_holding = current_holding * (1 - quantity_percent / 100).,1,1,False,READY_FOR_AUTO_APPLY
527,6a26c5c0109e0591bbf73882,6a0d8832835de84db3693580,International Market,GLOBAL_COMMODITY,2026-06-08T13:38:08.344Z,2026-06-08T13:38:08.344Z,,Book profit in crude @90.60,Book profit in crude @90.60,2d5751d77bce67e5,TRADE_ACTION,CLOSE_POSITION,SINGLE_INSTRUMENT,,crude,CRUDE,"[""CRUDE""]",,,,,100.0,CURRENT_HOLDING,0.0,FULL_EXIT_RULE,False,[90.6],90.6,,[],,,False,False,False,True,0.96,False,AUTO_HIGH_CONFIDENCE,RULE_BASED_AND_CURATED,Unqualified 'book profit' closes all remaining holding.,REDUCE_POSITION uses current holding: new_holding = current_holding * (1 - quantity_percent / 100).,1,1,False,READY_FOR_AUTO_APPLY
528,6a26c5df109e0591bbf73893,6a0d881f835de84db369357c,MCX,INDIA_COMMODITY,2026-06-08T13:38:39.626Z,2026-06-08T13:38:39.626Z,,Book full profit in crude @8668,Book full profit in crude @8668,69baafa5472aa19c,TRADE_ACTION,CLOSE_POSITION,SINGLE_INSTRUMENT,,crude,CRUDE,"[""CRUDE""]",,,,,100.0,CURRENT_HOLDING,0.0,FULL_EXIT_RULE,False,[8668.0],8668.0,,[],,,False,False,False,True,0.99,False,AUTO_HIGH_CONFIDENCE,RULE_BASED_AND_CURATED,Explicit full exit.,REDUCE_POSITION uses current holding: new_holding = current_holding * (1 - quantity_percent / 100).,1,1,False,READY_FOR_AUTO_APPLY
529,6a26cd07109e0591bbf73b29,6a0d8832835de84db3693580,International Market,GLOBAL_EQUITY,2026-06-08T14:09:11.007Z,2026-06-08T14:09:11.007Z,,Buy meta @ 589 with SL 578 for target 620-645,Buy meta @ 589 with SL 578 for target 620-645,e34b3323b55f7b8c,TRADE_ACTION,OPEN_LONG,SINGLE_INSTRUMENT,,meta,META,"[""META""]",,,,LONG,100.0,MODEL_ALLOCATION,,DEFAULT_FULL_ALLOCATION,True,[589.0],589.0,578.0,"[620.0, 645.0]",620.0,645.0,False,False,False,True,0.98,False,AUTO_HIGH_CONFIDENCE,RULE_BASED_AND_CURATED,Buy instruction.,REDUCE_POSITION uses current holding: new_holding = current_holding * (1 - quantity_percent / 100).,1,1,False,READY_FOR_AUTO_APPLY
530,6a26cd7e109e0591bbf73b58,6a0d8832835de84db3693580,International Market,GLOBAL_EQUITY,2026-06-08T14:11:10.205Z,2026-06-08T14:11:10.205Z,,Buy amd @484.5 with SL 475 for target 515-520,Buy amd @484.5 with SL 475 for target 515-520,3859d6b65f5a02ab,TRADE_ACTION,OPEN_LONG,SINGLE_INSTRUMENT,,amd,AMD,"[""AMD""]",,,,LONG,100.0,MODEL_ALLOCATION,,DEFAULT_FULL_ALLOCATION,True,[484.5],484.5,475.0,"[515.0, 520.0]",515.0,520.0,False,False,False,True,0.98,False,AUTO_HIGH_CONFIDENCE,RULE_BASED_AND_CURATED,Buy instruction.,REDUCE_POSITION uses current holding: new_holding = current_holding * (1 - quantity_percent / 100).,1,1,False,READY_FOR_AUTO_APPLY
531,6a26d323109e0591bbf73caa,6a0d8832835de84db3693580,International Market,GLOBAL_EQUITY,2026-06-08T14:35:15.130Z,2026-06-08T14:35:15.130Z,,Buy orcl @ 213 with SL 205 for target 225-240,Buy orcl @ 213 with SL 205 for target 225-240,13465058004abd38,TRADE_ACTION,OPEN_LONG,SINGLE_INSTRUMENT,,orcl,ORCL,"[""ORCL""]",,,,LONG,100.0,MODEL_ALLOCATION,,DEFAULT_FULL_ALLOCATION,True,[213.0],213.0,205.0,"[225.0, 240.0]",225.0,240.0,False,False,False,True,0.98,False,AUTO_HIGH_CONFIDENCE,RULE_BASED_AND_CURATED,Buy instruction.,REDUCE_POSITION uses current holding: new_holding = current_holding * (1 - quantity_percent / 100).,1,1,False,READY_FOR_AUTO_APPLY
532,6a26de3c109e0591bbf73e4c,6a0d8832835de84db3693580,International Market,GLOBAL_EQUITY,2026-06-08T15:22:36.791Z,2026-06-08T15:22:36.791Z,,Book part profit in amd @ 493,Book part profit in amd @ 493,4bcf169aab0e03de,TRADE_ACTION,REDUCE_POSITION,SINGLE_INSTRUMENT,,amd,AMD,"[""AMD""]",,,,,25.0,CURRENT_HOLDING,0.75,PART_PROFIT_RULE,False,[493.0],493.0,,[],,,False,False,False,True,0.99,False,AUTO_HIGH_CONFIDENCE,RULE_BASED_AND_CURATED,Part/partial profit means sell 25% of current holding.,REDUCE_POSITION uses current holding: new_holding = current_holding * (1 - quantity_percent / 100).,1,1,False,READY_FOR_AUTO_APPLY
533,6a26de83109e0591bbf73eb9,6a0d8832835de84db3693580,International Market,GLOBAL_INDEX_OR_MACRO,2026-06-08T15:23:47.343Z,2026-06-08T15:23:47.343Z,,Book 50% profit in dollar index @99.65,Book 50% profit in dollar index @99.65,f5edf4051499e200,TRADE_ACTION,REDUCE_POSITION,SINGLE_INSTRUMENT,,dollar index,DOLLAR_INDEX,"[""DOLLAR_INDEX""]",,,,,50.0,CURRENT_HOLDING,0.5,EXPLICIT_PERCENT,False,[99.65],99.65,,[],,,False,False,False,True,0.99,False,AUTO_HIGH_CONFIDENCE,RULE_BASED_AND_CURATED,Explicit percentage reduction of current holding.,REDUCE_POSITION uses current holding: new_holding = current_holding * (1 - quantity_percent / 100).,1,1,False,READY_FOR_AUTO_APPLY
534,6a26df19109e0591bbf73f03,6a0d8832835de84db3693580,International Market,GLOBAL_EQUITY,2026-06-08T15:26:17.245Z,2026-06-08T15:26:17.245Z,,Book 50% profit in MRVL @ 300 (buying was suggested at 214 on 26 May 2026),Book 50% profit in MRVL @ 300 (buying was suggested at 214 on 26 May 2026),8871018c62286376,TRADE_ACTION,REDUCE_POSITION,SINGLE_INSTRUMENT,,MRVL,MRVL,"[""MRVL""]",MAY,,,,50.0,CURRENT_HOLDING,0.5,EXPLICIT_PERCENT,False,[300.0],300.0,,[],,,False,False,False,True,0.99,False,AUTO_HIGH_CONFIDENCE,RULE_BASED_AND_CURATED,Explicit percentage reduction of current holding.,REDUCE_POSITION uses current holding: new_holding = current_holding * (1 - quantity_percent / 100).,1,1,False,READY_FOR_AUTO_APPLY
535,6a26e51c109e0591bbf73fc7,6a0d8832835de84db3693580,International Market,GLOBAL_EQUITY,2026-06-08T15:51:56.607Z,2026-06-08T15:51:56.607Z,,Profit book in RKLB@ 115,Profit book in RKLB @ 115,3f97dc193df9cb54,TRADE_ACTION,CLOSE_POSITION,SINGLE_INSTRUMENT,,RKLB,RKLB,"[""RKLB""]",,,,,100.0,CURRENT_HOLDING,0.0,FULL_EXIT_RULE,False,[115.0],115.0,,[],,,False,False,False,True,0.96,False,AUTO_HIGH_CONFIDENCE,RULE_BASED_AND_CURATED,Unqualified 'book profit' closes all remaining holding.,REDUCE_POSITION uses current holding: new_holding = current_holding * (1 - quantity_percent / 100).,1,1,False,READY_FOR_AUTO_APPLY
536,6a27609e109e0591bbf743b2,6a0d8832835de84db3693580,International Market,GLOBAL_COMMODITY,2026-06-09T00:38:54.530Z,2026-06-09T00:38:54.530Z,,Buy crude @ 90.90 with S/L 89.00 for target 93.50,Buy crude @ 90.90 with S/L 89.00 for target 93.50,40076b1bf41a32e3,TRADE_ACTION,OPEN_LONG,SINGLE_INSTRUMENT,,crude,CRUDE,"[""CRUDE""]",,,,LONG,100.0,MODEL_ALLOCATION,,DEFAULT_FULL_ALLOCATION,True,[90.9],90.9,89.0,[93.5],93.5,,False,False,False,True,0.98,False,AUTO_HIGH_CONFIDENCE,RULE_BASED_AND_CURATED,Buy instruction.,REDUCE_POSITION uses current holding: new_holding = current_holding * (1 - quantity_percent / 100).,1,1,False,READY_FOR_AUTO_APPLY
537,6a2760d6109e0591bbf743bf,6a0d8832835de84db3693580,International Market,GLOBAL_INDEX_OR_MACRO,2026-06-09T00:39:50.556Z,2026-06-09T00:39:50.556Z,,Buy Dow @ 50649 with S/L 50300 for target 51200,Buy Dow @ 50649 with S/L 50300 for target 51200,ace1858ccf082751,TRADE_ACTION,OPEN_LONG,SINGLE_INSTRUMENT,,Dow,DOW,"[""DOW""]",,,,LONG,100.0,MODEL_ALLOCATION,,DEFAULT_FULL_ALLOCATION,True,[50649.0],50649.0,50300.0,[51200.0],51200.0,,False,False,False,True,0.98,False,AUTO_HIGH_CONFIDENCE,RULE_BASED_AND_CURATED,Buy instruction.,REDUCE_POSITION uses current holding: new_holding = current_holding * (1 - quantity_percent / 100).,1,1,False,READY_FOR_AUTO_APPLY
538,6a2760e4109e0591bbf743cc,6a0d8832835de84db3693580,International Market,GLOBAL_INDEX_OR_MACRO,2026-06-09T00:40:04.959Z,2026-06-09T00:40:04.959Z,,Buy S&P500 @ 7381 with S/L 7330 for target 7440,Buy S&P500 @ 7381 with S/L 7330 for target 7440,8cef4555c0b756b4,TRADE_ACTION,OPEN_LONG,SINGLE_INSTRUMENT,,S&P500,SP500,"[""SP500""]",,,,LONG,100.0,MODEL_ALLOCATION,,DEFAULT_FULL_ALLOCATION,True,[7381.0],7381.0,7330.0,[7440.0],7440.0,,False,False,False,True,0.98,False,AUTO_HIGH_CONFIDENCE,RULE_BASED_AND_CURATED,Buy instruction.,REDUCE_POSITION uses current holding: new_holding = current_holding * (1 - quantity_percent / 100).,1,1,False,READY_FOR_AUTO_APPLY
539,6a276106109e0591bbf743d9,6a0d8832835de84db3693580,International Market,GLOBAL_INDEX_OR_MACRO,2026-06-09T00:40:38.196Z,2026-06-09T00:40:38.196Z,,Buy Nasdaq @ 29290 & 29000 with S/L 28800 for target 29500-29700,Buy Nasdaq @ 29290 & 29000 with S/L 28800 for target 29500-29700,3b2e3764d8edff5e,TRADE_ACTION,OPEN_LONG,SINGLE_INSTRUMENT,,Nasdaq,NASDAQ,"[""NASDAQ""]",,,,LONG,100.0,MODEL_ALLOCATION,,DEFAULT_FULL_ALLOCATION,True,"[29290.0, 29000.0]",29290.0,28800.0,"[29500.0, 29700.0]",29500.0,29700.0,False,False,False,True,0.98,False,AUTO_HIGH_CONFIDENCE,RULE_BASED_AND_CURATED,Buy instruction.,REDUCE_POSITION uses current holding: new_holding = current_holding * (1 - quantity_percent / 100).,1,1,False,READY_FOR_AUTO_APPLY
540,6a276116109e0591bbf743e6,6a0d8832835de84db3693580,International Market,GLOBAL_INDEX_OR_MACRO,2026-06-09T00:40:54.260Z,2026-06-09T00:40:54.260Z,,Buy Russell @ 2854 & 2820 with S/L 2790 for target 2880,Buy Russell @ 2854 & 2820 with S/L 2790 for target 2880,3cafe384a695c465,TRADE_ACTION,OPEN_LONG,SINGLE_INSTRUMENT,,Russell,RUSSELL,"[""RUSSELL""]",,,,LONG,100.0,MODEL_ALLOCATION,,DEFAULT_FULL_ALLOCATION,True,"[2854.0, 2820.0]",2854.0,2790.0,[2880.0],2880.0,,False,False,False,True,0.98,False,AUTO_HIGH_CONFIDENCE,RULE_BASED_AND_CURATED,Buy instruction.,REDUCE_POSITION uses current holding: new_holding = current_holding * (1 - quantity_percent / 100).,1,1,False,READY_FOR_AUTO_APPLY
541,6a27891e109e0591bbf74570,6a0d881f835de84db369357c,MCX,INDIA_COMMODITY,2026-06-09T03:31:42.286Z,2026-06-09T03:31:42.286Z,,buy crudemini @8635 sl 8540 tgt 8800,buy crudemini @8635 sl 8540 tgt 8800,c3906c5a3a15025c,TRADE_ACTION,OPEN_LONG,SINGLE_INSTRUMENT,,crudemini,CRUDE_MINI,"[""CRUDE_MINI""]",,,,LONG,100.0,MODEL_ALLOCATION,,DEFAULT_FULL_ALLOCATION,True,[8635.0],8635.0,8540.0,[8800.0],8800.0,,False,False,False,True,0.98,False,AUTO_HIGH_CONFIDENCE,RULE_BASED_AND_CURATED,Buy instruction.,REDUCE_POSITION uses current holding: new_holding = current_holding * (1 - quantity_percent / 100).,1,1,False,READY_FOR_AUTO_APPLY
542,6a278c52109e0591bbf746ae,6a20c6ae59359ea1faef274f,Indian Indices,INDIA_INDEX,2026-06-09T03:45:22.856Z,2026-06-09T03:45:22.856Z,,50% PROFIT BOOK IN NIFTY @23242,50% PROFIT BOOK IN NIFTY @23242,ec5eabf5f6e17278,TRADE_ACTION,REDUCE_POSITION,SINGLE_INSTRUMENT,,NIFTY,NIFTY,"[""NIFTY""]",,,,,50.0,CURRENT_HOLDING,0.5,EXPLICIT_PERCENT,False,[23242.0],23242.0,,[],,,False,False,False,True,0.99,False,AUTO_HIGH_CONFIDENCE,RULE_BASED_AND_CURATED,Explicit percentage reduction of current holding.,REDUCE_POSITION uses current holding: new_holding = current_holding * (1 - quantity_percent / 100).,1,1,False,READY_FOR_AUTO_APPLY
543,6a278c6e109e0591bbf746e8,6a0d87fb835de84db3693578,NSE,INDIA_EQUITY,2026-06-09T03:45:50.268Z,2026-06-09T03:45:50.268Z,,50% PROFIT BOOK IN TMPV @393,50% PROFIT BOOK IN TMPV @393,0d442e564a0482ba,TRADE_ACTION,REDUCE_POSITION,SINGLE_INSTRUMENT,,TMPV,TMPV,"[""TMPV""]",,,,,50.0,CURRENT_HOLDING,0.5,EXPLICIT_PERCENT,False,[393.0],393.0,,[],,,False,False,False,True,0.99,False,AUTO_HIGH_CONFIDENCE,RULE_BASED_AND_CURATED,Explicit percentage reduction of current holding.,REDUCE_POSITION uses current holding: new_holding = current_holding * (1 - quantity_percent / 100).,1,1,False,READY_FOR_AUTO_APPLY
544,6a278c8b109e0591bbf7471b,6a0d87fb835de84db3693578,NSE,INDIA_EQUITY,2026-06-09T03:46:19.151Z,2026-06-09T03:46:19.151Z,,DELIVERY : BUY DIACABS @199 SL 180 TGT 240-250,DELIVERY : BUY DIACABS @199 SL 180 TGT 240-250,964bc7c11680110a,TRADE_ACTION,OPEN_LONG,SINGLE_INSTRUMENT,,DIACABS,DIACABS,"[""DIACABS""]",,,,LONG,100.0,MODEL_ALLOCATION,,DEFAULT_FULL_ALLOCATION,True,[199.0],199.0,180.0,"[240.0, 250.0]",240.0,250.0,False,False,False,True,0.98,False,AUTO_HIGH_CONFIDENCE,RULE_BASED_AND_CURATED,Buy instruction.,REDUCE_POSITION uses current holding: new_holding = current_holding * (1 - quantity_percent / 100).,1,1,False,READY_FOR_AUTO_APPLY
545,6a278cb5109e0591bbf74781,6a0d87fb835de84db3693578,NSE,INDIA_EQUITY,2026-06-09T03:47:01.012Z,2026-06-09T03:47:01.012Z,,50% PROFIT BOOK IN BHARTIARTL @1831,50% PROFIT BOOK IN BHARTIARTL @1831,2184670d594bdc11,TRADE_ACTION,REDUCE_POSITION,SINGLE_INSTRUMENT,,BHARTIARTL,BHARTIARTL,"[""BHARTIARTL""]",,,,,50.0,CURRENT_HOLDING,0.5,EXPLICIT_PERCENT,False,[1831.0],1831.0,,[],,,False,False,False,True,0.99,False,AUTO_HIGH_CONFIDENCE,RULE_BASED_AND_CURATED,Explicit percentage reduction of current holding.,REDUCE_POSITION uses current holding: new_holding = current_holding * (1 - quantity_percent / 100).,1,1,False,READY_FOR_AUTO_APPLY
546,6a278cd3109e0591bbf74795,6a0d87fb835de84db3693578,NSE,INDIA_EQUITY,2026-06-09T03:47:31.628Z,2026-06-09T03:47:31.628Z,,BUY ADANIPORTS @1806 SL 1778 TGT 1840-1870,BUY ADANIPORTS @1806 SL 1778 TGT 1840-1870,4c1a0259e5dd09ab,TRADE_ACTION,OPEN_LONG,SINGLE_INSTRUMENT,,ADANIPORTS,ADANIPORTS,"[""ADANIPORTS""]",,,,LONG,100.0,MODEL_ALLOCATION,,DEFAULT_FULL_ALLOCATION,True,[1806.0],1806.0,1778.0,"[1840.0, 1870.0]",1840.0,1870.0,False,False,False,True,0.98,False,AUTO_HIGH_CONFIDENCE,RULE_BASED_AND_CURATED,Buy instruction.,REDUCE_POSITION uses current holding: new_holding = current_holding * (1 - quantity_percent / 100).,1,1,False,READY_FOR_AUTO_APPLY
547,6a278ce5109e0591bbf747a9,6a0d87fb835de84db3693578,NSE,INDIA_EQUITY,2026-06-09T03:47:49.802Z,2026-06-09T03:47:49.802Z,,BUY ADANIENT @2978 SL 2930 TGT 3040-3090,BUY ADANIENT @2978 SL 2930 TGT 3040-3090,f4b2446d2effed76,TRADE_ACTION,OPEN_LONG,SINGLE_INSTRUMENT,,ADANIENT,ADANIENT,"[""ADANIENT""]",,,,LONG,100.0,MODEL_ALLOCATION,,DEFAULT_FULL_ALLOCATION,True,[2978.0],2978.0,2930.0,"[3040.0, 3090.0]",3040.0,3090.0,False,False,False,True,0.98,False,AUTO_HIGH_CONFIDENCE,RULE_BASED_AND_CURATED,Buy instruction.,REDUCE_POSITION uses current holding: new_holding = current_holding * (1 - quantity_percent / 100).,1,1,False,READY_FOR_AUTO_APPLY
548,6a278d58109e0591bbf747bd,6a0d87fb835de84db3693578,NSE,INDIA_EQUITY,2026-06-09T03:49:44.559Z,2026-06-09T03:49:44.559Z,,50% PROFIT BOOK IN IDFCFIRSTB@73.50,50% PROFIT BOOK IN IDFCFIRSTB @73.50,2511752a6fc99b10,TRADE_ACTION,REDUCE_POSITION,SINGLE_INSTRUMENT,,IDFCFIRSTB,IDFCFIRSTB,"[""IDFCFIRSTB""]",,,,,50.0,CURRENT_HOLDING,0.5,EXPLICIT_PERCENT,False,[73.5],73.5,,[],,,False,False,False,True,0.99,False,AUTO_HIGH_CONFIDENCE,RULE_BASED_AND_CURATED,Explicit percentage reduction of current holding.,REDUCE_POSITION uses current holding: new_holding = current_holding * (1 - quantity_percent / 100).,1,1,False,READY_FOR_AUTO_APPLY
549,6a278da0109e0591bbf747d9,6a0d87fb835de84db3693578,NSE,INDIA_EQUITY,2026-06-09T03:50:56.953Z,2026-06-09T03:50:56.953Z,,50% PROFIT BOOK IN KOTAKBANK @381,50% PROFIT BOOK IN KOTAKBANK @381,197184c44818ef13,TRADE_ACTION,REDUCE_POSITION,SINGLE_INSTRUMENT,,KOTAKBANK,KOTAKBANK,"[""KOTAKBANK""]",,,,,50.0,CURRENT_HOLDING,0.5,EXPLICIT_PERCENT,False,[381.0],381.0,,[],,,False,False,False,True,0.99,False,AUTO_HIGH_CONFIDENCE,RULE_BASED_AND_CURATED,Explicit percentage reduction of current holding.,REDUCE_POSITION uses current holding: new_holding = current_holding * (1 - quantity_percent / 100).,1,1,False,READY_FOR_AUTO_APPLY
550,6a278de3109e0591bbf74882,6a0d87fb835de84db3693578,NSE,INDIA_EQUITY,2026-06-09T03:52:03.653Z,2026-06-09T03:52:03.653Z,,SELL SBIN @994 SL 1012 TGT 973,SELL SBIN @994 SL 1012 TGT 973,b679a92f04661630,TRADE_ACTION,OPEN_SHORT,SINGLE_INSTRUMENT,,SBIN,SBIN,"[""SBIN""]",,,,SHORT,100.0,MODEL_ALLOCATION,,DEFAULT_FULL_ALLOCATION,True,[994.0],994.0,1012.0,[973.0],973.0,,False,False,False,True,0.96,False,AUTO_HIGH_CONFIDENCE,RULE_BASED_AND_CURATED,Sell/short instruction.,REDUCE_POSITION uses current holding: new_holding = current_holding * (1 - quantity_percent / 100).,1,1,False,READY_FOR_AUTO_APPLY
551,6a278ec1109e0591bbf7490e,6a20c6ae59359ea1faef274f,Indian Indices,INDIA_INDEX,2026-06-09T03:55:45.149Z,2026-06-09T03:55:45.149Z,,50% SELL BANKNIFTY @54800 SL 55600 TGT 54200-53600,50% SELL BANKNIFTY @54800 SL 55600 TGT 54200-53600,994222532f096564,TRADE_ACTION,OPEN_SHORT,SINGLE_INSTRUMENT,,BANKNIFTY,BANKNIFTY,"[""BANKNIFTY""]",,,,SHORT,50.0,MODEL_ALLOCATION,,EXPLICIT_PERCENT,False,[54800.0],54800.0,55600.0,"[54200.0, 53600.0]",54200.0,53600.0,False,False,False,True,0.97,False,AUTO_HIGH_CONFIDENCE,RULE_BASED_AND_CURATED,Sell with stop/target opens a short allocation.,REDUCE_POSITION uses current holding: new_holding = current_holding * (1 - quantity_percent / 100).,1,1,False,READY_FOR_AUTO_APPLY
552,6a279158109e0591bbf74a38,6a0d87fb835de84db3693578,NSE,INDIA_EQUITY,2026-06-09T04:06:48.338Z,2026-06-09T04:06:48.338Z,,FULL PROFIT BOOK IN ICICIBANK @1277,FULL PROFIT BOOK IN ICICIBANK @1277,7544fbb19c23af79,TRADE_ACTION,CLOSE_POSITION,SINGLE_INSTRUMENT,,ICICIBANK,ICICIBANK,"[""ICICIBANK""]",,,,,100.0,CURRENT_HOLDING,0.0,FULL_EXIT_RULE,False,[1277.0],1277.0,,[],,,False,False,False,True,0.99,False,AUTO_HIGH_CONFIDENCE,RULE_BASED_AND_CURATED,Explicit full exit.,REDUCE_POSITION uses current holding: new_holding = current_holding * (1 - quantity_percent / 100).,1,1,False,READY_FOR_AUTO_APPLY
553,6a2791c1109e0591bbf74a6e,6a0d87fb835de84db3693578,NSE,INDIA_EQUITY,2026-06-09T04:08:33.217Z,2026-06-09T04:08:33.217Z,,FULL PROFIT BOOK IN IDFCFIRSTB@74.45,FULL PROFIT BOOK IN IDFCFIRSTB @74.45,8c3d6448214207f0,TRADE_ACTION,CLOSE_POSITION,SINGLE_INSTRUMENT,,IDFCFIRSTB,IDFCFIRSTB,"[""IDFCFIRSTB""]",,,,,100.0,CURRENT_HOLDING,0.0,FULL_EXIT_RULE,False,[74.45],74.45,,[],,,False,False,False,True,0.99,False,AUTO_HIGH_CONFIDENCE,RULE_BASED_AND_CURATED,Explicit full exit.,REDUCE_POSITION uses current holding: new_holding = current_holding * (1 - quantity_percent / 100).,1,1,False,READY_FOR_AUTO_APPLY
554,6a27a7cd109e0591bbf74e8d,6a0d881f835de84db369357c,MCX,INDIA_COMMODITY,2026-06-09T05:42:37.733Z,2026-06-09T05:42:37.733Z,,FULL PROFIT BOOK IN COPPER @1340.50,FULL PROFIT BOOK IN COPPER @1340.50,3d8d3d1063f5c77f,TRADE_ACTION,CLOSE_POSITION,SINGLE_INSTRUMENT,,COPPER,COPPER,"[""COPPER""]",,,,,100.0,CURRENT_HOLDING,0.0,FULL_EXIT_RULE,False,[1340.5],1340.5,,[],,,False,False,False,True,0.99,False,AUTO_HIGH_CONFIDENCE,RULE_BASED_AND_CURATED,Explicit full exit.,REDUCE_POSITION uses current holding: new_holding = current_holding * (1 - quantity_percent / 100).,1,1,False,READY_FOR_AUTO_APPLY
555,6a27aa94109e0591bbf74ef9,6a20c6ae59359ea1faef274f,Indian Indices,INDIA_INDEX,2026-06-09T05:54:28.954Z,2026-06-09T05:54:28.954Z,,50% BUY NIFTY @23151 SL 23000 TGT 23300-23500,50% BUY NIFTY @23151 SL 23000 TGT 23300-23500,660c8b98a8f3d1b2,TRADE_ACTION,OPEN_LONG,SINGLE_INSTRUMENT,,NIFTY,NIFTY,"[""NIFTY""]",,,,LONG,50.0,MODEL_ALLOCATION,,EXPLICIT_PERCENT,False,[23151.0],23151.0,23000.0,"[23300.0, 23500.0]",23300.0,23500.0,False,False,False,True,0.98,False,AUTO_HIGH_CONFIDENCE,RULE_BASED_AND_CURATED,Buy instruction.,REDUCE_POSITION uses current holding: new_holding = current_holding * (1 - quantity_percent / 100).,1,1,False,READY_FOR_AUTO_APPLY
556,6a27b328109e0591bbf752f8,6a20c6ae59359ea1faef274f,Indian Indices,INDIA_INDEX,2026-06-09T06:31:04.903Z,2026-06-09T06:31:04.903Z,,50% PROFIT BOOK IN NIFTY @23240,50% PROFIT BOOK IN NIFTY @23240,2313c0299f349e19,TRADE_ACTION,REDUCE_POSITION,SINGLE_INSTRUMENT,,NIFTY,NIFTY,"[""NIFTY""]",,,,,50.0,CURRENT_HOLDING,0.5,EXPLICIT_PERCENT,False,[23240.0],23240.0,,[],,,False,False,False,True,0.99,False,AUTO_HIGH_CONFIDENCE,RULE_BASED_AND_CURATED,Explicit percentage reduction of current holding.,REDUCE_POSITION uses current holding: new_holding = current_holding * (1 - quantity_percent / 100).,1,1,False,READY_FOR_AUTO_APPLY
557,6a27b467109e0591bbf7534a,6a0d87fb835de84db3693578,NSE,INDIA_EQUITY,2026-06-09T06:36:23.222Z,2026-06-09T06:36:23.222Z,,INTRADAY 50% PROFIT BOOK IN ADANIENT @3005,INTRADAY 50% PROFIT BOOK IN ADANIENT @3005,79a2a12246cb363a,TRADE_ACTION,REDUCE_POSITION,SINGLE_INSTRUMENT,,ADANIENT,ADANIENT,"[""ADANIENT""]",,,,,50.0,CURRENT_HOLDING,0.5,EXPLICIT_PERCENT,False,[3005.0],3005.0,,[],,,False,False,False,True,0.99,False,AUTO_HIGH_CONFIDENCE,RULE_BASED_AND_CURATED,Explicit percentage reduction of current holding.,REDUCE_POSITION uses current holding: new_holding = current_holding * (1 - quantity_percent / 100).,1,1,False,READY_FOR_AUTO_APPLY
558,6a27c216109e0591bbf7542a,6a0d881f835de84db369357c,MCX,INDIA_COMMODITY,2026-06-09T07:34:46.379Z,2026-06-09T07:34:46.379Z,,Crude hold with sl 8500,Crude hold with sl 8500,2e6df9930e01fcc6,TRADE_UPDATE,UPDATE_STOP_LOSS,SINGLE_INSTRUMENT,,Crude,CRUDE,"[""CRUDE""]",,,,,,NONE,,NOT_APPLICABLE,False,[],,8500.0,[],,,False,False,False,True,0.99,False,AUTO_HIGH_CONFIDENCE,RULE_BASED_AND_CURATED,Hold and update stop loss.,REDUCE_POSITION uses current holding: new_holding = current_holding * (1 - quantity_percent / 100).,1,1,False,READY_FOR_AUTO_APPLY
559,6a27c818109e0591bbf7561d,6a0d87fb835de84db3693578,NSE,INDIA_EQUITY,2026-06-09T08:00:24.256Z,2026-06-09T08:00:24.256Z,,BUY ADANIENT @2967 SL 2930 TGT 3030-3080,BUY ADANIENT @2967 SL 2930 TGT 3030-3080,275361281eb0c196,TRADE_ACTION,OPEN_LONG,SINGLE_INSTRUMENT,,ADANIENT,ADANIENT,"[""ADANIENT""]",,,,LONG,100.0,MODEL_ALLOCATION,,DEFAULT_FULL_ALLOCATION,True,[2967.0],2967.0,2930.0,"[3030.0, 3080.0]",3030.0,3080.0,False,False,False,True,0.98,False,AUTO_HIGH_CONFIDENCE,RULE_BASED_AND_CURATED,Buy instruction.,REDUCE_POSITION uses current holding: new_holding = current_holding * (1 - quantity_percent / 100).,1,1,False,READY_FOR_AUTO_APPLY
560,6a27cb9a109e0591bbf75847,6a0d8832835de84db3693580,International Market,GLOBAL_COMMODITY,2026-06-09T08:15:22.216Z,2026-06-09T08:15:22.216Z,,50% Profit Book in copper @6.41,50% Profit Book in copper @6.41,19777edd5c809e32,TRADE_ACTION,REDUCE_POSITION,SINGLE_INSTRUMENT,,copper,COPPER,"[""COPPER""]",,,,,50.0,CURRENT_HOLDING,0.5,EXPLICIT_PERCENT,False,[6.41],6.41,,[],,,False,False,False,True,0.99,False,AUTO_HIGH_CONFIDENCE,RULE_BASED_AND_CURATED,Explicit percentage reduction of current holding.,REDUCE_POSITION uses current holding: new_holding = current_holding * (1 - quantity_percent / 100).,1,1,False,READY_FOR_AUTO_APPLY
561,6a27cf70109e0591bbf7588c,6a0d87fb835de84db3693578,NSE,INDIA_EQUITY,2026-06-09T08:31:44.866Z,2026-06-09T08:31:44.866Z,,INTRADAY 50% PROFIT BOOK IN ADANIPORTS @1815,INTRADAY 50% PROFIT BOOK IN ADANIPORTS @1815,cce10de6a9eb4c91,TRADE_ACTION,REDUCE_POSITION,SINGLE_INSTRUMENT,,ADANIPORTS,ADANIPORTS,"[""ADANIPORTS""]",,,,,50.0,CURRENT_HOLDING,0.5,EXPLICIT_PERCENT,False,[1815.0],1815.0,,[],,,False,False,False,True,0.99,False,AUTO_HIGH_CONFIDENCE,RULE_BASED_AND_CURATED,Explicit percentage reduction of current holding.,REDUCE_POSITION uses current holding: new_holding = current_holding * (1 - quantity_percent / 100).,1,1,False,READY_FOR_AUTO_APPLY
562,6a27cfbc109e0591bbf758f4,6a0d881f835de84db369357c,MCX,INDIA_COMMODITY,2026-06-09T08:33:00.721Z,2026-06-09T08:33:55.514Z,2026-06-09T08:33:55.513Z,HOLD CRUDEOIL MINI WITH SL 8480,HOLD CRUDEOIL MINI WITH SL 8480,0c193d95a2b96456,TRADE_UPDATE,UPDATE_STOP_LOSS,SINGLE_INSTRUMENT,,CRUDEOIL MINI,CRUDE_MINI,"[""CRUDE_MINI""]",,,,,,NONE,,NOT_APPLICABLE,False,[],,8480.0,[],,,False,False,False,True,0.99,False,AUTO_HIGH_CONFIDENCE,RULE_BASED_AND_CURATED,Hold and update stop loss.,REDUCE_POSITION uses current holding: new_holding = current_holding * (1 - quantity_percent / 100).,1,1,False,READY_FOR_AUTO_APPLY
563,6a27d1d2109e0591bbf75983,6a0d8832835de84db3693580,International Market,GLOBAL_INDEX_OR_MACRO,2026-06-09T08:41:54.254Z,2026-06-09T08:41:54.254Z,,Book 50% profit in Russell @2879,Book 50% profit in Russell @2879,aaccbb2b290e70dd,TRADE_ACTION,REDUCE_POSITION,SINGLE_INSTRUMENT,,Russell,RUSSELL,"[""RUSSELL""]",,,,,50.0,CURRENT_HOLDING,0.5,EXPLICIT_PERCENT,False,[2879.0],2879.0,,[],,,False,False,False,True,0.99,False,AUTO_HIGH_CONFIDENCE,RULE_BASED_AND_CURATED,Explicit percentage reduction of current holding.,REDUCE_POSITION uses current holding: new_holding = current_holding * (1 - quantity_percent / 100).,1,1,False,READY_FOR_AUTO_APPLY
564,6a27d221109e0591bbf75994,6a0d8832835de84db3693580,International Market,GLOBAL_COMMODITY,2026-06-09T08:43:13.554Z,2026-06-09T08:43:13.554Z,,SL touched in crude. Exit.,SL touched in crude. Exit.,e999248acee2e36f,TRADE_ACTION,CLOSE_POSITION,SINGLE_INSTRUMENT,,crude. Exit,CRUDE,"[""CRUDE""]",,,,,100.0,CURRENT_HOLDING,0.0,FULL_EXIT_RULE,False,[],,,[],,,False,False,False,True,0.99,False,AUTO_HIGH_CONFIDENCE,RULE_BASED_AND_CURATED,Stop-loss hit closes current holding.,REDUCE_POSITION uses current holding: new_holding = current_holding * (1 - quantity_percent / 100).,1,1,False,READY_FOR_AUTO_APPLY
565,6a27d272109e0591bbf759a5,6a0d881f835de84db369357c,MCX,INDIA_COMMODITY,2026-06-09T08:44:34.705Z,2026-06-09T08:44:34.705Z,,SL TOUCH IN CRUDE MINI,SL TOUCH IN CRUDE MINI,308da1aaf66dce34,TRADE_ACTION,CLOSE_POSITION,SINGLE_INSTRUMENT,,CRUDE MINI,CRUDE_MINI,"[""CRUDE_MINI""]",,,,,100.0,CURRENT_HOLDING,0.0,FULL_EXIT_RULE,False,[],,,[],,,False,False,False,True,0.99,False,AUTO_HIGH_CONFIDENCE,RULE_BASED_AND_CURATED,Stop-loss hit closes current holding.,REDUCE_POSITION uses current holding: new_holding = current_holding * (1 - quantity_percent / 100).,2,1,True,READY_FOR_AUTO_APPLY
566,6a27d329109e0591bbf75a65,6a0d8832835de84db3693580,International Market,GLOBAL_INDEX_OR_MACRO,2026-06-09T08:47:37.734Z,2026-06-09T08:47:37.734Z,,Book 50% profit in nasdaq @29640,Book 50% profit in nasdaq @29640,29a80a429392b06d,TRADE_ACTION,REDUCE_POSITION,SINGLE_INSTRUMENT,,nasdaq,NASDAQ,"[""NASDAQ""]",,,,,50.0,CURRENT_HOLDING,0.5,EXPLICIT_PERCENT,False,[29640.0],29640.0,,[],,,False,False,False,True,0.99,False,AUTO_HIGH_CONFIDENCE,RULE_BASED_AND_CURATED,Explicit percentage reduction of current holding.,REDUCE_POSITION uses current holding: new_holding = current_holding * (1 - quantity_percent / 100).,1,1,False,READY_FOR_AUTO_APPLY
567,6a27d3b0109e0591bbf75a87,6a0d87fb835de84db3693578,NSE,INDIA_EQUITY,2026-06-09T08:49:52.117Z,2026-06-09T08:49:52.117Z,,DAY TRADERS FULL PROFIT BOOK IN ADANIPORTS @1830,DAY TRADERS FULL PROFIT BOOK IN ADANIPORTS @1830,cc3d17f35847c259,TRADE_ACTION,CLOSE_POSITION,SINGLE_INSTRUMENT,,ADANIPORTS,ADANIPORTS,"[""ADANIPORTS""]",,,,,100.0,CURRENT_HOLDING,0.0,FULL_EXIT_RULE,False,[1830.0],1830.0,,[],,,False,False,False,True,0.99,False,AUTO_HIGH_CONFIDENCE,RULE_BASED_AND_CURATED,Explicit full exit.,REDUCE_POSITION uses current holding: new_holding = current_holding * (1 - quantity_percent / 100).,1,1,False,READY_FOR_AUTO_APPLY
568,6a27d41e109e0591bbf75ac8,6a0d8832835de84db3693580,International Market,GLOBAL_COMMODITY,2026-06-09T08:51:42.485Z,2026-06-09T08:51:42.485Z,,Buy crude @89.30 with SL 88.00 for target 91-93,Buy crude @89.30 with SL 88.00 for target 91-93,c7f798d1f519670c,TRADE_ACTION,OPEN_LONG,SINGLE_INSTRUMENT,,crude,CRUDE,"[""CRUDE""]",,,,LONG,100.0,MODEL_ALLOCATION,,DEFAULT_FULL_ALLOCATION,True,[89.3],89.3,88.0,"[91.0, 93.0]",91.0,93.0,False,False,False,True,0.98,False,AUTO_HIGH_CONFIDENCE,RULE_BASED_AND_CURATED,Buy instruction.,REDUCE_POSITION uses current holding: new_holding = current_holding * (1 - quantity_percent / 100).,1,1,False,READY_FOR_AUTO_APPLY
569,6a27d43d109e0591bbf75ad9,6a0d881f835de84db369357c,MCX,INDIA_COMMODITY,2026-06-09T08:52:13.631Z,2026-06-09T08:52:13.631Z,,BUY CRUDE OIL MINI @8515 SL 8440 TGT 8700-8800,BUY CRUDE OIL MINI @8515 SL 8440 TGT 8700-8800,42a758bcd5dc721e,TRADE_ACTION,OPEN_LONG,SINGLE_INSTRUMENT,,CRUDE OIL MINI,CRUDE_MINI,"[""CRUDE_MINI""]",,,,LONG,100.0,MODEL_ALLOCATION,,DEFAULT_FULL_ALLOCATION,True,[8515.0],8515.0,8440.0,"[8700.0, 8800.0]",8700.0,8800.0,False,False,False,True,0.98,False,AUTO_HIGH_CONFIDENCE,RULE_BASED_AND_CURATED,Buy instruction.,REDUCE_POSITION uses current holding: new_holding = current_holding * (1 - quantity_percent / 100).,1,1,False,READY_FOR_AUTO_APPLY
570,6a27d4b6109e0591bbf75b5f,6a0d87fb835de84db3693578,NSE,INDIA_EQUITY,2026-06-09T08:54:14.541Z,2026-06-09T08:54:14.541Z,,BUY GLENMARK @2227 SL 2200 TGT 2250-2290,BUY GLENMARK @2227 SL 2200 TGT 2250-2290,33977c019b632f10,TRADE_ACTION,OPEN_LONG,SINGLE_INSTRUMENT,,GLENMARK,GLENMARK,"[""GLENMARK""]",,,,LONG,100.0,MODEL_ALLOCATION,,DEFAULT_FULL_ALLOCATION,True,[2227.0],2227.0,2200.0,"[2250.0, 2290.0]",2250.0,2290.0,False,False,False,True,0.98,False,AUTO_HIGH_CONFIDENCE,RULE_BASED_AND_CURATED,Buy instruction.,REDUCE_POSITION uses current holding: new_holding = current_holding * (1 - quantity_percent / 100).,1,1,False,READY_FOR_AUTO_APPLY
571,6a27d871109e0591bbf75cad,6a20c6ae59359ea1faef274f,Indian Indices,INDIA_INDEX,2026-06-09T09:10:09.595Z,2026-06-09T09:10:09.595Z,,AGAIN 25% PROFIT BOOK IN NIFTY @23299,AGAIN 25% PROFIT BOOK IN NIFTY @23299,81098a3f211bef1c,TRADE_ACTION,REDUCE_POSITION,SINGLE_INSTRUMENT,,NIFTY,NIFTY,"[""NIFTY""]",,,,,25.0,CURRENT_HOLDING,0.75,EXPLICIT_PERCENT,False,[23299.0],23299.0,,[],,,False,False,False,True,0.99,False,AUTO_HIGH_CONFIDENCE,RULE_BASED_AND_CURATED,Explicit percentage reduction of current holding.,REDUCE_POSITION uses current holding: new_holding = current_holding * (1 - quantity_percent / 100).,1,1,False,READY_FOR_AUTO_APPLY
572,6a27d8ed109e0591bbf75ce7,6a0d87fb835de84db3693578,NSE,INDIA_EQUITY,2026-06-09T09:12:13.174Z,2026-06-09T09:12:13.174Z,,INTRADAY 50% PROFIT BOOK IN ADANIENT @2990,INTRADAY 50% PROFIT BOOK IN ADANIENT @2990,731219e0b76f9cfd,TRADE_ACTION,REDUCE_POSITION,SINGLE_INSTRUMENT,,ADANIENT,ADANIENT,"[""ADANIENT""]",,,,,50.0,CURRENT_HOLDING,0.5,EXPLICIT_PERCENT,False,[2990.0],2990.0,,[],,,False,False,False,True,0.99,False,AUTO_HIGH_CONFIDENCE,RULE_BASED_AND_CURATED,Explicit percentage reduction of current holding.,REDUCE_POSITION uses current holding: new_holding = current_holding * (1 - quantity_percent / 100).,1,1,False,READY_FOR_AUTO_APPLY
573,6a27d93a109e0591bbf75d21,6a20c6ae59359ea1faef274f,Indian Indices,INDIA_INDEX,2026-06-09T09:13:30.369Z,2026-06-09T09:13:30.369Z,,AGAIN SELL BANKNNIFTY @55440 SL 55860 TGT 54500-53800,AGAIN SELL BANKNNIFTY @55440 SL 55860 TGT 54500-53800,f9dcd6eedf846b7a,TRADE_ACTION,OPEN_SHORT,SINGLE_INSTRUMENT,,BANKNNIFTY,BANKNNIFTY,"[""BANKNNIFTY""]",,,,SHORT,100.0,MODEL_ALLOCATION,,DEFAULT_FULL_ALLOCATION,True,[55440.0],55440.0,55860.0,"[54500.0, 53800.0]",54500.0,53800.0,False,False,False,True,0.96,False,AUTO_HIGH_CONFIDENCE,RULE_BASED_AND_CURATED,Sell/short instruction.,REDUCE_POSITION uses current holding: new_holding = current_holding * (1 - quantity_percent / 100).,1,1,False,READY_FOR_AUTO_APPLY
574,6a27d9f4109e0591bbf75d63,6a0d87fb835de84db3693578,NSE,INDIA_EQUITY,2026-06-09T09:16:36.660Z,2026-06-09T09:16:36.660Z,,HOLD SBIN WITH SL 1023,HOLD SBIN WITH SL 1023,f617913a13e95016,TRADE_UPDATE,UPDATE_STOP_LOSS,SINGLE_INSTRUMENT,,SBIN,SBIN,"[""SBIN""]",,,,,,NONE,,NOT_APPLICABLE,False,[],,1023.0,[],,,False,False,False,True,0.99,False,AUTO_HIGH_CONFIDENCE,RULE_BASED_AND_CURATED,Hold and update stop loss.,REDUCE_POSITION uses current holding: new_holding = current_holding * (1 - quantity_percent / 100).,1,1,False,READY_FOR_AUTO_APPLY
575,6a27da1a109e0591bbf75d84,6a0d87fb835de84db3693578,NSE,INDIA_EQUITY,2026-06-09T09:17:14.565Z,2026-06-09T09:17:14.565Z,,SELL SBIN @1012.75 SL 1023 TGT 983-975,SELL SBIN @1012.75 SL 1023 TGT 983-975,f383c92b5fadda8e,TRADE_ACTION,OPEN_SHORT,SINGLE_INSTRUMENT,,SBIN,SBIN,"[""SBIN""]",,,,SHORT,100.0,MODEL_ALLOCATION,,DEFAULT_FULL_ALLOCATION,True,[1012.75],1012.75,1023.0,"[983.0, 975.0]",983.0,975.0,False,False,False,True,0.96,False,AUTO_HIGH_CONFIDENCE,RULE_BASED_AND_CURATED,Sell/short instruction.,REDUCE_POSITION uses current holding: new_holding = current_holding * (1 - quantity_percent / 100).,1,1,False,READY_FOR_AUTO_APPLY
576,6a27e2a9109e0591bbf75f79,6a0d87fb835de84db3693578,NSE,INDIA_EQUITY,2026-06-09T09:53:45.601Z,2026-06-09T09:53:45.601Z,,SELL UNIONBANK @170.35 SL 173 TGT 165,SELL UNIONBANK @170.35 SL 173 TGT 165,937aaa9987991f7b,TRADE_ACTION,OPEN_SHORT,SINGLE_INSTRUMENT,,UNIONBANK,UNIONBANK,"[""UNIONBANK""]",,,,SHORT,100.0,MODEL_ALLOCATION,,DEFAULT_FULL_ALLOCATION,True,[170.35],170.35,173.0,[165.0],165.0,,False,False,False,True,0.96,False,AUTO_HIGH_CONFIDENCE,RULE_BASED_AND_CURATED,Sell/short instruction.,REDUCE_POSITION uses current holding: new_holding = current_holding * (1 - quantity_percent / 100).,1,1,False,READY_FOR_AUTO_APPLY
577,6a27e7e9109e0591bbf76129,6a0d8832835de84db3693580,International Market,GLOBAL_INDEX_OR_MACRO,2026-06-09T10:16:09.203Z,2026-06-09T10:16:09.203Z,,Book 50% profit in s&p500 @ 7440,Book 50% profit in s&p500 @ 7440,bdbb3f205d86597f,TRADE_ACTION,REDUCE_POSITION,SINGLE_INSTRUMENT,,s&p500,SP500,"[""SP500""]",,,,,50.0,CURRENT_HOLDING,0.5,EXPLICIT_PERCENT,False,[7440.0],7440.0,,[],,,False,False,False,True,0.99,False,AUTO_HIGH_CONFIDENCE,RULE_BASED_AND_CURATED,Explicit percentage reduction of current holding.,REDUCE_POSITION uses current holding: new_holding = current_holding * (1 - quantity_percent / 100).,1,1,False,READY_FOR_AUTO_APPLY
578,6a280857109e0591bbf76494,6a0d8832835de84db3693580,International Market,FX_OR_CRYPTO,2026-06-09T12:34:31.925Z,2026-06-09T12:34:31.925Z,,50% Profit Book in EUR/USD@ 1.1575,50% Profit Book in EUR/USD @ 1.1575,5e5d5d7bf536825c,TRADE_ACTION,REDUCE_POSITION,SINGLE_INSTRUMENT,,EUR/USD,EURUSD,"[""EURUSD""]",,,,,50.0,CURRENT_HOLDING,0.5,EXPLICIT_PERCENT,False,[1.1575],1.1575,,[],,,False,False,False,True,0.99,False,AUTO_HIGH_CONFIDENCE,RULE_BASED_AND_CURATED,Explicit percentage reduction of current holding.,REDUCE_POSITION uses current holding: new_holding = current_holding * (1 - quantity_percent / 100).,1,1,False,READY_FOR_AUTO_APPLY
579,6a280b4d109e0591bbf764ea,6a0d881f835de84db369357c,MCX,INDIA_COMMODITY,2026-06-09T12:47:09.245Z,2026-06-09T12:47:09.245Z,,Book 50% profit in silver @247300,Book 50% profit in silver @247300,fe211ff34b39dcb1,TRADE_ACTION,REDUCE_POSITION,SINGLE_INSTRUMENT,,silver,SILVER,"[""SILVER""]",,,,,50.0,CURRENT_HOLDING,0.5,EXPLICIT_PERCENT,False,[247300.0],247300.0,,[],,,False,False,False,True,0.99,False,AUTO_HIGH_CONFIDENCE,RULE_BASED_AND_CURATED,Explicit percentage reduction of current holding.,REDUCE_POSITION uses current holding: new_holding = current_holding * (1 - quantity_percent / 100).,1,1,False,READY_FOR_AUTO_APPLY
580,6a2815fd109e0591bbf76771,6a0d8832835de84db3693580,International Market,GLOBAL_EQUITY,2026-06-09T13:32:45.930Z,2026-06-09T13:32:45.930Z,,Book 50% profit in sndk @1710,Book 50% profit in sndk @1710,b82149ee5ed08ea5,TRADE_ACTION,REDUCE_POSITION,SINGLE_INSTRUMENT,,sndk,SNDK,"[""SNDK""]",,,,,50.0,CURRENT_HOLDING,0.5,EXPLICIT_PERCENT,False,[1710.0],1710.0,,[],,,False,False,False,True,0.99,False,AUTO_HIGH_CONFIDENCE,RULE_BASED_AND_CURATED,Explicit percentage reduction of current holding.,REDUCE_POSITION uses current holding: new_holding = current_holding * (1 - quantity_percent / 100).,1,1,False,READY_FOR_AUTO_APPLY
581,6a28162a109e0591bbf767c9,6a0d8832835de84db3693580,International Market,GLOBAL_EQUITY,2026-06-09T13:33:30.995Z,2026-06-09T13:33:30.995Z,,Book 50% profit in MU @983,Book 50% profit in MU @983,cf6010704fe53c70,TRADE_ACTION,REDUCE_POSITION,SINGLE_INSTRUMENT,,MU,MU,"[""MU""]",,,,,50.0,CURRENT_HOLDING,0.5,EXPLICIT_PERCENT,False,[983.0],983.0,,[],,,False,False,False,True,0.99,False,AUTO_HIGH_CONFIDENCE,RULE_BASED_AND_CURATED,Explicit percentage reduction of current holding.,REDUCE_POSITION uses current holding: new_holding = current_holding * (1 - quantity_percent / 100).,1,1,False,READY_FOR_AUTO_APPLY
582,6a28172f109e0591bbf76835,6a0d8832835de84db3693580,International Market,GLOBAL_INDEX_OR_MACRO,2026-06-09T13:37:51.561Z,2026-06-09T13:37:51.561Z,,Book 50% profit in Dow @51110,Book 50% profit in Dow @51110,1573e219e7d75297,TRADE_ACTION,REDUCE_POSITION,SINGLE_INSTRUMENT,,Dow,DOW,"[""DOW""]",,,,,50.0,CURRENT_HOLDING,0.5,EXPLICIT_PERCENT,False,[51110.0],51110.0,,[],,,False,False,False,True,0.99,False,AUTO_HIGH_CONFIDENCE,RULE_BASED_AND_CURATED,Explicit percentage reduction of current holding.,REDUCE_POSITION uses current holding: new_holding = current_holding * (1 - quantity_percent / 100).,1,1,False,READY_FOR_AUTO_APPLY
583,6a281c11109e0591bbf76cfb,6a0d8832835de84db3693580,International Market,GLOBAL_EQUITY,2026-06-09T13:58:41.965Z,2026-06-09T13:58:41.965Z,,Day traders Book profit in sndk @1764,Day traders Book profit in sndk @1764,585dd395b8633a9d,TRADE_ACTION,CLOSE_POSITION,SINGLE_INSTRUMENT,,sndk,SNDK,"[""SNDK""]",,,,,100.0,CURRENT_HOLDING,0.0,FULL_EXIT_RULE,False,[1764.0],1764.0,,[],,,False,False,False,True,0.96,False,AUTO_HIGH_CONFIDENCE,RULE_BASED_AND_CURATED,Unqualified 'book profit' closes all remaining holding.,REDUCE_POSITION uses current holding: new_holding = current_holding * (1 - quantity_percent / 100).,1,1,False,READY_FOR_AUTO_APPLY
584,6a281ca2109e0591bbf76d38,6a0d8832835de84db3693580,International Market,GLOBAL_EQUITY,2026-06-09T14:01:06.076Z,2026-06-09T14:01:06.076Z,,We are anticipating a downtrend in equity market over Wednesday-Thursday. It is suggested to book profit in indices and stocks.,We are anticipating a downtrend in equity market over Wednesday-Thursday. It is suggested to book profit in indices and stocks.,4fc5fe3eb0e462f9,NON_TRADE,MARKET_COMMENTARY,NONE,,,,[],,,,,,NONE,,NOT_APPLICABLE,False,[],,,[],,,False,False,False,False,0.92,False,AUTO_HIGH_CONFIDENCE,RULE_BASED_AND_CURATED,"General recommendation, not a single-instrument action.",REDUCE_POSITION uses current holding: new_holding = current_holding * (1 - quantity_percent / 100).,1,1,False,NON_EXECUTABLE
585,6a281d6d109e0591bbf76d64,6a0d8832835de84db3693580,International Market,GLOBAL_EQUITY,2026-06-09T14:04:29.736Z,2026-06-09T14:04:29.736Z,,Book profit in LRCX @347 (buying was suggested at 260),Book profit in LRCX @347 (buying was suggested at 260),8d9a974ad9aa3065,TRADE_ACTION,CLOSE_POSITION,SINGLE_INSTRUMENT,,LRCX,LRCX,"[""LRCX""]",,,,,100.0,CURRENT_HOLDING,0.0,FULL_EXIT_RULE,False,[347.0],347.0,,[],,,False,False,False,True,0.96,False,AUTO_HIGH_CONFIDENCE,RULE_BASED_AND_CURATED,Unqualified 'book profit' closes all remaining holding.,REDUCE_POSITION uses current holding: new_holding = current_holding * (1 - quantity_percent / 100).,1,1,False,READY_FOR_AUTO_APPLY
586,6a281f00109e0591bbf76d88,6a0d8832835de84db3693580,International Market,GLOBAL_INDEX_OR_MACRO,2026-06-09T14:11:12.585Z,2026-06-09T14:11:12.585Z,,Buy VX @ 18.02 with SL 17.00 for target 19.50-20.00,Buy VX @ 18.02 with SL 17.00 for target 19.50-20.00,61f8b36868c9d217,TRADE_ACTION,OPEN_LONG,SINGLE_INSTRUMENT,,VX,VIX,"[""VIX""]",,,,LONG,100.0,MODEL_ALLOCATION,,DEFAULT_FULL_ALLOCATION,True,[18.02],18.02,17.0,"[19.5, 20.0]",19.5,20.0,False,False,False,True,0.98,False,AUTO_HIGH_CONFIDENCE,RULE_BASED_AND_CURATED,Buy instruction.,REDUCE_POSITION uses current holding: new_holding = current_holding * (1 - quantity_percent / 100).,1,1,False,READY_FOR_AUTO_APPLY
587,6a282088109e0591bbf76e10,6a0d8832835de84db3693580,International Market,GLOBAL_EQUITY,2026-06-09T14:17:44.928Z,2026-06-09T14:17:44.928Z,,SL touched in gold & silver,SL touched in gold & silver,6704daf74fd37e7c,TRADE_ACTION,CLOSE_POSITION,MULTI_INSTRUMENT,,gold & silver,,"[""GOLD"", ""SILVER""]",,,,,100.0,CURRENT_HOLDING,0.0,FULL_EXIT_RULE,False,[],,,[],,,False,True,True,False,0.7,True,REVIEW_REQUIRED,RULE_BASED_AND_CURATED,Stop-loss hit closes current holding. Multiple instruments must be split into separate events.,REDUCE_POSITION uses current holding: new_holding = current_holding * (1 - quantity_percent / 100).,2,1,True,MANUAL_OR_CONTEXT_REVIEW
588,6a282094109e0591bbf76e24,6a0d881f835de84db369357c,MCX,INDIA_COMMODITY,2026-06-09T14:17:56.086Z,2026-06-09T14:17:56.086Z,,SL touched in gold & silver,SL touched in gold & silver,6704daf74fd37e7c,TRADE_ACTION,CLOSE_POSITION,MULTI_INSTRUMENT,,gold & silver,,"[""GOLD"", ""SILVER""]",,,,,100.0,CURRENT_HOLDING,0.0,FULL_EXIT_RULE,False,[],,,[],,,False,True,True,False,0.7,True,REVIEW_REQUIRED,RULE_BASED_AND_CURATED,Stop-loss hit closes current holding. Multiple instruments must be split into separate events.,REDUCE_POSITION uses current holding: new_holding = current_holding * (1 - quantity_percent / 100).,2,2,True,MANUAL_OR_CONTEXT_REVIEW
589,6a282113109e0591bbf76e61,6a0d8832835de84db3693580,International Market,GLOBAL_INDEX_OR_MACRO,2026-06-09T14:20:03.541Z,2026-06-09T14:20:03.541Z,,Book 50% profit in VX @ 18.50,Book 50% profit in VX @ 18.50,0dc3e400f76994e3,TRADE_ACTION,REDUCE_POSITION,SINGLE_INSTRUMENT,,VX,VIX,"[""VIX""]",,,,,50.0,CURRENT_HOLDING,0.5,EXPLICIT_PERCENT,False,[18.5],18.5,,[],,,False,False,False,True,0.99,False,AUTO_HIGH_CONFIDENCE,RULE_BASED_AND_CURATED,Explicit percentage reduction of current holding.,REDUCE_POSITION uses current holding: new_holding = current_holding * (1 - quantity_percent / 100).,1,1,False,READY_FOR_AUTO_APPLY
590,6a282837109e0591bbf7701c,6a0d8832835de84db3693580,International Market,GLOBAL_INDEX_OR_MACRO,2026-06-09T14:50:31.588Z,2026-06-09T14:50:31.588Z,,Book profit in VX @ 19.10,Book profit in VX @ 19.10,990e788e81cc9d39,TRADE_ACTION,CLOSE_POSITION,SINGLE_INSTRUMENT,,VX,VIX,"[""VIX""]",,,,,100.0,CURRENT_HOLDING,0.0,FULL_EXIT_RULE,False,[19.1],19.1,,[],,,False,False,False,True,0.96,False,AUTO_HIGH_CONFIDENCE,RULE_BASED_AND_CURATED,Unqualified 'book profit' closes all remaining holding.,REDUCE_POSITION uses current holding: new_holding = current_holding * (1 - quantity_percent / 100).,1,1,False,READY_FOR_AUTO_APPLY
591,6a283322109e0591bbf7728a,6a0d8832835de84db3693580,International Market,GLOBAL_INDEX_OR_MACRO,2026-06-09T15:37:06.706Z,2026-06-09T15:37:06.706Z,,Buy s&p500 @7325 with SL 7298 for target 7400,Buy s&p500 @7325 with SL 7298 for target 7400,d0159626b027c8c6,TRADE_ACTION,OPEN_LONG,SINGLE_INSTRUMENT,,s&p500,SP500,"[""SP500""]",,,,LONG,100.0,MODEL_ALLOCATION,,DEFAULT_FULL_ALLOCATION,True,[7325.0],7325.0,7298.0,[7400.0],7400.0,,False,False,False,True,0.98,False,AUTO_HIGH_CONFIDENCE,RULE_BASED_AND_CURATED,Buy instruction.,REDUCE_POSITION uses current holding: new_holding = current_holding * (1 - quantity_percent / 100).,1,1,False,READY_FOR_AUTO_APPLY
592,6a283358109e0591bbf7729e,6a0d8832835de84db3693580,International Market,GLOBAL_INDEX_OR_MACRO,2026-06-09T15:38:00.734Z,2026-06-09T15:38:00.734Z,,Buy 50% nasdaq @ 28800 with SL 28490 for target 29200-29600,Buy 50% nasdaq @ 28800 with SL 28490 for target 29200-29600,467fa842940a387e,TRADE_ACTION,OPEN_LONG,SINGLE_INSTRUMENT,,nasdaq,NASDAQ,"[""NASDAQ""]",,,,LONG,50.0,MODEL_ALLOCATION,,EXPLICIT_PERCENT,False,[28800.0],28800.0,28490.0,"[29200.0, 29600.0]",29200.0,29600.0,False,False,False,True,0.98,False,AUTO_HIGH_CONFIDENCE,RULE_BASED_AND_CURATED,Buy instruction.,REDUCE_POSITION uses current holding: new_holding = current_holding * (1 - quantity_percent / 100).,1,1,False,READY_FOR_AUTO_APPLY
593,6a283372109e0591bbf772b2,6a0d8832835de84db3693580,International Market,GLOBAL_INDEX_OR_MACRO,2026-06-09T15:38:26.503Z,2026-06-09T15:38:26.503Z,,Buy 50% Russell @ 2836 with SL 2790 for target 2880-2900,Buy 50% Russell @ 2836 with SL 2790 for target 2880-2900,6974b342b8576fa9,TRADE_ACTION,OPEN_LONG,SINGLE_INSTRUMENT,,Russell,RUSSELL,"[""RUSSELL""]",,,,LONG,50.0,MODEL_ALLOCATION,,EXPLICIT_PERCENT,False,[2836.0],2836.0,2790.0,"[2880.0, 2900.0]",2880.0,2900.0,False,False,False,True,0.98,False,AUTO_HIGH_CONFIDENCE,RULE_BASED_AND_CURATED,Buy instruction.,REDUCE_POSITION uses current holding: new_holding = current_holding * (1 - quantity_percent / 100).,1,1,False,READY_FOR_AUTO_APPLY
594,6a28338a109e0591bbf772d3,6a0d8832835de84db3693580,International Market,GLOBAL_INDEX_OR_MACRO,2026-06-09T15:38:50.850Z,2026-06-09T15:38:50.850Z,,Buy 50% dow @50470 with SL 49900 for target 51000,Buy 50% dow @50470 with SL 49900 for target 51000,52cb892c6b9c21b9,TRADE_ACTION,OPEN_LONG,SINGLE_INSTRUMENT,,dow,DOW,"[""DOW""]",,,,LONG,50.0,MODEL_ALLOCATION,,EXPLICIT_PERCENT,False,[50470.0],50470.0,49900.0,[51000.0],51000.0,,False,False,False,True,0.98,False,AUTO_HIGH_CONFIDENCE,RULE_BASED_AND_CURATED,Buy instruction.,REDUCE_POSITION uses current holding: new_holding = current_holding * (1 - quantity_percent / 100).,1,1,False,READY_FOR_AUTO_APPLY
595,6a283a77109e0591bbf7743b,6a0d8832835de84db3693580,International Market,GLOBAL_INDEX_OR_MACRO,2026-06-09T16:08:23.817Z,2026-06-09T16:08:23.817Z,,Hold s&p500 with SL 7290,Hold s&p500 with SL 7290,c78fa5f4c9cdc6ef,TRADE_UPDATE,UPDATE_STOP_LOSS,SINGLE_INSTRUMENT,,s&p500,SP500,"[""SP500""]",,,,,,NONE,,NOT_APPLICABLE,False,[],,7290.0,[],,,False,False,False,True,0.99,False,AUTO_HIGH_CONFIDENCE,RULE_BASED_AND_CURATED,Hold and update stop loss.,REDUCE_POSITION uses current holding: new_holding = current_holding * (1 - quantity_percent / 100).,1,1,False,READY_FOR_AUTO_APPLY
596,6a283acb109e0591bbf77450,6a0d8832835de84db3693580,International Market,GLOBAL_EQUITY,2026-06-09T16:09:47.344Z,2026-06-09T16:09:47.344Z,,Follow stop loss strictly across indices.,Follow stop loss strictly across indices.,a9989c961077e860,NON_TRADE,MARKET_COMMENTARY,NONE,,,,[],,,,,,NONE,,NOT_APPLICABLE,False,[],,,[],,,False,False,False,False,0.92,False,AUTO_HIGH_CONFIDENCE,RULE_BASED_AND_CURATED,Market information; no direct execution.,REDUCE_POSITION uses current holding: new_holding = current_holding * (1 - quantity_percent / 100).,1,1,False,NON_EXECUTABLE
597,6a283ae0109e0591bbf77486,6a0d8832835de84db3693580,International Market,GLOBAL_EQUITY,2026-06-09T16:10:08.817Z,2026-06-09T16:10:08.817Z,,Buying was suggested in indices only for a technical bounce. Kindly exercise stop loss strictly.,Buying was suggested in indices only for a technical bounce. Kindly exercise stop loss strictly.,45b5a61a0a94261e,NON_TRADE,MARKET_COMMENTARY,NONE,,,,[],,,,,,NONE,,NOT_APPLICABLE,False,[],,,[],,,False,False,False,False,0.92,False,AUTO_HIGH_CONFIDENCE,RULE_BASED_AND_CURATED,Market information; no direct execution.,REDUCE_POSITION uses current holding: new_holding = current_holding * (1 - quantity_percent / 100).,1,1,False,NON_EXECUTABLE
598,6a283c57109e0591bbf77521,6a0d8832835de84db3693580,International Market,GLOBAL_EQUITY,2026-06-09T16:16:23.442Z,2026-06-09T16:16:23.442Z,,Exit from long positions in indices.,Exit from long positions in indices.,6647fab7f23aacb7,TRADE_ACTION,CLOSE_GROUP,GROUP,INDICES,INDICES,,[],,,,,100.0,CURRENT_HOLDING,0.0,FULL_EXIT_RULE,False,[],,,[],,,False,False,True,False,0.9,True,REVIEW_REQUIRED,RULE_BASED_AND_CURATED,Group-level exit for all long index positions.,REDUCE_POSITION uses current holding: new_holding = current_holding * (1 - quantity_percent / 100).,1,1,False,MANUAL_OR_CONTEXT_REVIEW
599,6a283c5f109e0591bbf77543,6a0d8832835de84db3693580,International Market,GLOBAL_EQUITY,2026-06-09T16:16:31.357Z,2026-06-09T16:16:31.357Z,,Wait for Friday to take fresh positions in indices.,Wait for Friday to take fresh positions in indices.,2769c6ebf73cd69d,NON_TRADE,WAIT_NO_ACTION,NONE,,,,[],,,,,,NONE,,NOT_APPLICABLE,False,[],,,[],,,False,False,False,False,0.95,False,AUTO_HIGH_CONFIDENCE,RULE_BASED_AND_CURATED,Wait/no execution.,REDUCE_POSITION uses current holding: new_holding = current_holding * (1 - quantity_percent / 100).,1,1,False,NON_EXECUTABLE
600,6a28db7f109e0591bbf7796a,6a0d8832835de84db3693580,International Market,GLOBAL_COMMODITY,2026-06-10T03:35:27.933Z,2026-06-10T03:35:27.933Z,,buy copper 6.31 &6.25 sl 6.19 tgt 6.45-6.60,buy copper 6.31 &6.25 sl 6.19 tgt 6.45-6.60,74a3f527a442d94c,TRADE_ACTION,OPEN_LONG,SINGLE_INSTRUMENT,,copper,COPPER,"[""COPPER""]",,,,LONG,100.0,MODEL_ALLOCATION,,DEFAULT_FULL_ALLOCATION,True,"[6.31, 6.25]",6.31,6.19,"[6.45, 6.6]",6.45,6.6,False,False,False,True,0.98,False,AUTO_HIGH_CONFIDENCE,RULE_BASED_AND_CURATED,Buy instruction.,REDUCE_POSITION uses current holding: new_holding = current_holding * (1 - quantity_percent / 100).,1,1,False,READY_FOR_AUTO_APPLY
601,6a28de83109e0591bbf77be4,6a0d87fb835de84db3693578,NSE,INDIA_EQUITY,2026-06-10T03:48:19.909Z,2026-06-10T03:48:19.909Z,,FULL PROFIT BOOK IN KOTAKBANK @385.50,FULL PROFIT BOOK IN KOTAKBANK @385.50,c9534a31ec4cf433,TRADE_ACTION,CLOSE_POSITION,SINGLE_INSTRUMENT,,KOTAKBANK,KOTAKBANK,"[""KOTAKBANK""]",,,,,100.0,CURRENT_HOLDING,0.0,FULL_EXIT_RULE,False,[385.5],385.5,,[],,,False,False,False,True,0.99,False,AUTO_HIGH_CONFIDENCE,RULE_BASED_AND_CURATED,Explicit full exit.,REDUCE_POSITION uses current holding: new_holding = current_holding * (1 - quantity_percent / 100).,1,1,False,READY_FOR_AUTO_APPLY
602,6a28debb109e0591bbf77c22,6a0d87fb835de84db3693578,NSE,INDIA_EQUITY,2026-06-10T03:49:15.093Z,2026-06-10T03:49:15.093Z,,BUY WIPRO @180 SL 177 TGT 185-188,BUY WIPRO @180 SL 177 TGT 185-188,c3baf4da2829ecf7,TRADE_ACTION,OPEN_LONG,SINGLE_INSTRUMENT,,WIPRO,WIPRO,"[""WIPRO""]",,,,LONG,100.0,MODEL_ALLOCATION,,DEFAULT_FULL_ALLOCATION,True,[180.0],180.0,177.0,"[185.0, 188.0]",185.0,188.0,False,False,False,True,0.98,False,AUTO_HIGH_CONFIDENCE,RULE_BASED_AND_CURATED,Buy instruction.,REDUCE_POSITION uses current holding: new_holding = current_holding * (1 - quantity_percent / 100).,1,1,False,READY_FOR_AUTO_APPLY
603,6a28decd109e0591bbf77c36,6a0d87fb835de84db3693578,NSE,INDIA_EQUITY,2026-06-10T03:49:33.230Z,2026-06-10T03:49:33.230Z,,BUY INFY @1167 SL 1140 TGT 1200,BUY INFY @1167 SL 1140 TGT 1200,94758416e4701f5d,TRADE_ACTION,OPEN_LONG,SINGLE_INSTRUMENT,,INFY,INFY,"[""INFY""]",,,,LONG,100.0,MODEL_ALLOCATION,,DEFAULT_FULL_ALLOCATION,True,[1167.0],1167.0,1140.0,[1200.0],1200.0,,False,False,False,True,0.98,False,AUTO_HIGH_CONFIDENCE,RULE_BASED_AND_CURATED,Buy instruction.,REDUCE_POSITION uses current holding: new_holding = current_holding * (1 - quantity_percent / 100).,1,1,False,READY_FOR_AUTO_APPLY
604,6a28df28109e0591bbf77cbc,6a0d87fb835de84db3693578,NSE,INDIA_EQUITY,2026-06-10T03:51:04.030Z,2026-06-10T03:51:04.030Z,,BUY ADANIENT @2955 SL 2920 TGT 3000-3050,BUY ADANIENT @2955 SL 2920 TGT 3000-3050,dfb221feb86748a7,TRADE_ACTION,OPEN_LONG,SINGLE_INSTRUMENT,,ADANIENT,ADANIENT,"[""ADANIENT""]",,,,LONG,100.0,MODEL_ALLOCATION,,DEFAULT_FULL_ALLOCATION,True,[2955.0],2955.0,2920.0,"[3000.0, 3050.0]",3000.0,3050.0,False,False,False,True,0.98,False,AUTO_HIGH_CONFIDENCE,RULE_BASED_AND_CURATED,Buy instruction.,REDUCE_POSITION uses current holding: new_holding = current_holding * (1 - quantity_percent / 100).,1,1,False,READY_FOR_AUTO_APPLY
605,6a28df5b109e0591bbf77d1e,6a0d87fb835de84db3693578,NSE,INDIA_EQUITY,2026-06-10T03:51:55.961Z,2026-06-10T03:51:55.961Z,,BUY ADANIPORTS @1818 SL 1790 TGT 1850-1880,BUY ADANIPORTS @1818 SL 1790 TGT 1850-1880,add7237b17607270,TRADE_ACTION,OPEN_LONG,SINGLE_INSTRUMENT,,ADANIPORTS,ADANIPORTS,"[""ADANIPORTS""]",,,,LONG,100.0,MODEL_ALLOCATION,,DEFAULT_FULL_ALLOCATION,True,[1818.0],1818.0,1790.0,"[1850.0, 1880.0]",1850.0,1880.0,False,False,False,True,0.98,False,AUTO_HIGH_CONFIDENCE,RULE_BASED_AND_CURATED,Buy instruction.,REDUCE_POSITION uses current holding: new_holding = current_holding * (1 - quantity_percent / 100).,1,1,False,READY_FOR_AUTO_APPLY
606,6a28dff9109e0591bbf77d74,6a0d881f835de84db369357c,MCX,INDIA_COMMODITY,2026-06-10T03:54:33.898Z,2026-06-10T03:54:33.898Z,,BUY COPPER @1324.60 SL 1314 TGT 1342-1348,BUY COPPER @1324.60 SL 1314 TGT 1342-1348,be879e2987552051,TRADE_ACTION,OPEN_LONG,SINGLE_INSTRUMENT,,COPPER,COPPER,"[""COPPER""]",,,,LONG,100.0,MODEL_ALLOCATION,,DEFAULT_FULL_ALLOCATION,True,[1324.6],1324.6,1314.0,"[1342.0, 1348.0]",1342.0,1348.0,False,False,False,True,0.98,False,AUTO_HIGH_CONFIDENCE,RULE_BASED_AND_CURATED,Buy instruction.,REDUCE_POSITION uses current holding: new_holding = current_holding * (1 - quantity_percent / 100).,1,1,False,READY_FOR_AUTO_APPLY
607,6a28e4e1109e0591bbf78142,6a0d87fb835de84db3693578,NSE,INDIA_EQUITY,2026-06-10T04:15:29.027Z,2026-06-10T04:15:29.027Z,,50% PROFIT BOOK IN ADANIPORTS @1835,50% PROFIT BOOK IN ADANIPORTS @1835,7640ed50b0f57008,TRADE_ACTION,REDUCE_POSITION,SINGLE_INSTRUMENT,,ADANIPORTS,ADANIPORTS,"[""ADANIPORTS""]",,,,,50.0,CURRENT_HOLDING,0.5,EXPLICIT_PERCENT,False,[1835.0],1835.0,,[],,,False,False,False,True,0.99,False,AUTO_HIGH_CONFIDENCE,RULE_BASED_AND_CURATED,Explicit percentage reduction of current holding.,REDUCE_POSITION uses current holding: new_holding = current_holding * (1 - quantity_percent / 100).,1,1,False,READY_FOR_AUTO_APPLY
608,6a28e568109e0591bbf78179,6a20c6ae59359ea1faef274f,Indian Indices,INDIA_INDEX,2026-06-10T04:17:44.378Z,2026-06-10T04:17:44.378Z,,50% SELL NIFTY @23405 SL 23500 TGT 23300-23100,50% SELL NIFTY @23405 SL 23500 TGT 23300-23100,d286dcac09b80191,TRADE_ACTION,OPEN_SHORT,SINGLE_INSTRUMENT,,NIFTY,NIFTY,"[""NIFTY""]",,,,SHORT,50.0,MODEL_ALLOCATION,,EXPLICIT_PERCENT,False,[23405.0],23405.0,23500.0,"[23300.0, 23100.0]",23300.0,23100.0,False,False,False,True,0.97,False,AUTO_HIGH_CONFIDENCE,RULE_BASED_AND_CURATED,Sell with stop/target opens a short allocation.,REDUCE_POSITION uses current holding: new_holding = current_holding * (1 - quantity_percent / 100).,1,1,False,READY_FOR_AUTO_APPLY
609,6a28e8e0109e0591bbf782b0,6a0d87fb835de84db3693578,NSE,INDIA_EQUITY,2026-06-10T04:32:32.881Z,2026-06-10T04:32:32.881Z,,BUY TMPV @384 SL 378 TGT 392-395,BUY TMPV @384 SL 378 TGT 392-395,d1f269e90690b81a,TRADE_ACTION,OPEN_LONG,SINGLE_INSTRUMENT,,TMPV,TMPV,"[""TMPV""]",,,,LONG,100.0,MODEL_ALLOCATION,,DEFAULT_FULL_ALLOCATION,True,[384.0],384.0,378.0,"[392.0, 395.0]",392.0,395.0,False,False,False,True,0.98,False,AUTO_HIGH_CONFIDENCE,RULE_BASED_AND_CURATED,Buy instruction.,REDUCE_POSITION uses current holding: new_holding = current_holding * (1 - quantity_percent / 100).,1,1,False,READY_FOR_AUTO_APPLY
610,6a28ed3f109e0591bbf783a9,6a0d87fb835de84db3693578,NSE,INDIA_EQUITY,2026-06-10T04:51:11.278Z,2026-06-10T04:51:11.278Z,,50% PROFIT BOOK IN GLENMARK @2252,50% PROFIT BOOK IN GLENMARK @2252,caf8d0feb0ccd66c,TRADE_ACTION,REDUCE_POSITION,SINGLE_INSTRUMENT,,GLENMARK,GLENMARK,"[""GLENMARK""]",,,,,50.0,CURRENT_HOLDING,0.5,EXPLICIT_PERCENT,False,[2252.0],2252.0,,[],,,False,False,False,True,0.99,False,AUTO_HIGH_CONFIDENCE,RULE_BASED_AND_CURATED,Explicit percentage reduction of current holding.,REDUCE_POSITION uses current holding: new_holding = current_holding * (1 - quantity_percent / 100).,1,1,False,READY_FOR_AUTO_APPLY
611,6a28f11f109e0591bbf78435,6a0d87fb835de84db3693578,NSE,INDIA_EQUITY,2026-06-10T05:07:43.936Z,2026-06-10T05:07:43.936Z,,50% PROFIT BOOK IN ADANIENT @2994.80,50% PROFIT BOOK IN ADANIENT @2994.80,9ac117f857466c77,TRADE_ACTION,REDUCE_POSITION,SINGLE_INSTRUMENT,,ADANIENT,ADANIENT,"[""ADANIENT""]",,,,,50.0,CURRENT_HOLDING,0.5,EXPLICIT_PERCENT,False,[2994.8],2994.8,,[],,,False,False,False,True,0.99,False,AUTO_HIGH_CONFIDENCE,RULE_BASED_AND_CURATED,Explicit percentage reduction of current holding.,REDUCE_POSITION uses current holding: new_holding = current_holding * (1 - quantity_percent / 100).,1,1,False,READY_FOR_AUTO_APPLY
612,6a28f19d109e0591bbf78499,6a0d87fb835de84db3693578,NSE,INDIA_EQUITY,2026-06-10T05:09:49.747Z,2026-06-10T05:09:49.747Z,,50% PROFIT BOOK IN LT @3949,50% PROFIT BOOK IN LT @3949,7e264895d6b526f3,TRADE_ACTION,REDUCE_POSITION,SINGLE_INSTRUMENT,,LT,LT,"[""LT""]",,,,,50.0,CURRENT_HOLDING,0.5,EXPLICIT_PERCENT,False,[3949.0],3949.0,,[],,,False,False,False,True,0.99,False,AUTO_HIGH_CONFIDENCE,RULE_BASED_AND_CURATED,Explicit percentage reduction of current holding.,REDUCE_POSITION uses current holding: new_holding = current_holding * (1 - quantity_percent / 100).,1,1,False,READY_FOR_AUTO_APPLY
613,6a28f28c109e0591bbf784eb,6a0d881f835de84db369357c,MCX,INDIA_COMMODITY,2026-06-10T05:13:48.567Z,2026-06-10T05:14:40.703Z,2026-06-10T05:14:40.703Z,BUY NG @294.10 SL 288 TGT 305-315,BUY NG @294.10 SL 288 TGT 305-315,8a60148d8414d776,TRADE_ACTION,OPEN_LONG,SINGLE_INSTRUMENT,,NG,NATURAL_GAS,"[""NATURAL_GAS""]",,,,LONG,100.0,MODEL_ALLOCATION,,DEFAULT_FULL_ALLOCATION,True,[294.1],294.1,288.0,"[305.0, 315.0]",305.0,315.0,False,False,False,True,0.98,False,AUTO_HIGH_CONFIDENCE,RULE_BASED_AND_CURATED,Buy instruction.,REDUCE_POSITION uses current holding: new_holding = current_holding * (1 - quantity_percent / 100).,1,1,False,READY_FOR_AUTO_APPLY
614,6a28f404109e0591bbf78591,6a0d87fb835de84db3693578,NSE,INDIA_EQUITY,2026-06-10T05:20:04.740Z,2026-06-10T05:20:51.758Z,2026-06-10T05:20:51.757Z,DELIVERY: BUY MEESHO @166.70 TGT 200-240,DELIVERY: BUY MEESHO @166.70 TGT 200-240,3e6e786fc0e53c8b,TRADE_ACTION,OPEN_LONG,SINGLE_INSTRUMENT,,MEESHO,MEESHO,"[""MEESHO""]",,,,LONG,100.0,MODEL_ALLOCATION,,DEFAULT_FULL_ALLOCATION,True,[166.7],166.7,,"[200.0, 240.0]",200.0,240.0,False,False,False,True,0.98,False,AUTO_HIGH_CONFIDENCE,RULE_BASED_AND_CURATED,Buy instruction.,REDUCE_POSITION uses current holding: new_holding = current_holding * (1 - quantity_percent / 100).,1,1,False,READY_FOR_AUTO_APPLY
615,6a28f7a2109e0591bbf785fd,6a20c6ae59359ea1faef274f,Indian Indices,INDIA_INDEX,2026-06-10T05:35:30.004Z,2026-06-10T05:35:30.004Z,,50% SELL BANKNIFTY @55550 SL 56000 TGT 55000-54800,50% SELL BANKNIFTY @55550 SL 56000 TGT 55000-54800,f28c3a11217c8c7d,TRADE_ACTION,OPEN_SHORT,SINGLE_INSTRUMENT,,BANKNIFTY,BANKNIFTY,"[""BANKNIFTY""]",,,,SHORT,50.0,MODEL_ALLOCATION,,EXPLICIT_PERCENT,False,[55550.0],55550.0,56000.0,"[55000.0, 54800.0]",55000.0,54800.0,False,False,False,True,0.97,False,AUTO_HIGH_CONFIDENCE,RULE_BASED_AND_CURATED,Sell with stop/target opens a short allocation.,REDUCE_POSITION uses current holding: new_holding = current_holding * (1 - quantity_percent / 100).,1,1,False,READY_FOR_AUTO_APPLY
616,6a28fe81109e0591bbf78778,6a0d87fb835de84db3693578,NSE,INDIA_EQUITY,2026-06-10T06:04:49.621Z,2026-06-10T06:04:49.621Z,,50% PROFIT BOOK IN UNIONBANK @168.60,50% PROFIT BOOK IN UNIONBANK @168.60,0d0190b1abfdf77a,TRADE_ACTION,REDUCE_POSITION,SINGLE_INSTRUMENT,,UNIONBANK,UNIONBANK,"[""UNIONBANK""]",,,,,50.0,CURRENT_HOLDING,0.5,EXPLICIT_PERCENT,False,[168.6],168.6,,[],,,False,False,False,True,0.99,False,AUTO_HIGH_CONFIDENCE,RULE_BASED_AND_CURATED,Explicit percentage reduction of current holding.,REDUCE_POSITION uses current holding: new_holding = current_holding * (1 - quantity_percent / 100).,1,1,False,READY_FOR_AUTO_APPLY
617,6a28ff4e109e0591bbf787bc,6a0d87fb835de84db3693578,NSE,INDIA_EQUITY,2026-06-10T06:08:14.810Z,2026-06-10T06:08:14.810Z,,BUY GLENMARK @2215 SL 2200 TGT 2250-2290,BUY GLENMARK @2215 SL 2200 TGT 2250-2290,fab7cfc0af92b70b,TRADE_ACTION,OPEN_LONG,SINGLE_INSTRUMENT,,GLENMARK,GLENMARK,"[""GLENMARK""]",,,,LONG,100.0,MODEL_ALLOCATION,,DEFAULT_FULL_ALLOCATION,True,[2215.0],2215.0,2200.0,"[2250.0, 2290.0]",2250.0,2290.0,False,False,False,True,0.98,False,AUTO_HIGH_CONFIDENCE,RULE_BASED_AND_CURATED,Buy instruction.,REDUCE_POSITION uses current holding: new_holding = current_holding * (1 - quantity_percent / 100).,1,1,False,READY_FOR_AUTO_APPLY
618,6a290883109e0591bbf78975,6a0d87fb835de84db3693578,NSE,INDIA_EQUITY,2026-06-10T06:47:31.396Z,2026-06-10T06:47:31.396Z,,HOLD GLENMARK WITH SL 2190,HOLD GLENMARK WITH SL 2190,3af58f3137a13682,TRADE_UPDATE,UPDATE_STOP_LOSS,SINGLE_INSTRUMENT,,GLENMARK,GLENMARK,"[""GLENMARK""]",,,,,,NONE,,NOT_APPLICABLE,False,[],,2190.0,[],,,False,False,False,True,0.99,False,AUTO_HIGH_CONFIDENCE,RULE_BASED_AND_CURATED,Hold and update stop loss.,REDUCE_POSITION uses current holding: new_holding = current_holding * (1 - quantity_percent / 100).,1,1,False,READY_FOR_AUTO_APPLY
619,6a2919e8109e0591bbf78a99,6a0d87fb835de84db3693578,NSE,INDIA_EQUITY,2026-06-10T08:01:44.091Z,2026-06-10T08:01:44.091Z,,SL TOUCH IN GLENMARK,SL TOUCH IN GLENMARK,8e13ae386581388c,TRADE_ACTION,CLOSE_POSITION,SINGLE_INSTRUMENT,,GLENMARK,GLENMARK,"[""GLENMARK""]",,,,,100.0,CURRENT_HOLDING,0.0,FULL_EXIT_RULE,False,[],,,[],,,False,False,False,True,0.99,False,AUTO_HIGH_CONFIDENCE,RULE_BASED_AND_CURATED,Stop-loss hit closes current holding.,REDUCE_POSITION uses current holding: new_holding = current_holding * (1 - quantity_percent / 100).,1,1,False,READY_FOR_AUTO_APPLY
620,6a2923aa109e0591bbf78ba8,6a0d881f835de84db369357c,MCX,INDIA_COMMODITY,2026-06-10T08:43:22.202Z,2026-06-10T08:43:22.202Z,,50% PROFIT BOOK IN NG @301,50% PROFIT BOOK IN NG @301,e23a928b79f21d1e,TRADE_ACTION,REDUCE_POSITION,SINGLE_INSTRUMENT,,NG,NATURAL_GAS,"[""NATURAL_GAS""]",,,,,50.0,CURRENT_HOLDING,0.5,EXPLICIT_PERCENT,False,[301.0],301.0,,[],,,False,False,False,True,0.99,False,AUTO_HIGH_CONFIDENCE,RULE_BASED_AND_CURATED,Explicit percentage reduction of current holding.,REDUCE_POSITION uses current holding: new_holding = current_holding * (1 - quantity_percent / 100).,1,1,False,READY_FOR_AUTO_APPLY
621,6a2929b6109e0591bbf78d05,6a0d87fb835de84db3693578,NSE,INDIA_EQUITY,2026-06-10T09:09:10.664Z,2026-06-10T09:09:10.664Z,,FULL PROFIT BOOK IN UNIONBANK @167,FULL PROFIT BOOK IN UNIONBANK @167,bcf2711d9a8ca57a,TRADE_ACTION,CLOSE_POSITION,SINGLE_INSTRUMENT,,UNIONBANK,UNIONBANK,"[""UNIONBANK""]",,,,,100.0,CURRENT_HOLDING,0.0,FULL_EXIT_RULE,False,[167.0],167.0,,[],,,False,False,False,True,0.99,False,AUTO_HIGH_CONFIDENCE,RULE_BASED_AND_CURATED,Explicit full exit.,REDUCE_POSITION uses current holding: new_holding = current_holding * (1 - quantity_percent / 100).,1,1,False,READY_FOR_AUTO_APPLY
622,6a292aa5109e0591bbf78d3b,6a0d87fb835de84db3693578,NSE,INDIA_EQUITY,2026-06-10T09:13:09.598Z,2026-06-10T09:13:09.598Z,,50% PROFIT BOOK IN SBIN @1003.50,50% PROFIT BOOK IN SBIN @1003.50,583bc852fb0451b5,TRADE_ACTION,REDUCE_POSITION,SINGLE_INSTRUMENT,,SBIN,SBIN,"[""SBIN""]",,,,,50.0,CURRENT_HOLDING,0.5,EXPLICIT_PERCENT,False,[1003.5],1003.5,,[],,,False,False,False,True,0.99,False,AUTO_HIGH_CONFIDENCE,RULE_BASED_AND_CURATED,Explicit percentage reduction of current holding.,REDUCE_POSITION uses current holding: new_holding = current_holding * (1 - quantity_percent / 100).,1,1,False,READY_FOR_AUTO_APPLY
623,6a293430109e0591bbf78eb2,6a0d881f835de84db369357c,MCX,INDIA_COMMODITY,2026-06-10T09:53:52.527Z,2026-06-10T09:53:52.527Z,,HOLD COPPER WITH SL 1308,HOLD COPPER WITH SL 1308,8f62b2bba6766776,TRADE_UPDATE,UPDATE_STOP_LOSS,SINGLE_INSTRUMENT,,COPPER,COPPER,"[""COPPER""]",,,,,,NONE,,NOT_APPLICABLE,False,[],,1308.0,[],,,False,False,False,True,0.99,False,AUTO_HIGH_CONFIDENCE,RULE_BASED_AND_CURATED,Hold and update stop loss.,REDUCE_POSITION uses current holding: new_holding = current_holding * (1 - quantity_percent / 100).,1,1,False,READY_FOR_AUTO_APPLY
624,6a295b76109e0591bbf79256,6a0d8832835de84db3693580,International Market,GLOBAL_COMMODITY,2026-06-10T12:41:26.480Z,2026-06-10T12:41:26.480Z,,Book 50% profit in ng @3.24,Book 50% profit in ng @3.24,ccfdbba2230bf1a4,TRADE_ACTION,REDUCE_POSITION,SINGLE_INSTRUMENT,,ng,NATURAL_GAS,"[""NATURAL_GAS""]",,,,,50.0,CURRENT_HOLDING,0.5,EXPLICIT_PERCENT,False,[3.24],3.24,,[],,,False,False,False,True,0.99,False,AUTO_HIGH_CONFIDENCE,RULE_BASED_AND_CURATED,Explicit percentage reduction of current holding.,REDUCE_POSITION uses current holding: new_holding = current_holding * (1 - quantity_percent / 100).,1,1,False,READY_FOR_AUTO_APPLY
625,6a295ba0109e0591bbf792af,6a0d881f835de84db369357c,MCX,INDIA_COMMODITY,2026-06-10T12:42:08.799Z,2026-06-10T12:42:08.799Z,,DAY TRADERS BOOK FULL PROFIT IN NG @ 309,DAY TRADERS BOOK FULL PROFIT IN NG @ 309,7c381a4296cd4d86,TRADE_ACTION,CLOSE_POSITION,SINGLE_INSTRUMENT,,NG,NATURAL_GAS,"[""NATURAL_GAS""]",,,,,100.0,CURRENT_HOLDING,0.0,FULL_EXIT_RULE,False,[309.0],309.0,,[],,,False,False,False,True,0.99,False,AUTO_HIGH_CONFIDENCE,RULE_BASED_AND_CURATED,Explicit full exit.,REDUCE_POSITION uses current holding: new_holding = current_holding * (1 - quantity_percent / 100).,1,1,False,READY_FOR_AUTO_APPLY
626,6a296751109e0591bbf79409,6a0d8832835de84db3693580,International Market,GLOBAL_EQUITY,2026-06-10T13:32:01.363Z,2026-06-10T13:32:01.363Z,,Buy 50% NVDA @ 205 with S/L 198 for target 215-225,Buy 50% NVDA @ 205 with S/L 198 for target 215-225,fc9ce28206d6149c,TRADE_ACTION,OPEN_LONG,SINGLE_INSTRUMENT,,NVDA,NVDA,"[""NVDA""]",,,,LONG,50.0,MODEL_ALLOCATION,,EXPLICIT_PERCENT,False,[205.0],205.0,198.0,"[215.0, 225.0]",215.0,225.0,False,False,False,True,0.98,False,AUTO_HIGH_CONFIDENCE,RULE_BASED_AND_CURATED,Buy instruction.,REDUCE_POSITION uses current holding: new_holding = current_holding * (1 - quantity_percent / 100).,1,1,False,READY_FOR_AUTO_APPLY
627,6a29677d109e0591bbf7941d,6a0d8832835de84db3693580,International Market,GLOBAL_EQUITY,2026-06-10T13:32:45.929Z,2026-06-10T13:32:45.929Z,,Buy 50% MU @ 909 for target 980-1040,Buy 50% MU @ 909 for target 980-1040,6d946e9762e9a852,TRADE_ACTION,OPEN_LONG,SINGLE_INSTRUMENT,,MU,MU,"[""MU""]",,,,LONG,50.0,MODEL_ALLOCATION,,EXPLICIT_PERCENT,False,[909.0],909.0,,"[980.0, 1040.0]",980.0,1040.0,False,False,False,True,0.98,False,AUTO_HIGH_CONFIDENCE,RULE_BASED_AND_CURATED,Buy instruction.,REDUCE_POSITION uses current holding: new_holding = current_holding * (1 - quantity_percent / 100).,1,1,False,READY_FOR_AUTO_APPLY
628,6a29678d109e0591bbf79435,6a0d8832835de84db3693580,International Market,GLOBAL_EQUITY,2026-06-10T13:33:01.346Z,2026-06-10T13:33:01.346Z,,Buy 50% AAPL @ 290 for target 310-320,Buy 50% AAPL @ 290 for target 310-320,3b48233af44cb2b9,TRADE_ACTION,OPEN_LONG,SINGLE_INSTRUMENT,,AAPL,AAPL,"[""AAPL""]",,,,LONG,50.0,MODEL_ALLOCATION,,EXPLICIT_PERCENT,False,[290.0],290.0,,"[310.0, 320.0]",310.0,320.0,False,False,False,True,0.98,False,AUTO_HIGH_CONFIDENCE,RULE_BASED_AND_CURATED,Buy instruction.,REDUCE_POSITION uses current holding: new_holding = current_holding * (1 - quantity_percent / 100).,1,1,False,READY_FOR_AUTO_APPLY
629,6a29679d109e0591bbf79449,6a0d8832835de84db3693580,International Market,GLOBAL_EQUITY,2026-06-10T13:33:17.319Z,2026-06-10T13:33:17.319Z,,Buy 50% AMD @ 468 with S/L 454 for target 480-500,Buy 50% AMD @ 468 with S/L 454 for target 480-500,7be354f7358715c9,TRADE_ACTION,OPEN_LONG,SINGLE_INSTRUMENT,,AMD,AMD,"[""AMD""]",,,,LONG,50.0,MODEL_ALLOCATION,,EXPLICIT_PERCENT,False,[468.0],468.0,454.0,"[480.0, 500.0]",480.0,500.0,False,False,False,True,0.98,False,AUTO_HIGH_CONFIDENCE,RULE_BASED_AND_CURATED,Buy instruction.,REDUCE_POSITION uses current holding: new_holding = current_holding * (1 - quantity_percent / 100).,1,1,False,READY_FOR_AUTO_APPLY
630,6a2967b9109e0591bbf7945d,6a0d8832835de84db3693580,International Market,GLOBAL_EQUITY,2026-06-10T13:33:45.615Z,2026-06-10T13:33:45.615Z,,Buy 50% ORCL @ 201 with S/L 194 for target 220-240,Buy 50% ORCL @ 201 with S/L 194 for target 220-240,525ca700bd46904e,TRADE_ACTION,OPEN_LONG,SINGLE_INSTRUMENT,,ORCL,ORCL,"[""ORCL""]",,,,LONG,50.0,MODEL_ALLOCATION,,EXPLICIT_PERCENT,False,[201.0],201.0,194.0,"[220.0, 240.0]",220.0,240.0,False,False,False,True,0.98,False,AUTO_HIGH_CONFIDENCE,RULE_BASED_AND_CURATED,Buy instruction.,REDUCE_POSITION uses current holding: new_holding = current_holding * (1 - quantity_percent / 100).,1,1,False,READY_FOR_AUTO_APPLY
631,6a2967cd109e0591bbf79490,6a0d8832835de84db3693580,International Market,GLOBAL_EQUITY,2026-06-10T13:34:05.424Z,2026-06-10T13:34:05.424Z,,Buy 50% SNDK @ 1592 for target 1650-1700,Buy 50% SNDK @ 1592 for target 1650-1700,d55ee69ca4e53b85,TRADE_ACTION,OPEN_LONG,SINGLE_INSTRUMENT,,SNDK,SNDK,"[""SNDK""]",,,,LONG,50.0,MODEL_ALLOCATION,,EXPLICIT_PERCENT,False,[1592.0],1592.0,,"[1650.0, 1700.0]",1650.0,1700.0,False,False,False,True,0.98,False,AUTO_HIGH_CONFIDENCE,RULE_BASED_AND_CURATED,Buy instruction.,REDUCE_POSITION uses current holding: new_holding = current_holding * (1 - quantity_percent / 100).,1,1,False,READY_FOR_AUTO_APPLY
632,6a2967df109e0591bbf794a4,6a0d8832835de84db3693580,International Market,GLOBAL_EQUITY,2026-06-10T13:34:23.620Z,2026-06-10T13:34:23.620Z,,Buy 50% AMAT @ 507 for target 520-540,Buy 50% AMAT @ 507 for target 520-540,1cd3463cb27619c7,TRADE_ACTION,OPEN_LONG,SINGLE_INSTRUMENT,,AMAT,AMAT,"[""AMAT""]",,,,LONG,50.0,MODEL_ALLOCATION,,EXPLICIT_PERCENT,False,[507.0],507.0,,"[520.0, 540.0]",520.0,540.0,False,False,False,True,0.98,False,AUTO_HIGH_CONFIDENCE,RULE_BASED_AND_CURATED,Buy instruction.,REDUCE_POSITION uses current holding: new_holding = current_holding * (1 - quantity_percent / 100).,1,1,False,READY_FOR_AUTO_APPLY
633,6a2967fe109e0591bbf79508,6a0d8832835de84db3693580,International Market,GLOBAL_EQUITY,2026-06-10T13:34:54.676Z,2026-06-10T13:34:54.676Z,,Buy 50% DELL @ 379 for target 400-420,Buy 50% DELL @ 379 for target 400-420,7848763904d88bcc,TRADE_ACTION,OPEN_LONG,SINGLE_INSTRUMENT,,DELL,DELL,"[""DELL""]",,,,LONG,50.0,MODEL_ALLOCATION,,EXPLICIT_PERCENT,False,[379.0],379.0,,"[400.0, 420.0]",400.0,420.0,False,False,False,True,0.98,False,AUTO_HIGH_CONFIDENCE,RULE_BASED_AND_CURATED,Buy instruction.,REDUCE_POSITION uses current holding: new_holding = current_holding * (1 - quantity_percent / 100).,1,1,False,READY_FOR_AUTO_APPLY
634,6a296896109e0591bbf79551,6a0d8832835de84db3693580,International Market,GLOBAL_INDEX_OR_MACRO,2026-06-10T13:37:26.654Z,2026-06-10T13:37:26.654Z,,Buy 30% Nasdaq @ 28880 with S/L 28490 for target 29200-29400,Buy 30% Nasdaq @ 28880 with S/L 28490 for target 29200-29400,01ac79c65fb4b450,TRADE_ACTION,OPEN_LONG,SINGLE_INSTRUMENT,,Nasdaq,NASDAQ,"[""NASDAQ""]",,,,LONG,30.0,MODEL_ALLOCATION,,EXPLICIT_PERCENT,False,[28880.0],28880.0,28490.0,"[29200.0, 29400.0]",29200.0,29400.0,False,False,False,True,0.98,False,AUTO_HIGH_CONFIDENCE,RULE_BASED_AND_CURATED,Buy instruction.,REDUCE_POSITION uses current holding: new_holding = current_holding * (1 - quantity_percent / 100).,1,1,False,READY_FOR_AUTO_APPLY
635,6a296d6a109e0591bbf7964a,6a0d8832835de84db3693580,International Market,GLOBAL_EQUITY,2026-06-10T13:58:02.107Z,2026-06-10T13:58:02.107Z,,Book 50% profit in ORCL @ 209,Book 50% profit in ORCL @ 209,431330ad7b5a7fcb,TRADE_ACTION,REDUCE_POSITION,SINGLE_INSTRUMENT,,ORCL,ORCL,"[""ORCL""]",,,,,50.0,CURRENT_HOLDING,0.5,EXPLICIT_PERCENT,False,[209.0],209.0,,[],,,False,False,False,True,0.99,False,AUTO_HIGH_CONFIDENCE,RULE_BASED_AND_CURATED,Explicit percentage reduction of current holding.,REDUCE_POSITION uses current holding: new_holding = current_holding * (1 - quantity_percent / 100).,1,1,False,READY_FOR_AUTO_APPLY
636,6a296d84109e0591bbf7965e,6a0d8832835de84db3693580,International Market,GLOBAL_INDEX_OR_MACRO,2026-06-10T13:58:28.716Z,2026-06-10T13:58:28.716Z,,Book 30% profit in Russell @ 2900,Book 30% profit in Russell @ 2900,238c236ad7f85f8b,TRADE_ACTION,REDUCE_POSITION,SINGLE_INSTRUMENT,,Russell,RUSSELL,"[""RUSSELL""]",,,,,30.0,CURRENT_HOLDING,0.7,EXPLICIT_PERCENT,False,[2900.0],2900.0,,[],,,False,False,False,True,0.99,False,AUTO_HIGH_CONFIDENCE,RULE_BASED_AND_CURATED,Explicit percentage reduction of current holding.,REDUCE_POSITION uses current holding: new_holding = current_holding * (1 - quantity_percent / 100).,1,1,False,READY_FOR_AUTO_APPLY
637,6a296db3109e0591bbf7968d,6a0d8832835de84db3693580,International Market,GLOBAL_COMMODITY,2026-06-10T13:59:15.724Z,2026-06-10T13:59:15.724Z,,Sell crude @ 89.80 with S/L 92.00 for target 87-86,Sell crude @ 89.80 with S/L 92.00 for target 87-86,7430db94861882fc,TRADE_ACTION,OPEN_SHORT,SINGLE_INSTRUMENT,,crude,CRUDE,"[""CRUDE""]",,,,SHORT,100.0,MODEL_ALLOCATION,,DEFAULT_FULL_ALLOCATION,True,[89.8],89.8,92.0,"[87.0, 86.0]",87.0,86.0,False,False,False,True,0.96,False,AUTO_HIGH_CONFIDENCE,RULE_BASED_AND_CURATED,Sell/short instruction.,REDUCE_POSITION uses current holding: new_holding = current_holding * (1 - quantity_percent / 100).,1,1,False,READY_FOR_AUTO_APPLY
638,6a296de4109e0591bbf796ef,6a0d8832835de84db3693580,International Market,GLOBAL_EQUITY,2026-06-10T14:00:04.490Z,2026-06-10T14:00:04.490Z,,Book part profit in AMAT @ 521.50,Book part profit in AMAT @ 521.50,3809628d75714f95,TRADE_ACTION,REDUCE_POSITION,SINGLE_INSTRUMENT,,AMAT,AMAT,"[""AMAT""]",,,,,25.0,CURRENT_HOLDING,0.75,PART_PROFIT_RULE,False,[521.5],521.5,,[],,,False,False,False,True,0.99,False,AUTO_HIGH_CONFIDENCE,RULE_BASED_AND_CURATED,Part/partial profit means sell 25% of current holding.,REDUCE_POSITION uses current holding: new_holding = current_holding * (1 - quantity_percent / 100).,1,1,False,READY_FOR_AUTO_APPLY
639,6a296e16109e0591bbf79703,6a0d8832835de84db3693580,International Market,GLOBAL_EQUITY,2026-06-10T14:00:54.837Z,2026-06-10T14:00:54.837Z,,Book profit in HOOD @ 90.50 (buying was suggested at 73),Book profit in HOOD @ 90.50 (buying was suggested at 73),b43fd296f5f51770,TRADE_ACTION,CLOSE_POSITION,SINGLE_INSTRUMENT,,HOOD,HOOD,"[""HOOD""]",,,,,100.0,CURRENT_HOLDING,0.0,FULL_EXIT_RULE,False,[90.5],90.5,,[],,,False,False,False,True,0.96,False,AUTO_HIGH_CONFIDENCE,RULE_BASED_AND_CURATED,Unqualified 'book profit' closes all remaining holding.,REDUCE_POSITION uses current holding: new_holding = current_holding * (1 - quantity_percent / 100).,1,1,False,READY_FOR_AUTO_APPLY
640,6a296e2c109e0591bbf79717,6a0d8832835de84db3693580,International Market,GLOBAL_EQUITY,2026-06-10T14:01:16.792Z,2026-06-10T14:01:16.792Z,,Book part profit in DELL @ 392,Book part profit in DELL @ 392,aeb0cf35ebdaa2ab,TRADE_ACTION,REDUCE_POSITION,SINGLE_INSTRUMENT,,DELL,DELL,"[""DELL""]",,,,,25.0,CURRENT_HOLDING,0.75,PART_PROFIT_RULE,False,[392.0],392.0,,[],,,False,False,False,True,0.99,False,AUTO_HIGH_CONFIDENCE,RULE_BASED_AND_CURATED,Part/partial profit means sell 25% of current holding.,REDUCE_POSITION uses current holding: new_holding = current_holding * (1 - quantity_percent / 100).,1,1,False,READY_FOR_AUTO_APPLY
641,6a296e67109e0591bbf7975b,6a0d881f835de84db369357c,MCX,INDIA_COMMODITY,2026-06-10T14:02:15.527Z,2026-06-10T14:02:15.527Z,,Sell crude @ 8569 with S/L 8700 for target 8400-8300,Sell crude @ 8569 with S/L 8700 for target 8400-8300,1d4994f04fa3ecc2,TRADE_ACTION,OPEN_SHORT,SINGLE_INSTRUMENT,,crude,CRUDE,"[""CRUDE""]",,,,SHORT,100.0,MODEL_ALLOCATION,,DEFAULT_FULL_ALLOCATION,True,[8569.0],8569.0,8700.0,"[8400.0, 8300.0]",8400.0,8300.0,False,False,False,True,0.96,False,AUTO_HIGH_CONFIDENCE,RULE_BASED_AND_CURATED,Sell/short instruction.,REDUCE_POSITION uses current holding: new_holding = current_holding * (1 - quantity_percent / 100).,1,1,False,READY_FOR_AUTO_APPLY
642,6a296e8a109e0591bbf7979d,6a0d8832835de84db3693580,International Market,GLOBAL_EQUITY,2026-06-10T14:02:50.450Z,2026-06-10T14:02:50.450Z,,Book part profit in SNDK @ 1676,Book part profit in SNDK @ 1676,e33d29bb04deab99,TRADE_ACTION,REDUCE_POSITION,SINGLE_INSTRUMENT,,SNDK,SNDK,"[""SNDK""]",,,,,25.0,CURRENT_HOLDING,0.75,PART_PROFIT_RULE,False,[1676.0],1676.0,,[],,,False,False,False,True,0.99,False,AUTO_HIGH_CONFIDENCE,RULE_BASED_AND_CURATED,Part/partial profit means sell 25% of current holding.,REDUCE_POSITION uses current holding: new_holding = current_holding * (1 - quantity_percent / 100).,1,1,False,READY_FOR_AUTO_APPLY
643,6a297062109e0591bbf798d9,6a0d8832835de84db3693580,International Market,GLOBAL_INDEX_OR_MACRO,2026-06-10T14:10:42.377Z,2026-06-10T14:10:42.377Z,,Book part profit in Nasdaq @ 29100,Book part profit in Nasdaq @ 29100,47da10514d3b13db,TRADE_ACTION,REDUCE_POSITION,SINGLE_INSTRUMENT,,Nasdaq,NASDAQ,"[""NASDAQ""]",,,,,25.0,CURRENT_HOLDING,0.75,PART_PROFIT_RULE,False,[29100.0],29100.0,,[],,,False,False,False,True,0.99,False,AUTO_HIGH_CONFIDENCE,RULE_BASED_AND_CURATED,Part/partial profit means sell 25% of current holding.,REDUCE_POSITION uses current holding: new_holding = current_holding * (1 - quantity_percent / 100).,1,1,False,READY_FOR_AUTO_APPLY
644,6a297893109e0591bbf79a10,6a0d8832835de84db3693580,International Market,GLOBAL_EQUITY,2026-06-10T14:45:39.338Z,2026-06-10T14:45:39.338Z,,Book part profit in MU @ 935,Book part profit in MU @ 935,2f876d6f7745c470,TRADE_ACTION,REDUCE_POSITION,SINGLE_INSTRUMENT,,MU,MU,"[""MU""]",,,,,25.0,CURRENT_HOLDING,0.75,PART_PROFIT_RULE,False,[935.0],935.0,,[],,,False,False,False,True,0.99,False,AUTO_HIGH_CONFIDENCE,RULE_BASED_AND_CURATED,Part/partial profit means sell 25% of current holding.,REDUCE_POSITION uses current holding: new_holding = current_holding * (1 - quantity_percent / 100).,1,1,False,READY_FOR_AUTO_APPLY
645,6a297955109e0591bbf79a7f,6a0d8832835de84db3693580,International Market,GLOBAL_INDEX_OR_MACRO,2026-06-10T14:48:53.927Z,2026-06-10T14:48:53.927Z,,Sell VX @ 19.88 with S/L 21.00 for target 18.50-18.00,Sell VX @ 19.88 with S/L 21.00 for target 18.50-18.00,e46fe35ae43aa88e,TRADE_ACTION,OPEN_SHORT,SINGLE_INSTRUMENT,,VX,VIX,"[""VIX""]",,,,SHORT,100.0,MODEL_ALLOCATION,,DEFAULT_FULL_ALLOCATION,True,[19.88],19.88,21.0,"[18.5, 18.0]",18.5,18.0,False,False,False,True,0.96,False,AUTO_HIGH_CONFIDENCE,RULE_BASED_AND_CURATED,Sell/short instruction.,REDUCE_POSITION uses current holding: new_holding = current_holding * (1 - quantity_percent / 100).,1,1,False,READY_FOR_AUTO_APPLY
646,6a297e4b109e0591bbf79aba,6a0d8832835de84db3693580,International Market,GLOBAL_EQUITY,2026-06-10T15:10:03.257Z,2026-06-10T15:10:03.257Z,,Positional Buy 50% SOXL @ 188 for target 230-260,Positional Buy 50% SOXL @ 188 for target 230-260,332c17b16a630418,TRADE_ACTION,OPEN_LONG,SINGLE_INSTRUMENT,,SOXL,SOXL,"[""SOXL""]",,,,LONG,50.0,MODEL_ALLOCATION,,EXPLICIT_PERCENT,False,[188.0],188.0,,"[230.0, 260.0]",230.0,260.0,False,False,False,True,0.98,False,AUTO_HIGH_CONFIDENCE,RULE_BASED_AND_CURATED,Buy instruction.,REDUCE_POSITION uses current holding: new_holding = current_holding * (1 - quantity_percent / 100).,1,1,False,READY_FOR_AUTO_APPLY
647,6a298886109e0591bbf79bd2,6a0d8832835de84db3693580,International Market,GLOBAL_EQUITY,2026-06-10T15:53:42.700Z,2026-06-10T15:53:42.700Z,,Buy 50% MU @ 894 for target 930-950,Buy 50% MU @ 894 for target 930-950,b140bceb41200643,TRADE_ACTION,OPEN_LONG,SINGLE_INSTRUMENT,,MU,MU,"[""MU""]",,,,LONG,50.0,MODEL_ALLOCATION,,EXPLICIT_PERCENT,False,[894.0],894.0,,"[930.0, 950.0]",930.0,950.0,False,False,False,True,0.98,False,AUTO_HIGH_CONFIDENCE,RULE_BASED_AND_CURATED,Buy instruction.,REDUCE_POSITION uses current holding: new_holding = current_holding * (1 - quantity_percent / 100).,1,1,False,READY_FOR_AUTO_APPLY
648,6a298951109e0591bbf79c50,6a0d8832835de84db3693580,International Market,GLOBAL_EQUITY,2026-06-10T15:57:05.019Z,2026-06-10T15:57:05.019Z,,Buying is suggested in nvda @200 with SL 194 for target 220-240,Buying is suggested in nvda @200 with SL 194 for target 220-240,b9a6cd1809e4775f,TRADE_ACTION,OPEN_LONG,SINGLE_INSTRUMENT,,nvda,NVDA,"[""NVDA""]",,,,LONG,100.0,MODEL_ALLOCATION,,DEFAULT_FULL_ALLOCATION,True,[200.0],200.0,194.0,"[220.0, 240.0]",220.0,240.0,False,False,False,False,0.88,True,REVIEW_REQUIRED,RULE_BASED_AND_CURATED,Recommendation wording; confirm automatic execution policy.,REDUCE_POSITION uses current holding: new_holding = current_holding * (1 - quantity_percent / 100).,1,1,False,MANUAL_OR_CONTEXT_REVIEW
649,6a2a06d3109e0591bbf7a07a,6a0d8832835de84db3693580,International Market,GLOBAL_INDEX_OR_MACRO,2026-06-11T00:52:35.841Z,2026-06-11T00:52:35.841Z,,Sell VX @ 20.78 with S/L 22 for target 18-16,Sell VX @ 20.78 with S/L 22 for target 18-16,c21738c10bcaa7d3,TRADE_ACTION,OPEN_SHORT,SINGLE_INSTRUMENT,,VX,VIX,"[""VIX""]",,,,SHORT,100.0,MODEL_ALLOCATION,,DEFAULT_FULL_ALLOCATION,True,[20.78],20.78,22.0,"[18.0, 16.0]",18.0,16.0,False,False,False,True,0.96,False,AUTO_HIGH_CONFIDENCE,RULE_BASED_AND_CURATED,Sell/short instruction.,REDUCE_POSITION uses current holding: new_holding = current_holding * (1 - quantity_percent / 100).,1,1,False,READY_FOR_AUTO_APPLY
650,6a2a0796109e0591bbf7a094,6a0d8832835de84db3693580,International Market,GLOBAL_COMMODITY,2026-06-11T00:55:50.202Z,2026-06-11T00:55:50.202Z,,Positional buy copper @ 6.21 with S/L 6.00 for target 6.45-6.70,Positional buy copper @ 6.21 with S/L 6.00 for target 6.45-6.70,e61466bbc7e9c6e7,TRADE_ACTION,OPEN_LONG,SINGLE_INSTRUMENT,,copper,COPPER,"[""COPPER""]",,,,LONG,100.0,MODEL_ALLOCATION,,DEFAULT_FULL_ALLOCATION,True,[6.21],6.21,6.0,"[6.45, 6.7]",6.45,6.7,False,False,False,True,0.98,False,AUTO_HIGH_CONFIDENCE,RULE_BASED_AND_CURATED,Buy instruction.,REDUCE_POSITION uses current holding: new_holding = current_holding * (1 - quantity_percent / 100).,1,1,False,READY_FOR_AUTO_APPLY
651,6a2a0954109e0591bbf7a0d5,6a0d8832835de84db3693580,International Market,GLOBAL_COMMODITY,2026-06-11T01:03:16.160Z,2026-06-11T01:03:16.160Z,,Add short position in crude oil at 93.50 with S/L 96.00 for target 85.00-82.00,Add short position in crude oil at 93.50 with S/L 96.00 for target 85.00-82.00,056b056287927240,TRADE_ACTION,ADD_SHORT,SINGLE_INSTRUMENT,,crude oil,CRUDE,"[""CRUDE""]",,,,SHORT,100.0,MODEL_ALLOCATION,,DEFAULT_FULL_ALLOCATION,True,[93.5],93.5,96.0,"[85.0, 82.0]",85.0,82.0,False,False,False,True,0.97,False,AUTO_HIGH_CONFIDENCE,RULE_BASED_AND_CURATED,Explicit additional short entry.,REDUCE_POSITION uses current holding: new_holding = current_holding * (1 - quantity_percent / 100).,1,1,False,READY_FOR_AUTO_APPLY
652,6a2a0996109e0591bbf7a0e2,6a0d8832835de84db3693580,International Market,GLOBAL_EQUITY,2026-06-11T01:04:22.930Z,2026-06-11T01:04:22.930Z,,"NVDA was a buying recommendation yesterday. The bottom is done. By next Friday, we should see Nasdaq significantly higher.","NVDA was a buying recommendation yesterday. The bottom is done. By next Friday, we should see Nasdaq significantly higher.",400848eb69569a9d,NON_TRADE,MARKET_COMMENTARY,NONE,,,,[],,,,,,NONE,,NOT_APPLICABLE,False,[],,,[],,,False,False,False,False,0.95,False,AUTO_HIGH_CONFIDENCE,RULE_BASED_AND_CURATED,Historical recommendation commentary.,REDUCE_POSITION uses current holding: new_holding = current_holding * (1 - quantity_percent / 100).,1,1,False,NON_EXECUTABLE
653,6a2a2f92109e0591bbf7a7b8,6a20c6ae59359ea1faef274f,Indian Indices,INDIA_INDEX,2026-06-11T03:46:26.774Z,2026-06-11T04:01:04.563Z,2026-06-11T04:01:04.563Z,50% BUY NIFTY @23145 SL 23000 CLOSING BASIS POSITIONAL SL 22800 TGT 23350-POSITIONAL TGT 24400,50% BUY NIFTY @23145 SL 23000 CLOSING BASIS POSITIONAL SL 22800 TGT 23350-POSITIONAL TGT 24400,e6ae1ede787d7113,TRADE_ACTION,OPEN_LONG,SINGLE_INSTRUMENT,,NIFTY,NIFTY,"[""NIFTY""]",,,,LONG,50.0,MODEL_ALLOCATION,,EXPLICIT_PERCENT,False,[23145.0],23145.0,23000.0,[23350.0],23350.0,,False,False,False,True,0.98,False,AUTO_HIGH_CONFIDENCE,RULE_BASED_AND_CURATED,Buy instruction.,REDUCE_POSITION uses current holding: new_holding = current_holding * (1 - quantity_percent / 100).,1,1,False,READY_FOR_AUTO_APPLY
654,6a2a2fdd109e0591bbf7a82b,6a0d87fb835de84db3693578,NSE,INDIA_EQUITY,2026-06-11T03:47:41.947Z,2026-06-11T03:47:41.947Z,,BUY UNIONBANK @164 SL 160 TGT 170-172,BUY UNIONBANK @164 SL 160 TGT 170-172,94ca1df48dbc8153,TRADE_ACTION,OPEN_LONG,SINGLE_INSTRUMENT,,UNIONBANK,UNIONBANK,"[""UNIONBANK""]",,,,LONG,100.0,MODEL_ALLOCATION,,DEFAULT_FULL_ALLOCATION,True,[164.0],164.0,160.0,"[170.0, 172.0]",170.0,172.0,False,False,False,True,0.98,False,AUTO_HIGH_CONFIDENCE,RULE_BASED_AND_CURATED,Buy instruction.,REDUCE_POSITION uses current holding: new_holding = current_holding * (1 - quantity_percent / 100).,1,1,False,READY_FOR_AUTO_APPLY
655,6a2a302d109e0591bbf7a88c,6a0d87fb835de84db3693578,NSE,INDIA_EQUITY,2026-06-11T03:49:01.629Z,2026-06-11T03:49:01.629Z,,BUY LT @3892 SL 3800 TGT 4000-4050,BUY LT @3892 SL 3800 TGT 4000-4050,0313876bf7c30d50,TRADE_ACTION,OPEN_LONG,SINGLE_INSTRUMENT,,LT,LT,"[""LT""]",,,,LONG,100.0,MODEL_ALLOCATION,,DEFAULT_FULL_ALLOCATION,True,[3892.0],3892.0,3800.0,"[4000.0, 4050.0]",4000.0,4050.0,False,False,False,True,0.98,False,AUTO_HIGH_CONFIDENCE,RULE_BASED_AND_CURATED,Buy instruction.,REDUCE_POSITION uses current holding: new_holding = current_holding * (1 - quantity_percent / 100).,1,1,False,READY_FOR_AUTO_APPLY
656,6a2a30a7109e0591bbf7a96b,6a0d87fb835de84db3693578,NSE,INDIA_EQUITY,2026-06-11T03:51:03.307Z,2026-06-11T03:51:03.307Z,,BUY ADANIPORTS @1812 SL 1780 TGT 1850-1900,BUY ADANIPORTS @1812 SL 1780 TGT 1850-1900,ab2937358bd3cd41,TRADE_ACTION,OPEN_LONG,SINGLE_INSTRUMENT,,ADANIPORTS,ADANIPORTS,"[""ADANIPORTS""]",,,,LONG,100.0,MODEL_ALLOCATION,,DEFAULT_FULL_ALLOCATION,True,[1812.0],1812.0,1780.0,"[1850.0, 1900.0]",1850.0,1900.0,False,False,False,True,0.98,False,AUTO_HIGH_CONFIDENCE,RULE_BASED_AND_CURATED,Buy instruction.,REDUCE_POSITION uses current holding: new_holding = current_holding * (1 - quantity_percent / 100).,1,1,False,READY_FOR_AUTO_APPLY
657,6a2a3118109e0591bbf7a9c0,6a0d87fb835de84db3693578,NSE,INDIA_EQUITY,2026-06-11T03:52:56.942Z,2026-06-11T03:54:02.336Z,2026-06-11T03:54:02.336Z,DELIVERY: BUY SILVERBEES @219 SL 190 TGT 250-300,DELIVERY: BUY SILVERBEES @219 SL 190 TGT 250-300,206e2df2613fdb8f,TRADE_ACTION,OPEN_LONG,SINGLE_INSTRUMENT,,SILVERBEES,SILVERBEES,"[""SILVERBEES""]",,,,LONG,100.0,MODEL_ALLOCATION,,DEFAULT_FULL_ALLOCATION,True,[219.0],219.0,190.0,"[250.0, 300.0]",250.0,300.0,False,False,False,True,0.98,False,AUTO_HIGH_CONFIDENCE,RULE_BASED_AND_CURATED,Buy instruction.,REDUCE_POSITION uses current holding: new_holding = current_holding * (1 - quantity_percent / 100).,1,1,False,READY_FOR_AUTO_APPLY
658,6a2a3133109e0591bbf7aa1e,6a0d87fb835de84db3693578,NSE,INDIA_EQUITY,2026-06-11T03:53:23.351Z,2026-06-11T03:53:23.351Z,,BUY BEL @408 SL 399 TGT 420-430,BUY BEL @408 SL 399 TGT 420-430,865d038793cd2cf4,TRADE_ACTION,OPEN_LONG,SINGLE_INSTRUMENT,,BEL,BEL,"[""BEL""]",,,,LONG,100.0,MODEL_ALLOCATION,,DEFAULT_FULL_ALLOCATION,True,[408.0],408.0,399.0,"[420.0, 430.0]",420.0,430.0,False,False,False,True,0.98,False,AUTO_HIGH_CONFIDENCE,RULE_BASED_AND_CURATED,Buy instruction.,REDUCE_POSITION uses current holding: new_holding = current_holding * (1 - quantity_percent / 100).,1,1,False,READY_FOR_AUTO_APPLY
659,6a2a31b6109e0591bbf7aab7,6a0d87fb835de84db3693578,NSE,INDIA_EQUITY,2026-06-11T03:55:34.752Z,2026-06-11T03:55:34.752Z,,BUY BHARTIARTL @1779 SL 1770 TGT 1830-1850,BUY BHARTIARTL @1779 SL 1770 TGT 1830-1850,9a533c8d8f0da32a,TRADE_ACTION,OPEN_LONG,SINGLE_INSTRUMENT,,BHARTIARTL,BHARTIARTL,"[""BHARTIARTL""]",,,,LONG,100.0,MODEL_ALLOCATION,,DEFAULT_FULL_ALLOCATION,True,[1779.0],1779.0,1770.0,"[1830.0, 1850.0]",1830.0,1850.0,False,False,False,True,0.98,False,AUTO_HIGH_CONFIDENCE,RULE_BASED_AND_CURATED,Buy instruction.,REDUCE_POSITION uses current holding: new_holding = current_holding * (1 - quantity_percent / 100).,1,1,False,READY_FOR_AUTO_APPLY
660,6a2a320a109e0591bbf7aafa,6a0d87fb835de84db3693578,NSE,INDIA_EQUITY,2026-06-11T03:56:58.539Z,2026-06-11T03:56:58.539Z,,BUY BAJAJAUTO @10086 SL 9900 TGT 10300,BUY BAJAJAUTO @10086 SL 9900 TGT 10300,671197d2048741c8,TRADE_ACTION,OPEN_LONG,SINGLE_INSTRUMENT,,BAJAJAUTO,BAJAJAUTO,"[""BAJAJAUTO""]",,,,LONG,100.0,MODEL_ALLOCATION,,DEFAULT_FULL_ALLOCATION,True,[10086.0],10086.0,9900.0,[10300.0],10300.0,,False,False,False,True,0.98,False,AUTO_HIGH_CONFIDENCE,RULE_BASED_AND_CURATED,Buy instruction.,REDUCE_POSITION uses current holding: new_holding = current_holding * (1 - quantity_percent / 100).,1,1,False,READY_FOR_AUTO_APPLY
661,6a2a3379109e0591bbf7acdb,6a0d87fb835de84db3693578,NSE,INDIA_EQUITY,2026-06-11T04:03:05.939Z,2026-06-11T04:03:05.939Z,,BUY HINDALCO @1038 SL 1010 TGT 1080-1100,BUY HINDALCO @1038 SL 1010 TGT 1080-1100,ab34e8dc7d4a8624,TRADE_ACTION,OPEN_LONG,SINGLE_INSTRUMENT,,HINDALCO,HINDALCO,"[""HINDALCO""]",,,,LONG,100.0,MODEL_ALLOCATION,,DEFAULT_FULL_ALLOCATION,True,[1038.0],1038.0,1010.0,"[1080.0, 1100.0]",1080.0,1100.0,False,False,False,True,0.98,False,AUTO_HIGH_CONFIDENCE,RULE_BASED_AND_CURATED,Buy instruction.,REDUCE_POSITION uses current holding: new_holding = current_holding * (1 - quantity_percent / 100).,1,1,False,READY_FOR_AUTO_APPLY
662,6a2a5407109e0591bbf7afb3,6a20c6ae59359ea1faef274f,Indian Indices,INDIA_INDEX,2026-06-11T06:21:59.312Z,2026-06-11T06:21:59.312Z,,INTRADAY TRADERS PART  PROFIT BOOK IN NIFTY @23295,INTRADAY TRADERS PART PROFIT BOOK IN NIFTY @23295,829a653cb60234db,TRADE_ACTION,REDUCE_POSITION,SINGLE_INSTRUMENT,,NIFTY,NIFTY,"[""NIFTY""]",,,,,25.0,CURRENT_HOLDING,0.75,PART_PROFIT_RULE,False,[23295.0],23295.0,,[],,,False,False,False,True,0.99,False,AUTO_HIGH_CONFIDENCE,RULE_BASED_AND_CURATED,Part/partial profit means sell 25% of current holding.,REDUCE_POSITION uses current holding: new_holding = current_holding * (1 - quantity_percent / 100).,1,1,False,READY_FOR_AUTO_APPLY
663,6a2a569b109e0591bbf7b052,6a20c6ae59359ea1faef274f,Indian Indices,INDIA_INDEX,2026-06-11T06:32:59.638Z,2026-06-11T06:32:59.638Z,,50% SELL BANKNIFTY @55500 SL 56300 TGT 55000-54800,50% SELL BANKNIFTY @55500 SL 56300 TGT 55000-54800,39164829cfa420b4,TRADE_ACTION,OPEN_SHORT,SINGLE_INSTRUMENT,,BANKNIFTY,BANKNIFTY,"[""BANKNIFTY""]",,,,SHORT,50.0,MODEL_ALLOCATION,,EXPLICIT_PERCENT,False,[55500.0],55500.0,56300.0,"[55000.0, 54800.0]",55000.0,54800.0,False,False,False,True,0.97,False,AUTO_HIGH_CONFIDENCE,RULE_BASED_AND_CURATED,Sell with stop/target opens a short allocation.,REDUCE_POSITION uses current holding: new_holding = current_holding * (1 - quantity_percent / 100).,1,1,False,READY_FOR_AUTO_APPLY
664,6a2a6e7b109e0591bbf7b423,6a20c6ae59359ea1faef274f,Indian Indices,INDIA_INDEX,2026-06-11T08:14:51.594Z,2026-06-11T08:14:51.594Z,,INTRADAY 50% PROFIT BOOK IN BANKNIFTY @55270,INTRADAY 50% PROFIT BOOK IN BANKNIFTY @55270,6fabb92cb5cf15c0,TRADE_ACTION,REDUCE_POSITION,SINGLE_INSTRUMENT,,BANKNIFTY,BANKNIFTY,"[""BANKNIFTY""]",,,,,50.0,CURRENT_HOLDING,0.5,EXPLICIT_PERCENT,False,[55270.0],55270.0,,[],,,False,False,False,True,0.99,False,AUTO_HIGH_CONFIDENCE,RULE_BASED_AND_CURATED,Explicit percentage reduction of current holding.,REDUCE_POSITION uses current holding: new_holding = current_holding * (1 - quantity_percent / 100).,1,1,False,READY_FOR_AUTO_APPLY
665,6a2a79af109e0591bbf7b652,6a20c6ae59359ea1faef274f,Indian Indices,INDIA_INDEX,2026-06-11T09:02:39.765Z,2026-06-11T09:02:39.765Z,,Kindly update RP Broadcast app so that newsletter can be accessed through the app.,Kindly update RP Broadcast app so that newsletter can be accessed through the app.,4dc5ebdab6a17216,NON_TRADE,ADMIN_NOTICE,NONE,,,,[],,,,,,NONE,,NOT_APPLICABLE,False,[],,,[],,,False,False,False,False,0.99,False,AUTO_HIGH_CONFIDENCE,RULE_BASED_AND_CURATED,Application notice.,REDUCE_POSITION uses current holding: new_holding = current_holding * (1 - quantity_percent / 100).,4,1,True,NON_EXECUTABLE
666,6a2a79b3109e0591bbf7b663,6a0d8832835de84db3693580,International Market,GLOBAL_EQUITY,2026-06-11T09:02:43.830Z,2026-06-11T09:02:43.830Z,,Kindly update RP Broadcast app so that newsletter can be accessed through the app.,Kindly update RP Broadcast app so that newsletter can be accessed through the app.,4dc5ebdab6a17216,NON_TRADE,ADMIN_NOTICE,NONE,,,,[],,,,,,NONE,,NOT_APPLICABLE,False,[],,,[],,,False,False,False,False,0.99,False,AUTO_HIGH_CONFIDENCE,RULE_BASED_AND_CURATED,Application notice.,REDUCE_POSITION uses current holding: new_holding = current_holding * (1 - quantity_percent / 100).,4,2,True,NON_EXECUTABLE
667,6a2a79b6109e0591bbf7b674,6a0d881f835de84db369357c,MCX,INDIA_COMMODITY,2026-06-11T09:02:46.804Z,2026-06-11T09:02:46.804Z,,Kindly update RP Broadcast app so that newsletter can be accessed through the app.,Kindly update RP Broadcast app so that newsletter can be accessed through the app.,4dc5ebdab6a17216,NON_TRADE,ADMIN_NOTICE,NONE,,,,[],,,,,,NONE,,NOT_APPLICABLE,False,[],,,[],,,False,False,False,False,0.99,False,AUTO_HIGH_CONFIDENCE,RULE_BASED_AND_CURATED,Application notice.,REDUCE_POSITION uses current holding: new_holding = current_holding * (1 - quantity_percent / 100).,4,3,True,NON_EXECUTABLE
668,6a2a79bb109e0591bbf7b697,6a0d87fb835de84db3693578,NSE,INDIA_EQUITY,2026-06-11T09:02:51.245Z,2026-06-11T09:02:51.245Z,,Kindly update RP Broadcast app so that newsletter can be accessed through the app.,Kindly update RP Broadcast app so that newsletter can be accessed through the app.,4dc5ebdab6a17216,NON_TRADE,ADMIN_NOTICE,NONE,,,,[],,,,,,NONE,,NOT_APPLICABLE,False,[],,,[],,,False,False,False,False,0.99,False,AUTO_HIGH_CONFIDENCE,RULE_BASED_AND_CURATED,Application notice.,REDUCE_POSITION uses current holding: new_holding = current_holding * (1 - quantity_percent / 100).,4,4,True,NON_EXECUTABLE
669,6a2a7d62109e0591bbf7bc09,6a20c6ae59359ea1faef274f,Indian Indices,INDIA_INDEX,2026-06-11T09:18:26.739Z,2026-06-11T09:18:26.739Z,,50% BUY NIFTY @23190 SL 23000 TGT 23400-23500,50% BUY NIFTY @23190 SL 23000 TGT 23400-23500,f17f842da76af1c7,TRADE_ACTION,OPEN_LONG,SINGLE_INSTRUMENT,,NIFTY,NIFTY,"[""NIFTY""]",,,,LONG,50.0,MODEL_ALLOCATION,,EXPLICIT_PERCENT,False,[23190.0],23190.0,23000.0,"[23400.0, 23500.0]",23400.0,23500.0,False,False,False,True,0.98,False,AUTO_HIGH_CONFIDENCE,RULE_BASED_AND_CURATED,Buy instruction.,REDUCE_POSITION uses current holding: new_holding = current_holding * (1 - quantity_percent / 100).,1,1,False,READY_FOR_AUTO_APPLY
670,6a2a7edb109e0591bbf7bcb2,6a0d87fb835de84db3693578,NSE,INDIA_EQUITY,2026-06-11T09:24:43.427Z,2026-06-11T09:24:43.427Z,,BUY BANDHANBANK @194.30 SL 190 TGT 200-210,BUY BANDHANBANK @194.30 SL 190 TGT 200-210,9c76ba3d9a993ffc,TRADE_ACTION,OPEN_LONG,SINGLE_INSTRUMENT,,BANDHANBANK,BANDHANBANK,"[""BANDHANBANK""]",,,,LONG,100.0,MODEL_ALLOCATION,,DEFAULT_FULL_ALLOCATION,True,[194.3],194.3,190.0,"[200.0, 210.0]",200.0,210.0,False,False,False,True,0.98,False,AUTO_HIGH_CONFIDENCE,RULE_BASED_AND_CURATED,Buy instruction.,REDUCE_POSITION uses current holding: new_holding = current_holding * (1 - quantity_percent / 100).,1,1,False,READY_FOR_AUTO_APPLY
671,6a2ab907b0b2fbc3f68c20e5,6a0d8832835de84db3693580,International Market,GLOBAL_EQUITY,2026-06-11T13:32:55.712Z,2026-06-11T13:32:55.712Z,,Book 50% profit in SOXL @ 196.50,Book 50% profit in SOXL @ 196.50,63a152b31e4de464,TRADE_ACTION,REDUCE_POSITION,SINGLE_INSTRUMENT,,SOXL,SOXL,"[""SOXL""]",,,,,50.0,CURRENT_HOLDING,0.5,EXPLICIT_PERCENT,False,[196.5],196.5,,[],,,False,False,False,True,0.99,False,AUTO_HIGH_CONFIDENCE,RULE_BASED_AND_CURATED,Explicit percentage reduction of current holding.,REDUCE_POSITION uses current holding: new_holding = current_holding * (1 - quantity_percent / 100).,1,1,False,READY_FOR_AUTO_APPLY
672,6a2ab936b0b2fbc3f68c219a,6a0d8832835de84db3693580,International Market,GLOBAL_EQUITY,2026-06-11T13:33:42.389Z,2026-06-11T13:33:42.389Z,,Book profit in SNDK @ 1717,Book profit in SNDK @ 1717,264f6752d813f3c9,TRADE_ACTION,CLOSE_POSITION,SINGLE_INSTRUMENT,,SNDK,SNDK,"[""SNDK""]",,,,,100.0,CURRENT_HOLDING,0.0,FULL_EXIT_RULE,False,[1717.0],1717.0,,[],,,False,False,False,True,0.96,False,AUTO_HIGH_CONFIDENCE,RULE_BASED_AND_CURATED,Unqualified 'book profit' closes all remaining holding.,REDUCE_POSITION uses current holding: new_holding = current_holding * (1 - quantity_percent / 100).,1,1,False,READY_FOR_AUTO_APPLY
673,6a2ab960b0b2fbc3f68c21b1,6a0d8832835de84db3693580,International Market,GLOBAL_EQUITY,2026-06-11T13:34:24.623Z,2026-06-11T13:34:24.623Z,,Buy 50% ORCL @ 176 for target 200-220,Buy 50% ORCL @ 176 for target 200-220,60f50fe911d51024,TRADE_ACTION,OPEN_LONG,SINGLE_INSTRUMENT,,ORCL,ORCL,"[""ORCL""]",,,,LONG,50.0,MODEL_ALLOCATION,,EXPLICIT_PERCENT,False,[176.0],176.0,,"[200.0, 220.0]",200.0,220.0,False,False,False,True,0.98,False,AUTO_HIGH_CONFIDENCE,RULE_BASED_AND_CURATED,Buy instruction.,REDUCE_POSITION uses current holding: new_holding = current_holding * (1 - quantity_percent / 100).,1,1,False,READY_FOR_AUTO_APPLY
674,6a2ab9a1b0b2fbc3f68c21ee,6a0d8832835de84db3693580,International Market,GLOBAL_EQUITY,2026-06-11T13:35:29.676Z,2026-06-11T13:35:29.676Z,,Buy 50% BE @ 238 for target 260-270,Buy 50% BE @ 238 for target 260-270,6cd2daad4fd0105d,TRADE_ACTION,OPEN_LONG,SINGLE_INSTRUMENT,,BE,BE,"[""BE""]",,,,LONG,50.0,MODEL_ALLOCATION,,EXPLICIT_PERCENT,False,[238.0],238.0,,"[260.0, 270.0]",260.0,270.0,False,False,False,True,0.98,False,AUTO_HIGH_CONFIDENCE,RULE_BASED_AND_CURATED,Buy instruction.,REDUCE_POSITION uses current holding: new_holding = current_holding * (1 - quantity_percent / 100).,1,1,False,READY_FOR_AUTO_APPLY
675,6a2ab9ceb0b2fbc3f68c2264,6a0d8832835de84db3693580,International Market,GLOBAL_EQUITY,2026-06-11T13:36:14.016Z,2026-06-11T13:36:14.016Z,,Book 50% profit in CRDO @ 252,Book 50% profit in CRDO @ 252,9352c545a715ad9a,TRADE_ACTION,REDUCE_POSITION,SINGLE_INSTRUMENT,,CRDO,CRDO,"[""CRDO""]",,,,,50.0,CURRENT_HOLDING,0.5,EXPLICIT_PERCENT,False,[252.0],252.0,,[],,,False,False,False,True,0.99,False,AUTO_HIGH_CONFIDENCE,RULE_BASED_AND_CURATED,Explicit percentage reduction of current holding.,REDUCE_POSITION uses current holding: new_holding = current_holding * (1 - quantity_percent / 100).,1,1,False,READY_FOR_AUTO_APPLY
676,6a2ab9ecb0b2fbc3f68c227b,6a0d8832835de84db3693580,International Market,GLOBAL_EQUITY,2026-06-11T13:36:44.815Z,2026-06-11T13:36:44.815Z,,Buy 50% Dell @ 374 for target 400-420,Buy 50% Dell @ 374 for target 400-420,08d3e049856d2c22,TRADE_ACTION,OPEN_LONG,SINGLE_INSTRUMENT,,Dell,DELL,"[""DELL""]",,,,LONG,50.0,MODEL_ALLOCATION,,EXPLICIT_PERCENT,False,[374.0],374.0,,"[400.0, 420.0]",400.0,420.0,False,False,False,True,0.98,False,AUTO_HIGH_CONFIDENCE,RULE_BASED_AND_CURATED,Buy instruction.,REDUCE_POSITION uses current holding: new_holding = current_holding * (1 - quantity_percent / 100).,1,1,False,READY_FOR_AUTO_APPLY
677,6a2ac1b1b0b2fbc3f68c24f5,6a0d8832835de84db3693580,International Market,GLOBAL_EQUITY,2026-06-11T14:09:53.115Z,2026-06-11T14:09:53.115Z,,Book 50% profit in AMD @ 478,Book 50% profit in AMD @ 478,825e7e799e3f84a4,TRADE_ACTION,REDUCE_POSITION,SINGLE_INSTRUMENT,,AMD,AMD,"[""AMD""]",,,,,50.0,CURRENT_HOLDING,0.5,EXPLICIT_PERCENT,False,[478.0],478.0,,[],,,False,False,False,True,0.99,False,AUTO_HIGH_CONFIDENCE,RULE_BASED_AND_CURATED,Explicit percentage reduction of current holding.,REDUCE_POSITION uses current holding: new_holding = current_holding * (1 - quantity_percent / 100).,1,1,False,READY_FOR_AUTO_APPLY
678,6a2ac1d1b0b2fbc3f68c2569,6a0d8832835de84db3693580,International Market,GLOBAL_EQUITY,2026-06-11T14:10:25.414Z,2026-06-11T14:10:25.414Z,,Buy 50% avgo @377.70 for target 400-420,Buy 50% avgo @377.70 for target 400-420,45e261e2cec67c55,TRADE_ACTION,OPEN_LONG,SINGLE_INSTRUMENT,,avgo,AVGO,"[""AVGO""]",,,,LONG,50.0,MODEL_ALLOCATION,,EXPLICIT_PERCENT,False,[377.7],377.7,,"[400.0, 420.0]",400.0,420.0,False,False,False,True,0.98,False,AUTO_HIGH_CONFIDENCE,RULE_BASED_AND_CURATED,Buy instruction.,REDUCE_POSITION uses current holding: new_holding = current_holding * (1 - quantity_percent / 100).,1,1,False,READY_FOR_AUTO_APPLY
679,6a2ac1f4b0b2fbc3f68c25e8,6a0d8832835de84db3693580,International Market,GLOBAL_EQUITY,2026-06-11T14:11:00.283Z,2026-06-11T14:11:00.283Z,,Day traders book profit in AMAT @533,Day traders book profit in AMAT @533,d551d34b29d178b3,TRADE_ACTION,CLOSE_POSITION,SINGLE_INSTRUMENT,,AMAT,AMAT,"[""AMAT""]",,,,,100.0,CURRENT_HOLDING,0.0,FULL_EXIT_RULE,False,[533.0],533.0,,[],,,False,False,False,True,0.96,False,AUTO_HIGH_CONFIDENCE,RULE_BASED_AND_CURATED,Unqualified 'book profit' closes all remaining holding.,REDUCE_POSITION uses current holding: new_holding = current_holding * (1 - quantity_percent / 100).,1,1,False,READY_FOR_AUTO_APPLY
680,6a2ac23db0b2fbc3f68c2673,6a0d8832835de84db3693580,International Market,GLOBAL_EQUITY,2026-06-11T14:12:13.150Z,2026-06-11T14:12:13.150Z,,Book profit in CRDO @258.60,Book profit in CRDO @258.60,79af4617b31377b0,TRADE_ACTION,CLOSE_POSITION,SINGLE_INSTRUMENT,,CRDO,CRDO,"[""CRDO""]",,,,,100.0,CURRENT_HOLDING,0.0,FULL_EXIT_RULE,False,[258.6],258.6,,[],,,False,False,False,True,0.96,False,AUTO_HIGH_CONFIDENCE,RULE_BASED_AND_CURATED,Unqualified 'book profit' closes all remaining holding.,REDUCE_POSITION uses current holding: new_holding = current_holding * (1 - quantity_percent / 100).,1,1,False,READY_FOR_AUTO_APPLY
681,6a2ac257b0b2fbc3f68c26d6,6a0d8832835de84db3693580,International Market,GLOBAL_EQUITY,2026-06-11T14:12:39.279Z,2026-06-11T14:12:39.279Z,,Buy 50% NBIS @ 211 with SL 199 for target 240,Buy 50% NBIS @ 211 with SL 199 for target 240,1f282afe21a4d945,TRADE_ACTION,OPEN_LONG,SINGLE_INSTRUMENT,,NBIS,NBIS,"[""NBIS""]",,,,LONG,50.0,MODEL_ALLOCATION,,EXPLICIT_PERCENT,False,[211.0],211.0,199.0,[240.0],240.0,,False,False,False,True,0.98,False,AUTO_HIGH_CONFIDENCE,RULE_BASED_AND_CURATED,Buy instruction.,REDUCE_POSITION uses current holding: new_holding = current_holding * (1 - quantity_percent / 100).,1,1,False,READY_FOR_AUTO_APPLY
682,6a2ac2e8b0b2fbc3f68c275d,6a0d8832835de84db3693580,International Market,GLOBAL_EQUITY,2026-06-11T14:15:04.231Z,2026-06-11T14:15:04.231Z,,Buy 50% wdc @499.5 for target 530-560,Buy 50% wdc @499.5 for target 530-560,748cb6aa9f71b293,TRADE_ACTION,OPEN_LONG,SINGLE_INSTRUMENT,,wdc,WDC,"[""WDC""]",,,,LONG,50.0,MODEL_ALLOCATION,,EXPLICIT_PERCENT,False,[499.5],499.5,,"[530.0, 560.0]",530.0,560.0,False,False,False,True,0.98,False,AUTO_HIGH_CONFIDENCE,RULE_BASED_AND_CURATED,Buy instruction.,REDUCE_POSITION uses current holding: new_holding = current_holding * (1 - quantity_percent / 100).,1,1,False,READY_FOR_AUTO_APPLY
683,6a2acea3b0b2fbc3f68c2909,6a0d8832835de84db3693580,International Market,GLOBAL_INDEX_OR_MACRO,2026-06-11T15:05:07.116Z,2026-06-11T15:05:07.116Z,,Buy Nasdaq @ 28650 & 28200 with S/L 27900 for target 29500-30000,Buy Nasdaq @ 28650 & 28200 with S/L 27900 for target 29500-30000,4e935ffdea7dbc55,TRADE_ACTION,OPEN_LONG,SINGLE_INSTRUMENT,,Nasdaq,NASDAQ,"[""NASDAQ""]",,,,LONG,100.0,MODEL_ALLOCATION,,DEFAULT_FULL_ALLOCATION,True,"[28650.0, 28200.0]",28650.0,27900.0,"[29500.0, 30000.0]",29500.0,30000.0,False,False,False,True,0.98,False,AUTO_HIGH_CONFIDENCE,RULE_BASED_AND_CURATED,Buy instruction.,REDUCE_POSITION uses current holding: new_holding = current_holding * (1 - quantity_percent / 100).,1,1,False,READY_FOR_AUTO_APPLY
684,6a2aceecb0b2fbc3f68c2954,6a0d8832835de84db3693580,International Market,GLOBAL_INDEX_OR_MACRO,2026-06-11T15:06:20.234Z,2026-06-11T15:06:20.234Z,,Add long position in S&P 500 @ 7222 with S/L 7180 for target 7500-7600,Add long position in S&P 500 @ 7222 with S/L 7180 for target 7500-7600,1944119ededf4f66,TRADE_ACTION,ADD_LONG,SINGLE_INSTRUMENT,,S&P 500,SP500,"[""SP500""]",,,,LONG,100.0,MODEL_ALLOCATION,,DEFAULT_FULL_ALLOCATION,True,[7222.0],7222.0,7180.0,"[7500.0, 7600.0]",7500.0,7600.0,False,False,False,True,0.97,False,AUTO_HIGH_CONFIDENCE,RULE_BASED_AND_CURATED,Explicit additional long entry.,REDUCE_POSITION uses current holding: new_holding = current_holding * (1 - quantity_percent / 100).,1,1,False,READY_FOR_AUTO_APPLY
685,6a2acf05b0b2fbc3f68c29ea,6a0d8832835de84db3693580,International Market,GLOBAL_EQUITY,2026-06-11T15:06:45.410Z,2026-06-11T15:06:45.410Z,,Buy Dow @ 49600 (when triggered) with S/L 49000 for target 51200-51550,Buy Dow @ 49600 (when triggered) with S/L 49000 for target 51200-51550,0c207965cfbe984d,TRADE_CONTROL,CONDITIONAL_INSTRUCTION,NONE,,,,[],,,,,,NONE,,NOT_APPLICABLE,False,[49600.0],49600.0,49000.0,"[51200.0, 51550.0]",51200.0,51550.0,False,False,True,False,0.88,True,REVIEW_REQUIRED,RULE_BASED_AND_CURATED,Conditional instruction requiring external state.,REDUCE_POSITION uses current holding: new_holding = current_holding * (1 - quantity_percent / 100).,1,1,False,MANUAL_OR_CONTEXT_REVIEW
686,6a2adc8db0b2fbc3f68c2c9d,6a0d8832835de84db3693580,International Market,GLOBAL_INDEX_OR_MACRO,2026-06-11T16:04:29.772Z,2026-06-11T16:04:29.772Z,,50% Profit Book in US 30Y T Bond@ 112,50% Profit Book in US 30Y T Bond @ 112,b41ffdd75f797da8,TRADE_ACTION,REDUCE_POSITION,SINGLE_INSTRUMENT,,US 30Y T Bond,US_30Y_T_BOND,"[""US_30Y_T_BOND""]",,,,,50.0,CURRENT_HOLDING,0.5,EXPLICIT_PERCENT,False,[112.0],112.0,,[],,,False,False,False,True,0.99,False,AUTO_HIGH_CONFIDENCE,RULE_BASED_AND_CURATED,Explicit percentage reduction of current holding.,REDUCE_POSITION uses current holding: new_holding = current_holding * (1 - quantity_percent / 100).,1,1,False,READY_FOR_AUTO_APPLY
687,6a2af195b0b2fbc3f68c2f0d,6a0d8832835de84db3693580,International Market,GLOBAL_EQUITY,2026-06-11T17:34:13.028Z,2026-06-11T17:34:13.028Z,,Book part profit in MU @945,Book part profit in MU @945,a48fcd1939cf8afb,TRADE_ACTION,REDUCE_POSITION,SINGLE_INSTRUMENT,,MU,MU,"[""MU""]",,,,,25.0,CURRENT_HOLDING,0.75,PART_PROFIT_RULE,False,[945.0],945.0,,[],,,False,False,False,True,0.99,False,AUTO_HIGH_CONFIDENCE,RULE_BASED_AND_CURATED,Part/partial profit means sell 25% of current holding.,REDUCE_POSITION uses current holding: new_holding = current_holding * (1 - quantity_percent / 100).,1,1,False,READY_FOR_AUTO_APPLY
688,6a2af21db0b2fbc3f68c2f56,6a0d8832835de84db3693580,International Market,GLOBAL_COMMODITY,2026-06-11T17:36:29.153Z,2026-06-11T17:36:29.153Z,,Book 50% profit in crude @ 86.85,Book 50% profit in crude @ 86.85,24a8977a7190a568,TRADE_ACTION,REDUCE_POSITION,SINGLE_INSTRUMENT,,crude,CRUDE,"[""CRUDE""]",,,,,50.0,CURRENT_HOLDING,0.5,EXPLICIT_PERCENT,False,[86.85],86.85,,[],,,False,False,False,True,0.99,False,AUTO_HIGH_CONFIDENCE,RULE_BASED_AND_CURATED,Explicit percentage reduction of current holding.,REDUCE_POSITION uses current holding: new_holding = current_holding * (1 - quantity_percent / 100).,1,1,False,READY_FOR_AUTO_APPLY
689,6a2af221b0b2fbc3f68c2f89,6a0d881f835de84db369357c,MCX,INDIA_COMMODITY,2026-06-11T17:36:33.526Z,2026-06-11T17:36:33.526Z,,50% Profit Book in crude@8310,50% Profit Book in crude @8310,b8fbc84e53f3a613,TRADE_ACTION,REDUCE_POSITION,SINGLE_INSTRUMENT,,crude,CRUDE,"[""CRUDE""]",,,,,50.0,CURRENT_HOLDING,0.5,EXPLICIT_PERCENT,False,[8310.0],8310.0,,[],,,False,False,False,True,0.99,False,AUTO_HIGH_CONFIDENCE,RULE_BASED_AND_CURATED,Explicit percentage reduction of current holding.,REDUCE_POSITION uses current holding: new_holding = current_holding * (1 - quantity_percent / 100).,1,1,False,READY_FOR_AUTO_APPLY
690,6a2af235b0b2fbc3f68c2fed,6a0d881f835de84db369357c,MCX,INDIA_COMMODITY,2026-06-11T17:36:53.838Z,2026-06-11T17:36:53.838Z,,BOOK 50% profit in copper @1324,BOOK 50% profit in copper @1324,373b16877674956a,TRADE_ACTION,REDUCE_POSITION,SINGLE_INSTRUMENT,,copper,COPPER,"[""COPPER""]",,,,,50.0,CURRENT_HOLDING,0.5,EXPLICIT_PERCENT,False,[1324.0],1324.0,,[],,,False,False,False,True,0.99,False,AUTO_HIGH_CONFIDENCE,RULE_BASED_AND_CURATED,Explicit percentage reduction of current holding.,REDUCE_POSITION uses current holding: new_holding = current_holding * (1 - quantity_percent / 100).,1,1,False,READY_FOR_AUTO_APPLY
691,6a2af272b0b2fbc3f68c3047,6a0d8832835de84db3693580,International Market,GLOBAL_COMMODITY,2026-06-11T17:37:54.315Z,2026-06-11T17:37:54.315Z,,Book part profit in copper @ 6.36,Book part profit in copper @ 6.36,7204eb7e76567eda,TRADE_ACTION,REDUCE_POSITION,SINGLE_INSTRUMENT,,copper,COPPER,"[""COPPER""]",,,,,25.0,CURRENT_HOLDING,0.75,PART_PROFIT_RULE,False,[6.36],6.36,,[],,,False,False,False,True,0.99,False,AUTO_HIGH_CONFIDENCE,RULE_BASED_AND_CURATED,Part/partial profit means sell 25% of current holding.,REDUCE_POSITION uses current holding: new_holding = current_holding * (1 - quantity_percent / 100).,1,1,False,READY_FOR_AUTO_APPLY
692,6a2af28fb0b2fbc3f68c306e,6a0d8832835de84db3693580,International Market,GLOBAL_INDEX_OR_MACRO,2026-06-11T17:38:23.921Z,2026-06-11T17:38:23.921Z,,Book 50% profit in s&p500 @7348,Book 50% profit in s&p500 @7348,e25a087d788f3a9b,TRADE_ACTION,REDUCE_POSITION,SINGLE_INSTRUMENT,,s&p500,SP500,"[""SP500""]",,,,,50.0,CURRENT_HOLDING,0.5,EXPLICIT_PERCENT,False,[7348.0],7348.0,,[],,,False,False,False,True,0.99,False,AUTO_HIGH_CONFIDENCE,RULE_BASED_AND_CURATED,Explicit percentage reduction of current holding.,REDUCE_POSITION uses current holding: new_holding = current_holding * (1 - quantity_percent / 100).,1,1,False,READY_FOR_AUTO_APPLY
693,6a2af2c3b0b2fbc3f68c3082,6a0d8832835de84db3693580,International Market,GLOBAL_INDEX_OR_MACRO,2026-06-11T17:39:15.472Z,2026-06-11T17:39:15.472Z,,Book 50% profit in nasdaq @29136,Book 50% profit in nasdaq @29136,2705611ae7c2acfe,TRADE_ACTION,REDUCE_POSITION,SINGLE_INSTRUMENT,,nasdaq,NASDAQ,"[""NASDAQ""]",,,,,50.0,CURRENT_HOLDING,0.5,EXPLICIT_PERCENT,False,[29136.0],29136.0,,[],,,False,False,False,True,0.99,False,AUTO_HIGH_CONFIDENCE,RULE_BASED_AND_CURATED,Explicit percentage reduction of current holding.,REDUCE_POSITION uses current holding: new_holding = current_holding * (1 - quantity_percent / 100).,1,1,False,READY_FOR_AUTO_APPLY
694,6a2af2ccb0b2fbc3f68c30c2,6a0d8832835de84db3693580,International Market,GLOBAL_INDEX_OR_MACRO,2026-06-11T17:39:24.747Z,2026-06-11T17:39:24.747Z,,Book profit in Russell @2902,Book profit in Russell @2902,58050174dbc88fc9,TRADE_ACTION,CLOSE_POSITION,SINGLE_INSTRUMENT,,Russell,RUSSELL,"[""RUSSELL""]",,,,,100.0,CURRENT_HOLDING,0.0,FULL_EXIT_RULE,False,[2902.0],2902.0,,[],,,False,False,False,True,0.96,False,AUTO_HIGH_CONFIDENCE,RULE_BASED_AND_CURATED,Unqualified 'book profit' closes all remaining holding.,REDUCE_POSITION uses current holding: new_holding = current_holding * (1 - quantity_percent / 100).,1,1,False,READY_FOR_AUTO_APPLY
695,6a2af313b0b2fbc3f68c30e2,6a0d8832835de84db3693580,International Market,GLOBAL_EQUITY,2026-06-11T17:40:35.545Z,2026-06-11T17:40:35.545Z,,Book 50% profit in aapl @296.50,Book 50% profit in aapl @296.50,29efd2256d611b7e,TRADE_ACTION,REDUCE_POSITION,SINGLE_INSTRUMENT,,aapl,AAPL,"[""AAPL""]",,,,,50.0,CURRENT_HOLDING,0.5,EXPLICIT_PERCENT,False,[296.5],296.5,,[],,,False,False,False,True,0.99,False,AUTO_HIGH_CONFIDENCE,RULE_BASED_AND_CURATED,Explicit percentage reduction of current holding.,REDUCE_POSITION uses current holding: new_holding = current_holding * (1 - quantity_percent / 100).,1,1,False,READY_FOR_AUTO_APPLY
696,6a2af36ab0b2fbc3f68c3126,6a0d8832835de84db3693580,International Market,GLOBAL_EQUITY,2026-06-11T17:42:02.361Z,2026-06-11T17:42:02.361Z,,Book 50% profit in dell @386.50,Book 50% profit in dell @386.50,a5fa02338bb9a5cb,TRADE_ACTION,REDUCE_POSITION,SINGLE_INSTRUMENT,,dell,DELL,"[""DELL""]",,,,,50.0,CURRENT_HOLDING,0.5,EXPLICIT_PERCENT,False,[386.5],386.5,,[],,,False,False,False,True,0.99,False,AUTO_HIGH_CONFIDENCE,RULE_BASED_AND_CURATED,Explicit percentage reduction of current holding.,REDUCE_POSITION uses current holding: new_holding = current_holding * (1 - quantity_percent / 100).,1,1,False,READY_FOR_AUTO_APPLY
697,6a2af3aab0b2fbc3f68c3161,6a0d8832835de84db3693580,International Market,GLOBAL_EQUITY,2026-06-11T17:43:06.959Z,2026-06-11T17:43:06.959Z,,Book 50% profit in BE @ 248,Book 50% profit in BE @ 248,41820e908372360b,TRADE_ACTION,REDUCE_POSITION,SINGLE_INSTRUMENT,,BE,BE,"[""BE""]",,,,,50.0,CURRENT_HOLDING,0.5,EXPLICIT_PERCENT,False,[248.0],248.0,,[],,,False,False,False,True,0.99,False,AUTO_HIGH_CONFIDENCE,RULE_BASED_AND_CURATED,Explicit percentage reduction of current holding.,REDUCE_POSITION uses current holding: new_holding = current_holding * (1 - quantity_percent / 100).,1,1,False,READY_FOR_AUTO_APPLY
698,6a2af3ceb0b2fbc3f68c3199,6a0d8832835de84db3693580,International Market,GLOBAL_EQUITY,2026-06-11T17:43:42.223Z,2026-06-11T17:43:42.223Z,,Book 50% profit in wdc @514.50,Book 50% profit in wdc @514.50,5f6fdd5aab281e27,TRADE_ACTION,REDUCE_POSITION,SINGLE_INSTRUMENT,,wdc,WDC,"[""WDC""]",,,,,50.0,CURRENT_HOLDING,0.5,EXPLICIT_PERCENT,False,[514.5],514.5,,[],,,False,False,False,True,0.99,False,AUTO_HIGH_CONFIDENCE,RULE_BASED_AND_CURATED,Explicit percentage reduction of current holding.,REDUCE_POSITION uses current holding: new_holding = current_holding * (1 - quantity_percent / 100).,1,1,False,READY_FOR_AUTO_APPLY
699,6a2af42fb0b2fbc3f68c31b4,6a0d8832835de84db3693580,International Market,GLOBAL_COMMODITY,2026-06-11T17:45:19.197Z,2026-06-11T17:45:19.197Z,,Day traders book full profit in ng @ 214.22,Day traders book full profit in ng @ 214.22,23526fdf589ab8b0,TRADE_ACTION,CLOSE_POSITION,SINGLE_INSTRUMENT,,ng,NATURAL_GAS,"[""NATURAL_GAS""]",,,,,100.0,CURRENT_HOLDING,0.0,FULL_EXIT_RULE,False,[214.22],214.22,,[],,,False,False,False,True,0.99,False,AUTO_HIGH_CONFIDENCE,RULE_BASED_AND_CURATED,Explicit full exit.,REDUCE_POSITION uses current holding: new_holding = current_holding * (1 - quantity_percent / 100).,1,1,False,READY_FOR_AUTO_APPLY
700,6a2af905b0b2fbc3f68c3292,6a0d8832835de84db3693580,International Market,GLOBAL_INDEX_OR_MACRO,2026-06-11T18:05:57.784Z,2026-06-11T18:05:57.784Z,,Book 50% profit in VX @ 19.63,Book 50% profit in VX @ 19.63,8d8d90e5dab912ae,TRADE_ACTION,REDUCE_POSITION,SINGLE_INSTRUMENT,,VX,VIX,"[""VIX""]",,,,,50.0,CURRENT_HOLDING,0.5,EXPLICIT_PERCENT,False,[19.63],19.63,,[],,,False,False,False,True,0.99,False,AUTO_HIGH_CONFIDENCE,RULE_BASED_AND_CURATED,Explicit percentage reduction of current holding.,REDUCE_POSITION uses current holding: new_holding = current_holding * (1 - quantity_percent / 100).,1,1,False,READY_FOR_AUTO_APPLY
701,6a2b0f0ab0b2fbc3f68c3477,6a0d8832835de84db3693580,International Market,GLOBAL_EQUITY,2026-06-11T19:39:54.117Z,2026-06-11T19:39:54.117Z,,50% Profit Book in AVGO@ 387,50% Profit Book in AVGO @ 387,89097bec151c8995,TRADE_ACTION,REDUCE_POSITION,SINGLE_INSTRUMENT,,AVGO,AVGO,"[""AVGO""]",,,,,50.0,CURRENT_HOLDING,0.5,EXPLICIT_PERCENT,False,[387.0],387.0,,[],,,False,False,False,True,0.99,False,AUTO_HIGH_CONFIDENCE,RULE_BASED_AND_CURATED,Explicit percentage reduction of current holding.,REDUCE_POSITION uses current holding: new_holding = current_holding * (1 - quantity_percent / 100).,1,1,False,READY_FOR_AUTO_APPLY
702,6a2b5379b0b2fbc3f68c35e1,6a0d8832835de84db3693580,International Market,GLOBAL_COMMODITY,2026-06-12T00:31:53.436Z,2026-06-12T00:31:53.436Z,,Buy crude @86.30 with SL 85.00 for target 89.00-90.00,Buy crude @86.30 with SL 85.00 for target 89.00-90.00,5e50f8d1f5c49d9f,TRADE_ACTION,OPEN_LONG,SINGLE_INSTRUMENT,,crude,CRUDE,"[""CRUDE""]",,,,LONG,100.0,MODEL_ALLOCATION,,DEFAULT_FULL_ALLOCATION,True,[86.3],86.3,85.0,"[89.0, 90.0]",89.0,90.0,False,False,False,True,0.98,False,AUTO_HIGH_CONFIDENCE,RULE_BASED_AND_CURATED,Buy instruction.,REDUCE_POSITION uses current holding: new_holding = current_holding * (1 - quantity_percent / 100).,1,1,False,READY_FOR_AUTO_APPLY
703,6a2b7ddbb0b2fbc3f68c3a92,6a0d881f835de84db369357c,MCX,INDIA_COMMODITY,2026-06-12T03:32:43.505Z,2026-06-12T03:32:43.505Z,,FULL PROFIT BOOK IN COPPER @1336,FULL PROFIT BOOK IN COPPER @1336,334145e073061d5c,TRADE_ACTION,CLOSE_POSITION,SINGLE_INSTRUMENT,,COPPER,COPPER,"[""COPPER""]",,,,,100.0,CURRENT_HOLDING,0.0,FULL_EXIT_RULE,False,[1336.0],1336.0,,[],,,False,False,False,True,0.99,False,AUTO_HIGH_CONFIDENCE,RULE_BASED_AND_CURATED,Explicit full exit.,REDUCE_POSITION uses current holding: new_holding = current_holding * (1 - quantity_percent / 100).,1,1,False,READY_FOR_AUTO_APPLY
704,6a2b7e03b0b2fbc3f68c3acd,6a0d881f835de84db369357c,MCX,INDIA_COMMODITY,2026-06-12T03:33:23.907Z,2026-06-12T03:33:23.907Z,,BUY NG @293.50 SL 287 TGT 300-310,BUY NG @293.50 SL 287 TGT 300-310,4eab12ff9c6395c0,TRADE_ACTION,OPEN_LONG,SINGLE_INSTRUMENT,,NG,NATURAL_GAS,"[""NATURAL_GAS""]",,,,LONG,100.0,MODEL_ALLOCATION,,DEFAULT_FULL_ALLOCATION,True,[293.5],293.5,287.0,"[300.0, 310.0]",300.0,310.0,False,False,False,True,0.98,False,AUTO_HIGH_CONFIDENCE,RULE_BASED_AND_CURATED,Buy instruction.,REDUCE_POSITION uses current holding: new_holding = current_holding * (1 - quantity_percent / 100).,1,1,False,READY_FOR_AUTO_APPLY
705,6a2b7e29b0b2fbc3f68c3af0,6a0d881f835de84db369357c,MCX,INDIA_COMMODITY,2026-06-12T03:34:01.597Z,2026-06-12T03:34:01.597Z,,BUY ALUMINI @376.60 SL 375 TGT 382-385,BUY ALUMINI @376.60 SL 375 TGT 382-385,ada6b37d496f5413,TRADE_ACTION,OPEN_LONG,SINGLE_INSTRUMENT,,ALUMINI,ALUMINIUM,"[""ALUMINIUM""]",,,,LONG,100.0,MODEL_ALLOCATION,,DEFAULT_FULL_ALLOCATION,True,[376.6],376.6,375.0,"[382.0, 385.0]",382.0,385.0,False,False,False,True,0.98,False,AUTO_HIGH_CONFIDENCE,RULE_BASED_AND_CURATED,Buy instruction.,REDUCE_POSITION uses current holding: new_holding = current_holding * (1 - quantity_percent / 100).,1,1,False,READY_FOR_AUTO_APPLY
706,6a2b7e8fb0b2fbc3f68c3b04,6a0d881f835de84db369357c,MCX,INDIA_COMMODITY,2026-06-12T03:35:43.025Z,2026-06-12T03:35:53.843Z,2026-06-12T03:35:53.842Z,HOLD CRUDE MINI WITH SL 8140,HOLD CRUDE MINI WITH SL 8140,05d4e72247032767,TRADE_UPDATE,UPDATE_STOP_LOSS,SINGLE_INSTRUMENT,,CRUDE MINI,CRUDE_MINI,"[""CRUDE_MINI""]",,,,,,NONE,,NOT_APPLICABLE,False,[],,8140.0,[],,,False,False,False,True,0.99,False,AUTO_HIGH_CONFIDENCE,RULE_BASED_AND_CURATED,Hold and update stop loss.,REDUCE_POSITION uses current holding: new_holding = current_holding * (1 - quantity_percent / 100).,1,1,False,READY_FOR_AUTO_APPLY
707,6a2b80f2b0b2fbc3f68c3c0d,6a0d87fb835de84db3693578,NSE,INDIA_EQUITY,2026-06-12T03:45:54.781Z,2026-06-12T03:45:54.781Z,,50% PROFIT BOOK IN UNIONBANK @168,50% PROFIT BOOK IN UNIONBANK @168,46c4813b1f56963e,TRADE_ACTION,REDUCE_POSITION,SINGLE_INSTRUMENT,,UNIONBANK,UNIONBANK,"[""UNIONBANK""]",,,,,50.0,CURRENT_HOLDING,0.5,EXPLICIT_PERCENT,False,[168.0],168.0,,[],,,False,False,False,True,0.99,False,AUTO_HIGH_CONFIDENCE,RULE_BASED_AND_CURATED,Explicit percentage reduction of current holding.,REDUCE_POSITION uses current holding: new_holding = current_holding * (1 - quantity_percent / 100).,1,1,False,READY_FOR_AUTO_APPLY
708,6a2b8101b0b2fbc3f68c3c1e,6a20c6ae59359ea1faef274f,Indian Indices,INDIA_INDEX,2026-06-12T03:46:09.150Z,2026-06-12T03:46:09.150Z,,50% PROFIT BOOK IN NIFTY @23430,50% PROFIT BOOK IN NIFTY @23430,7a2165ae07bb861d,TRADE_ACTION,REDUCE_POSITION,SINGLE_INSTRUMENT,,NIFTY,NIFTY,"[""NIFTY""]",,,,,50.0,CURRENT_HOLDING,0.5,EXPLICIT_PERCENT,False,[23430.0],23430.0,,[],,,False,False,False,True,0.99,False,AUTO_HIGH_CONFIDENCE,RULE_BASED_AND_CURATED,Explicit percentage reduction of current holding.,REDUCE_POSITION uses current holding: new_holding = current_holding * (1 - quantity_percent / 100).,2,2,True,READY_FOR_AUTO_APPLY
709,6a2b8118b0b2fbc3f68c3c32,6a20c6ae59359ea1faef274f,Indian Indices,INDIA_INDEX,2026-06-12T03:46:32.331Z,2026-06-12T03:46:32.331Z,,50% SELL BANKNIFTY @56000 SL 56600 TGT 55600-55200,50% SELL BANKNIFTY @56000 SL 56600 TGT 55600-55200,3136a4eb82e5dabb,TRADE_ACTION,OPEN_SHORT,SINGLE_INSTRUMENT,,BANKNIFTY,BANKNIFTY,"[""BANKNIFTY""]",,,,SHORT,50.0,MODEL_ALLOCATION,,EXPLICIT_PERCENT,False,[56000.0],56000.0,56600.0,"[55600.0, 55200.0]",55600.0,55200.0,False,False,False,True,0.97,False,AUTO_HIGH_CONFIDENCE,RULE_BASED_AND_CURATED,Sell with stop/target opens a short allocation.,REDUCE_POSITION uses current holding: new_holding = current_holding * (1 - quantity_percent / 100).,1,1,False,READY_FOR_AUTO_APPLY
710,6a2b8130b0b2fbc3f68c3c6f,6a0d87fb835de84db3693578,NSE,INDIA_EQUITY,2026-06-12T03:46:56.675Z,2026-06-12T03:46:56.675Z,,50% PROFIT BOOK IN BANDHANBANK @198,50% PROFIT BOOK IN BANDHANBANK @198,4de55f856511de4b,TRADE_ACTION,REDUCE_POSITION,SINGLE_INSTRUMENT,,BANDHANBANK,BANDHANBANK,"[""BANDHANBANK""]",,,,,50.0,CURRENT_HOLDING,0.5,EXPLICIT_PERCENT,False,[198.0],198.0,,[],,,False,False,False,True,0.99,False,AUTO_HIGH_CONFIDENCE,RULE_BASED_AND_CURATED,Explicit percentage reduction of current holding.,REDUCE_POSITION uses current holding: new_holding = current_holding * (1 - quantity_percent / 100).,1,1,False,READY_FOR_AUTO_APPLY
711,6a2b8149b0b2fbc3f68c3c7c,6a0d87fb835de84db3693578,NSE,INDIA_EQUITY,2026-06-12T03:47:21.696Z,2026-06-12T03:47:33.462Z,2026-06-12T03:47:33.462Z,50% PROFIT BOOK IN SBIN @1015,50% PROFIT BOOK IN SBIN @1015,db50f5d668f0072f,TRADE_ACTION,REDUCE_POSITION,SINGLE_INSTRUMENT,,SBIN,SBIN,"[""SBIN""]",,,,,50.0,CURRENT_HOLDING,0.5,EXPLICIT_PERCENT,False,[1015.0],1015.0,,[],,,False,False,False,True,0.99,False,AUTO_HIGH_CONFIDENCE,RULE_BASED_AND_CURATED,Explicit percentage reduction of current holding.,REDUCE_POSITION uses current holding: new_holding = current_holding * (1 - quantity_percent / 100).,1,1,False,READY_FOR_AUTO_APPLY
712,6a2b8168b0b2fbc3f68c3cb6,6a0d87fb835de84db3693578,NSE,INDIA_EQUITY,2026-06-12T03:47:52.972Z,2026-06-12T03:47:52.972Z,,BUY MANNAPURUM @302 SL 298 TGT 310-320,BUY MANNAPURUM @302 SL 298 TGT 310-320,a05a0a7dad628517,TRADE_ACTION,OPEN_LONG,SINGLE_INSTRUMENT,,MANNAPURUM,MANNAPURUM,"[""MANNAPURUM""]",,,,LONG,100.0,MODEL_ALLOCATION,,DEFAULT_FULL_ALLOCATION,True,[302.0],302.0,298.0,"[310.0, 320.0]",310.0,320.0,False,False,False,True,0.98,False,AUTO_HIGH_CONFIDENCE,RULE_BASED_AND_CURATED,Buy instruction.,REDUCE_POSITION uses current holding: new_holding = current_holding * (1 - quantity_percent / 100).,1,1,False,READY_FOR_AUTO_APPLY
713,6a2b8180b0b2fbc3f68c3cca,6a0d87fb835de84db3693578,NSE,INDIA_EQUITY,2026-06-12T03:48:16.250Z,2026-06-12T03:48:16.250Z,,50% PROFIT BOOK IN BHARTIARTL @1810,50% PROFIT BOOK IN BHARTIARTL @1810,96d397d34b6648e2,TRADE_ACTION,REDUCE_POSITION,SINGLE_INSTRUMENT,,BHARTIARTL,BHARTIARTL,"[""BHARTIARTL""]",,,,,50.0,CURRENT_HOLDING,0.5,EXPLICIT_PERCENT,False,[1810.0],1810.0,,[],,,False,False,False,True,0.99,False,AUTO_HIGH_CONFIDENCE,RULE_BASED_AND_CURATED,Explicit percentage reduction of current holding.,REDUCE_POSITION uses current holding: new_holding = current_holding * (1 - quantity_percent / 100).,1,1,False,READY_FOR_AUTO_APPLY
714,6a2b8195b0b2fbc3f68c3cde,6a0d87fb835de84db3693578,NSE,INDIA_EQUITY,2026-06-12T03:48:37.088Z,2026-06-12T03:48:37.088Z,,50% PROFIT BOOK IN BAJAJAUTO @10210,50% PROFIT BOOK IN BAJAJAUTO @10210,7b00c08da2b48f39,TRADE_ACTION,REDUCE_POSITION,SINGLE_INSTRUMENT,,BAJAJAUTO,BAJAJAUTO,"[""BAJAJAUTO""]",,,,,50.0,CURRENT_HOLDING,0.5,EXPLICIT_PERCENT,False,[10210.0],10210.0,,[],,,False,False,False,True,0.99,False,AUTO_HIGH_CONFIDENCE,RULE_BASED_AND_CURATED,Explicit percentage reduction of current holding.,REDUCE_POSITION uses current holding: new_holding = current_holding * (1 - quantity_percent / 100).,1,1,False,READY_FOR_AUTO_APPLY
715,6a2b81b9b0b2fbc3f68c3d35,6a0d87fb835de84db3693578,NSE,INDIA_EQUITY,2026-06-12T03:49:13.999Z,2026-06-12T03:49:13.999Z,,50% PROFIT BOOK IN LT @4007,50% PROFIT BOOK IN LT @4007,80e6dfd98c223682,TRADE_ACTION,REDUCE_POSITION,SINGLE_INSTRUMENT,,LT,LT,"[""LT""]",,,,,50.0,CURRENT_HOLDING,0.5,EXPLICIT_PERCENT,False,[4007.0],4007.0,,[],,,False,False,False,True,0.99,False,AUTO_HIGH_CONFIDENCE,RULE_BASED_AND_CURATED,Explicit percentage reduction of current holding.,REDUCE_POSITION uses current holding: new_holding = current_holding * (1 - quantity_percent / 100).,1,1,False,READY_FOR_AUTO_APPLY
716,6a2b81efb0b2fbc3f68c3d4b,6a0d87fb835de84db3693578,NSE,INDIA_EQUITY,2026-06-12T03:50:07.348Z,2026-06-12T03:50:07.348Z,,50% PROFIT BOOK IN HDFCBANK @747,50% PROFIT BOOK IN HDFCBANK @747,923e712b103e1e82,TRADE_ACTION,REDUCE_POSITION,SINGLE_INSTRUMENT,,HDFCBANK,HDFCBANK,"[""HDFCBANK""]",,,,,50.0,CURRENT_HOLDING,0.5,EXPLICIT_PERCENT,False,[747.0],747.0,,[],,,False,False,False,True,0.99,False,AUTO_HIGH_CONFIDENCE,RULE_BASED_AND_CURATED,Explicit percentage reduction of current holding.,REDUCE_POSITION uses current holding: new_holding = current_holding * (1 - quantity_percent / 100).,1,1,False,READY_FOR_AUTO_APPLY
717,6a2b8213b0b2fbc3f68c3dc4,6a0d87fb835de84db3693578,NSE,INDIA_EQUITY,2026-06-12T03:50:43.235Z,2026-06-12T03:50:43.235Z,,BUY TATASTEEL @197 SL 194 TGT 205-210,BUY TATASTEEL @197 SL 194 TGT 205-210,37ff568a5106ff18,TRADE_ACTION,OPEN_LONG,SINGLE_INSTRUMENT,,TATASTEEL,TATASTEEL,"[""TATASTEEL""]",,,,LONG,100.0,MODEL_ALLOCATION,,DEFAULT_FULL_ALLOCATION,True,[197.0],197.0,194.0,"[205.0, 210.0]",205.0,210.0,False,False,False,True,0.98,False,AUTO_HIGH_CONFIDENCE,RULE_BASED_AND_CURATED,Buy instruction.,REDUCE_POSITION uses current holding: new_holding = current_holding * (1 - quantity_percent / 100).,1,1,False,READY_FOR_AUTO_APPLY
718,6a2b82d1b0b2fbc3f68c3e83,6a0d87fb835de84db3693578,NSE,INDIA_EQUITY,2026-06-12T03:53:53.388Z,2026-06-12T03:53:53.388Z,,SELL SBIN @1014.50 SL 1022  TGT 1005-993,SELL SBIN @1014.50 SL 1022 TGT 1005-993,b211799d0932790a,TRADE_ACTION,OPEN_SHORT,SINGLE_INSTRUMENT,,SBIN,SBIN,"[""SBIN""]",,,,SHORT,100.0,MODEL_ALLOCATION,,DEFAULT_FULL_ALLOCATION,True,[1014.5],1014.5,1022.0,"[1005.0, 993.0]",1005.0,993.0,False,False,False,True,0.96,False,AUTO_HIGH_CONFIDENCE,RULE_BASED_AND_CURATED,Sell/short instruction.,REDUCE_POSITION uses current holding: new_holding = current_holding * (1 - quantity_percent / 100).,1,1,False,READY_FOR_AUTO_APPLY
719,6a2b8a2ab0b2fbc3f68c4082,6a0d881f835de84db369357c,MCX,INDIA_COMMODITY,2026-06-12T04:25:14.295Z,2026-06-12T04:25:14.295Z,,Positional traders are suggested to long gold and silver in 2-3 instalments. Target for gold would be 158000-160000 and silver would be 260000-270000,Positional traders are suggested to long gold and silver in 2-3 instalments. Target for gold would be 158000-160000 and silver would be 260000-270000,171d26139b52fdb1,TRADE_UPDATE,MARKET_COMMENTARY,MULTI_INSTRUMENT,,,,"[""GOLD"", ""SILVER""]",,,,,,NONE,,NOT_APPLICABLE,False,[],,,[],,,False,True,True,False,0.7,True,REVIEW_REQUIRED,RULE_BASED_AND_CURATED,General long recommendation/commentary. Multiple instruments must be split into separate events.,REDUCE_POSITION uses current holding: new_holding = current_holding * (1 - quantity_percent / 100).,1,1,False,MANUAL_OR_CONTEXT_REVIEW
720,6a2b8bcbb0b2fbc3f68c41d8,6a0d87fb835de84db3693578,NSE,INDIA_EQUITY,2026-06-12T04:32:11.390Z,2026-06-12T04:32:11.390Z,,BUY HINDPETRO @381 SL 374 TGT 400,BUY HINDPETRO @381 SL 374 TGT 400,e89f196b6784e663,TRADE_ACTION,OPEN_LONG,SINGLE_INSTRUMENT,,HINDPETRO,HINDPETRO,"[""HINDPETRO""]",,,,LONG,100.0,MODEL_ALLOCATION,,DEFAULT_FULL_ALLOCATION,True,[381.0],381.0,374.0,[400.0],400.0,,False,False,False,True,0.98,False,AUTO_HIGH_CONFIDENCE,RULE_BASED_AND_CURATED,Buy instruction.,REDUCE_POSITION uses current holding: new_holding = current_holding * (1 - quantity_percent / 100).,1,1,False,READY_FOR_AUTO_APPLY
721,6a2b8d54b0b2fbc3f68c42bb,6a20c6ae59359ea1faef274f,Indian Indices,INDIA_INDEX,2026-06-12T04:38:44.177Z,2026-06-12T04:38:44.177Z,,50% PROFIT BOOK IN BANKNIFTY @55850,50% PROFIT BOOK IN BANKNIFTY @55850,1c7349e9eede82c7,TRADE_ACTION,REDUCE_POSITION,SINGLE_INSTRUMENT,,BANKNIFTY,BANKNIFTY,"[""BANKNIFTY""]",,,,,50.0,CURRENT_HOLDING,0.5,EXPLICIT_PERCENT,False,[55850.0],55850.0,,[],,,False,False,False,True,0.99,False,AUTO_HIGH_CONFIDENCE,RULE_BASED_AND_CURATED,Explicit percentage reduction of current holding.,REDUCE_POSITION uses current holding: new_holding = current_holding * (1 - quantity_percent / 100).,1,1,False,READY_FOR_AUTO_APPLY
722,6a2b8ef1b0b2fbc3f68c437f,6a0d87fb835de84db3693578,NSE,INDIA_EQUITY,2026-06-12T04:45:37.565Z,2026-06-12T04:45:37.565Z,,POSITIONAL TRADERS BUY 50% NIFTY (STRIKE 23500/JUNE) CE @238 SL 120 TGT 500-700,POSITIONAL TRADERS BUY 50% NIFTY (STRIKE 23500/JUNE) CE @238 SL 120 TGT 500-700,c4b942768b0df090,TRADE_ACTION,OPEN_LONG,SINGLE_INSTRUMENT,,NIFTY (STRIKE,NIFTY_STRIKE,"[""NIFTY_STRIKE""]",JUN,23500,CE,LONG,50.0,MODEL_ALLOCATION,,EXPLICIT_PERCENT,False,[238.0],238.0,120.0,"[500.0, 700.0]",500.0,700.0,False,False,False,True,0.98,False,AUTO_HIGH_CONFIDENCE,RULE_BASED_AND_CURATED,Buy instruction.,REDUCE_POSITION uses current holding: new_holding = current_holding * (1 - quantity_percent / 100).,2,1,True,READY_FOR_AUTO_APPLY
723,6a2b900fb0b2fbc3f68c43fd,6a20c6ae59359ea1faef274f,Indian Indices,INDIA_INDEX,2026-06-12T04:50:23.637Z,2026-06-12T04:50:23.637Z,,POSITIONAL TRADERS BUY 50% NIFTY (STRIKE 23500/JUNE) CE @238 SL 120 TGT 500-700,POSITIONAL TRADERS BUY 50% NIFTY (STRIKE 23500/JUNE) CE @238 SL 120 TGT 500-700,c4b942768b0df090,TRADE_ACTION,OPEN_LONG,SINGLE_INSTRUMENT,,NIFTY (STRIKE,NIFTY_STRIKE,"[""NIFTY_STRIKE""]",JUN,23500,CE,LONG,50.0,MODEL_ALLOCATION,,EXPLICIT_PERCENT,False,[238.0],238.0,120.0,"[500.0, 700.0]",500.0,700.0,False,False,False,True,0.98,False,AUTO_HIGH_CONFIDENCE,RULE_BASED_AND_CURATED,Buy instruction.,REDUCE_POSITION uses current holding: new_holding = current_holding * (1 - quantity_percent / 100).,2,2,True,READY_FOR_AUTO_APPLY
724,6a2b9072b0b2fbc3f68c44ce,6a20c6ae59359ea1faef274f,Indian Indices,INDIA_INDEX,2026-06-12T04:52:02.226Z,2026-06-12T04:52:02.226Z,,50% BUY NIFTY @23370 SL 23250 TGT 23475-23540,50% BUY NIFTY @23370 SL 23250 TGT 23475-23540,513351574de47027,TRADE_ACTION,OPEN_LONG,SINGLE_INSTRUMENT,,NIFTY,NIFTY,"[""NIFTY""]",,,,LONG,50.0,MODEL_ALLOCATION,,EXPLICIT_PERCENT,False,[23370.0],23370.0,23250.0,"[23475.0, 23540.0]",23475.0,23540.0,False,False,False,True,0.98,False,AUTO_HIGH_CONFIDENCE,RULE_BASED_AND_CURATED,Buy instruction.,REDUCE_POSITION uses current holding: new_holding = current_holding * (1 - quantity_percent / 100).,1,1,False,READY_FOR_AUTO_APPLY
725,6a2b9846b0b2fbc3f68c46e6,6a0d87fb835de84db3693578,NSE,INDIA_EQUITY,2026-06-12T05:25:26.809Z,2026-06-12T05:25:26.809Z,,FULL PROFIT BOOK IN UNIONBANK @170,FULL PROFIT BOOK IN UNIONBANK @170,0f3cde63c68d6af6,TRADE_ACTION,CLOSE_POSITION,SINGLE_INSTRUMENT,,UNIONBANK,UNIONBANK,"[""UNIONBANK""]",,,,,100.0,CURRENT_HOLDING,0.0,FULL_EXIT_RULE,False,[170.0],170.0,,[],,,False,False,False,True,0.99,False,AUTO_HIGH_CONFIDENCE,RULE_BASED_AND_CURATED,Explicit full exit.,REDUCE_POSITION uses current holding: new_holding = current_holding * (1 - quantity_percent / 100).,1,1,False,READY_FOR_AUTO_APPLY
726,6a2b9a28b0b2fbc3f68c4758,6a0d87fb835de84db3693578,NSE,INDIA_EQUITY,2026-06-12T05:33:28.729Z,2026-06-12T05:33:28.729Z,,BUY BAJAJAUTO @9910 SL 9800 TGT 10200-10350,BUY BAJAJAUTO @9910 SL 9800 TGT 10200-10350,aed11180beabab10,TRADE_ACTION,OPEN_LONG,SINGLE_INSTRUMENT,,BAJAJAUTO,BAJAJAUTO,"[""BAJAJAUTO""]",,,,LONG,100.0,MODEL_ALLOCATION,,DEFAULT_FULL_ALLOCATION,True,[9910.0],9910.0,9800.0,"[10200.0, 10350.0]",10200.0,10350.0,False,False,False,True,0.98,False,AUTO_HIGH_CONFIDENCE,RULE_BASED_AND_CURATED,Buy instruction.,REDUCE_POSITION uses current holding: new_holding = current_holding * (1 - quantity_percent / 100).,1,1,False,READY_FOR_AUTO_APPLY
727,6a2ba8deb0b2fbc3f68c48a9,6a0d881f835de84db369357c,MCX,INDIA_COMMODITY,2026-06-12T06:36:14.404Z,2026-06-12T06:36:14.404Z,,50% profit book in alumini @378,50% profit book in alumini @378,3c492530bb22bf9e,TRADE_ACTION,REDUCE_POSITION,SINGLE_INSTRUMENT,,alumini,ALUMINIUM,"[""ALUMINIUM""]",,,,,50.0,CURRENT_HOLDING,0.5,EXPLICIT_PERCENT,False,[378.0],378.0,,[],,,False,False,False,True,0.99,False,AUTO_HIGH_CONFIDENCE,RULE_BASED_AND_CURATED,Explicit percentage reduction of current holding.,REDUCE_POSITION uses current holding: new_holding = current_holding * (1 - quantity_percent / 100).,1,1,False,READY_FOR_AUTO_APPLY
728,6a2bb3c1b0b2fbc3f68c4a94,6a0d87fb835de84db3693578,NSE,INDIA_EQUITY,2026-06-12T07:22:41.755Z,2026-06-12T07:22:41.755Z,,50% PROFIT BOOK IN SBIN @1006,50% PROFIT BOOK IN SBIN @1006,2d058720f890dbb0,TRADE_ACTION,REDUCE_POSITION,SINGLE_INSTRUMENT,,SBIN,SBIN,"[""SBIN""]",,,,,50.0,CURRENT_HOLDING,0.5,EXPLICIT_PERCENT,False,[1006.0],1006.0,,[],,,False,False,False,True,0.99,False,AUTO_HIGH_CONFIDENCE,RULE_BASED_AND_CURATED,Explicit percentage reduction of current holding.,REDUCE_POSITION uses current holding: new_holding = current_holding * (1 - quantity_percent / 100).,1,1,False,READY_FOR_AUTO_APPLY
729,6a2bb4bbb0b2fbc3f68c4bf4,6a20c6ae59359ea1faef274f,Indian Indices,INDIA_INDEX,2026-06-12T07:26:51.186Z,2026-06-12T07:26:51.186Z,,IGNORE NIFTY LAST MESSAGE,IGNORE NIFTY LAST MESSAGE,b0377f73efc33024,TRADE_CONTROL,CANCEL_PREVIOUS,NONE,,,,[],,,,,,NONE,,NOT_APPLICABLE,False,[],,,[],,,False,False,True,False,0.98,False,AUTO_HIGH_CONFIDENCE,RULE_BASED_AND_CURATED,Explicit ignore/cancel instruction.,REDUCE_POSITION uses current holding: new_holding = current_holding * (1 - quantity_percent / 100).,1,1,False,MANUAL_OR_CONTEXT_REVIEW
730,6a2bb559b0b2fbc3f68c4dba,6a0d8832835de84db3693580,International Market,GLOBAL_INDEX_OR_MACRO,2026-06-12T07:29:29.516Z,2026-06-12T07:29:29.516Z,,Buy nasdaq @29277 & 28900 with SL 28700 for target 29800-30200,Buy nasdaq @29277 & 28900 with SL 28700 for target 29800-30200,c41a83216af0ee81,TRADE_ACTION,OPEN_LONG,SINGLE_INSTRUMENT,,nasdaq,NASDAQ,"[""NASDAQ""]",,,,LONG,100.0,MODEL_ALLOCATION,,DEFAULT_FULL_ALLOCATION,True,"[29277.0, 28900.0]",29277.0,28700.0,"[29800.0, 30200.0]",29800.0,30200.0,False,False,False,True,0.98,False,AUTO_HIGH_CONFIDENCE,RULE_BASED_AND_CURATED,Buy instruction.,REDUCE_POSITION uses current holding: new_holding = current_holding * (1 - quantity_percent / 100).,1,1,False,READY_FOR_AUTO_APPLY
731,6a2bb58db0b2fbc3f68c4e34,6a0d8832835de84db3693580,International Market,GLOBAL_INDEX_OR_MACRO,2026-06-12T07:30:21.895Z,2026-06-12T07:30:21.895Z,,Buy s&p500 @7375 & 7322 with SL 7280 for target 7450-7550,Buy s&p500 @7375 & 7322 with SL 7280 for target 7450-7550,61c1e950a1bff5a9,TRADE_ACTION,OPEN_LONG,SINGLE_INSTRUMENT,,s&p500,SP500,"[""SP500""]",,,,LONG,100.0,MODEL_ALLOCATION,,DEFAULT_FULL_ALLOCATION,True,"[7375.0, 7322.0]",7375.0,7280.0,"[7450.0, 7550.0]",7450.0,7550.0,False,False,False,True,0.98,False,AUTO_HIGH_CONFIDENCE,RULE_BASED_AND_CURATED,Buy instruction.,REDUCE_POSITION uses current holding: new_holding = current_holding * (1 - quantity_percent / 100).,1,1,False,READY_FOR_AUTO_APPLY
732,6a2bb908b0b2fbc3f68c5097,6a0d87fb835de84db3693578,NSE,INDIA_EQUITY,2026-06-12T07:45:12.131Z,2026-06-12T07:45:12.131Z,,SL TOUCH IN HINDPETRO,SL TOUCH IN HINDPETRO,db379c0092193cf7,TRADE_ACTION,CLOSE_POSITION,SINGLE_INSTRUMENT,,HINDPETRO,HINDPETRO,"[""HINDPETRO""]",,,,,100.0,CURRENT_HOLDING,0.0,FULL_EXIT_RULE,False,[],,,[],,,False,False,False,True,0.99,False,AUTO_HIGH_CONFIDENCE,RULE_BASED_AND_CURATED,Stop-loss hit closes current holding.,REDUCE_POSITION uses current holding: new_holding = current_holding * (1 - quantity_percent / 100).,1,1,False,READY_FOR_AUTO_APPLY
733,6a2bbc01b0b2fbc3f68c5197,6a20c6ae59359ea1faef274f,Indian Indices,INDIA_INDEX,2026-06-12T07:57:53.986Z,2026-06-12T07:57:53.986Z,,50% SELL BANKNIFTY @56080 SL 56600 TGT 55500-55000,50% SELL BANKNIFTY @56080 SL 56600 TGT 55500-55000,fc305d079f9dd307,TRADE_ACTION,OPEN_SHORT,SINGLE_INSTRUMENT,,BANKNIFTY,BANKNIFTY,"[""BANKNIFTY""]",,,,SHORT,50.0,MODEL_ALLOCATION,,EXPLICIT_PERCENT,False,[56080.0],56080.0,56600.0,"[55500.0, 55000.0]",55500.0,55000.0,False,False,False,True,0.97,False,AUTO_HIGH_CONFIDENCE,RULE_BASED_AND_CURATED,Sell with stop/target opens a short allocation.,REDUCE_POSITION uses current holding: new_holding = current_holding * (1 - quantity_percent / 100).,1,1,False,READY_FOR_AUTO_APPLY
734,6a2bbd6bb0b2fbc3f68c524b,6a20c6ae59359ea1faef274f,Indian Indices,INDIA_INDEX,2026-06-12T08:03:55.615Z,2026-06-12T08:03:55.615Z,,50% PROFIT BOOK IN NIFTY @23470,50% PROFIT BOOK IN NIFTY @23470,95a3031a492567fe,TRADE_ACTION,REDUCE_POSITION,SINGLE_INSTRUMENT,,NIFTY,NIFTY,"[""NIFTY""]",,,,,50.0,CURRENT_HOLDING,0.5,EXPLICIT_PERCENT,False,[23470.0],23470.0,,[],,,False,False,False,True,0.99,False,AUTO_HIGH_CONFIDENCE,RULE_BASED_AND_CURATED,Explicit percentage reduction of current holding.,REDUCE_POSITION uses current holding: new_holding = current_holding * (1 - quantity_percent / 100).,1,1,False,READY_FOR_AUTO_APPLY
735,6a2bbda3b0b2fbc3f68c5264,6a0d881f835de84db369357c,MCX,INDIA_COMMODITY,2026-06-12T08:04:51.611Z,2026-06-12T08:04:51.611Z,,SL TOUCH IN CRUDE MINI,SL TOUCH IN CRUDE MINI,308da1aaf66dce34,TRADE_ACTION,CLOSE_POSITION,SINGLE_INSTRUMENT,,CRUDE MINI,CRUDE_MINI,"[""CRUDE_MINI""]",,,,,100.0,CURRENT_HOLDING,0.0,FULL_EXIT_RULE,False,[],,,[],,,False,False,False,True,0.99,False,AUTO_HIGH_CONFIDENCE,RULE_BASED_AND_CURATED,Stop-loss hit closes current holding.,REDUCE_POSITION uses current holding: new_holding = current_holding * (1 - quantity_percent / 100).,2,2,True,READY_FOR_AUTO_APPLY
736,6a2bbdc4b0b2fbc3f68c52c0,6a0d8832835de84db3693580,International Market,GLOBAL_COMMODITY,2026-06-12T08:05:24.727Z,2026-06-12T08:05:24.727Z,,Hold crude with SL 84.50,Hold crude with SL 84.50,d66d60ab523d1eac,TRADE_UPDATE,UPDATE_STOP_LOSS,SINGLE_INSTRUMENT,,crude,CRUDE,"[""CRUDE""]",,,,,,NONE,,NOT_APPLICABLE,False,[],,84.5,[],,,False,False,False,True,0.99,False,AUTO_HIGH_CONFIDENCE,RULE_BASED_AND_CURATED,Hold and update stop loss.,REDUCE_POSITION uses current holding: new_holding = current_holding * (1 - quantity_percent / 100).,1,1,False,READY_FOR_AUTO_APPLY
737,6a2bbdfab0b2fbc3f68c52dc,6a0d881f835de84db369357c,MCX,INDIA_COMMODITY,2026-06-12T08:06:18.602Z,2026-06-12T08:06:18.602Z,,BUY CRUDE MINI @8095 SL 8000 TGT 8300,BUY CRUDE MINI @8095 SL 8000 TGT 8300,a06dd0e10522c1e9,TRADE_ACTION,OPEN_LONG,SINGLE_INSTRUMENT,,CRUDE MINI,CRUDE_MINI,"[""CRUDE_MINI""]",,,,LONG,100.0,MODEL_ALLOCATION,,DEFAULT_FULL_ALLOCATION,True,[8095.0],8095.0,8000.0,[8300.0],8300.0,,False,False,False,True,0.98,False,AUTO_HIGH_CONFIDENCE,RULE_BASED_AND_CURATED,Buy instruction.,REDUCE_POSITION uses current holding: new_holding = current_holding * (1 - quantity_percent / 100).,1,1,False,READY_FOR_AUTO_APPLY
738,6a2bc169b0b2fbc3f68c5582,6a0d87fb835de84db3693578,NSE,INDIA_EQUITY,2026-06-12T08:20:57.263Z,2026-06-12T08:20:57.263Z,,Book 50% profit in Bajaj auto @10017,Book 50% profit in Bajaj auto @10017,c3010bb025c467b0,TRADE_ACTION,REDUCE_POSITION,SINGLE_INSTRUMENT,,Bajaj auto,BAJAJAUTO,"[""BAJAJAUTO""]",,,,,50.0,CURRENT_HOLDING,0.5,EXPLICIT_PERCENT,False,[10017.0],10017.0,,[],,,False,False,False,True,0.99,False,AUTO_HIGH_CONFIDENCE,RULE_BASED_AND_CURATED,Explicit percentage reduction of current holding.,REDUCE_POSITION uses current holding: new_holding = current_holding * (1 - quantity_percent / 100).,1,1,False,READY_FOR_AUTO_APPLY
739,6a2bc17bb0b2fbc3f68c55e2,6a0d87fb835de84db3693578,NSE,INDIA_EQUITY,2026-06-12T08:21:15.580Z,2026-06-12T08:23:14.251Z,2026-06-12T08:23:14.251Z,Book 25% profit in nifty @23550,Book 25% profit in nifty @23550,adf56dd2856954ea,TRADE_ACTION,REDUCE_POSITION,SINGLE_INSTRUMENT,,nifty,NIFTY,"[""NIFTY""]",,,,,25.0,CURRENT_HOLDING,0.75,EXPLICIT_PERCENT,False,[23550.0],23550.0,,[],,,False,False,False,True,0.99,False,AUTO_HIGH_CONFIDENCE,RULE_BASED_AND_CURATED,Explicit percentage reduction of current holding.,REDUCE_POSITION uses current holding: new_holding = current_holding * (1 - quantity_percent / 100).,1,1,False,READY_FOR_AUTO_APPLY
740,6a2bc1aab0b2fbc3f68c565e,6a0d87fb835de84db3693578,NSE,INDIA_EQUITY,2026-06-12T08:22:02.808Z,2026-06-12T08:22:02.808Z,,Day traders book 50% profit in nifty (strike 23500/june) ce @316,Day traders book 50% profit in nifty (strike 23500/june) ce @316,4428d425637a7b67,TRADE_ACTION,REDUCE_POSITION,SINGLE_INSTRUMENT,,nifty,NIFTY,"[""NIFTY""]",JUN,23500,CE,,50.0,CURRENT_HOLDING,0.5,EXPLICIT_PERCENT,False,[316.0],316.0,,[],,,False,False,False,True,0.99,False,AUTO_HIGH_CONFIDENCE,RULE_BASED_AND_CURATED,Explicit percentage reduction of current holding.,REDUCE_POSITION uses current holding: new_holding = current_holding * (1 - quantity_percent / 100).,1,1,False,READY_FOR_AUTO_APPLY
741,6a2bc3c2b0b2fbc3f68c5831,6a0d87fb835de84db3693578,NSE,INDIA_EQUITY,2026-06-12T08:30:58.759Z,2026-06-12T08:30:58.759Z,,50% PROFIT BOOK IN MANAPPURAM@305,50% PROFIT BOOK IN MANAPPURAM @305,06c0eca7474089e9,TRADE_ACTION,REDUCE_POSITION,SINGLE_INSTRUMENT,,MANAPPURAM,MANAPPURAM,"[""MANAPPURAM""]",,,,,50.0,CURRENT_HOLDING,0.5,EXPLICIT_PERCENT,False,[305.0],305.0,,[],,,False,False,False,True,0.99,False,AUTO_HIGH_CONFIDENCE,RULE_BASED_AND_CURATED,Explicit percentage reduction of current holding.,REDUCE_POSITION uses current holding: new_holding = current_holding * (1 - quantity_percent / 100).,1,1,False,READY_FOR_AUTO_APPLY
742,6a2bc4bbb0b2fbc3f68c589b,6a0d87fb835de84db3693578,NSE,INDIA_EQUITY,2026-06-12T08:35:07.015Z,2026-06-12T08:36:14.894Z,2026-06-12T08:36:14.893Z,DAY TRADERS FULL PROFIT BOOK IN BANDHANBANK@200,DAY TRADERS FULL PROFIT BOOK IN BANDHANBANK @200,373e508b1b505291,TRADE_ACTION,CLOSE_POSITION,SINGLE_INSTRUMENT,,BANDHANBANK,BANDHANBANK,"[""BANDHANBANK""]",,,,,100.0,CURRENT_HOLDING,0.0,FULL_EXIT_RULE,False,[200.0],200.0,,[],,,False,False,False,True,0.99,False,AUTO_HIGH_CONFIDENCE,RULE_BASED_AND_CURATED,Explicit full exit.,REDUCE_POSITION uses current holding: new_holding = current_holding * (1 - quantity_percent / 100).,1,1,False,READY_FOR_AUTO_APPLY
743,6a2bc6c6b0b2fbc3f68c597c,6a0d87fb835de84db3693578,NSE,INDIA_EQUITY,2026-06-12T08:43:50.275Z,2026-06-12T08:43:50.275Z,,BUY SUNPHARMA@1811 SL 1780 TGT 1850-1890,BUY SUNPHARMA @1811 SL 1780 TGT 1850-1890,82c8958e134d9e40,TRADE_ACTION,OPEN_LONG,SINGLE_INSTRUMENT,,SUNPHARMA,SUNPHARMA,"[""SUNPHARMA""]",,,,LONG,100.0,MODEL_ALLOCATION,,DEFAULT_FULL_ALLOCATION,True,[1811.0],1811.0,1780.0,"[1850.0, 1890.0]",1850.0,1890.0,False,False,False,True,0.98,False,AUTO_HIGH_CONFIDENCE,RULE_BASED_AND_CURATED,Buy instruction.,REDUCE_POSITION uses current holding: new_holding = current_holding * (1 - quantity_percent / 100).,1,1,False,READY_FOR_AUTO_APPLY
744,6a2bc758b0b2fbc3f68c5991,6a20c6ae59359ea1faef274f,Indian Indices,INDIA_INDEX,2026-06-12T08:46:16.861Z,2026-06-12T08:46:16.861Z,,50% SELL BANKNIFTY@56598 SL 57000 TGT 56000-55800,50% SELL BANKNIFTY @56598 SL 57000 TGT 56000-55800,bb1e8037a7a0ca1f,TRADE_ACTION,OPEN_SHORT,SINGLE_INSTRUMENT,,BANKNIFTY,BANKNIFTY,"[""BANKNIFTY""]",,,,SHORT,50.0,MODEL_ALLOCATION,,EXPLICIT_PERCENT,False,[56598.0],56598.0,57000.0,"[56000.0, 55800.0]",56000.0,55800.0,False,False,False,True,0.97,False,AUTO_HIGH_CONFIDENCE,RULE_BASED_AND_CURATED,Sell with stop/target opens a short allocation.,REDUCE_POSITION uses current holding: new_holding = current_holding * (1 - quantity_percent / 100).,1,1,False,READY_FOR_AUTO_APPLY
745,6a2bc82fb0b2fbc3f68c5a71,6a0d87fb835de84db3693578,NSE,INDIA_EQUITY,2026-06-12T08:49:51.265Z,2026-06-12T08:49:51.265Z,,BUY HDFCLIFE@554 SL 544 TGT 570-600,BUY HDFCLIFE @554 SL 544 TGT 570-600,879fde9c33545ac6,TRADE_ACTION,OPEN_LONG,SINGLE_INSTRUMENT,,HDFCLIFE,HDFCLIFE,"[""HDFCLIFE""]",,,,LONG,100.0,MODEL_ALLOCATION,,DEFAULT_FULL_ALLOCATION,True,[554.0],554.0,544.0,"[570.0, 600.0]",570.0,600.0,False,False,False,True,0.98,False,AUTO_HIGH_CONFIDENCE,RULE_BASED_AND_CURATED,Buy instruction.,REDUCE_POSITION uses current holding: new_holding = current_holding * (1 - quantity_percent / 100).,1,1,False,READY_FOR_AUTO_APPLY
746,6a2bc873b0b2fbc3f68c5add,6a0d87fb835de84db3693578,NSE,INDIA_EQUITY,2026-06-12T08:50:59.640Z,2026-06-12T08:50:59.640Z,,BUY M&M@3033 SL 2980 TGT 3080-3140,BUY M&M @3033 SL 2980 TGT 3080-3140,a5121b543a954d62,TRADE_ACTION,OPEN_LONG,SINGLE_INSTRUMENT,,M&M,M&M,"[""M&M""]",,,,LONG,100.0,MODEL_ALLOCATION,,DEFAULT_FULL_ALLOCATION,True,[3033.0],3033.0,2980.0,"[3080.0, 3140.0]",3080.0,3140.0,False,False,False,True,0.98,False,AUTO_HIGH_CONFIDENCE,RULE_BASED_AND_CURATED,Buy instruction.,REDUCE_POSITION uses current holding: new_holding = current_holding * (1 - quantity_percent / 100).,1,1,False,READY_FOR_AUTO_APPLY
747,6a2bcac7b0b2fbc3f68c5b89,6a20c6ae59359ea1faef274f,Indian Indices,INDIA_INDEX,2026-06-12T09:00:55.338Z,2026-06-12T09:00:55.338Z,,IF YOU ALREADY BOOKED PROFIT IN NIFTY THEN ONLY 50% BUY NIFTY@23600 SL23400 TGT 23800-24000,IF YOU ALREADY BOOKED PROFIT IN NIFTY THEN ONLY 50% BUY NIFTY @23600 SL23400 TGT 23800-24000,1534a0ebcf9c47ee,TRADE_CONTROL,CONDITIONAL_INSTRUCTION,NONE,,,,[],,,,,,NONE,,NOT_APPLICABLE,False,[23600.0],23600.0,23400.0,"[23800.0, 24000.0]",23800.0,24000.0,False,False,True,False,0.88,True,REVIEW_REQUIRED,RULE_BASED_AND_CURATED,Conditional instruction requiring external state.,REDUCE_POSITION uses current holding: new_holding = current_holding * (1 - quantity_percent / 100).,1,1,False,MANUAL_OR_CONTEXT_REVIEW
748,6a2bd060b0b2fbc3f68c5d88,6a0d87fb835de84db3693578,NSE,INDIA_EQUITY,2026-06-12T09:24:48.766Z,2026-06-12T09:24:48.766Z,,50% PROFIT BOOK IN ADANIPORTS@1821,50% PROFIT BOOK IN ADANIPORTS @1821,740305d160295c68,TRADE_ACTION,REDUCE_POSITION,SINGLE_INSTRUMENT,,ADANIPORTS,ADANIPORTS,"[""ADANIPORTS""]",,,,,50.0,CURRENT_HOLDING,0.5,EXPLICIT_PERCENT,False,[1821.0],1821.0,,[],,,False,False,False,True,0.99,False,AUTO_HIGH_CONFIDENCE,RULE_BASED_AND_CURATED,Explicit percentage reduction of current holding.,REDUCE_POSITION uses current holding: new_holding = current_holding * (1 - quantity_percent / 100).,1,1,False,READY_FOR_AUTO_APPLY
749,6a2bd0d4b0b2fbc3f68c5dee,6a0d8832835de84db3693580,International Market,GLOBAL_INDEX_OR_MACRO,2026-06-12T09:26:44.105Z,2026-06-12T09:26:44.105Z,,Buy 50% Russell @ 2943 with SL 2900 for target 2970-2995,Buy 50% Russell @ 2943 with SL 2900 for target 2970-2995,3660ef6c7c60a427,TRADE_ACTION,OPEN_LONG,SINGLE_INSTRUMENT,,Russell,RUSSELL,"[""RUSSELL""]",,,,LONG,50.0,MODEL_ALLOCATION,,EXPLICIT_PERCENT,False,[2943.0],2943.0,2900.0,"[2970.0, 2995.0]",2970.0,2995.0,False,False,False,True,0.98,False,AUTO_HIGH_CONFIDENCE,RULE_BASED_AND_CURATED,Buy instruction.,REDUCE_POSITION uses current holding: new_holding = current_holding * (1 - quantity_percent / 100).,1,1,False,READY_FOR_AUTO_APPLY
750,6a2bd170b0b2fbc3f68c5e07,6a0d881f835de84db369357c,MCX,INDIA_COMMODITY,2026-06-12T09:29:20.802Z,2026-06-12T09:30:11.589Z,2026-06-12T09:30:11.588Z,BUY ALUMINI@374 SL 372 SL 379-384,BUY ALUMINI @374 SL 372 SL 379-384,b5af26d2bb81cd89,TRADE_ACTION,OPEN_LONG,SINGLE_INSTRUMENT,,ALUMINI,ALUMINIUM,"[""ALUMINIUM""]",,,,LONG,100.0,MODEL_ALLOCATION,,DEFAULT_FULL_ALLOCATION,True,[374.0],374.0,372.0,[],,,False,False,False,True,0.98,False,AUTO_HIGH_CONFIDENCE,RULE_BASED_AND_CURATED,Buy instruction.,REDUCE_POSITION uses current holding: new_holding = current_holding * (1 - quantity_percent / 100).,1,1,False,READY_FOR_AUTO_APPLY
751,6a2bd2ebb0b2fbc3f68c5f00,6a0d87fb835de84db3693578,NSE,INDIA_EQUITY,2026-06-12T09:35:39.412Z,2026-06-12T09:35:39.412Z,,intraday 50% profit book in m&m@3062,intraday 50% profit book in m&m @3062,5e4768a9a6c3ce7c,TRADE_ACTION,REDUCE_POSITION,SINGLE_INSTRUMENT,,m&m,M&M,"[""M&M""]",,,,,50.0,CURRENT_HOLDING,0.5,EXPLICIT_PERCENT,False,[3062.0],3062.0,,[],,,False,False,False,True,0.99,False,AUTO_HIGH_CONFIDENCE,RULE_BASED_AND_CURATED,Explicit percentage reduction of current holding.,REDUCE_POSITION uses current holding: new_holding = current_holding * (1 - quantity_percent / 100).,1,1,False,READY_FOR_AUTO_APPLY
752,6a2bd2ffb0b2fbc3f68c5f4e,6a0d8832835de84db3693580,International Market,GLOBAL_INDEX_OR_MACRO,2026-06-12T09:35:59.775Z,2026-06-12T09:35:59.775Z,,Book profit in VX @18.43,Book profit in VX @18.43,88bb57e4d096dcb4,TRADE_ACTION,CLOSE_POSITION,SINGLE_INSTRUMENT,,VX,VIX,"[""VIX""]",,,,,100.0,CURRENT_HOLDING,0.0,FULL_EXIT_RULE,False,[18.43],18.43,,[],,,False,False,False,True,0.96,False,AUTO_HIGH_CONFIDENCE,RULE_BASED_AND_CURATED,Unqualified 'book profit' closes all remaining holding.,REDUCE_POSITION uses current holding: new_holding = current_holding * (1 - quantity_percent / 100).,1,1,False,READY_FOR_AUTO_APPLY
753,6a2bd334b0b2fbc3f68c5fb8,6a0d87fb835de84db3693578,NSE,INDIA_EQUITY,2026-06-12T09:36:52.836Z,2026-06-12T09:36:52.836Z,,50% PROFIT BOOK IN TATASTEEL @199.50,50% PROFIT BOOK IN TATASTEEL @199.50,a214ed392b8af942,TRADE_ACTION,REDUCE_POSITION,SINGLE_INSTRUMENT,,TATASTEEL,TATASTEEL,"[""TATASTEEL""]",,,,,50.0,CURRENT_HOLDING,0.5,EXPLICIT_PERCENT,False,[199.5],199.5,,[],,,False,False,False,True,0.99,False,AUTO_HIGH_CONFIDENCE,RULE_BASED_AND_CURATED,Explicit percentage reduction of current holding.,REDUCE_POSITION uses current holding: new_holding = current_holding * (1 - quantity_percent / 100).,1,1,False,READY_FOR_AUTO_APPLY
754,6a2bd386b0b2fbc3f68c5feb,6a20c6ae59359ea1faef274f,Indian Indices,INDIA_INDEX,2026-06-12T09:38:14.866Z,2026-06-12T09:39:59.725Z,2026-06-12T09:39:59.724Z,DAY TRADER FULL PROFIT BOOK IN NIFTY (STRIKE 23500/ JUNE)CE @412,DAY TRADER FULL PROFIT BOOK IN NIFTY (STRIKE 23500/ JUNE)CE @412,2a80defed9461922,TRADE_ACTION,CLOSE_POSITION,SINGLE_INSTRUMENT,,NIFTY,NIFTY,"[""NIFTY""]",JUN,23500,CE,,100.0,CURRENT_HOLDING,0.0,FULL_EXIT_RULE,False,[412.0],412.0,,[],,,False,False,False,True,0.99,False,AUTO_HIGH_CONFIDENCE,RULE_BASED_AND_CURATED,Explicit full exit.,REDUCE_POSITION uses current holding: new_holding = current_holding * (1 - quantity_percent / 100).,1,1,False,READY_FOR_AUTO_APPLY
755,6a2bd3d8b0b2fbc3f68c5ffb,6a20c6ae59359ea1faef274f,Indian Indices,INDIA_INDEX,2026-06-12T09:39:36.297Z,2026-06-12T09:39:36.297Z,,BUY 50% NIFTY (STRIKE 23800/JUNE) CE @233  TGT 400-500,BUY 50% NIFTY (STRIKE 23800/JUNE) CE @233 TGT 400-500,505753680e52fa94,TRADE_ACTION,OPEN_LONG,SINGLE_INSTRUMENT,,NIFTY (STRIKE,NIFTY_STRIKE,"[""NIFTY_STRIKE""]",JUN,23800,CE,LONG,50.0,MODEL_ALLOCATION,,EXPLICIT_PERCENT,False,[233.0],233.0,,"[400.0, 500.0]",400.0,500.0,False,False,False,True,0.98,False,AUTO_HIGH_CONFIDENCE,RULE_BASED_AND_CURATED,Buy instruction.,REDUCE_POSITION uses current holding: new_holding = current_holding * (1 - quantity_percent / 100).,1,1,False,READY_FOR_AUTO_APPLY
756,6a2bd6d7b0b2fbc3f68c614d,6a0d87fb835de84db3693578,NSE,INDIA_EQUITY,2026-06-12T09:52:23.965Z,2026-06-12T09:52:23.965Z,,BUY SWIGGY@251 TGT 265-280,BUY SWIGGY @251 TGT 265-280,800ab16231b351e5,TRADE_ACTION,OPEN_LONG,SINGLE_INSTRUMENT,,SWIGGY,SWIGGY,"[""SWIGGY""]",,,,LONG,100.0,MODEL_ALLOCATION,,DEFAULT_FULL_ALLOCATION,True,[251.0],251.0,,"[265.0, 280.0]",265.0,280.0,False,False,False,True,0.98,False,AUTO_HIGH_CONFIDENCE,RULE_BASED_AND_CURATED,Buy instruction.,REDUCE_POSITION uses current holding: new_holding = current_holding * (1 - quantity_percent / 100).,1,1,False,READY_FOR_AUTO_APPLY
757,6a2bd6e7b0b2fbc3f68c615a,6a0d87fb835de84db3693578,NSE,INDIA_EQUITY,2026-06-12T09:52:39.125Z,2026-06-12T09:52:39.125Z,,BUY CHOLAFIN@1578 TGT 1630-1640,BUY CHOLAFIN @1578 TGT 1630-1640,4427b065e881f982,TRADE_ACTION,OPEN_LONG,SINGLE_INSTRUMENT,,CHOLAFIN,CHOLAFIN,"[""CHOLAFIN""]",,,,LONG,100.0,MODEL_ALLOCATION,,DEFAULT_FULL_ALLOCATION,True,[1578.0],1578.0,,"[1630.0, 1640.0]",1630.0,1640.0,False,False,False,True,0.98,False,AUTO_HIGH_CONFIDENCE,RULE_BASED_AND_CURATED,Buy instruction.,REDUCE_POSITION uses current holding: new_holding = current_holding * (1 - quantity_percent / 100).,1,1,False,READY_FOR_AUTO_APPLY
758,6a2c0dddb0b2fbc3f68c66f0,6a0d8832835de84db3693580,International Market,GLOBAL_INDEX_OR_MACRO,2026-06-12T13:47:09.467Z,2026-06-12T13:47:09.467Z,,Buy nasdaq @29265 & 29000 with SL 28750 for target 29650-30000,Buy nasdaq @29265 & 29000 with SL 28750 for target 29650-30000,3045864120241208,TRADE_ACTION,OPEN_LONG,SINGLE_INSTRUMENT,,nasdaq,NASDAQ,"[""NASDAQ""]",,,,LONG,100.0,MODEL_ALLOCATION,,DEFAULT_FULL_ALLOCATION,True,"[29265.0, 29000.0]",29265.0,28750.0,"[29650.0, 30000.0]",29650.0,30000.0,False,False,False,True,0.98,False,AUTO_HIGH_CONFIDENCE,RULE_BASED_AND_CURATED,Buy instruction.,REDUCE_POSITION uses current holding: new_holding = current_holding * (1 - quantity_percent / 100).,1,1,False,READY_FOR_AUTO_APPLY
759,6a2c0df1b0b2fbc3f68c675b,6a0d8832835de84db3693580,International Market,GLOBAL_INDEX_OR_MACRO,2026-06-12T13:47:29.913Z,2026-06-12T13:47:29.913Z,,Buy s&p500 @ 7370 & 7320 with SL 7280 for target 7440-7500,Buy s&p500 @ 7370 & 7320 with SL 7280 for target 7440-7500,8da1d9403210b89c,TRADE_ACTION,OPEN_LONG,SINGLE_INSTRUMENT,,s&p500,SP500,"[""SP500""]",,,,LONG,100.0,MODEL_ALLOCATION,,DEFAULT_FULL_ALLOCATION,True,"[7370.0, 7320.0]",7370.0,7280.0,"[7440.0, 7500.0]",7440.0,7500.0,False,False,False,True,0.98,False,AUTO_HIGH_CONFIDENCE,RULE_BASED_AND_CURATED,Buy instruction.,REDUCE_POSITION uses current holding: new_holding = current_holding * (1 - quantity_percent / 100).,1,1,False,READY_FOR_AUTO_APPLY
760,6a2c0e11b0b2fbc3f68c6845,6a0d8832835de84db3693580,International Market,GLOBAL_EQUITY,2026-06-12T13:48:01.803Z,2026-06-12T13:48:01.803Z,,Book profit in amd @508,Book profit in amd @508,1e1ec07e34e02860,TRADE_ACTION,CLOSE_POSITION,SINGLE_INSTRUMENT,,amd,AMD,"[""AMD""]",,,,,100.0,CURRENT_HOLDING,0.0,FULL_EXIT_RULE,False,[508.0],508.0,,[],,,False,False,False,True,0.96,False,AUTO_HIGH_CONFIDENCE,RULE_BASED_AND_CURATED,Unqualified 'book profit' closes all remaining holding.,REDUCE_POSITION uses current holding: new_holding = current_holding * (1 - quantity_percent / 100).,1,1,False,READY_FOR_AUTO_APPLY
761,6a2c0e42b0b2fbc3f68c692a,6a0d8832835de84db3693580,International Market,GLOBAL_EQUITY,2026-06-12T13:48:50.506Z,2026-06-12T13:48:50.506Z,,Book 50% profit in NBIS @227.60,Book 50% profit in NBIS @227.60,d9db53df9e246e33,TRADE_ACTION,REDUCE_POSITION,SINGLE_INSTRUMENT,,NBIS,NBIS,"[""NBIS""]",,,,,50.0,CURRENT_HOLDING,0.5,EXPLICIT_PERCENT,False,[227.6],227.6,,[],,,False,False,False,True,0.99,False,AUTO_HIGH_CONFIDENCE,RULE_BASED_AND_CURATED,Explicit percentage reduction of current holding.,REDUCE_POSITION uses current holding: new_holding = current_holding * (1 - quantity_percent / 100).,1,1,False,READY_FOR_AUTO_APPLY
762,6a2c0e5bb0b2fbc3f68c69e9,6a0d8832835de84db3693580,International Market,GLOBAL_EQUITY,2026-06-12T13:49:15.030Z,2026-06-12T13:49:15.030Z,,Book profit in wdc @552,Book profit in wdc @552,9fd0ba1fc4aac9fd,TRADE_ACTION,CLOSE_POSITION,SINGLE_INSTRUMENT,,wdc,WDC,"[""WDC""]",,,,,100.0,CURRENT_HOLDING,0.0,FULL_EXIT_RULE,False,[552.0],552.0,,[],,,False,False,False,True,0.96,False,AUTO_HIGH_CONFIDENCE,RULE_BASED_AND_CURATED,Unqualified 'book profit' closes all remaining holding.,REDUCE_POSITION uses current holding: new_holding = current_holding * (1 - quantity_percent / 100).,1,1,False,READY_FOR_AUTO_APPLY
763,6a2c123cb0b2fbc3f68c6b4b,6a0d8832835de84db3693580,International Market,GLOBAL_EQUITY,2026-06-12T14:05:48.482Z,2026-06-12T14:05:48.482Z,,Book profit in mu @264,Book profit in mu @264,fff427497155c486,TRADE_ACTION,CLOSE_POSITION,SINGLE_INSTRUMENT,,mu,MU,"[""MU""]",,,,,100.0,CURRENT_HOLDING,0.0,FULL_EXIT_RULE,False,[264.0],264.0,,[],,,False,False,False,True,0.96,False,AUTO_HIGH_CONFIDENCE,RULE_BASED_AND_CURATED,Unqualified 'book profit' closes all remaining holding.,REDUCE_POSITION uses current holding: new_holding = current_holding * (1 - quantity_percent / 100).,1,1,False,READY_FOR_AUTO_APPLY
764,6a2c1263b0b2fbc3f68c6b93,6a0d8832835de84db3693580,International Market,GLOBAL_EQUITY,2026-06-12T14:06:27.759Z,2026-06-12T14:06:27.759Z,,Buy 50% mrvl @277 for target 300,Buy 50% mrvl @277 for target 300,a864bbb02400a107,TRADE_ACTION,OPEN_LONG,SINGLE_INSTRUMENT,,mrvl,MRVL,"[""MRVL""]",,,,LONG,50.0,MODEL_ALLOCATION,,EXPLICIT_PERCENT,False,[277.0],277.0,,[300.0],300.0,,False,False,False,True,0.98,False,AUTO_HIGH_CONFIDENCE,RULE_BASED_AND_CURATED,Buy instruction.,REDUCE_POSITION uses current holding: new_holding = current_holding * (1 - quantity_percent / 100).,1,1,False,READY_FOR_AUTO_APPLY
765,6a2c129db0b2fbc3f68c6c6c,6a0d8832835de84db3693580,International Market,GLOBAL_EQUITY,2026-06-12T14:07:25.895Z,2026-06-12T14:07:25.895Z,,Buy 50% sndk @1983 with SL 1860 for target 2020-2069,Buy 50% sndk @1983 with SL 1860 for target 2020-2069,fceb75eb7c5ff959,TRADE_ACTION,OPEN_LONG,SINGLE_INSTRUMENT,,sndk,SNDK,"[""SNDK""]",,,,LONG,50.0,MODEL_ALLOCATION,,EXPLICIT_PERCENT,False,[1983.0],1983.0,1860.0,"[2020.0, 2069.0]",2020.0,2069.0,False,False,False,True,0.98,False,AUTO_HIGH_CONFIDENCE,RULE_BASED_AND_CURATED,Buy instruction.,REDUCE_POSITION uses current holding: new_holding = current_holding * (1 - quantity_percent / 100).,1,1,False,READY_FOR_AUTO_APPLY
766,6a2c12ceb0b2fbc3f68c6d55,6a0d8832835de84db3693580,International Market,GLOBAL_EQUITY,2026-06-12T14:08:14.827Z,2026-06-12T14:08:14.827Z,,Book 50% profit in MU @1004,Book 50% profit in MU @1004,afbb16c076cc9ce9,TRADE_ACTION,REDUCE_POSITION,SINGLE_INSTRUMENT,,MU,MU,"[""MU""]",,,,,50.0,CURRENT_HOLDING,0.5,EXPLICIT_PERCENT,False,[1004.0],1004.0,,[],,,False,False,False,True,0.99,False,AUTO_HIGH_CONFIDENCE,RULE_BASED_AND_CURATED,Explicit percentage reduction of current holding.,REDUCE_POSITION uses current holding: new_holding = current_holding * (1 - quantity_percent / 100).,1,1,False,READY_FOR_AUTO_APPLY
767,6a2c1f48b0b2fbc3f68c6fe2,6a0d8832835de84db3693580,International Market,GLOBAL_INDEX_OR_MACRO,2026-06-12T15:01:28.407Z,2026-06-12T15:01:28.407Z,,Book part profit in Russell @2966,Book part profit in Russell @2966,298011c345ef921d,TRADE_ACTION,REDUCE_POSITION,SINGLE_INSTRUMENT,,Russell,RUSSELL,"[""RUSSELL""]",,,,,25.0,CURRENT_HOLDING,0.75,PART_PROFIT_RULE,False,[2966.0],2966.0,,[],,,False,False,False,True,0.99,False,AUTO_HIGH_CONFIDENCE,RULE_BASED_AND_CURATED,Part/partial profit means sell 25% of current holding.,REDUCE_POSITION uses current holding: new_holding = current_holding * (1 - quantity_percent / 100).,1,1,False,READY_FOR_AUTO_APPLY
768,6a2c1f69b0b2fbc3f68c6ffc,6a0d8832835de84db3693580,International Market,GLOBAL_INDEX_OR_MACRO,2026-06-12T15:02:01.431Z,2026-06-12T15:02:01.431Z,,Book part profit in Dow @51380,Book part profit in Dow @51380,b7847642d13c7d60,TRADE_ACTION,REDUCE_POSITION,SINGLE_INSTRUMENT,,Dow,DOW,"[""DOW""]",,,,,25.0,CURRENT_HOLDING,0.75,PART_PROFIT_RULE,False,[51380.0],51380.0,,[],,,False,False,False,True,0.99,False,AUTO_HIGH_CONFIDENCE,RULE_BASED_AND_CURATED,Part/partial profit means sell 25% of current holding.,REDUCE_POSITION uses current holding: new_holding = current_holding * (1 - quantity_percent / 100).,1,1,False,READY_FOR_AUTO_APPLY
769,6a2c237fb0b2fbc3f68c70fc,6a0d8832835de84db3693580,International Market,GLOBAL_EQUITY,2026-06-12T15:19:27.788Z,2026-06-12T15:19:27.788Z,,Book part profit in mrvl @ 286.00,Book part profit in mrvl @ 286.00,783a89225b9b4c96,TRADE_ACTION,REDUCE_POSITION,SINGLE_INSTRUMENT,,mrvl,MRVL,"[""MRVL""]",,,,,25.0,CURRENT_HOLDING,0.75,PART_PROFIT_RULE,False,[286.0],286.0,,[],,,False,False,False,True,0.99,False,AUTO_HIGH_CONFIDENCE,RULE_BASED_AND_CURATED,Part/partial profit means sell 25% of current holding.,REDUCE_POSITION uses current holding: new_holding = current_holding * (1 - quantity_percent / 100).,1,1,False,READY_FOR_AUTO_APPLY
770,6a2c23a1b0b2fbc3f68c710e,6a0d8832835de84db3693580,International Market,GLOBAL_EQUITY,2026-06-12T15:20:01.269Z,2026-06-12T15:20:01.269Z,,Book profit in soxl @ 239.60,Book profit in soxl @ 239.60,60b9a734d6e3bc54,TRADE_ACTION,CLOSE_POSITION,SINGLE_INSTRUMENT,,soxl,SOXL,"[""SOXL""]",,,,,100.0,CURRENT_HOLDING,0.0,FULL_EXIT_RULE,False,[239.6],239.6,,[],,,False,False,False,True,0.96,False,AUTO_HIGH_CONFIDENCE,RULE_BASED_AND_CURATED,Unqualified 'book profit' closes all remaining holding.,REDUCE_POSITION uses current holding: new_holding = current_holding * (1 - quantity_percent / 100).,1,1,False,READY_FOR_AUTO_APPLY
771,6a2c458db0b2fbc3f68c74c8,6a0d8832835de84db3693580,International Market,GLOBAL_EQUITY,2026-06-12T17:44:45.681Z,2026-06-12T17:44:45.681Z,,Book profit in sndk @2010,Book profit in sndk @2010,db8c8d262012e84d,TRADE_ACTION,CLOSE_POSITION,SINGLE_INSTRUMENT,,sndk,SNDK,"[""SNDK""]",,,,,100.0,CURRENT_HOLDING,0.0,FULL_EXIT_RULE,False,[2010.0],2010.0,,[],,,False,False,False,True,0.96,False,AUTO_HIGH_CONFIDENCE,RULE_BASED_AND_CURATED,Unqualified 'book profit' closes all remaining holding.,REDUCE_POSITION uses current holding: new_holding = current_holding * (1 - quantity_percent / 100).,1,1,False,READY_FOR_AUTO_APPLY
772,6a2c5469b0b2fbc3f68c760f,6a0d8832835de84db3693580,International Market,GLOBAL_COMMODITY,2026-06-12T18:48:09.621Z,2026-06-12T18:48:09.621Z,,Book 50% profit in copper @ 6.47,Book 50% profit in copper @ 6.47,3bbe81e21ba8dce4,TRADE_ACTION,REDUCE_POSITION,SINGLE_INSTRUMENT,,copper,COPPER,"[""COPPER""]",,,,,50.0,CURRENT_HOLDING,0.5,EXPLICIT_PERCENT,False,[6.47],6.47,,[],,,False,False,False,True,0.99,False,AUTO_HIGH_CONFIDENCE,RULE_BASED_AND_CURATED,Explicit percentage reduction of current holding.,REDUCE_POSITION uses current holding: new_holding = current_holding * (1 - quantity_percent / 100).,1,1,False,READY_FOR_AUTO_APPLY
773,6a2c5524b0b2fbc3f68c7645,6a0d8832835de84db3693580,International Market,GLOBAL_EQUITY,2026-06-12T18:51:16.211Z,2026-06-12T18:51:16.211Z,,Book part profit in nvda @205,Book part profit in nvda @205,cdaa355582946dc0,TRADE_ACTION,REDUCE_POSITION,SINGLE_INSTRUMENT,,nvda,NVDA,"[""NVDA""]",,,,,25.0,CURRENT_HOLDING,0.75,PART_PROFIT_RULE,False,[205.0],205.0,,[],,,False,False,False,True,0.99,False,AUTO_HIGH_CONFIDENCE,RULE_BASED_AND_CURATED,Part/partial profit means sell 25% of current holding.,REDUCE_POSITION uses current holding: new_holding = current_holding * (1 - quantity_percent / 100).,1,1,False,READY_FOR_AUTO_APPLY
774,6a2c5560b0b2fbc3f68c7661,6a0d8832835de84db3693580,International Market,GLOBAL_EQUITY,2026-06-12T18:52:16.311Z,2026-06-12T18:52:16.311Z,,Day traders book profit in NBIS @238.40,Day traders book profit in NBIS @238.40,c100ca9d67c594d3,TRADE_ACTION,CLOSE_POSITION,SINGLE_INSTRUMENT,,NBIS,NBIS,"[""NBIS""]",,,,,100.0,CURRENT_HOLDING,0.0,FULL_EXIT_RULE,False,[238.4],238.4,,[],,,False,False,False,True,0.96,False,AUTO_HIGH_CONFIDENCE,RULE_BASED_AND_CURATED,Unqualified 'book profit' closes all remaining holding.,REDUCE_POSITION uses current holding: new_holding = current_holding * (1 - quantity_percent / 100).,1,1,False,READY_FOR_AUTO_APPLY
775,6a2f3fa8b0b2fbc3f68c7de0,6a0d8832835de84db3693580,International Market,GLOBAL_COMMODITY,2026-06-14T23:56:24.083Z,2026-06-14T23:56:24.083Z,,Book 50% profit in copper July @6.52,Book 50% profit in copper July @6.52,c5652320cc5ac8ee,TRADE_ACTION,REDUCE_POSITION,SINGLE_INSTRUMENT,,copper July,COPPER,"[""COPPER""]",JUL,,,,50.0,CURRENT_HOLDING,0.5,EXPLICIT_PERCENT,False,[6.52],6.52,,[],,,False,False,False,True,0.99,False,AUTO_HIGH_CONFIDENCE,RULE_BASED_AND_CURATED,Explicit percentage reduction of current holding.,REDUCE_POSITION uses current holding: new_holding = current_holding * (1 - quantity_percent / 100).,1,1,False,READY_FOR_AUTO_APPLY
776,6a2f3fe6b0b2fbc3f68c7e14,6a0d8832835de84db3693580,International Market,GLOBAL_COMMODITY,2026-06-14T23:57:26.422Z,2026-06-14T23:57:26.422Z,,Book 50% profit in crude @80.94,Book 50% profit in crude @80.94,d84298ab9cef2c8e,TRADE_ACTION,REDUCE_POSITION,SINGLE_INSTRUMENT,,crude,CRUDE,"[""CRUDE""]",,,,,50.0,CURRENT_HOLDING,0.5,EXPLICIT_PERCENT,False,[80.94],80.94,,[],,,False,False,False,True,0.99,False,AUTO_HIGH_CONFIDENCE,RULE_BASED_AND_CURATED,Explicit percentage reduction of current holding.,REDUCE_POSITION uses current holding: new_holding = current_holding * (1 - quantity_percent / 100).,1,1,False,READY_FOR_AUTO_APPLY
777,6a2f4172b0b2fbc3f68c7e36,6a0d8832835de84db3693580,International Market,GLOBAL_INDEX_OR_MACRO,2026-06-15T00:04:02.762Z,2026-06-15T00:04:02.762Z,,Book 50% profit in us 30 y t bond @112.97,Book 50% profit in us 30 y t bond @112.97,22b42819912ed3dc,TRADE_ACTION,REDUCE_POSITION,SINGLE_INSTRUMENT,,us 30 y t bond,US_30Y_T_BOND,"[""US_30Y_T_BOND""]",,,,,50.0,CURRENT_HOLDING,0.5,EXPLICIT_PERCENT,False,[112.97],112.97,,[],,,False,False,False,True,0.99,False,AUTO_HIGH_CONFIDENCE,RULE_BASED_AND_CURATED,Explicit percentage reduction of current holding.,REDUCE_POSITION uses current holding: new_holding = current_holding * (1 - quantity_percent / 100).,1,1,False,READY_FOR_AUTO_APPLY
778,6a2f7272b0b2fbc3f68c8458,6a0d881f835de84db369357c,MCX,INDIA_COMMODITY,2026-06-15T03:33:06.922Z,2026-06-15T03:33:06.922Z,,50% profit book in crudeoilmini@7638,50% profit book in crudeoilmini @7638,140373362d175bc1,TRADE_ACTION,REDUCE_POSITION,SINGLE_INSTRUMENT,,crudeoilmini,CRUDE_MINI,"[""CRUDE_MINI""]",,,,,50.0,CURRENT_HOLDING,0.5,EXPLICIT_PERCENT,False,[7638.0],7638.0,,[],,,False,False,False,True,0.99,False,AUTO_HIGH_CONFIDENCE,RULE_BASED_AND_CURATED,Explicit percentage reduction of current holding.,REDUCE_POSITION uses current holding: new_holding = current_holding * (1 - quantity_percent / 100).,1,1,False,READY_FOR_AUTO_APPLY
779,6a2f77c7b0b2fbc3f68c85b5,6a0d87fb835de84db3693578,NSE,INDIA_EQUITY,2026-06-15T03:55:51.034Z,2026-06-15T03:55:51.034Z,,FULL PROFIT BOOK IN HDFCBANK@776.50,FULL PROFIT BOOK IN HDFCBANK @776.50,768798065559d1d6,TRADE_ACTION,CLOSE_POSITION,SINGLE_INSTRUMENT,,HDFCBANK,HDFCBANK,"[""HDFCBANK""]",,,,,100.0,CURRENT_HOLDING,0.0,FULL_EXIT_RULE,False,[776.5],776.5,,[],,,False,False,False,True,0.99,False,AUTO_HIGH_CONFIDENCE,RULE_BASED_AND_CURATED,Explicit full exit.,REDUCE_POSITION uses current holding: new_holding = current_holding * (1 - quantity_percent / 100).,1,1,False,READY_FOR_AUTO_APPLY
780,6a2f77e4b0b2fbc3f68c85ea,6a0d87fb835de84db3693578,NSE,INDIA_EQUITY,2026-06-15T03:56:20.898Z,2026-06-15T03:56:20.898Z,,50% PROFIT BOOK IN RELIANCE@1319,50% PROFIT BOOK IN RELIANCE @1319,e8cf1dc0ba6acf5f,TRADE_ACTION,REDUCE_POSITION,SINGLE_INSTRUMENT,,RELIANCE,RELIANCE,"[""RELIANCE""]",,,,,50.0,CURRENT_HOLDING,0.5,EXPLICIT_PERCENT,False,[1319.0],1319.0,,[],,,False,False,False,True,0.99,False,AUTO_HIGH_CONFIDENCE,RULE_BASED_AND_CURATED,Explicit percentage reduction of current holding.,REDUCE_POSITION uses current holding: new_holding = current_holding * (1 - quantity_percent / 100).,1,1,False,READY_FOR_AUTO_APPLY
781,6a2f786db0b2fbc3f68c8604,6a0d87fb835de84db3693578,NSE,INDIA_EQUITY,2026-06-15T03:58:37.134Z,2026-06-15T03:58:37.134Z,,PART PROFIT BOOK IN SILVERBEES@237,PART PROFIT BOOK IN SILVERBEES @237,2e1c5f3655b51171,TRADE_ACTION,REDUCE_POSITION,SINGLE_INSTRUMENT,,SILVERBEES,SILVERBEES,"[""SILVERBEES""]",,,,,25.0,CURRENT_HOLDING,0.75,PART_PROFIT_RULE,False,[237.0],237.0,,[],,,False,False,False,True,0.99,False,AUTO_HIGH_CONFIDENCE,RULE_BASED_AND_CURATED,Part/partial profit means sell 25% of current holding.,REDUCE_POSITION uses current holding: new_holding = current_holding * (1 - quantity_percent / 100).,1,1,False,READY_FOR_AUTO_APPLY
782,6a2f86efb0b2fbc3f68c878e,6a0d87fb835de84db3693578,NSE,INDIA_EQUITY,2026-06-15T05:00:31.939Z,2026-06-15T05:00:31.939Z,,50% PROFIT BOOK IN BEL@411,50% PROFIT BOOK IN BEL @411,42ee35c52d6aab21,TRADE_ACTION,REDUCE_POSITION,SINGLE_INSTRUMENT,,BEL,BEL,"[""BEL""]",,,,,50.0,CURRENT_HOLDING,0.5,EXPLICIT_PERCENT,False,[411.0],411.0,,[],,,False,False,False,True,0.99,False,AUTO_HIGH_CONFIDENCE,RULE_BASED_AND_CURATED,Explicit percentage reduction of current holding.,REDUCE_POSITION uses current holding: new_holding = current_holding * (1 - quantity_percent / 100).,1,1,False,READY_FOR_AUTO_APPLY
783,6a2f8d7fb0b2fbc3f68c89c1,6a0d87fb835de84db3693578,NSE,INDIA_EQUITY,2026-06-15T05:28:31.784Z,2026-06-15T05:28:31.784Z,,50% PROFIT BOOK IN WIPRO@182,50% PROFIT BOOK IN WIPRO @182,cf67a62885656cf0,TRADE_ACTION,REDUCE_POSITION,SINGLE_INSTRUMENT,,WIPRO,WIPRO,"[""WIPRO""]",,,,,50.0,CURRENT_HOLDING,0.5,EXPLICIT_PERCENT,False,[182.0],182.0,,[],,,False,False,False,True,0.99,False,AUTO_HIGH_CONFIDENCE,RULE_BASED_AND_CURATED,Explicit percentage reduction of current holding.,REDUCE_POSITION uses current holding: new_holding = current_holding * (1 - quantity_percent / 100).,1,1,False,READY_FOR_AUTO_APPLY
784,6a2f9b2bb0b2fbc3f68c8b62,6a20c6ae59359ea1faef274f,Indian Indices,INDIA_INDEX,2026-06-15T06:26:51.461Z,2026-06-15T06:26:51.461Z,,DAY TRADER FULL PROFIT BOOK IN NIFTY (STRIKE 23800/ JUNE)CE 365,DAY TRADER FULL PROFIT BOOK IN NIFTY (STRIKE 23800/ JUNE)CE 365,7991324349258979,TRADE_ACTION,CLOSE_POSITION,SINGLE_INSTRUMENT,,NIFTY,NIFTY,"[""NIFTY""]",JUN,23800,CE,,100.0,CURRENT_HOLDING,0.0,FULL_EXIT_RULE,False,[],,,[],,,False,False,False,True,0.99,False,AUTO_HIGH_CONFIDENCE,RULE_BASED_AND_CURATED,Explicit full exit.,REDUCE_POSITION uses current holding: new_holding = current_holding * (1 - quantity_percent / 100).,1,1,False,READY_FOR_AUTO_APPLY
785,6a2f9b58b0b2fbc3f68c8bbf,6a20c6ae59359ea1faef274f,Indian Indices,INDIA_INDEX,2026-06-15T06:27:36.130Z,2026-06-15T06:27:36.130Z,,BUY 50% NIFTY (STRIKE 24000/JUNE) CE @251 TGT 350-450,BUY 50% NIFTY (STRIKE 24000/JUNE) CE @251 TGT 350-450,95b1f09dc5e68d1d,TRADE_ACTION,OPEN_LONG,SINGLE_INSTRUMENT,,NIFTY (STRIKE,NIFTY_STRIKE,"[""NIFTY_STRIKE""]",JUN,24000,CE,LONG,50.0,MODEL_ALLOCATION,,EXPLICIT_PERCENT,False,[251.0],251.0,,"[350.0, 450.0]",350.0,450.0,False,False,False,True,0.98,False,AUTO_HIGH_CONFIDENCE,RULE_BASED_AND_CURATED,Buy instruction.,REDUCE_POSITION uses current holding: new_holding = current_holding * (1 - quantity_percent / 100).,1,1,False,READY_FOR_AUTO_APPLY
786,6a2fad16b0b2fbc3f68c8cc8,6a0d87fb835de84db3693578,NSE,INDIA_EQUITY,2026-06-15T07:43:18.093Z,2026-06-15T07:43:18.093Z,,FULL PROFIT BOOK IN M&M @3171,FULL PROFIT BOOK IN M&M @3171,f496badad029f151,TRADE_ACTION,CLOSE_POSITION,SINGLE_INSTRUMENT,,M&M,M&M,"[""M&M""]",,,,,100.0,CURRENT_HOLDING,0.0,FULL_EXIT_RULE,False,[3171.0],3171.0,,[],,,False,False,False,True,0.99,False,AUTO_HIGH_CONFIDENCE,RULE_BASED_AND_CURATED,Explicit full exit.,REDUCE_POSITION uses current holding: new_holding = current_holding * (1 - quantity_percent / 100).,1,1,False,READY_FOR_AUTO_APPLY
787,6a2fbcefb0b2fbc3f68c8da7,6a0d87fb835de84db3693578,NSE,INDIA_EQUITY,2026-06-15T08:50:55.918Z,2026-06-15T08:50:55.918Z,,full profit book in bhartiartl@1855.20,full profit book in bhartiartl @1855.20,42c50eca07050f3b,TRADE_ACTION,CLOSE_POSITION,SINGLE_INSTRUMENT,,bhartiartl,BHARTIARTL,"[""BHARTIARTL""]",,,,,100.0,CURRENT_HOLDING,0.0,FULL_EXIT_RULE,False,[1855.2],1855.2,,[],,,False,False,False,True,0.99,False,AUTO_HIGH_CONFIDENCE,RULE_BASED_AND_CURATED,Explicit full exit.,REDUCE_POSITION uses current holding: new_holding = current_holding * (1 - quantity_percent / 100).,1,1,False,READY_FOR_AUTO_APPLY
788,6a2fbd5fb0b2fbc3f68c8e0b,6a0d87fb835de84db3693578,NSE,INDIA_EQUITY,2026-06-15T08:52:47.924Z,2026-06-15T08:52:56.454Z,2026-06-15T08:52:56.453Z,FULL PROFIT BOOK IN HDFCLIFE@575.60,FULL PROFIT BOOK IN HDFCLIFE @575.60,7880feecd19c6c52,TRADE_ACTION,CLOSE_POSITION,SINGLE_INSTRUMENT,,HDFCLIFE,HDFCLIFE,"[""HDFCLIFE""]",,,,,100.0,CURRENT_HOLDING,0.0,FULL_EXIT_RULE,False,[575.6],575.6,,[],,,False,False,False,True,0.99,False,AUTO_HIGH_CONFIDENCE,RULE_BASED_AND_CURATED,Explicit full exit.,REDUCE_POSITION uses current holding: new_holding = current_holding * (1 - quantity_percent / 100).,1,1,False,READY_FOR_AUTO_APPLY
789,6a2fc7e1b0b2fbc3f68c9104,6a20c6ae59359ea1faef274f,Indian Indices,INDIA_INDEX,2026-06-15T09:37:37.132Z,2026-06-15T09:37:37.132Z,,IF YOU ALREADY BOOKED PROFIT IN NIFTY THEN ONLY 50% BUY NIFTY@23911 SL23700 TGT 24500,IF YOU ALREADY BOOKED PROFIT IN NIFTY THEN ONLY 50% BUY NIFTY @23911 SL23700 TGT 24500,bef4878934d70c4f,TRADE_CONTROL,CONDITIONAL_INSTRUCTION,NONE,,,,[],,,,,,NONE,,NOT_APPLICABLE,False,[23911.0],23911.0,23700.0,[24500.0],24500.0,,False,False,True,False,0.88,True,REVIEW_REQUIRED,RULE_BASED_AND_CURATED,Conditional instruction requiring external state.,REDUCE_POSITION uses current holding: new_holding = current_holding * (1 - quantity_percent / 100).,1,1,False,MANUAL_OR_CONTEXT_REVIEW
790,6a2fc811b0b2fbc3f68c9123,6a0d87fb835de84db3693578,NSE,INDIA_EQUITY,2026-06-15T09:38:25.306Z,2026-06-15T09:40:11.999Z,2026-06-15T09:40:11.999Z,buy eternal@253 sl 249 tgt 280,buy eternal @253 sl 249 tgt 280,20c0c18d3e8fe8ca,TRADE_ACTION,OPEN_LONG,SINGLE_INSTRUMENT,,eternal,ETERNAL,"[""ETERNAL""]",,,,LONG,100.0,MODEL_ALLOCATION,,DEFAULT_FULL_ALLOCATION,True,[253.0],253.0,249.0,[280.0],280.0,,False,False,False,True,0.98,False,AUTO_HIGH_CONFIDENCE,RULE_BASED_AND_CURATED,Buy instruction.,REDUCE_POSITION uses current holding: new_holding = current_holding * (1 - quantity_percent / 100).,1,1,False,READY_FOR_AUTO_APPLY
791,6a2fc843b0b2fbc3f68c928d,6a0d87fb835de84db3693578,NSE,INDIA_EQUITY,2026-06-15T09:39:15.787Z,2026-06-15T09:44:22.538Z,2026-06-15T09:44:22.537Z,BUY BANKBARODA@276.50 SL 272 TGT 280-284,BUY BANKBARODA @276.50 SL 272 TGT 280-284,ba56bf666a7239c6,TRADE_ACTION,OPEN_LONG,SINGLE_INSTRUMENT,,BANKBARODA,BANKBARODA,"[""BANKBARODA""]",,,,LONG,100.0,MODEL_ALLOCATION,,DEFAULT_FULL_ALLOCATION,True,[276.5],276.5,272.0,"[280.0, 284.0]",280.0,284.0,False,False,False,True,0.98,False,AUTO_HIGH_CONFIDENCE,RULE_BASED_AND_CURATED,Buy instruction.,REDUCE_POSITION uses current holding: new_holding = current_holding * (1 - quantity_percent / 100).,1,1,False,READY_FOR_AUTO_APPLY
792,6a2fc85db0b2fbc3f68c92cd,6a0d87fb835de84db3693578,NSE,INDIA_EQUITY,2026-06-15T09:39:41.038Z,2026-06-15T09:41:32.784Z,2026-06-15T09:41:32.783Z,BUY DLF@615 SL 605 TGT 620-628,BUY DLF @615 SL 605 TGT 620-628,019f3c7a0aecc1c4,TRADE_ACTION,OPEN_LONG,SINGLE_INSTRUMENT,,DLF,DLF,"[""DLF""]",,,,LONG,100.0,MODEL_ALLOCATION,,DEFAULT_FULL_ALLOCATION,True,[615.0],615.0,605.0,"[620.0, 628.0]",620.0,628.0,False,False,False,True,0.98,False,AUTO_HIGH_CONFIDENCE,RULE_BASED_AND_CURATED,Buy instruction.,REDUCE_POSITION uses current holding: new_holding = current_holding * (1 - quantity_percent / 100).,1,1,False,READY_FOR_AUTO_APPLY
793,6a33f57c1226b8e7029dc2d0,6a0d8832835de84db3693580,International Market,GLOBAL_EQUITY,2026-06-18T13:41:16.530Z,2026-06-18T13:41:16.530Z,,Book profit in AVGO @410,Book profit in AVGO @410,2f712424170747c7,TRADE_ACTION,CLOSE_POSITION,SINGLE_INSTRUMENT,,AVGO,AVGO,"[""AVGO""]",,,,,100.0,CURRENT_HOLDING,0.0,FULL_EXIT_RULE,False,[410.0],410.0,,[],,,False,False,False,True,0.96,False,AUTO_HIGH_CONFIDENCE,RULE_BASED_AND_CURATED,Unqualified 'book profit' closes all remaining holding.,REDUCE_POSITION uses current holding: new_holding = current_holding * (1 - quantity_percent / 100).,1,1,False,READY_FOR_AUTO_APPLY
794,6a33f5f51226b8e7029dc2fa,6a0d8832835de84db3693580,International Market,GLOBAL_EQUITY,2026-06-18T13:43:17.440Z,2026-06-18T13:43:17.440Z,,Book 50% profit in amd @534,Book 50% profit in amd @534,bcd1e1c0c6e04cde,TRADE_ACTION,REDUCE_POSITION,SINGLE_INSTRUMENT,,amd,AMD,"[""AMD""]",,,,,50.0,CURRENT_HOLDING,0.5,EXPLICIT_PERCENT,False,[534.0],534.0,,[],,,False,False,False,True,0.99,False,AUTO_HIGH_CONFIDENCE,RULE_BASED_AND_CURATED,Explicit percentage reduction of current holding.,REDUCE_POSITION uses current holding: new_holding = current_holding * (1 - quantity_percent / 100).,1,1,False,READY_FOR_AUTO_APPLY
795,6a33f69d1226b8e7029dc35b,6a0d8832835de84db3693580,International Market,GLOBAL_EQUITY,2026-06-18T13:46:05.218Z,2026-06-18T13:46:05.218Z,,Book 50% profit in sndk @2110,Book 50% profit in sndk @2110,13818b10433a072b,TRADE_ACTION,REDUCE_POSITION,SINGLE_INSTRUMENT,,sndk,SNDK,"[""SNDK""]",,,,,50.0,CURRENT_HOLDING,0.5,EXPLICIT_PERCENT,False,[2110.0],2110.0,,[],,,False,False,False,True,0.99,False,AUTO_HIGH_CONFIDENCE,RULE_BASED_AND_CURATED,Explicit percentage reduction of current holding.,REDUCE_POSITION uses current holding: new_holding = current_holding * (1 - quantity_percent / 100).,1,1,False,READY_FOR_AUTO_APPLY
796,6a33fb911226b8e7029dc52c,6a0d8832835de84db3693580,International Market,GLOBAL_INDEX_OR_MACRO,2026-06-18T14:07:13.283Z,2026-06-18T14:07:13.283Z,,Book 50% profit in nasdaq @30255,Book 50% profit in nasdaq @30255,125bde316dd14f89,TRADE_ACTION,REDUCE_POSITION,SINGLE_INSTRUMENT,,nasdaq,NASDAQ,"[""NASDAQ""]",,,,,50.0,CURRENT_HOLDING,0.5,EXPLICIT_PERCENT,False,[30255.0],30255.0,,[],,,False,False,False,True,0.99,False,AUTO_HIGH_CONFIDENCE,RULE_BASED_AND_CURATED,Explicit percentage reduction of current holding.,REDUCE_POSITION uses current holding: new_holding = current_holding * (1 - quantity_percent / 100).,1,1,False,READY_FOR_AUTO_APPLY
797,6a340df11226b8e7029dcc6b,6a0d8832835de84db3693580,International Market,GLOBAL_EQUITY,2026-06-18T15:25:37.713Z,2026-06-18T15:25:37.713Z,,Book profit in sndk @ 2180,Book profit in sndk @ 2180,ab35b2c5182f46d7,TRADE_ACTION,CLOSE_POSITION,SINGLE_INSTRUMENT,,sndk,SNDK,"[""SNDK""]",,,,,100.0,CURRENT_HOLDING,0.0,FULL_EXIT_RULE,False,[2180.0],2180.0,,[],,,False,False,False,True,0.96,False,AUTO_HIGH_CONFIDENCE,RULE_BASED_AND_CURATED,Unqualified 'book profit' closes all remaining holding.,REDUCE_POSITION uses current holding: new_holding = current_holding * (1 - quantity_percent / 100).,1,1,False,READY_FOR_AUTO_APPLY
798,6a34170e1226b8e7029dcded,6a0d8832835de84db3693580,International Market,GLOBAL_COMMODITY,2026-06-18T16:04:30.005Z,2026-06-18T16:04:30.005Z,,Buy crude aug @ 73.82 with SL 72.00 for target 77.00-78.00,Buy crude aug @ 73.82 with SL 72.00 for target 77.00-78.00,eb610dd3a1dd2902,TRADE_ACTION,OPEN_LONG,SINGLE_INSTRUMENT,,crude aug,CRUDE,"[""CRUDE""]",AUG,,,LONG,100.0,MODEL_ALLOCATION,,DEFAULT_FULL_ALLOCATION,True,[73.82],73.82,72.0,"[77.0, 78.0]",77.0,78.0,False,False,False,True,0.98,False,AUTO_HIGH_CONFIDENCE,RULE_BASED_AND_CURATED,Buy instruction.,REDUCE_POSITION uses current holding: new_holding = current_holding * (1 - quantity_percent / 100).,1,1,False,READY_FOR_AUTO_APPLY
799,6a3417531226b8e7029dce09,6a0d8832835de84db3693580,International Market,GLOBAL_EQUITY,2026-06-18T16:05:39.893Z,2026-06-18T16:05:39.893Z,,Book profit in MU @ 1126,Book profit in MU @ 1126,c5d78a7e52190cf4,TRADE_ACTION,CLOSE_POSITION,SINGLE_INSTRUMENT,,MU,MU,"[""MU""]",,,,,100.0,CURRENT_HOLDING,0.0,FULL_EXIT_RULE,False,[1126.0],1126.0,,[],,,False,False,False,True,0.96,False,AUTO_HIGH_CONFIDENCE,RULE_BASED_AND_CURATED,Unqualified 'book profit' closes all remaining holding.,REDUCE_POSITION uses current holding: new_holding = current_holding * (1 - quantity_percent / 100).,1,1,False,READY_FOR_AUTO_APPLY
800,6a3417ae1226b8e7029dce56,6a0d8832835de84db3693580,International Market,GLOBAL_EQUITY,2026-06-18T16:07:10.542Z,2026-06-18T16:07:10.542Z,,Book 50% profit on soxl @ 278,Book 50% profit on soxl @ 278,df96ecdc6c54597b,TRADE_ACTION,REDUCE_POSITION,SINGLE_INSTRUMENT,,soxl,SOXL,"[""SOXL""]",,,,,50.0,CURRENT_HOLDING,0.5,EXPLICIT_PERCENT,False,[278.0],278.0,,[],,,False,False,False,True,0.99,False,AUTO_HIGH_CONFIDENCE,RULE_BASED_AND_CURATED,Explicit percentage reduction of current holding.,REDUCE_POSITION uses current holding: new_holding = current_holding * (1 - quantity_percent / 100).,1,1,False,READY_FOR_AUTO_APPLY
801,6a3417f51226b8e7029dce78,6a0d881f835de84db369357c,MCX,INDIA_COMMODITY,2026-06-18T16:08:21.578Z,2026-06-18T16:08:21.578Z,,Buy crudeoilmini @ 7005 SL 6840 TGT 7200-7300,Buy crudeoilmini @ 7005 SL 6840 TGT 7200-7300,4c10fb32ea5d203b,TRADE_ACTION,OPEN_LONG,SINGLE_INSTRUMENT,,crudeoilmini,CRUDE_MINI,"[""CRUDE_MINI""]",,,,LONG,100.0,MODEL_ALLOCATION,,DEFAULT_FULL_ALLOCATION,True,[7005.0],7005.0,6840.0,"[7200.0, 7300.0]",7200.0,7300.0,False,False,False,True,0.98,False,AUTO_HIGH_CONFIDENCE,RULE_BASED_AND_CURATED,Buy instruction.,REDUCE_POSITION uses current holding: new_holding = current_holding * (1 - quantity_percent / 100).,1,1,False,READY_FOR_AUTO_APPLY
802,6a3429781226b8e7029dd15f,6a0d8832835de84db3693580,International Market,GLOBAL_EQUITY,2026-06-18T17:23:04.329Z,2026-06-18T17:23:04.329Z,,Buy 50% spcx @178.80 for target 210-225,Buy 50% spcx @178.80 for target 210-225,225507509b6e0038,TRADE_ACTION,OPEN_LONG,SINGLE_INSTRUMENT,,spcx,SPCX,"[""SPCX""]",,,,LONG,50.0,MODEL_ALLOCATION,,EXPLICIT_PERCENT,False,[178.8],178.8,,"[210.0, 225.0]",210.0,225.0,False,False,False,True,0.98,False,AUTO_HIGH_CONFIDENCE,RULE_BASED_AND_CURATED,Buy instruction.,REDUCE_POSITION uses current holding: new_holding = current_holding * (1 - quantity_percent / 100).,1,1,False,READY_FOR_AUTO_APPLY
803,6a344c011226b8e7029dd479,6a0d8832835de84db3693580,International Market,GLOBAL_EQUITY,2026-06-18T19:50:25.940Z,2026-06-18T19:50:25.940Z,,Buy 50% MU @ 1138 for target 1180-1200,Buy 50% MU @ 1138 for target 1180-1200,ec47a05d3514203e,TRADE_ACTION,OPEN_LONG,SINGLE_INSTRUMENT,,MU,MU,"[""MU""]",,,,LONG,50.0,MODEL_ALLOCATION,,EXPLICIT_PERCENT,False,[1138.0],1138.0,,"[1180.0, 1200.0]",1180.0,1200.0,False,False,False,True,0.98,False,AUTO_HIGH_CONFIDENCE,RULE_BASED_AND_CURATED,Buy instruction.,REDUCE_POSITION uses current holding: new_holding = current_holding * (1 - quantity_percent / 100).,1,1,False,READY_FOR_AUTO_APPLY
804,6a344c2e1226b8e7029dd487,6a0d8832835de84db3693580,International Market,GLOBAL_EQUITY,2026-06-18T19:51:10.921Z,2026-06-18T19:51:10.921Z,,Buy 50% crwd @ 1107 for target 114-122,Buy 50% crwd @ 1107 for target 114-122,27428cbc9babd6f1,TRADE_ACTION,OPEN_LONG,SINGLE_INSTRUMENT,,crwd,CRWD,"[""CRWD""]",,,,LONG,50.0,MODEL_ALLOCATION,,EXPLICIT_PERCENT,False,[1107.0],1107.0,,"[114.0, 122.0]",114.0,122.0,False,False,False,True,0.98,False,AUTO_HIGH_CONFIDENCE,RULE_BASED_AND_CURATED,Buy instruction.,REDUCE_POSITION uses current holding: new_holding = current_holding * (1 - quantity_percent / 100).,1,1,False,READY_FOR_AUTO_APPLY
805,6a344c741226b8e7029dd4a3,6a0d8832835de84db3693580,International Market,GLOBAL_EQUITY,2026-06-18T19:52:20.145Z,2026-06-18T19:52:20.145Z,,Buy 50% wdc @748 with SL 729 for target 800-820,Buy 50% wdc @748 with SL 729 for target 800-820,3826ae2c6cb64435,TRADE_ACTION,OPEN_LONG,SINGLE_INSTRUMENT,,wdc,WDC,"[""WDC""]",,,,LONG,50.0,MODEL_ALLOCATION,,EXPLICIT_PERCENT,False,[748.0],748.0,729.0,"[800.0, 820.0]",800.0,820.0,False,False,False,True,0.98,False,AUTO_HIGH_CONFIDENCE,RULE_BASED_AND_CURATED,Buy instruction.,REDUCE_POSITION uses current holding: new_holding = current_holding * (1 - quantity_percent / 100).,1,1,False,READY_FOR_AUTO_APPLY
806,6a344ca91226b8e7029dd4bf,6a0d8832835de84db3693580,International Market,GLOBAL_EQUITY,2026-06-18T19:53:13.399Z,2026-06-18T19:53:13.399Z,,Buy 50% arm @441 for target 455-475,Buy 50% arm @441 for target 455-475,b1940f42eb7b19a0,TRADE_ACTION,OPEN_LONG,SINGLE_INSTRUMENT,,arm,ARM,"[""ARM""]",,,,LONG,50.0,MODEL_ALLOCATION,,EXPLICIT_PERCENT,False,[441.0],441.0,,"[455.0, 475.0]",455.0,475.0,False,False,False,True,0.98,False,AUTO_HIGH_CONFIDENCE,RULE_BASED_AND_CURATED,Buy instruction.,REDUCE_POSITION uses current holding: new_holding = current_holding * (1 - quantity_percent / 100).,1,1,False,READY_FOR_AUTO_APPLY
807,6a344ceb1226b8e7029dd4e7,6a0d8832835de84db3693580,International Market,GLOBAL_EQUITY,2026-06-18T19:54:19.131Z,2026-06-18T19:54:19.131Z,,Buy 50% stx @1071 for target 1150-1180,Buy 50% stx @1071 for target 1150-1180,347c23f2aad80df0,TRADE_ACTION,OPEN_LONG,SINGLE_INSTRUMENT,,stx,STX,"[""STX""]",,,,LONG,50.0,MODEL_ALLOCATION,,EXPLICIT_PERCENT,False,[1071.0],1071.0,,"[1150.0, 1180.0]",1150.0,1180.0,False,False,False,True,0.98,False,AUTO_HIGH_CONFIDENCE,RULE_BASED_AND_CURATED,Buy instruction.,REDUCE_POSITION uses current holding: new_holding = current_holding * (1 - quantity_percent / 100).,1,1,False,READY_FOR_AUTO_APPLY
808,6a344d0e1226b8e7029dd4fe,6a0d8832835de84db3693580,International Market,GLOBAL_EQUITY,2026-06-18T19:54:54.048Z,2026-06-18T19:54:54.048Z,,Buy 50% ASML @ 1932 with SL 1900 for target 1980-2000,Buy 50% ASML @ 1932 with SL 1900 for target 1980-2000,0720c670017e9a96,TRADE_ACTION,OPEN_LONG,SINGLE_INSTRUMENT,,ASML,ASML,"[""ASML""]",,,,LONG,50.0,MODEL_ALLOCATION,,EXPLICIT_PERCENT,False,[1932.0],1932.0,1900.0,"[1980.0, 2000.0]",1980.0,2000.0,False,False,False,True,0.98,False,AUTO_HIGH_CONFIDENCE,RULE_BASED_AND_CURATED,Buy instruction.,REDUCE_POSITION uses current holding: new_holding = current_holding * (1 - quantity_percent / 100).,1,1,False,READY_FOR_AUTO_APPLY
809,6a344d541226b8e7029dd553,6a0d8832835de84db3693580,International Market,GLOBAL_EQUITY,2026-06-18T19:56:04.896Z,2026-06-18T19:56:04.896Z,,Buy 50% mrvl @313 with SL 299 for target 345,Buy 50% mrvl @313 with SL 299 for target 345,3a23fa47773d0b40,TRADE_ACTION,OPEN_LONG,SINGLE_INSTRUMENT,,mrvl,MRVL,"[""MRVL""]",,,,LONG,50.0,MODEL_ALLOCATION,,EXPLICIT_PERCENT,False,[313.0],313.0,299.0,[345.0],345.0,,False,False,False,True,0.98,False,AUTO_HIGH_CONFIDENCE,RULE_BASED_AND_CURATED,Buy instruction.,REDUCE_POSITION uses current holding: new_holding = current_holding * (1 - quantity_percent / 100).,1,1,False,READY_FOR_AUTO_APPLY
810,6a344e081226b8e7029dd607,6a0d8832835de84db3693580,International Market,GLOBAL_COMMODITY,2026-06-18T19:59:04.359Z,2026-06-18T19:59:04.359Z,,Book 50% profit in ng July @3.23,Book 50% profit in ng July @3.23,0784f4b9d9536fc8,TRADE_ACTION,REDUCE_POSITION,SINGLE_INSTRUMENT,,ng July,NATURAL_GAS,"[""NATURAL_GAS""]",JUL,,,,50.0,CURRENT_HOLDING,0.5,EXPLICIT_PERCENT,False,[3.23],3.23,,[],,,False,False,False,True,0.99,False,AUTO_HIGH_CONFIDENCE,RULE_BASED_AND_CURATED,Explicit percentage reduction of current holding.,REDUCE_POSITION uses current holding: new_holding = current_holding * (1 - quantity_percent / 100).,1,1,False,READY_FOR_AUTO_APPLY
811,6a344e491226b8e7029dd648,6a0d8832835de84db3693580,International Market,GLOBAL_COMMODITY,2026-06-18T20:00:09.184Z,2026-06-18T20:00:09.184Z,,Book 50% profit in crude aug @ 75.67,Book 50% profit in crude aug @ 75.67,46b82bfd9f8c7117,TRADE_ACTION,REDUCE_POSITION,SINGLE_INSTRUMENT,,crude aug,CRUDE,"[""CRUDE""]",AUG,,,,50.0,CURRENT_HOLDING,0.5,EXPLICIT_PERCENT,False,[75.67],75.67,,[],,,False,False,False,True,0.99,False,AUTO_HIGH_CONFIDENCE,RULE_BASED_AND_CURATED,Explicit percentage reduction of current holding.,REDUCE_POSITION uses current holding: new_holding = current_holding * (1 - quantity_percent / 100).,1,1,False,READY_FOR_AUTO_APPLY
812,6a344f531226b8e7029dd6ec,6a0d8832835de84db3693580,International Market,GLOBAL_EQUITY,2026-06-18T20:04:35.075Z,2026-06-18T20:04:35.075Z,,Pls ignore crwd. Buy 50% hood @ 107.80 for target 114-120,Pls ignore crwd. Buy 50% hood @ 107.80 for target 114-120,33b87ada02dc0bad,TRADE_CONTROL,CANCEL_PREVIOUS,NONE,,,,[],,,,,,NONE,,NOT_APPLICABLE,False,[107.8],107.8,,"[114.0, 120.0]",114.0,120.0,False,False,True,False,0.98,False,AUTO_HIGH_CONFIDENCE,RULE_BASED_AND_CURATED,Explicit ignore/cancel instruction.,REDUCE_POSITION uses current holding: new_holding = current_holding * (1 - quantity_percent / 100).,1,1,False,MANUAL_OR_CONTEXT_REVIEW
813,6a3450971226b8e7029dd747,6a0d8832835de84db3693580,International Market,GLOBAL_EQUITY,2026-06-18T20:09:59.011Z,2026-06-18T20:09:59.011Z,,Buy 50% sndk @ 2205 for target 2250-2270,Buy 50% sndk @ 2205 for target 2250-2270,79ba1e7061cade63,TRADE_ACTION,OPEN_LONG,SINGLE_INSTRUMENT,,sndk,SNDK,"[""SNDK""]",,,,LONG,50.0,MODEL_ALLOCATION,,EXPLICIT_PERCENT,False,[2205.0],2205.0,,"[2250.0, 2270.0]",2250.0,2270.0,False,False,False,True,0.98,False,AUTO_HIGH_CONFIDENCE,RULE_BASED_AND_CURATED,Buy instruction.,REDUCE_POSITION uses current holding: new_holding = current_holding * (1 - quantity_percent / 100).,1,1,False,READY_FOR_AUTO_APPLY
814,6a34b88d1226b8e7029de36c,6a0d881f835de84db369357c,MCX,INDIA_COMMODITY,2026-06-19T03:33:33.369Z,2026-06-19T03:34:27.689Z,2026-06-19T03:34:27.689Z,50%PROFIT BOOK IN CRUDEM(JULY)@7143,50% PROFIT BOOK IN CRUDEM(JULY)@7143,bd91f120de9cbaa2,TRADE_ACTION,REDUCE_POSITION,SINGLE_INSTRUMENT,,CRUDEM,CRUDE_MINI,"[""CRUDE_MINI""]",JUL,,,,50.0,CURRENT_HOLDING,0.5,EXPLICIT_PERCENT,False,[7143.0],7143.0,,[],,,False,False,False,True,0.99,False,AUTO_HIGH_CONFIDENCE,RULE_BASED_AND_CURATED,Explicit percentage reduction of current holding.,REDUCE_POSITION uses current holding: new_holding = current_holding * (1 - quantity_percent / 100).,1,1,False,READY_FOR_AUTO_APPLY
815,6a34b8a51226b8e7029de3a7,6a0d881f835de84db369357c,MCX,INDIA_COMMODITY,2026-06-19T03:33:57.958Z,2026-06-19T03:33:57.958Z,,SELL NG@302.40 SL 307 TGT 295,SELL NG @302.40 SL 307 TGT 295,da120422ea459f6a,TRADE_ACTION,OPEN_SHORT,SINGLE_INSTRUMENT,,NG,NATURAL_GAS,"[""NATURAL_GAS""]",,,,SHORT,100.0,MODEL_ALLOCATION,,DEFAULT_FULL_ALLOCATION,True,[302.4],302.4,307.0,[295.0],295.0,,False,False,False,True,0.96,False,AUTO_HIGH_CONFIDENCE,RULE_BASED_AND_CURATED,Sell/short instruction.,REDUCE_POSITION uses current holding: new_holding = current_holding * (1 - quantity_percent / 100).,1,1,False,READY_FOR_AUTO_APPLY
816,6a34bbba1226b8e7029de5e5,6a20c6ae59359ea1faef274f,Indian Indices,INDIA_INDEX,2026-06-19T03:47:06.985Z,2026-06-19T03:47:06.985Z,,BUY 50% NIFTY (STRIKE 24000/JUNE) CE @198   TGT 300-350,BUY 50% NIFTY (STRIKE 24000/JUNE) CE @198 TGT 300-350,06ec073308bb7cc7,TRADE_ACTION,OPEN_LONG,SINGLE_INSTRUMENT,,NIFTY (STRIKE,NIFTY_STRIKE,"[""NIFTY_STRIKE""]",JUN,24000,CE,LONG,50.0,MODEL_ALLOCATION,,EXPLICIT_PERCENT,False,[198.0],198.0,,"[300.0, 350.0]",300.0,350.0,False,False,False,True,0.98,False,AUTO_HIGH_CONFIDENCE,RULE_BASED_AND_CURATED,Buy instruction.,REDUCE_POSITION uses current holding: new_holding = current_holding * (1 - quantity_percent / 100).,1,1,False,READY_FOR_AUTO_APPLY
817,6a34bc581226b8e7029de624,6a0d87fb835de84db3693578,NSE,INDIA_EQUITY,2026-06-19T03:49:44.011Z,2026-06-19T03:49:44.011Z,,BUY AMBER@8010 SL 7900 TGT 8240-8340,BUY AMBER @8010 SL 7900 TGT 8240-8340,63971e7528bd5d05,TRADE_ACTION,OPEN_LONG,SINGLE_INSTRUMENT,,AMBER,AMBER,"[""AMBER""]",,,,LONG,100.0,MODEL_ALLOCATION,,DEFAULT_FULL_ALLOCATION,True,[8010.0],8010.0,7900.0,"[8240.0, 8340.0]",8240.0,8340.0,False,False,False,True,0.98,False,AUTO_HIGH_CONFIDENCE,RULE_BASED_AND_CURATED,Buy instruction.,REDUCE_POSITION uses current holding: new_holding = current_holding * (1 - quantity_percent / 100).,1,1,False,READY_FOR_AUTO_APPLY
818,6a34bcb41226b8e7029de6dc,6a0d87fb835de84db3693578,NSE,INDIA_EQUITY,2026-06-19T03:51:16.780Z,2026-06-19T03:51:16.780Z,,BUY TATASTEEL@198 SL 195 TGT 202 -205,BUY TATASTEEL @198 SL 195 TGT 202 -205,e5661140a8094d69,TRADE_ACTION,OPEN_LONG,SINGLE_INSTRUMENT,,TATASTEEL,TATASTEEL,"[""TATASTEEL""]",,,,LONG,100.0,MODEL_ALLOCATION,,DEFAULT_FULL_ALLOCATION,True,[198.0],198.0,195.0,"[202.0, 205.0]",202.0,205.0,False,False,False,True,0.98,False,AUTO_HIGH_CONFIDENCE,RULE_BASED_AND_CURATED,Buy instruction.,REDUCE_POSITION uses current holding: new_holding = current_holding * (1 - quantity_percent / 100).,1,1,False,READY_FOR_AUTO_APPLY
819,6a34bd0e1226b8e7029de750,6a0d87fb835de84db3693578,NSE,INDIA_EQUITY,2026-06-19T03:52:46.489Z,2026-06-19T03:52:46.489Z,,50% PROFIT BOOK IN AMBER@8120,50% PROFIT BOOK IN AMBER @8120,608247273e32cf67,TRADE_ACTION,REDUCE_POSITION,SINGLE_INSTRUMENT,,AMBER,AMBER,"[""AMBER""]",,,,,50.0,CURRENT_HOLDING,0.5,EXPLICIT_PERCENT,False,[8120.0],8120.0,,[],,,False,False,False,True,0.99,False,AUTO_HIGH_CONFIDENCE,RULE_BASED_AND_CURATED,Explicit percentage reduction of current holding.,REDUCE_POSITION uses current holding: new_holding = current_holding * (1 - quantity_percent / 100).,1,1,False,READY_FOR_AUTO_APPLY
820,6a34bf461226b8e7029de965,6a0d87fb835de84db3693578,NSE,INDIA_EQUITY,2026-06-19T04:02:14.978Z,2026-06-19T04:02:23.522Z,2026-06-19T04:02:23.522Z,BUY WIPRO@175.50 SL 172  TGT 182-185,BUY WIPRO @175.50 SL 172 TGT 182-185,2e30b1b4ff55be30,TRADE_ACTION,OPEN_LONG,SINGLE_INSTRUMENT,,WIPRO,WIPRO,"[""WIPRO""]",,,,LONG,100.0,MODEL_ALLOCATION,,DEFAULT_FULL_ALLOCATION,True,[175.5],175.5,172.0,"[182.0, 185.0]",182.0,185.0,False,False,False,True,0.98,False,AUTO_HIGH_CONFIDENCE,RULE_BASED_AND_CURATED,Buy instruction.,REDUCE_POSITION uses current holding: new_holding = current_holding * (1 - quantity_percent / 100).,1,1,False,READY_FOR_AUTO_APPLY
821,6a34c01a1226b8e7029de9a7,6a0d87fb835de84db3693578,NSE,INDIA_EQUITY,2026-06-19T04:05:46.766Z,2026-06-19T04:05:46.766Z,,50% PROFIT BOOK IN BHARTIARTL@1890,50% PROFIT BOOK IN BHARTIARTL @1890,26d8d755af34a5a6,TRADE_ACTION,REDUCE_POSITION,SINGLE_INSTRUMENT,,BHARTIARTL,BHARTIARTL,"[""BHARTIARTL""]",,,,,50.0,CURRENT_HOLDING,0.5,EXPLICIT_PERCENT,False,[1890.0],1890.0,,[],,,False,False,False,True,0.99,False,AUTO_HIGH_CONFIDENCE,RULE_BASED_AND_CURATED,Explicit percentage reduction of current holding.,REDUCE_POSITION uses current holding: new_holding = current_holding * (1 - quantity_percent / 100).,1,1,False,READY_FOR_AUTO_APPLY
822,6a34d1141226b8e7029df0ad,6a0d87fb835de84db3693578,NSE,INDIA_EQUITY,2026-06-19T05:18:12.949Z,2026-06-19T05:18:12.949Z,,BUY AMBER@7715 STRICT SL 7650 TGT 8000-8100,BUY AMBER @7715 STRICT SL 7650 TGT 8000-8100,0e3235c36658a4af,TRADE_ACTION,OPEN_LONG,SINGLE_INSTRUMENT,,AMBER,AMBER,"[""AMBER""]",,,,LONG,100.0,MODEL_ALLOCATION,,DEFAULT_FULL_ALLOCATION,True,[7715.0],7715.0,7650.0,"[8000.0, 8100.0]",8000.0,8100.0,False,False,False,True,0.98,False,AUTO_HIGH_CONFIDENCE,RULE_BASED_AND_CURATED,Buy instruction.,REDUCE_POSITION uses current holding: new_holding = current_holding * (1 - quantity_percent / 100).,1,1,False,READY_FOR_AUTO_APPLY
823,6a34d1ce1226b8e7029df167,6a0d87fb835de84db3693578,NSE,INDIA_EQUITY,2026-06-19T05:21:18.806Z,2026-06-19T05:21:18.806Z,,50% PROFIT BOOK IN LAURUSLABS@1400,50% PROFIT BOOK IN LAURUSLABS @1400,19f9ea48ef439ba6,TRADE_ACTION,REDUCE_POSITION,SINGLE_INSTRUMENT,,LAURUSLABS,LAURUSLABS,"[""LAURUSLABS""]",,,,,50.0,CURRENT_HOLDING,0.5,EXPLICIT_PERCENT,False,[1400.0],1400.0,,[],,,False,False,False,True,0.99,False,AUTO_HIGH_CONFIDENCE,RULE_BASED_AND_CURATED,Explicit percentage reduction of current holding.,REDUCE_POSITION uses current holding: new_holding = current_holding * (1 - quantity_percent / 100).,1,1,False,READY_FOR_AUTO_APPLY
824,6a34d2381226b8e7029df1a5,6a0d87fb835de84db3693578,NSE,INDIA_EQUITY,2026-06-19T05:23:04.939Z,2026-06-19T05:23:04.939Z,,50% PROFIT BOOK IN BAJFINANCE@964.20,50% PROFIT BOOK IN BAJFINANCE @964.20,553d7a832b958a30,TRADE_ACTION,REDUCE_POSITION,SINGLE_INSTRUMENT,,BAJFINANCE,BAJFINANCE,"[""BAJFINANCE""]",,,,,50.0,CURRENT_HOLDING,0.5,EXPLICIT_PERCENT,False,[964.2],964.2,,[],,,False,False,False,True,0.99,False,AUTO_HIGH_CONFIDENCE,RULE_BASED_AND_CURATED,Explicit percentage reduction of current holding.,REDUCE_POSITION uses current holding: new_holding = current_holding * (1 - quantity_percent / 100).,1,1,False,READY_FOR_AUTO_APPLY
825,6a34d4611226b8e7029df2a5,6a0d881f835de84db369357c,MCX,INDIA_COMMODITY,2026-06-19T05:32:17.867Z,2026-06-19T05:32:17.867Z,,FULL PROFIT BOOK IN CRUDEM(JULY)@7214,FULL PROFIT BOOK IN CRUDEM(JULY)@7214,8989543646535a10,TRADE_ACTION,CLOSE_POSITION,SINGLE_INSTRUMENT,,CRUDEM,CRUDE_MINI,"[""CRUDE_MINI""]",JUL,,,,100.0,CURRENT_HOLDING,0.0,FULL_EXIT_RULE,False,[7214.0],7214.0,,[],,,False,False,False,True,0.99,False,AUTO_HIGH_CONFIDENCE,RULE_BASED_AND_CURATED,Explicit full exit.,REDUCE_POSITION uses current holding: new_holding = current_holding * (1 - quantity_percent / 100).,1,1,False,READY_FOR_AUTO_APPLY
826,6a34d8331226b8e7029df348,6a0d87fb835de84db3693578,NSE,INDIA_EQUITY,2026-06-19T05:48:35.318Z,2026-06-19T05:48:45.317Z,2026-06-19T05:48:45.317Z,50% PROFIT BOOK IN AMBER@7855,50% PROFIT BOOK IN AMBER @7855,b955b94b53381a6a,TRADE_ACTION,REDUCE_POSITION,SINGLE_INSTRUMENT,,AMBER,AMBER,"[""AMBER""]",,,,,50.0,CURRENT_HOLDING,0.5,EXPLICIT_PERCENT,False,[7855.0],7855.0,,[],,,False,False,False,True,0.99,False,AUTO_HIGH_CONFIDENCE,RULE_BASED_AND_CURATED,Explicit percentage reduction of current holding.,REDUCE_POSITION uses current holding: new_holding = current_holding * (1 - quantity_percent / 100).,1,1,False,READY_FOR_AUTO_APPLY
827,6a34e52f1226b8e7029df5d5,6a0d87fb835de84db3693578,NSE,INDIA_EQUITY,2026-06-19T06:43:59.166Z,2026-06-19T06:43:59.166Z,,FULL PROFIT BOOK IN AMBER@7965,FULL PROFIT BOOK IN AMBER @7965,e1fa8ece75e7cdc4,TRADE_ACTION,CLOSE_POSITION,SINGLE_INSTRUMENT,,AMBER,AMBER,"[""AMBER""]",,,,,100.0,CURRENT_HOLDING,0.0,FULL_EXIT_RULE,False,[7965.0],7965.0,,[],,,False,False,False,True,0.99,False,AUTO_HIGH_CONFIDENCE,RULE_BASED_AND_CURATED,Explicit full exit.,REDUCE_POSITION uses current holding: new_holding = current_holding * (1 - quantity_percent / 100).,1,1,False,READY_FOR_AUTO_APPLY
828,6a34eb301226b8e7029df717,6a0d87fb835de84db3693578,NSE,INDIA_EQUITY,2026-06-19T07:09:36.547Z,2026-06-19T07:10:40.223Z,2026-06-19T07:10:40.223Z,DELIVERY: FULL PROFIT BOOK IN RBA@77.85,DELIVERY: FULL PROFIT BOOK IN RBA @77.85,454a083e045630cf,TRADE_ACTION,CLOSE_POSITION,SINGLE_INSTRUMENT,,RBA,RBA,"[""RBA""]",,,,,100.0,CURRENT_HOLDING,0.0,FULL_EXIT_RULE,False,[77.85],77.85,,[],,,False,False,False,True,0.99,False,AUTO_HIGH_CONFIDENCE,RULE_BASED_AND_CURATED,Explicit full exit.,REDUCE_POSITION uses current holding: new_holding = current_holding * (1 - quantity_percent / 100).,1,1,False,READY_FOR_AUTO_APPLY
829,6a3502711226b8e7029dfa54,6a0d87fb835de84db3693578,NSE,INDIA_EQUITY,2026-06-19T08:48:49.616Z,2026-06-19T08:48:49.616Z,,INTRADAY 50% PROFIT BOOK IN WIPRO@178.50,INTRADAY 50% PROFIT BOOK IN WIPRO @178.50,0c5aafff372725e3,TRADE_ACTION,REDUCE_POSITION,SINGLE_INSTRUMENT,,WIPRO,WIPRO,"[""WIPRO""]",,,,,50.0,CURRENT_HOLDING,0.5,EXPLICIT_PERCENT,False,[178.5],178.5,,[],,,False,False,False,True,0.99,False,AUTO_HIGH_CONFIDENCE,RULE_BASED_AND_CURATED,Explicit percentage reduction of current holding.,REDUCE_POSITION uses current holding: new_holding = current_holding * (1 - quantity_percent / 100).,1,1,False,READY_FOR_AUTO_APPLY
830,6a3503261226b8e7029dfad3,6a0d87fb835de84db3693578,NSE,INDIA_EQUITY,2026-06-19T08:51:50.665Z,2026-06-19T08:51:50.665Z,,FULL PROFIT BOOK IN BHARTIARTL@1914,FULL PROFIT BOOK IN BHARTIARTL @1914,7c385b1e58a5888d,TRADE_ACTION,CLOSE_POSITION,SINGLE_INSTRUMENT,,BHARTIARTL,BHARTIARTL,"[""BHARTIARTL""]",,,,,100.0,CURRENT_HOLDING,0.0,FULL_EXIT_RULE,False,[1914.0],1914.0,,[],,,False,False,False,True,0.99,False,AUTO_HIGH_CONFIDENCE,RULE_BASED_AND_CURATED,Explicit full exit.,REDUCE_POSITION uses current holding: new_holding = current_holding * (1 - quantity_percent / 100).,1,1,False,READY_FOR_AUTO_APPLY
831,6a3503671226b8e7029dfb1b,6a0d87fb835de84db3693578,NSE,INDIA_EQUITY,2026-06-19T08:52:55.674Z,2026-06-19T08:52:55.674Z,,POSITIONAL BUY INFY@1041 SL 1019 TGT 1080-1120,POSITIONAL BUY INFY @1041 SL 1019 TGT 1080-1120,6c8fce55bcd4d6e1,TRADE_ACTION,OPEN_LONG,SINGLE_INSTRUMENT,,INFY,INFY,"[""INFY""]",,,,LONG,100.0,MODEL_ALLOCATION,,DEFAULT_FULL_ALLOCATION,True,[1041.0],1041.0,1019.0,"[1080.0, 1120.0]",1080.0,1120.0,False,False,False,True,0.98,False,AUTO_HIGH_CONFIDENCE,RULE_BASED_AND_CURATED,Buy instruction.,REDUCE_POSITION uses current holding: new_holding = current_holding * (1 - quantity_percent / 100).,1,1,False,READY_FOR_AUTO_APPLY
832,6a3504641226b8e7029dfc1d,6a0d87fb835de84db3693578,NSE,INDIA_EQUITY,2026-06-19T08:57:08.883Z,2026-06-19T08:57:08.883Z,,BUY FEDERALBANK@324 SL 319 TGT 330-334,BUY FEDERALBANK @324 SL 319 TGT 330-334,89d7b294e79d1391,TRADE_ACTION,OPEN_LONG,SINGLE_INSTRUMENT,,FEDERALBANK,FEDERALBANK,"[""FEDERALBANK""]",,,,LONG,100.0,MODEL_ALLOCATION,,DEFAULT_FULL_ALLOCATION,True,[324.0],324.0,319.0,"[330.0, 334.0]",330.0,334.0,False,False,False,True,0.98,False,AUTO_HIGH_CONFIDENCE,RULE_BASED_AND_CURATED,Buy instruction.,REDUCE_POSITION uses current holding: new_holding = current_holding * (1 - quantity_percent / 100).,1,1,False,READY_FOR_AUTO_APPLY
833,6a350da11226b8e7029dfea2,6a0d87fb835de84db3693578,NSE,INDIA_EQUITY,2026-06-19T09:36:33.048Z,2026-06-19T09:36:33.048Z,,BUY HINDALCO@1014 SL 1002 TGT 1020-1025,BUY HINDALCO @1014 SL 1002 TGT 1020-1025,de4b8a62f03cbdeb,TRADE_ACTION,OPEN_LONG,SINGLE_INSTRUMENT,,HINDALCO,HINDALCO,"[""HINDALCO""]",,,,LONG,100.0,MODEL_ALLOCATION,,DEFAULT_FULL_ALLOCATION,True,[1014.0],1014.0,1002.0,"[1020.0, 1025.0]",1020.0,1025.0,False,False,False,True,0.98,False,AUTO_HIGH_CONFIDENCE,RULE_BASED_AND_CURATED,Buy instruction.,REDUCE_POSITION uses current holding: new_holding = current_holding * (1 - quantity_percent / 100).,1,1,False,READY_FOR_AUTO_APPLY
834,6a350efe1226b8e7029e0062,6a20c6ae59359ea1faef274f,Indian Indices,INDIA_INDEX,2026-06-19T09:42:22.327Z,2026-06-19T09:42:22.327Z,,50% BUY NIFTY @24070 SL 23900 TGT 24200-24400,50% BUY NIFTY @24070 SL 23900 TGT 24200-24400,c33066c4db3c42b4,TRADE_ACTION,OPEN_LONG,SINGLE_INSTRUMENT,,NIFTY,NIFTY,"[""NIFTY""]",,,,LONG,50.0,MODEL_ALLOCATION,,EXPLICIT_PERCENT,False,[24070.0],24070.0,23900.0,"[24200.0, 24400.0]",24200.0,24400.0,False,False,False,True,0.98,False,AUTO_HIGH_CONFIDENCE,RULE_BASED_AND_CURATED,Buy instruction.,REDUCE_POSITION uses current holding: new_holding = current_holding * (1 - quantity_percent / 100).,1,1,False,READY_FOR_AUTO_APPLY
835,6a3882321226b8e7029e161e,6a0d8832835de84db3693580,International Market,GLOBAL_INDEX_OR_MACRO,2026-06-22T00:30:42.709Z,2026-06-22T00:31:50.153Z,2026-06-22T00:31:50.153Z,Buy 50% Dow @51480 with SL 50800 for target 52000-52400,Buy 50% Dow @51480 with SL 50800 for target 52000-52400,a8ddc99c7ba7572b,TRADE_ACTION,OPEN_LONG,SINGLE_INSTRUMENT,,Dow,DOW,"[""DOW""]",,,,LONG,50.0,MODEL_ALLOCATION,,EXPLICIT_PERCENT,False,[51480.0],51480.0,50800.0,"[52000.0, 52400.0]",52000.0,52400.0,False,False,False,True,0.98,False,AUTO_HIGH_CONFIDENCE,RULE_BASED_AND_CURATED,Buy instruction.,REDUCE_POSITION uses current holding: new_holding = current_holding * (1 - quantity_percent / 100).,1,1,False,READY_FOR_AUTO_APPLY
836,6a3882691226b8e7029e162d,6a0d8832835de84db3693580,International Market,GLOBAL_INDEX_OR_MACRO,2026-06-22T00:31:37.035Z,2026-06-22T00:31:37.035Z,,Buy 50% s&p500 @ 7475 with SL 7400 for target 7550-7600,Buy 50% s&p500 @ 7475 with SL 7400 for target 7550-7600,559b7165d6445d61,TRADE_ACTION,OPEN_LONG,SINGLE_INSTRUMENT,,s&p500,SP500,"[""SP500""]",,,,LONG,50.0,MODEL_ALLOCATION,,EXPLICIT_PERCENT,False,[7475.0],7475.0,7400.0,"[7550.0, 7600.0]",7550.0,7600.0,False,False,False,True,0.98,False,AUTO_HIGH_CONFIDENCE,RULE_BASED_AND_CURATED,Buy instruction.,REDUCE_POSITION uses current holding: new_holding = current_holding * (1 - quantity_percent / 100).,1,1,False,READY_FOR_AUTO_APPLY
837,6a3882c21226b8e7029e16ac,6a0d8832835de84db3693580,International Market,GLOBAL_INDEX_OR_MACRO,2026-06-22T00:33:06.471Z,2026-06-22T00:33:06.471Z,,Buy 50% nasdaq @ 30230 with SL 29800 for target 30500-30700,Buy 50% nasdaq @ 30230 with SL 29800 for target 30500-30700,e015f7fd0e5b62d9,TRADE_ACTION,OPEN_LONG,SINGLE_INSTRUMENT,,nasdaq,NASDAQ,"[""NASDAQ""]",,,,LONG,50.0,MODEL_ALLOCATION,,EXPLICIT_PERCENT,False,[30230.0],30230.0,29800.0,"[30500.0, 30700.0]",30500.0,30700.0,False,False,False,True,0.98,False,AUTO_HIGH_CONFIDENCE,RULE_BASED_AND_CURATED,Buy instruction.,REDUCE_POSITION uses current holding: new_holding = current_holding * (1 - quantity_percent / 100).,1,1,False,READY_FOR_AUTO_APPLY
838,6a3882d51226b8e7029e16ba,6a0d8832835de84db3693580,International Market,GLOBAL_INDEX_OR_MACRO,2026-06-22T00:33:25.155Z,2026-06-22T00:33:25.155Z,,Buy 50% Russell @ 2960 with SL 2920 for target 3000,Buy 50% Russell @ 2960 with SL 2920 for target 3000,f04478fe7a2d0ab9,TRADE_ACTION,OPEN_LONG,SINGLE_INSTRUMENT,,Russell,RUSSELL,"[""RUSSELL""]",,,,LONG,50.0,MODEL_ALLOCATION,,EXPLICIT_PERCENT,False,[2960.0],2960.0,2920.0,[3000.0],3000.0,,False,False,False,True,0.98,False,AUTO_HIGH_CONFIDENCE,RULE_BASED_AND_CURATED,Buy instruction.,REDUCE_POSITION uses current holding: new_holding = current_holding * (1 - quantity_percent / 100).,1,1,False,READY_FOR_AUTO_APPLY
839,6a3883171226b8e7029e16cf,6a0d8832835de84db3693580,International Market,GLOBAL_COMMODITY,2026-06-22T00:34:31.691Z,2026-06-22T00:34:31.691Z,,Buy 50% gold aug @4183 with SL 4100 for target 4400-4450,Buy 50% gold aug @4183 with SL 4100 for target 4400-4450,740b86d3bf93d0c6,TRADE_ACTION,OPEN_LONG,SINGLE_INSTRUMENT,,gold aug,GOLD,"[""GOLD""]",AUG,,,LONG,50.0,MODEL_ALLOCATION,,EXPLICIT_PERCENT,False,[4183.0],4183.0,4100.0,"[4400.0, 4450.0]",4400.0,4450.0,False,False,False,True,0.98,False,AUTO_HIGH_CONFIDENCE,RULE_BASED_AND_CURATED,Buy instruction.,REDUCE_POSITION uses current holding: new_holding = current_holding * (1 - quantity_percent / 100).,1,1,False,READY_FOR_AUTO_APPLY
840,6a38833a1226b8e7029e16dd,6a0d8832835de84db3693580,International Market,GLOBAL_COMMODITY,2026-06-22T00:35:06.739Z,2026-06-22T00:35:06.739Z,,Buy 50% silver July @ 65.2 with SL 63.00 for target 68-72,Buy 50% silver July @ 65.2 with SL 63.00 for target 68-72,501be0b87672e889,TRADE_ACTION,OPEN_LONG,SINGLE_INSTRUMENT,,silver July,SILVER,"[""SILVER""]",JUL,,,LONG,50.0,MODEL_ALLOCATION,,EXPLICIT_PERCENT,False,[65.2],65.2,63.0,"[68.0, 72.0]",68.0,72.0,False,False,False,True,0.98,False,AUTO_HIGH_CONFIDENCE,RULE_BASED_AND_CURATED,Buy instruction.,REDUCE_POSITION uses current holding: new_holding = current_holding * (1 - quantity_percent / 100).,1,1,False,READY_FOR_AUTO_APPLY
841,6a3883531226b8e7029e16eb,6a0d8832835de84db3693580,International Market,GLOBAL_COMMODITY,2026-06-22T00:35:31.464Z,2026-06-22T00:35:31.464Z,,Buy 50% copper @ 6.34 with SL 6.20 for target 6.55-6.70,Buy 50% copper @ 6.34 with SL 6.20 for target 6.55-6.70,a18bfb0672c3c060,TRADE_ACTION,OPEN_LONG,SINGLE_INSTRUMENT,,copper,COPPER,"[""COPPER""]",,,,LONG,50.0,MODEL_ALLOCATION,,EXPLICIT_PERCENT,False,[6.34],6.34,6.2,"[6.55, 6.7]",6.55,6.7,False,False,False,True,0.98,False,AUTO_HIGH_CONFIDENCE,RULE_BASED_AND_CURATED,Buy instruction.,REDUCE_POSITION uses current holding: new_holding = current_holding * (1 - quantity_percent / 100).,1,1,False,READY_FOR_AUTO_APPLY
842,6a3883701226b8e7029e16f9,6a0d8832835de84db3693580,International Market,GLOBAL_COMMODITY,2026-06-22T00:36:00.184Z,2026-06-22T00:36:00.184Z,,Book full profit in crude aug @ 77.35,Book full profit in crude aug @ 77.35,b94c00d91879b5f4,TRADE_ACTION,CLOSE_POSITION,SINGLE_INSTRUMENT,,crude aug,CRUDE,"[""CRUDE""]",AUG,,,,100.0,CURRENT_HOLDING,0.0,FULL_EXIT_RULE,False,[77.35],77.35,,[],,,False,False,False,True,0.99,False,AUTO_HIGH_CONFIDENCE,RULE_BASED_AND_CURATED,Explicit full exit.,REDUCE_POSITION uses current holding: new_holding = current_holding * (1 - quantity_percent / 100).,1,1,False,READY_FOR_AUTO_APPLY
843,6a38838b1226b8e7029e1707,6a0d8832835de84db3693580,International Market,GLOBAL_COMMODITY,2026-06-22T00:36:27.572Z,2026-06-22T00:36:27.572Z,,Sell crude @77.35 & 79 with SL 80.00 for target 73.00-72.00,Sell crude @77.35 & 79 with SL 80.00 for target 73.00-72.00,3b398116ade76ed6,TRADE_ACTION,OPEN_SHORT,SINGLE_INSTRUMENT,,crude,CRUDE,"[""CRUDE""]",,,,SHORT,100.0,MODEL_ALLOCATION,,DEFAULT_FULL_ALLOCATION,True,"[77.35, 79.0]",77.35,80.0,"[73.0, 72.0]",73.0,72.0,False,False,False,True,0.96,False,AUTO_HIGH_CONFIDENCE,RULE_BASED_AND_CURATED,Sell/short instruction.,REDUCE_POSITION uses current holding: new_holding = current_holding * (1 - quantity_percent / 100).,1,1,False,READY_FOR_AUTO_APPLY
844,6a38acfa1226b8e7029e230b,6a0d881f835de84db369357c,MCX,INDIA_COMMODITY,2026-06-22T03:33:14.627Z,2026-06-22T03:33:43.441Z,2026-06-22T03:33:43.440Z,SELL NG@310.40 SL 315 TGT 303,SELL NG @310.40 SL 315 TGT 303,240b3be2bb5b417e,TRADE_ACTION,OPEN_SHORT,SINGLE_INSTRUMENT,,NG,NATURAL_GAS,"[""NATURAL_GAS""]",,,,SHORT,100.0,MODEL_ALLOCATION,,DEFAULT_FULL_ALLOCATION,True,[310.4],310.4,315.0,[303.0],303.0,,False,False,False,True,0.96,False,AUTO_HIGH_CONFIDENCE,RULE_BASED_AND_CURATED,Sell/short instruction.,REDUCE_POSITION uses current holding: new_holding = current_holding * (1 - quantity_percent / 100).,1,1,False,READY_FOR_AUTO_APPLY
845,6a38ad5c1226b8e7029e239a,6a0d881f835de84db369357c,MCX,INDIA_COMMODITY,2026-06-22T03:34:52.841Z,2026-06-22T03:35:00.433Z,2026-06-22T03:35:00.432Z,50% SELL CRUDEOILM(AUG)@7138 SL 7300 TGT 6950-6860,50% SELL CRUDEOILM(AUG)@7138 SL 7300 TGT 6950-6860,bb2da605b022accd,TRADE_ACTION,OPEN_SHORT,SINGLE_INSTRUMENT,,CRUDEOILM,CRUDE_MINI,"[""CRUDE_MINI""]",AUG,,,SHORT,50.0,MODEL_ALLOCATION,,EXPLICIT_PERCENT,False,[7138.0],7138.0,7300.0,"[6950.0, 6860.0]",6950.0,6860.0,False,False,False,True,0.97,False,AUTO_HIGH_CONFIDENCE,RULE_BASED_AND_CURATED,Sell with stop/target opens a short allocation.,REDUCE_POSITION uses current holding: new_holding = current_holding * (1 - quantity_percent / 100).,1,1,False,READY_FOR_AUTO_APPLY
846,6a38aff91226b8e7029e2907,6a0d87fb835de84db3693578,NSE,INDIA_EQUITY,2026-06-22T03:46:01.656Z,2026-06-22T03:46:01.656Z,,SELL ashokley@156 sl 159 tgt 152,SELL ashokley @156 sl 159 tgt 152,f81be70357a83b24,TRADE_ACTION,OPEN_SHORT,SINGLE_INSTRUMENT,,ashokley,ASHOKLEY,"[""ASHOKLEY""]",,,,SHORT,100.0,MODEL_ALLOCATION,,DEFAULT_FULL_ALLOCATION,True,[156.0],156.0,159.0,[152.0],152.0,,False,False,False,True,0.96,False,AUTO_HIGH_CONFIDENCE,RULE_BASED_AND_CURATED,Sell/short instruction.,REDUCE_POSITION uses current holding: new_holding = current_holding * (1 - quantity_percent / 100).,1,1,False,READY_FOR_AUTO_APPLY
847,6a38b0071226b8e7029e2949,6a0d87fb835de84db3693578,NSE,INDIA_EQUITY,2026-06-22T03:46:15.142Z,2026-06-22T03:46:15.142Z,,50% profit book in infy@1062,50% profit book in infy @1062,4b43737bad0d1822,TRADE_ACTION,REDUCE_POSITION,SINGLE_INSTRUMENT,,infy,INFY,"[""INFY""]",,,,,50.0,CURRENT_HOLDING,0.5,EXPLICIT_PERCENT,False,[1062.0],1062.0,,[],,,False,False,False,True,0.99,False,AUTO_HIGH_CONFIDENCE,RULE_BASED_AND_CURATED,Explicit percentage reduction of current holding.,REDUCE_POSITION uses current holding: new_holding = current_holding * (1 - quantity_percent / 100).,1,1,False,READY_FOR_AUTO_APPLY
848,6a38b0761226b8e7029e29a0,6a20c6ae59359ea1faef274f,Indian Indices,INDIA_INDEX,2026-06-22T03:48:06.390Z,2026-06-22T03:48:36.647Z,2026-06-22T03:48:36.646Z,PART PROFIT BOOK IN NIFTY@24148,PART PROFIT BOOK IN NIFTY @24148,fb84b3c2f123ba18,TRADE_ACTION,REDUCE_POSITION,SINGLE_INSTRUMENT,,NIFTY,NIFTY,"[""NIFTY""]",,,,,25.0,CURRENT_HOLDING,0.75,PART_PROFIT_RULE,False,[24148.0],24148.0,,[],,,False,False,False,True,0.99,False,AUTO_HIGH_CONFIDENCE,RULE_BASED_AND_CURATED,Part/partial profit means sell 25% of current holding.,REDUCE_POSITION uses current holding: new_holding = current_holding * (1 - quantity_percent / 100).,1,1,False,READY_FOR_AUTO_APPLY
849,6a38b1581226b8e7029e2b93,6a0d87fb835de84db3693578,NSE,INDIA_EQUITY,2026-06-22T03:51:52.832Z,2026-06-22T03:51:52.832Z,,FULL PROFIT BOOK IN WIPRO@181.50,FULL PROFIT BOOK IN WIPRO @181.50,bfc250e9a43ffd54,TRADE_ACTION,CLOSE_POSITION,SINGLE_INSTRUMENT,,WIPRO,WIPRO,"[""WIPRO""]",,,,,100.0,CURRENT_HOLDING,0.0,FULL_EXIT_RULE,False,[181.5],181.5,,[],,,False,False,False,True,0.99,False,AUTO_HIGH_CONFIDENCE,RULE_BASED_AND_CURATED,Explicit full exit.,REDUCE_POSITION uses current holding: new_holding = current_holding * (1 - quantity_percent / 100).,1,1,False,READY_FOR_AUTO_APPLY
850,6a38b1821226b8e7029e2c72,6a0d87fb835de84db3693578,NSE,INDIA_EQUITY,2026-06-22T03:52:34.148Z,2026-06-22T03:52:34.148Z,,50% PROFIT BOOK IN TATASTEEL@200,50% PROFIT BOOK IN TATASTEEL @200,325a6bf0bcb61854,TRADE_ACTION,REDUCE_POSITION,SINGLE_INSTRUMENT,,TATASTEEL,TATASTEEL,"[""TATASTEEL""]",,,,,50.0,CURRENT_HOLDING,0.5,EXPLICIT_PERCENT,False,[200.0],200.0,,[],,,False,False,False,True,0.99,False,AUTO_HIGH_CONFIDENCE,RULE_BASED_AND_CURATED,Explicit percentage reduction of current holding.,REDUCE_POSITION uses current holding: new_holding = current_holding * (1 - quantity_percent / 100).,1,1,False,READY_FOR_AUTO_APPLY
851,6a38b2a31226b8e7029e2d2d,6a20c6ae59359ea1faef274f,Indian Indices,INDIA_INDEX,2026-06-22T03:57:23.772Z,2026-06-22T03:57:53.956Z,2026-06-22T03:57:53.956Z,50% PROFIT BOOK IN NIFTY (STRIKE 24000/ JUNE)CE@ 255,50% PROFIT BOOK IN NIFTY (STRIKE 24000/ JUNE)CE @ 255,9e87fdf667b066e9,TRADE_ACTION,REDUCE_POSITION,SINGLE_INSTRUMENT,,NIFTY,NIFTY,"[""NIFTY""]",JUN,24000,CE,,50.0,CURRENT_HOLDING,0.5,EXPLICIT_PERCENT,False,[255.0],255.0,,[],,,False,False,False,True,0.99,False,AUTO_HIGH_CONFIDENCE,RULE_BASED_AND_CURATED,Explicit percentage reduction of current holding.,REDUCE_POSITION uses current holding: new_holding = current_holding * (1 - quantity_percent / 100).,1,1,False,READY_FOR_AUTO_APPLY
852,6a38b36f1226b8e7029e2e8c,6a0d87fb835de84db3693578,NSE,INDIA_EQUITY,2026-06-22T04:00:47.495Z,2026-06-22T04:01:31.214Z,2026-06-22T04:01:31.213Z,SELL GODREJCP@1012.70 SL  1023 TGT 1002-992,SELL GODREJCP @1012.70 SL 1023 TGT 1002-992,5ea06b2aa73be928,TRADE_ACTION,OPEN_SHORT,SINGLE_INSTRUMENT,,GODREJCP,GODREJCP,"[""GODREJCP""]",,,,SHORT,100.0,MODEL_ALLOCATION,,DEFAULT_FULL_ALLOCATION,True,[1012.7],1012.7,1023.0,"[1002.0, 992.0]",1002.0,992.0,False,False,False,True,0.96,False,AUTO_HIGH_CONFIDENCE,RULE_BASED_AND_CURATED,Sell/short instruction.,REDUCE_POSITION uses current holding: new_holding = current_holding * (1 - quantity_percent / 100).,1,1,False,READY_FOR_AUTO_APPLY
853,6a38b6be1226b8e7029e3191,6a0d87fb835de84db3693578,NSE,INDIA_EQUITY,2026-06-22T04:14:54.502Z,2026-06-22T04:14:54.502Z,,BUY CIPLA@1389 SL 1370 TGT 1410-1430,BUY CIPLA @1389 SL 1370 TGT 1410-1430,a4ed7b1d2c568c6a,TRADE_ACTION,OPEN_LONG,SINGLE_INSTRUMENT,,CIPLA,CIPLA,"[""CIPLA""]",,,,LONG,100.0,MODEL_ALLOCATION,,DEFAULT_FULL_ALLOCATION,True,[1389.0],1389.0,1370.0,"[1410.0, 1430.0]",1410.0,1430.0,False,False,False,True,0.98,False,AUTO_HIGH_CONFIDENCE,RULE_BASED_AND_CURATED,Buy instruction.,REDUCE_POSITION uses current holding: new_holding = current_holding * (1 - quantity_percent / 100).,1,1,False,READY_FOR_AUTO_APPLY
854,6a38b9301226b8e7029e32e4,6a0d87fb835de84db3693578,NSE,INDIA_EQUITY,2026-06-22T04:25:20.339Z,2026-06-22T04:25:20.339Z,,FULL PROFIT BOOK IN HDFCLIFE@599,FULL PROFIT BOOK IN HDFCLIFE @599,77174280bd2c137d,TRADE_ACTION,CLOSE_POSITION,SINGLE_INSTRUMENT,,HDFCLIFE,HDFCLIFE,"[""HDFCLIFE""]",,,,,100.0,CURRENT_HOLDING,0.0,FULL_EXIT_RULE,False,[599.0],599.0,,[],,,False,False,False,True,0.99,False,AUTO_HIGH_CONFIDENCE,RULE_BASED_AND_CURATED,Explicit full exit.,REDUCE_POSITION uses current holding: new_holding = current_holding * (1 - quantity_percent / 100).,1,1,False,READY_FOR_AUTO_APPLY
855,6a38ba1f1226b8e7029e3406,6a0d87fb835de84db3693578,NSE,INDIA_EQUITY,2026-06-22T04:29:19.507Z,2026-06-22T04:29:19.507Z,,FULL PROFIT BOOK IN TMPV@369,FULL PROFIT BOOK IN TMPV @369,cfc7107e469463a2,TRADE_ACTION,CLOSE_POSITION,SINGLE_INSTRUMENT,,TMPV,TMPV,"[""TMPV""]",,,,,100.0,CURRENT_HOLDING,0.0,FULL_EXIT_RULE,False,[369.0],369.0,,[],,,False,False,False,True,0.99,False,AUTO_HIGH_CONFIDENCE,RULE_BASED_AND_CURATED,Explicit full exit.,REDUCE_POSITION uses current holding: new_holding = current_holding * (1 - quantity_percent / 100).,1,1,False,READY_FOR_AUTO_APPLY
856,6a38bdd01226b8e7029e3872,6a0d87fb835de84db3693578,NSE,INDIA_EQUITY,2026-06-22T04:45:04.105Z,2026-06-22T04:45:04.105Z,,50% PROFIT BOOK IN PFC@438.25,50% PROFIT BOOK IN PFC @438.25,7ddd5341a88b48d0,TRADE_ACTION,REDUCE_POSITION,SINGLE_INSTRUMENT,,PFC,PFC,"[""PFC""]",,,,,50.0,CURRENT_HOLDING,0.5,EXPLICIT_PERCENT,False,[438.25],438.25,,[],,,False,False,False,True,0.99,False,AUTO_HIGH_CONFIDENCE,RULE_BASED_AND_CURATED,Explicit percentage reduction of current holding.,REDUCE_POSITION uses current holding: new_holding = current_holding * (1 - quantity_percent / 100).,1,1,False,READY_FOR_AUTO_APPLY
857,6a38c17b1226b8e7029e3945,6a0d87fb835de84db3693578,NSE,INDIA_EQUITY,2026-06-22T05:00:43.291Z,2026-06-22T05:00:43.291Z,,FULL PROFIT BOOK IN PFC@445,FULL PROFIT BOOK IN PFC @445,f721ae93b25256c0,TRADE_ACTION,CLOSE_POSITION,SINGLE_INSTRUMENT,,PFC,PFC,"[""PFC""]",,,,,100.0,CURRENT_HOLDING,0.0,FULL_EXIT_RULE,False,[445.0],445.0,,[],,,False,False,False,True,0.99,False,AUTO_HIGH_CONFIDENCE,RULE_BASED_AND_CURATED,Explicit full exit.,REDUCE_POSITION uses current holding: new_holding = current_holding * (1 - quantity_percent / 100).,1,1,False,READY_FOR_AUTO_APPLY
858,6a38c4261226b8e7029e3af2,6a0d87fb835de84db3693578,NSE,INDIA_EQUITY,2026-06-22T05:12:06.145Z,2026-06-22T05:12:06.145Z,,50% PROFIT BOOK IN IEX@127.10,50% PROFIT BOOK IN IEX @127.10,57d5dd0e72e26c1f,TRADE_ACTION,REDUCE_POSITION,SINGLE_INSTRUMENT,,IEX,IEX,"[""IEX""]",,,,,50.0,CURRENT_HOLDING,0.5,EXPLICIT_PERCENT,False,[127.1],127.1,,[],,,False,False,False,True,0.99,False,AUTO_HIGH_CONFIDENCE,RULE_BASED_AND_CURATED,Explicit percentage reduction of current holding.,REDUCE_POSITION uses current holding: new_holding = current_holding * (1 - quantity_percent / 100).,1,1,False,READY_FOR_AUTO_APPLY
859,6a38d6c51226b8e7029e41fc,6a0d881f835de84db369357c,MCX,INDIA_COMMODITY,2026-06-22T06:31:33.323Z,2026-06-22T06:31:33.323Z,,50% PROFIT BOOK IN CRUDEOILM(AUG)@7098,50% PROFIT BOOK IN CRUDEOILM(AUG)@7098,84c24d6bb4d0ead0,TRADE_ACTION,REDUCE_POSITION,SINGLE_INSTRUMENT,,CRUDEOILM,CRUDE_MINI,"[""CRUDE_MINI""]",AUG,,,,50.0,CURRENT_HOLDING,0.5,EXPLICIT_PERCENT,False,[7098.0],7098.0,,[],,,False,False,False,True,0.99,False,AUTO_HIGH_CONFIDENCE,RULE_BASED_AND_CURATED,Explicit percentage reduction of current holding.,REDUCE_POSITION uses current holding: new_holding = current_holding * (1 - quantity_percent / 100).,1,1,False,READY_FOR_AUTO_APPLY
860,6a38ee091226b8e7029e4634,6a0d881f835de84db369357c,MCX,INDIA_COMMODITY,2026-06-22T08:10:49.952Z,2026-06-22T08:11:33.411Z,2026-06-22T08:11:33.411Z,50% PROFIT BOOK IN COPPER@1317.50,50% PROFIT BOOK IN COPPER @1317.50,3b142f96a4f8e254,TRADE_ACTION,REDUCE_POSITION,SINGLE_INSTRUMENT,,COPPER,COPPER,"[""COPPER""]",,,,,50.0,CURRENT_HOLDING,0.5,EXPLICIT_PERCENT,False,[1317.5],1317.5,,[],,,False,False,False,True,0.99,False,AUTO_HIGH_CONFIDENCE,RULE_BASED_AND_CURATED,Explicit percentage reduction of current holding.,REDUCE_POSITION uses current holding: new_holding = current_holding * (1 - quantity_percent / 100).,1,1,False,READY_FOR_AUTO_APPLY
861,6a38fe411226b8e7029e4b2c,6a0d881f835de84db369357c,MCX,INDIA_COMMODITY,2026-06-22T09:20:01.039Z,2026-06-22T09:20:25.705Z,2026-06-22T09:20:25.704Z,SELL 50% CRUDEOILM(JULY)@7162 SL 7300 TGT 7060-6950,SELL 50% CRUDEOILM(JULY)@7162 SL 7300 TGT 7060-6950,7194486d4b9bb52c,TRADE_ACTION,OPEN_SHORT,SINGLE_INSTRUMENT,,CRUDEOILM,CRUDE_MINI,"[""CRUDE_MINI""]",JUL,,,SHORT,50.0,MODEL_ALLOCATION,,EXPLICIT_PERCENT,False,[7162.0],7162.0,7300.0,"[7060.0, 6950.0]",7060.0,6950.0,False,False,False,True,0.97,False,AUTO_HIGH_CONFIDENCE,RULE_BASED_AND_CURATED,Sell with stop/target opens a short allocation.,REDUCE_POSITION uses current holding: new_holding = current_holding * (1 - quantity_percent / 100).,1,1,False,READY_FOR_AUTO_APPLY
862,6a38ffc71226b8e7029e4bdd,6a0d87fb835de84db3693578,NSE,INDIA_EQUITY,2026-06-22T09:26:31.832Z,2026-06-22T09:26:31.832Z,,DAY TRADER 50% PROFIT BOOK IN CIPLA@1417,DAY TRADER 50% PROFIT BOOK IN CIPLA @1417,f0ea3d781bf3b0bd,TRADE_ACTION,REDUCE_POSITION,SINGLE_INSTRUMENT,,CIPLA,CIPLA,"[""CIPLA""]",,,,,50.0,CURRENT_HOLDING,0.5,EXPLICIT_PERCENT,False,[1417.0],1417.0,,[],,,False,False,False,True,0.99,False,AUTO_HIGH_CONFIDENCE,RULE_BASED_AND_CURATED,Explicit percentage reduction of current holding.,REDUCE_POSITION uses current holding: new_holding = current_holding * (1 - quantity_percent / 100).,1,1,False,READY_FOR_AUTO_APPLY
863,6a39002b1226b8e7029e4c8e,6a0d87fb835de84db3693578,NSE,INDIA_EQUITY,2026-06-22T09:28:11.744Z,2026-06-22T09:28:11.744Z,,FULL PROFIT BOOK IN INFY@1070.50,FULL PROFIT BOOK IN INFY @1070.50,3613032660969962,TRADE_ACTION,CLOSE_POSITION,SINGLE_INSTRUMENT,,INFY,INFY,"[""INFY""]",,,,,100.0,CURRENT_HOLDING,0.0,FULL_EXIT_RULE,False,[1070.5],1070.5,,[],,,False,False,False,True,0.99,False,AUTO_HIGH_CONFIDENCE,RULE_BASED_AND_CURATED,Explicit full exit.,REDUCE_POSITION uses current holding: new_holding = current_holding * (1 - quantity_percent / 100).,1,1,False,READY_FOR_AUTO_APPLY
864,6a3904371226b8e7029e4fdd,6a0d87fb835de84db3693578,NSE,INDIA_EQUITY,2026-06-22T09:45:27.476Z,2026-06-22T09:45:27.476Z,,50% BUY TATASTEEL@199 SL 196 TGT 201-205,50% BUY TATASTEEL @199 SL 196 TGT 201-205,92afc8d8c8502f47,TRADE_ACTION,OPEN_LONG,SINGLE_INSTRUMENT,,TATASTEEL,TATASTEEL,"[""TATASTEEL""]",,,,LONG,50.0,MODEL_ALLOCATION,,EXPLICIT_PERCENT,False,[199.0],199.0,196.0,"[201.0, 205.0]",201.0,205.0,False,False,False,True,0.98,False,AUTO_HIGH_CONFIDENCE,RULE_BASED_AND_CURATED,Buy instruction.,REDUCE_POSITION uses current holding: new_holding = current_holding * (1 - quantity_percent / 100).,1,1,False,READY_FOR_AUTO_APPLY
865,6a3905441226b8e7029e505e,6a20c6ae59359ea1faef274f,Indian Indices,INDIA_INDEX,2026-06-22T09:49:56.397Z,2026-06-22T09:49:56.397Z,,50% BUY NIFTY@24115 SL 24000 TGT 24250-24350,50% BUY NIFTY @24115 SL 24000 TGT 24250-24350,ae78cf8dd105b856,TRADE_ACTION,OPEN_LONG,SINGLE_INSTRUMENT,,NIFTY,NIFTY,"[""NIFTY""]",,,,LONG,50.0,MODEL_ALLOCATION,,EXPLICIT_PERCENT,False,[24115.0],24115.0,24000.0,"[24250.0, 24350.0]",24250.0,24350.0,False,False,False,True,0.98,False,AUTO_HIGH_CONFIDENCE,RULE_BASED_AND_CURATED,Buy instruction.,REDUCE_POSITION uses current holding: new_holding = current_holding * (1 - quantity_percent / 100).,1,1,False,READY_FOR_AUTO_APPLY
866,6a39055f1226b8e7029e516d,6a0d87fb835de84db3693578,NSE,INDIA_EQUITY,2026-06-22T09:50:23.548Z,2026-06-22T09:50:23.548Z,,FULL PROFIT BOOK IN BAJFINANCE@966.50,FULL PROFIT BOOK IN BAJFINANCE @966.50,8771f8c1b8df7f88,TRADE_ACTION,CLOSE_POSITION,SINGLE_INSTRUMENT,,BAJFINANCE,BAJFINANCE,"[""BAJFINANCE""]",,,,,100.0,CURRENT_HOLDING,0.0,FULL_EXIT_RULE,False,[966.5],966.5,,[],,,False,False,False,True,0.99,False,AUTO_HIGH_CONFIDENCE,RULE_BASED_AND_CURATED,Explicit full exit.,REDUCE_POSITION uses current holding: new_holding = current_holding * (1 - quantity_percent / 100).,1,1,False,READY_FOR_AUTO_APPLY
867,6a39057c1226b8e7029e519f,6a0d8832835de84db3693580,International Market,GLOBAL_INDEX_OR_MACRO,2026-06-22T09:50:52.305Z,2026-06-22T09:50:52.305Z,,Book part profit in Nasdaq @ 30400,Book part profit in Nasdaq @ 30400,214f13c6214e048f,TRADE_ACTION,REDUCE_POSITION,SINGLE_INSTRUMENT,,Nasdaq,NASDAQ,"[""NASDAQ""]",,,,,25.0,CURRENT_HOLDING,0.75,PART_PROFIT_RULE,False,[30400.0],30400.0,,[],,,False,False,False,True,0.99,False,AUTO_HIGH_CONFIDENCE,RULE_BASED_AND_CURATED,Part/partial profit means sell 25% of current holding.,REDUCE_POSITION uses current holding: new_holding = current_holding * (1 - quantity_percent / 100).,1,1,False,READY_FOR_AUTO_APPLY
868,6a3905a21226b8e7029e51f9,6a0d8832835de84db3693580,International Market,GLOBAL_COMMODITY,2026-06-22T09:51:30.907Z,2026-06-22T09:51:30.907Z,,Day traders book part profit in gold aug @ 4225,Day traders book part profit in gold aug @ 4225,5a997977b84d2a95,TRADE_ACTION,REDUCE_POSITION,SINGLE_INSTRUMENT,,gold aug,GOLD,"[""GOLD""]",AUG,,,,25.0,CURRENT_HOLDING,0.75,PART_PROFIT_RULE,False,[4225.0],4225.0,,[],,,False,False,False,True,0.99,False,AUTO_HIGH_CONFIDENCE,RULE_BASED_AND_CURATED,Part/partial profit means sell 25% of current holding.,REDUCE_POSITION uses current holding: new_holding = current_holding * (1 - quantity_percent / 100).,1,1,False,READY_FOR_AUTO_APPLY
869,6a3905b61226b8e7029e5210,6a0d8832835de84db3693580,International Market,GLOBAL_COMMODITY,2026-06-22T09:51:50.101Z,2026-06-22T09:51:50.101Z,,Book partial profit in silver july @ 66.51,Book partial profit in silver july @ 66.51,259d0f5e74e5d1ad,TRADE_ACTION,REDUCE_POSITION,SINGLE_INSTRUMENT,,silver july,SILVER,"[""SILVER""]",JUL,,,,25.0,CURRENT_HOLDING,0.75,PART_PROFIT_RULE,False,[66.51],66.51,,[],,,False,False,False,True,0.99,False,AUTO_HIGH_CONFIDENCE,RULE_BASED_AND_CURATED,Part/partial profit means sell 25% of current holding.,REDUCE_POSITION uses current holding: new_holding = current_holding * (1 - quantity_percent / 100).,1,1,False,READY_FOR_AUTO_APPLY
870,6a392be01226b8e7029e59ab,6a0d8832835de84db3693580,International Market,GLOBAL_INDEX_OR_MACRO,2026-06-22T12:34:40.220Z,2026-06-22T12:34:40.220Z,,Book part profit in Russell @ 2990,Book part profit in Russell @ 2990,ec210e9892f58c79,TRADE_ACTION,REDUCE_POSITION,SINGLE_INSTRUMENT,,Russell,RUSSELL,"[""RUSSELL""]",,,,,25.0,CURRENT_HOLDING,0.75,PART_PROFIT_RULE,False,[2990.0],2990.0,,[],,,False,False,False,True,0.99,False,AUTO_HIGH_CONFIDENCE,RULE_BASED_AND_CURATED,Part/partial profit means sell 25% of current holding.,REDUCE_POSITION uses current holding: new_holding = current_holding * (1 - quantity_percent / 100).,1,1,False,READY_FOR_AUTO_APPLY
871,6a392d061226b8e7029e5a43,6a0d881f835de84db369357c,MCX,INDIA_COMMODITY,2026-06-22T12:39:34.201Z,2026-06-22T12:39:34.201Z,,50% Profit Book in crude mini@ 7084,50% Profit Book in crude mini @ 7084,6cc0d35a3b2c4d87,TRADE_ACTION,REDUCE_POSITION,SINGLE_INSTRUMENT,,crude mini,CRUDE_MINI,"[""CRUDE_MINI""]",,,,,50.0,CURRENT_HOLDING,0.5,EXPLICIT_PERCENT,False,[7084.0],7084.0,,[],,,False,False,False,True,0.99,False,AUTO_HIGH_CONFIDENCE,RULE_BASED_AND_CURATED,Explicit percentage reduction of current holding.,REDUCE_POSITION uses current holding: new_holding = current_holding * (1 - quantity_percent / 100).,1,1,False,READY_FOR_AUTO_APPLY
872,6a392d4e1226b8e7029e5b2d,6a0d8832835de84db3693580,International Market,GLOBAL_COMMODITY,2026-06-22T12:40:46.739Z,2026-06-22T12:40:46.739Z,,50% Profit Book in crude@ 74.52,50% Profit Book in crude @ 74.52,575f88c0b392fd4a,TRADE_ACTION,REDUCE_POSITION,SINGLE_INSTRUMENT,,crude,CRUDE,"[""CRUDE""]",,,,,50.0,CURRENT_HOLDING,0.5,EXPLICIT_PERCENT,False,[74.52],74.52,,[],,,False,False,False,True,0.99,False,AUTO_HIGH_CONFIDENCE,RULE_BASED_AND_CURATED,Explicit percentage reduction of current holding.,REDUCE_POSITION uses current holding: new_holding = current_holding * (1 - quantity_percent / 100).,1,1,False,READY_FOR_AUTO_APPLY
873,6a392d851226b8e7029e5b3b,6a0d8832835de84db3693580,International Market,GLOBAL_INDEX_OR_MACRO,2026-06-22T12:41:41.019Z,2026-06-22T12:41:41.019Z,,50% Profit Book in Russell@ 2990,50% Profit Book in Russell @ 2990,881a51487bdc1c46,TRADE_ACTION,REDUCE_POSITION,SINGLE_INSTRUMENT,,Russell,RUSSELL,"[""RUSSELL""]",,,,,50.0,CURRENT_HOLDING,0.5,EXPLICIT_PERCENT,False,[2990.0],2990.0,,[],,,False,False,False,True,0.99,False,AUTO_HIGH_CONFIDENCE,RULE_BASED_AND_CURATED,Explicit percentage reduction of current holding.,REDUCE_POSITION uses current holding: new_holding = current_holding * (1 - quantity_percent / 100).,1,1,False,READY_FOR_AUTO_APPLY
874,6a392da31226b8e7029e5b49,6a0d8832835de84db3693580,International Market,GLOBAL_INDEX_OR_MACRO,2026-06-22T12:42:11.466Z,2026-06-22T12:42:11.466Z,,50% Profit Book in NASDAQ @ 7506,50% Profit Book in NASDAQ @ 7506,1883ae73ffc0dc73,TRADE_ACTION,REDUCE_POSITION,SINGLE_INSTRUMENT,,NASDAQ,NASDAQ,"[""NASDAQ""]",,,,,50.0,CURRENT_HOLDING,0.5,EXPLICIT_PERCENT,False,[7506.0],7506.0,,[],,,False,False,False,True,0.99,False,AUTO_HIGH_CONFIDENCE,RULE_BASED_AND_CURATED,Explicit percentage reduction of current holding.,REDUCE_POSITION uses current holding: new_holding = current_holding * (1 - quantity_percent / 100).,1,1,False,READY_FOR_AUTO_APPLY
875,6a3935571226b8e7029e5e6a,6a0d8832835de84db3693580,International Market,GLOBAL_EQUITY,2026-06-22T13:15:03.047Z,2026-06-22T13:15:03.047Z,,Book 50% profit in amd @ 544.30,Book 50% profit in amd @ 544.30,b1d01a4eb814caa6,TRADE_ACTION,REDUCE_POSITION,SINGLE_INSTRUMENT,,amd,AMD,"[""AMD""]",,,,,50.0,CURRENT_HOLDING,0.5,EXPLICIT_PERCENT,False,[544.3],544.3,,[],,,False,False,False,True,0.99,False,AUTO_HIGH_CONFIDENCE,RULE_BASED_AND_CURATED,Explicit percentage reduction of current holding.,REDUCE_POSITION uses current holding: new_holding = current_holding * (1 - quantity_percent / 100).,1,1,False,READY_FOR_AUTO_APPLY
876,6a3935631226b8e7029e5e78,6a0d8832835de84db3693580,International Market,GLOBAL_EQUITY,2026-06-22T13:15:15.263Z,2026-06-22T13:15:15.263Z,,Book 75% profit in WDC @787.50,Book 75% profit in WDC @787.50,7463c0650c3eae68,TRADE_ACTION,REDUCE_POSITION,SINGLE_INSTRUMENT,,WDC,WDC,"[""WDC""]",,,,,75.0,CURRENT_HOLDING,0.25,EXPLICIT_PERCENT,False,[787.5],787.5,,[],,,False,False,False,True,0.99,False,AUTO_HIGH_CONFIDENCE,RULE_BASED_AND_CURATED,Explicit percentage reduction of current holding.,REDUCE_POSITION uses current holding: new_holding = current_holding * (1 - quantity_percent / 100).,1,1,False,READY_FOR_AUTO_APPLY
877,6a3935a01226b8e7029e5e94,6a0d8832835de84db3693580,International Market,GLOBAL_EQUITY,2026-06-22T13:16:16.485Z,2026-06-22T13:16:16.485Z,,Book 50% profit in asml @1949.90,Book 50% profit in asml @1949.90,c4ea937c86200c80,TRADE_ACTION,REDUCE_POSITION,SINGLE_INSTRUMENT,,asml,ASML,"[""ASML""]",,,,,50.0,CURRENT_HOLDING,0.5,EXPLICIT_PERCENT,False,[1949.9],1949.9,,[],,,False,False,False,True,0.99,False,AUTO_HIGH_CONFIDENCE,RULE_BASED_AND_CURATED,Explicit percentage reduction of current holding.,REDUCE_POSITION uses current holding: new_holding = current_holding * (1 - quantity_percent / 100).,1,1,False,READY_FOR_AUTO_APPLY
878,6a3935c11226b8e7029e5eb0,6a0d8832835de84db3693580,International Market,GLOBAL_EQUITY,2026-06-22T13:16:49.620Z,2026-06-22T13:16:49.620Z,,Book 50% profit in STX @1107.5,Book 50% profit in STX @1107.5,36abf9d8f3c875ef,TRADE_ACTION,REDUCE_POSITION,SINGLE_INSTRUMENT,,STX,STX,"[""STX""]",,,,,50.0,CURRENT_HOLDING,0.5,EXPLICIT_PERCENT,False,[1107.5],1107.5,,[],,,False,False,False,True,0.99,False,AUTO_HIGH_CONFIDENCE,RULE_BASED_AND_CURATED,Explicit percentage reduction of current holding.,REDUCE_POSITION uses current holding: new_holding = current_holding * (1 - quantity_percent / 100).,1,1,False,READY_FOR_AUTO_APPLY
879,6a3937771226b8e7029e5fda,6a0d8832835de84db3693580,International Market,GLOBAL_INDEX_OR_MACRO,2026-06-22T13:24:07.839Z,2026-06-22T13:24:07.839Z,,50% Profit Book in DOW@ 51700,50% Profit Book in DOW @ 51700,d7779e23297b51b4,TRADE_ACTION,REDUCE_POSITION,SINGLE_INSTRUMENT,,DOW,DOW,"[""DOW""]",,,,,50.0,CURRENT_HOLDING,0.5,EXPLICIT_PERCENT,False,[51700.0],51700.0,,[],,,False,False,False,True,0.99,False,AUTO_HIGH_CONFIDENCE,RULE_BASED_AND_CURATED,Explicit percentage reduction of current holding.,REDUCE_POSITION uses current holding: new_holding = current_holding * (1 - quantity_percent / 100).,1,1,False,READY_FOR_AUTO_APPLY
880,6a3939571226b8e7029e6126,6a0d8832835de84db3693580,International Market,GLOBAL_EQUITY,2026-06-22T13:32:07.777Z,2026-06-22T13:32:07.777Z,,Book profit in nvda @211.30,Book profit in nvda @211.30,89e4087b45608d6c,TRADE_ACTION,CLOSE_POSITION,SINGLE_INSTRUMENT,,nvda,NVDA,"[""NVDA""]",,,,,100.0,CURRENT_HOLDING,0.0,FULL_EXIT_RULE,False,[211.3],211.3,,[],,,False,False,False,True,0.96,False,AUTO_HIGH_CONFIDENCE,RULE_BASED_AND_CURATED,Unqualified 'book profit' closes all remaining holding.,REDUCE_POSITION uses current holding: new_holding = current_holding * (1 - quantity_percent / 100).,1,1,False,READY_FOR_AUTO_APPLY
881,6a393abd1226b8e7029e61ff,6a0d8832835de84db3693580,International Market,GLOBAL_EQUITY,2026-06-22T13:38:05.737Z,2026-06-22T13:38:05.737Z,,50% Profit Book in ASML @1945,50% Profit Book in ASML @1945,f1e5ff3d6eca352a,TRADE_ACTION,REDUCE_POSITION,SINGLE_INSTRUMENT,,ASML,ASML,"[""ASML""]",,,,,50.0,CURRENT_HOLDING,0.5,EXPLICIT_PERCENT,False,[1945.0],1945.0,,[],,,False,False,False,True,0.99,False,AUTO_HIGH_CONFIDENCE,RULE_BASED_AND_CURATED,Explicit percentage reduction of current holding.,REDUCE_POSITION uses current holding: new_holding = current_holding * (1 - quantity_percent / 100).,1,1,False,READY_FOR_AUTO_APPLY
882,6a393b4a1226b8e7029e626c,6a0d8832835de84db3693580,International Market,GLOBAL_EQUITY,2026-06-22T13:40:26.848Z,2026-06-22T13:40:26.848Z,,Book 50% profit in smci @ 34.10,Book 50% profit in smci @ 34.10,db286886e168dd65,TRADE_ACTION,REDUCE_POSITION,SINGLE_INSTRUMENT,,smci,SMCI,"[""SMCI""]",,,,,50.0,CURRENT_HOLDING,0.5,EXPLICIT_PERCENT,False,[34.1],34.1,,[],,,False,False,False,True,0.99,False,AUTO_HIGH_CONFIDENCE,RULE_BASED_AND_CURATED,Explicit percentage reduction of current holding.,REDUCE_POSITION uses current holding: new_holding = current_holding * (1 - quantity_percent / 100).,1,1,False,READY_FOR_AUTO_APPLY
883,6a393d7a1226b8e7029e634f,6a0d8832835de84db3693580,International Market,GLOBAL_EQUITY,2026-06-22T13:49:46.263Z,2026-06-22T13:49:46.263Z,,Pls ignore this. There was a typo.,Pls ignore this. There was a typo.,87a9ea2d5cbe0383,TRADE_CONTROL,CANCEL_PREVIOUS,NONE,,,,[],,,,,,NONE,,NOT_APPLICABLE,False,[],,,[],,,False,False,True,False,0.98,False,AUTO_HIGH_CONFIDENCE,RULE_BASED_AND_CURATED,Explicit ignore/cancel instruction.,REDUCE_POSITION uses current holding: new_holding = current_holding * (1 - quantity_percent / 100).,1,1,False,MANUAL_OR_CONTEXT_REVIEW
884,6a393e271226b8e7029e641b,6a0d8832835de84db3693580,International Market,GLOBAL_EQUITY,2026-06-22T13:52:39.687Z,2026-06-22T13:52:39.687Z,,Book 50% profit in hood @111.50,Book 50% profit in hood @111.50,c3396a3d0bd127ab,TRADE_ACTION,REDUCE_POSITION,SINGLE_INSTRUMENT,,hood,HOOD,"[""HOOD""]",,,,,50.0,CURRENT_HOLDING,0.5,EXPLICIT_PERCENT,False,[111.5],111.5,,[],,,False,False,False,True,0.99,False,AUTO_HIGH_CONFIDENCE,RULE_BASED_AND_CURATED,Explicit percentage reduction of current holding.,REDUCE_POSITION uses current holding: new_holding = current_holding * (1 - quantity_percent / 100).,1,1,False,READY_FOR_AUTO_APPLY
885,6a3940081226b8e7029e64cf,6a0d8832835de84db3693580,International Market,GLOBAL_EQUITY,2026-06-22T14:00:40.883Z,2026-06-22T14:00:40.883Z,,Full Profit book in AMD@ 558,Full Profit book in AMD @ 558,f192590c3ff03dc0,TRADE_ACTION,CLOSE_POSITION,SINGLE_INSTRUMENT,,AMD,AMD,"[""AMD""]",,,,,100.0,CURRENT_HOLDING,0.0,FULL_EXIT_RULE,False,[558.0],558.0,,[],,,False,False,False,True,0.99,False,AUTO_HIGH_CONFIDENCE,RULE_BASED_AND_CURATED,Explicit full exit.,REDUCE_POSITION uses current holding: new_holding = current_holding * (1 - quantity_percent / 100).,1,1,False,READY_FOR_AUTO_APPLY
886,6a39423f1226b8e7029e6657,6a0d8832835de84db3693580,International Market,GLOBAL_EQUITY,2026-06-22T14:10:07.301Z,2026-06-22T14:10:07.301Z,,Day traders full Profit book in STX@ 1121,Day traders full Profit book in STX @ 1121,07344818050b4567,TRADE_ACTION,CLOSE_POSITION,SINGLE_INSTRUMENT,,STX,STX,"[""STX""]",,,,,100.0,CURRENT_HOLDING,0.0,FULL_EXIT_RULE,False,[1121.0],1121.0,,[],,,False,False,False,True,0.99,False,AUTO_HIGH_CONFIDENCE,RULE_BASED_AND_CURATED,Explicit full exit.,REDUCE_POSITION uses current holding: new_holding = current_holding * (1 - quantity_percent / 100).,1,1,False,READY_FOR_AUTO_APPLY
887,6a394a2a1226b8e7029e6aae,6a0d8832835de84db3693580,International Market,GLOBAL_EQUITY,2026-06-22T14:43:54.531Z,2026-06-22T14:43:54.531Z,,Day traders full Profit book in SNDK@2330,Day traders full Profit book in SNDK @2330,b34681397992ee6e,TRADE_ACTION,CLOSE_POSITION,SINGLE_INSTRUMENT,,SNDK,SNDK,"[""SNDK""]",,,,,100.0,CURRENT_HOLDING,0.0,FULL_EXIT_RULE,False,[2330.0],2330.0,,[],,,False,False,False,True,0.99,False,AUTO_HIGH_CONFIDENCE,RULE_BASED_AND_CURATED,Explicit full exit.,REDUCE_POSITION uses current holding: new_holding = current_holding * (1 - quantity_percent / 100).,1,1,False,READY_FOR_AUTO_APPLY
888,6a39510f1226b8e7029e6ed5,6a0d8832835de84db3693580,International Market,GLOBAL_COMMODITY,2026-06-22T15:13:19.363Z,2026-06-22T15:13:19.363Z,,Day traders book full profit in crude @73.38,Day traders book full profit in crude @73.38,e806e88c7af2805d,TRADE_ACTION,CLOSE_POSITION,SINGLE_INSTRUMENT,,crude,CRUDE,"[""CRUDE""]",,,,,100.0,CURRENT_HOLDING,0.0,FULL_EXIT_RULE,False,[73.38],73.38,,[],,,False,False,False,True,0.99,False,AUTO_HIGH_CONFIDENCE,RULE_BASED_AND_CURATED,Explicit full exit.,REDUCE_POSITION uses current holding: new_holding = current_holding * (1 - quantity_percent / 100).,1,1,False,READY_FOR_AUTO_APPLY
889,6a3951241226b8e7029e6ef5,6a0d881f835de84db369357c,MCX,INDIA_COMMODITY,2026-06-22T15:13:40.290Z,2026-06-22T15:13:40.290Z,,book full profit in crude mini @6977,book full profit in crude mini @6977,eeff6826f9f6c34b,TRADE_ACTION,CLOSE_POSITION,SINGLE_INSTRUMENT,,crude mini,CRUDE_MINI,"[""CRUDE_MINI""]",,,,,100.0,CURRENT_HOLDING,0.0,FULL_EXIT_RULE,False,[6977.0],6977.0,,[],,,False,False,False,True,0.99,False,AUTO_HIGH_CONFIDENCE,RULE_BASED_AND_CURATED,Explicit full exit.,REDUCE_POSITION uses current holding: new_holding = current_holding * (1 - quantity_percent / 100).,1,1,False,READY_FOR_AUTO_APPLY
890,6a395dda1226b8e7029e7390,6a0d8832835de84db3693580,International Market,GLOBAL_INDEX_OR_MACRO,2026-06-22T16:07:54.919Z,2026-06-22T16:07:54.919Z,,Buy 50% s&p500 @ 7467 with SL 7400 for target 7530-7560,Buy 50% s&p500 @ 7467 with SL 7400 for target 7530-7560,bb23255878ef126d,TRADE_ACTION,OPEN_LONG,SINGLE_INSTRUMENT,,s&p500,SP500,"[""SP500""]",,,,LONG,50.0,MODEL_ALLOCATION,,EXPLICIT_PERCENT,False,[7467.0],7467.0,7400.0,"[7530.0, 7560.0]",7530.0,7560.0,False,False,False,True,0.98,False,AUTO_HIGH_CONFIDENCE,RULE_BASED_AND_CURATED,Buy instruction.,REDUCE_POSITION uses current holding: new_holding = current_holding * (1 - quantity_percent / 100).,1,1,False,READY_FOR_AUTO_APPLY
891,6a395df01226b8e7029e73d8,6a0d8832835de84db3693580,International Market,GLOBAL_INDEX_OR_MACRO,2026-06-22T16:08:16.733Z,2026-06-22T16:08:16.733Z,,Buy 50% nasdaq @30210 with SL 29800 for target 30650,Buy 50% nasdaq @30210 with SL 29800 for target 30650,c1cc362adcae03fe,TRADE_ACTION,OPEN_LONG,SINGLE_INSTRUMENT,,nasdaq,NASDAQ,"[""NASDAQ""]",,,,LONG,50.0,MODEL_ALLOCATION,,EXPLICIT_PERCENT,False,[30210.0],30210.0,29800.0,[30650.0],30650.0,,False,False,False,True,0.98,False,AUTO_HIGH_CONFIDENCE,RULE_BASED_AND_CURATED,Buy instruction.,REDUCE_POSITION uses current holding: new_holding = current_holding * (1 - quantity_percent / 100).,1,1,False,READY_FOR_AUTO_APPLY
892,6a39f8431226b8e7029e85b7,6a0d8832835de84db3693580,International Market,GLOBAL_COMMODITY,2026-06-23T03:06:43.715Z,2026-06-23T03:06:43.715Z,,Buy 50% gold aug @4158 with SL 4118 for target 4220 / positional target 4400,Buy 50% gold aug @4158 with SL 4118 for target 4220 / positional target 4400,0b0bd273236b8645,TRADE_ACTION,OPEN_LONG,SINGLE_INSTRUMENT,,gold aug,GOLD,"[""GOLD""]",AUG,,,LONG,50.0,MODEL_ALLOCATION,,EXPLICIT_PERCENT,False,[4158.0],4158.0,4118.0,[4220.0],4220.0,,False,False,False,True,0.98,False,AUTO_HIGH_CONFIDENCE,RULE_BASED_AND_CURATED,Buy instruction.,REDUCE_POSITION uses current holding: new_holding = current_holding * (1 - quantity_percent / 100).,1,1,False,READY_FOR_AUTO_APPLY
893,6a39f8941226b8e7029e85d7,6a0d8832835de84db3693580,International Market,GLOBAL_COMMODITY,2026-06-23T03:08:04.103Z,2026-06-23T03:08:04.103Z,,Buy 50% silver July @ 63.30 with SL 62.00 for target 66.00-67.50 / positional target 73.00,Buy 50% silver July @ 63.30 with SL 62.00 for target 66.00-67.50 / positional target 73.00,fc5796c7321c8459,TRADE_ACTION,OPEN_LONG,SINGLE_INSTRUMENT,,silver July,SILVER,"[""SILVER""]",JUL,,,LONG,50.0,MODEL_ALLOCATION,,EXPLICIT_PERCENT,False,[63.3],63.3,62.0,"[66.0, 67.5]",66.0,67.5,False,False,False,True,0.98,False,AUTO_HIGH_CONFIDENCE,RULE_BASED_AND_CURATED,Buy instruction.,REDUCE_POSITION uses current holding: new_holding = current_holding * (1 - quantity_percent / 100).,1,1,False,READY_FOR_AUTO_APPLY
894,6a39ff8f1226b8e7029e88cc,6a0d8832835de84db3693580,International Market,GLOBAL_INDEX_OR_MACRO,2026-06-23T03:37:51.899Z,2026-06-23T03:37:51.899Z,,Buy nasdaq @30015 with SL 29800 for target 30400-30600,Buy nasdaq @30015 with SL 29800 for target 30400-30600,1d126ee3ac76539b,TRADE_ACTION,OPEN_LONG,SINGLE_INSTRUMENT,,nasdaq,NASDAQ,"[""NASDAQ""]",,,,LONG,100.0,MODEL_ALLOCATION,,DEFAULT_FULL_ALLOCATION,True,[30015.0],30015.0,29800.0,"[30400.0, 30600.0]",30400.0,30600.0,False,False,False,True,0.98,False,AUTO_HIGH_CONFIDENCE,RULE_BASED_AND_CURATED,Buy instruction.,REDUCE_POSITION uses current holding: new_holding = current_holding * (1 - quantity_percent / 100).,1,1,False,READY_FOR_AUTO_APPLY
895,6a39ffb81226b8e7029e88ef,6a0d8832835de84db3693580,International Market,GLOBAL_INDEX_OR_MACRO,2026-06-23T03:38:32.118Z,2026-06-23T03:38:32.118Z,,Buy s&p500 @7433 with SL 7380 for target 7500-7525,Buy s&p500 @7433 with SL 7380 for target 7500-7525,fa6e99dd56e659c4,TRADE_ACTION,OPEN_LONG,SINGLE_INSTRUMENT,,s&p500,SP500,"[""SP500""]",,,,LONG,100.0,MODEL_ALLOCATION,,DEFAULT_FULL_ALLOCATION,True,[7433.0],7433.0,7380.0,"[7500.0, 7525.0]",7500.0,7525.0,False,False,False,True,0.98,False,AUTO_HIGH_CONFIDENCE,RULE_BASED_AND_CURATED,Buy instruction.,REDUCE_POSITION uses current holding: new_holding = current_holding * (1 - quantity_percent / 100).,1,1,False,READY_FOR_AUTO_APPLY
896,6a39fffb1226b8e7029e8907,6a0d881f835de84db369357c,MCX,INDIA_COMMODITY,2026-06-23T03:39:39.847Z,2026-06-23T03:39:39.847Z,,50% PROFIT BOOK IN NG@306.50,50% PROFIT BOOK IN NG @306.50,838f042151b8ce38,TRADE_ACTION,REDUCE_POSITION,SINGLE_INSTRUMENT,,NG,NATURAL_GAS,"[""NATURAL_GAS""]",,,,,50.0,CURRENT_HOLDING,0.5,EXPLICIT_PERCENT,False,[306.5],306.5,,[],,,False,False,False,True,0.99,False,AUTO_HIGH_CONFIDENCE,RULE_BASED_AND_CURATED,Explicit percentage reduction of current holding.,REDUCE_POSITION uses current holding: new_holding = current_holding * (1 - quantity_percent / 100).,1,1,False,READY_FOR_AUTO_APPLY
897,6a3a00171226b8e7029e8940,6a0d881f835de84db369357c,MCX,INDIA_COMMODITY,2026-06-23T03:40:07.288Z,2026-06-23T03:40:07.288Z,,BUY COPPER@1304.50 SL 1290 TGT 1315-1321,BUY COPPER @1304.50 SL 1290 TGT 1315-1321,5727873749a8baf1,TRADE_ACTION,OPEN_LONG,SINGLE_INSTRUMENT,,COPPER,COPPER,"[""COPPER""]",,,,LONG,100.0,MODEL_ALLOCATION,,DEFAULT_FULL_ALLOCATION,True,[1304.5],1304.5,1290.0,"[1315.0, 1321.0]",1315.0,1321.0,False,False,False,True,0.98,False,AUTO_HIGH_CONFIDENCE,RULE_BASED_AND_CURATED,Buy instruction.,REDUCE_POSITION uses current holding: new_holding = current_holding * (1 - quantity_percent / 100).,1,1,False,READY_FOR_AUTO_APPLY
898,6a3a004d1226b8e7029e8961,6a0d881f835de84db369357c,MCX,INDIA_COMMODITY,2026-06-23T03:41:01.482Z,2026-06-23T03:41:01.482Z,,50% BUY GOLD@146610 SL 145400 TGT 148000-149500 POSITIONAL TGT 154000,50% BUY GOLD @146610 SL 145400 TGT 148000-149500 POSITIONAL TGT 154000,cb9d7f3bac9c6142,TRADE_ACTION,OPEN_LONG,SINGLE_INSTRUMENT,,GOLD,GOLD,"[""GOLD""]",,,,LONG,50.0,MODEL_ALLOCATION,,EXPLICIT_PERCENT,False,[146610.0],146610.0,145400.0,"[148000.0, 149500.0]",148000.0,149500.0,False,False,False,True,0.98,False,AUTO_HIGH_CONFIDENCE,RULE_BASED_AND_CURATED,Buy instruction.,REDUCE_POSITION uses current holding: new_holding = current_holding * (1 - quantity_percent / 100).,1,1,False,READY_FOR_AUTO_APPLY
899,6a3a00771226b8e7029e8982,6a0d881f835de84db369357c,MCX,INDIA_COMMODITY,2026-06-23T03:41:43.665Z,2026-06-23T03:42:01.263Z,2026-06-23T03:42:01.263Z,50% BUY SILVER@227720 SL 220000 TGT 235000-238000 POSITIONAL TGT 260000,50% BUY SILVER @227720 SL 220000 TGT 235000-238000 POSITIONAL TGT 260000,8079e346a4970c4d,TRADE_ACTION,OPEN_LONG,SINGLE_INSTRUMENT,,SILVER,SILVER,"[""SILVER""]",,,,LONG,50.0,MODEL_ALLOCATION,,EXPLICIT_PERCENT,False,[227720.0],227720.0,220000.0,"[235000.0, 238000.0]",235000.0,238000.0,False,False,False,True,0.98,False,AUTO_HIGH_CONFIDENCE,RULE_BASED_AND_CURATED,Buy instruction.,REDUCE_POSITION uses current holding: new_holding = current_holding * (1 - quantity_percent / 100).,1,1,False,READY_FOR_AUTO_APPLY
900,6a3a01ce1226b8e7029e8a43,6a0d87fb835de84db3693578,NSE,INDIA_EQUITY,2026-06-23T03:47:26.572Z,2026-06-23T03:47:26.572Z,,FULL PROFIT BOOK IN LAURUSLABS@1451,FULL PROFIT BOOK IN LAURUSLABS @1451,35da05aa9f8e0392,TRADE_ACTION,CLOSE_POSITION,SINGLE_INSTRUMENT,,LAURUSLABS,LAURUSLABS,"[""LAURUSLABS""]",,,,,100.0,CURRENT_HOLDING,0.0,FULL_EXIT_RULE,False,[1451.0],1451.0,,[],,,False,False,False,True,0.99,False,AUTO_HIGH_CONFIDENCE,RULE_BASED_AND_CURATED,Explicit full exit.,REDUCE_POSITION uses current holding: new_holding = current_holding * (1 - quantity_percent / 100).,1,1,False,READY_FOR_AUTO_APPLY
901,6a3a02231226b8e7029e8b5b,6a0d8832835de84db3693580,International Market,GLOBAL_COMMODITY,2026-06-23T03:48:51.151Z,2026-06-23T03:48:51.151Z,,Book 50% profit in ng @ 3.26,Book 50% profit in ng @ 3.26,b3c5df70b2034513,TRADE_ACTION,REDUCE_POSITION,SINGLE_INSTRUMENT,,ng,NATURAL_GAS,"[""NATURAL_GAS""]",,,,,50.0,CURRENT_HOLDING,0.5,EXPLICIT_PERCENT,False,[3.26],3.26,,[],,,False,False,False,True,0.99,False,AUTO_HIGH_CONFIDENCE,RULE_BASED_AND_CURATED,Explicit percentage reduction of current holding.,REDUCE_POSITION uses current holding: new_holding = current_holding * (1 - quantity_percent / 100).,1,1,False,READY_FOR_AUTO_APPLY
902,6a3a025e1226b8e7029e8b9d,6a0d87fb835de84db3693578,NSE,INDIA_EQUITY,2026-06-23T03:49:50.060Z,2026-06-23T03:49:50.060Z,,DELIVERY: BUY SILVERBEES@216 TGT 237-255-275,DELIVERY: BUY SILVERBEES @216 TGT 237-255-275,b15a366ac12258ca,TRADE_ACTION,OPEN_LONG,SINGLE_INSTRUMENT,,SILVERBEES,SILVERBEES,"[""SILVERBEES""]",,,,LONG,100.0,MODEL_ALLOCATION,,DEFAULT_FULL_ALLOCATION,True,[216.0],216.0,,"[237.0, 255.0, 275.0]",237.0,255.0,False,False,False,True,0.98,False,AUTO_HIGH_CONFIDENCE,RULE_BASED_AND_CURATED,Buy instruction.,REDUCE_POSITION uses current holding: new_holding = current_holding * (1 - quantity_percent / 100).,1,1,False,READY_FOR_AUTO_APPLY
903,6a3a02b81226b8e7029e8cb3,6a0d87fb835de84db3693578,NSE,INDIA_EQUITY,2026-06-23T03:51:20.191Z,2026-06-23T03:51:20.191Z,,BUY DLF@626 SL 620 TGT 635-640,BUY DLF @626 SL 620 TGT 635-640,096a2ee0cef71bcc,TRADE_ACTION,OPEN_LONG,SINGLE_INSTRUMENT,,DLF,DLF,"[""DLF""]",,,,LONG,100.0,MODEL_ALLOCATION,,DEFAULT_FULL_ALLOCATION,True,[626.0],626.0,620.0,"[635.0, 640.0]",635.0,640.0,False,False,False,True,0.98,False,AUTO_HIGH_CONFIDENCE,RULE_BASED_AND_CURATED,Buy instruction.,REDUCE_POSITION uses current holding: new_holding = current_holding * (1 - quantity_percent / 100).,1,1,False,READY_FOR_AUTO_APPLY
904,6a3a031b1226b8e7029e8d30,6a0d87fb835de84db3693578,NSE,INDIA_EQUITY,2026-06-23T03:52:59.591Z,2026-06-23T03:53:11.581Z,2026-06-23T03:53:11.581Z,BUY JSWSTEEL@1275 SL 1260 TGT 1295-1310,BUY JSWSTEEL @1275 SL 1260 TGT 1295-1310,72925ef855515416,TRADE_ACTION,OPEN_LONG,SINGLE_INSTRUMENT,,JSWSTEEL,JSWSTEEL,"[""JSWSTEEL""]",,,,LONG,100.0,MODEL_ALLOCATION,,DEFAULT_FULL_ALLOCATION,True,[1275.0],1275.0,1260.0,"[1295.0, 1310.0]",1295.0,1310.0,False,False,False,True,0.98,False,AUTO_HIGH_CONFIDENCE,RULE_BASED_AND_CURATED,Buy instruction.,REDUCE_POSITION uses current holding: new_holding = current_holding * (1 - quantity_percent / 100).,1,1,False,READY_FOR_AUTO_APPLY
905,6a3a03a51226b8e7029e8daa,6a0d87fb835de84db3693578,NSE,INDIA_EQUITY,2026-06-23T03:55:17.739Z,2026-06-23T03:55:17.739Z,,HOLD GODREJCP WITH SL 1026,HOLD GODREJCP WITH SL 1026,05d3c279bebb437f,TRADE_UPDATE,UPDATE_STOP_LOSS,SINGLE_INSTRUMENT,,GODREJCP,GODREJCP,"[""GODREJCP""]",,,,,,NONE,,NOT_APPLICABLE,False,[],,1026.0,[],,,False,False,False,True,0.99,False,AUTO_HIGH_CONFIDENCE,RULE_BASED_AND_CURATED,Hold and update stop loss.,REDUCE_POSITION uses current holding: new_holding = current_holding * (1 - quantity_percent / 100).,1,1,False,READY_FOR_AUTO_APPLY
906,6a3a03bd1226b8e7029e8dd4,6a0d87fb835de84db3693578,NSE,INDIA_EQUITY,2026-06-23T03:55:41.870Z,2026-06-23T03:55:41.870Z,,FULL PROFIT BOOK IN ICICIBANK@1358,FULL PROFIT BOOK IN ICICIBANK @1358,5b9e45ac5c3617e1,TRADE_ACTION,CLOSE_POSITION,SINGLE_INSTRUMENT,,ICICIBANK,ICICIBANK,"[""ICICIBANK""]",,,,,100.0,CURRENT_HOLDING,0.0,FULL_EXIT_RULE,False,[1358.0],1358.0,,[],,,False,False,False,True,0.99,False,AUTO_HIGH_CONFIDENCE,RULE_BASED_AND_CURATED,Explicit full exit.,REDUCE_POSITION uses current holding: new_holding = current_holding * (1 - quantity_percent / 100).,1,1,False,READY_FOR_AUTO_APPLY
907,6a3a06d71226b8e7029e901d,6a0d87fb835de84db3693578,NSE,INDIA_EQUITY,2026-06-23T04:08:55.030Z,2026-06-23T04:08:55.030Z,,FULL PROFIT BOOK IN CIPLA@1434,FULL PROFIT BOOK IN CIPLA @1434,814ce0cd5514b9ce,TRADE_ACTION,CLOSE_POSITION,SINGLE_INSTRUMENT,,CIPLA,CIPLA,"[""CIPLA""]",,,,,100.0,CURRENT_HOLDING,0.0,FULL_EXIT_RULE,False,[1434.0],1434.0,,[],,,False,False,False,True,0.99,False,AUTO_HIGH_CONFIDENCE,RULE_BASED_AND_CURATED,Explicit full exit.,REDUCE_POSITION uses current holding: new_holding = current_holding * (1 - quantity_percent / 100).,1,1,False,READY_FOR_AUTO_APPLY
908,6a3a07011226b8e7029e9056,6a0d87fb835de84db3693578,NSE,INDIA_EQUITY,2026-06-23T04:09:37.706Z,2026-06-23T04:09:37.706Z,,POSITIONAL TRADER 50% PROFIT BOOK IN LAURUSLABS@1476,POSITIONAL TRADER 50% PROFIT BOOK IN LAURUSLABS @1476,226db6f1c9dede5f,TRADE_ACTION,REDUCE_POSITION,SINGLE_INSTRUMENT,,LAURUSLABS,LAURUSLABS,"[""LAURUSLABS""]",,,,,50.0,CURRENT_HOLDING,0.5,EXPLICIT_PERCENT,False,[1476.0],1476.0,,[],,,False,False,False,True,0.99,False,AUTO_HIGH_CONFIDENCE,RULE_BASED_AND_CURATED,Explicit percentage reduction of current holding.,REDUCE_POSITION uses current holding: new_holding = current_holding * (1 - quantity_percent / 100).,1,1,False,READY_FOR_AUTO_APPLY
909,6a3a075a1226b8e7029e90e9,6a0d87fb835de84db3693578,NSE,INDIA_EQUITY,2026-06-23T04:11:06.601Z,2026-06-23T04:11:06.601Z,,50% PROFIT BOOK ASHOKLEY@154.50,50% PROFIT BOOK ASHOKLEY @154.50,eefd96455dac082a,TRADE_ACTION,REDUCE_POSITION,SINGLE_INSTRUMENT,,ASHOKLEY,ASHOKLEY,"[""ASHOKLEY""]",,,,,50.0,CURRENT_HOLDING,0.5,EXPLICIT_PERCENT,False,[154.5],154.5,,[],,,False,False,False,True,0.99,False,AUTO_HIGH_CONFIDENCE,RULE_BASED_AND_CURATED,Explicit percentage reduction of current holding.,REDUCE_POSITION uses current holding: new_holding = current_holding * (1 - quantity_percent / 100).,1,1,False,READY_FOR_AUTO_APPLY
910,6a3a07861226b8e7029e9122,6a0d87fb835de84db3693578,NSE,INDIA_EQUITY,2026-06-23T04:11:50.851Z,2026-06-23T04:11:50.851Z,,HOLD REST 50% ASHOKLEY WITH SL 157.60,HOLD REST 50% ASHOKLEY WITH SL 157.60,704f6c4436ed38da,TRADE_UPDATE,UPDATE_STOP_LOSS,SINGLE_INSTRUMENT,,ASHOKLEY,ASHOKLEY,"[""ASHOKLEY""]",,,,,,NONE,,NOT_APPLICABLE,False,[],,157.6,[],,,False,False,False,True,0.99,False,AUTO_HIGH_CONFIDENCE,RULE_BASED_AND_CURATED,Hold and update stop loss.,REDUCE_POSITION uses current holding: new_holding = current_holding * (1 - quantity_percent / 100).,1,1,False,READY_FOR_AUTO_APPLY
911,6a3a0aa31226b8e7029e92a7,6a0d87fb835de84db3693578,NSE,INDIA_EQUITY,2026-06-23T04:25:07.549Z,2026-06-23T04:25:07.549Z,,50% PROFIT BOOK IN DLF@633.20,50% PROFIT BOOK IN DLF @633.20,68625fb5240c5374,TRADE_ACTION,REDUCE_POSITION,SINGLE_INSTRUMENT,,DLF,DLF,"[""DLF""]",,,,,50.0,CURRENT_HOLDING,0.5,EXPLICIT_PERCENT,False,[633.2],633.2,,[],,,False,False,False,True,0.99,False,AUTO_HIGH_CONFIDENCE,RULE_BASED_AND_CURATED,Explicit percentage reduction of current holding.,REDUCE_POSITION uses current holding: new_holding = current_holding * (1 - quantity_percent / 100).,1,1,False,READY_FOR_AUTO_APPLY
912,6a3a0b631226b8e7029e932c,6a0d87fb835de84db3693578,NSE,INDIA_EQUITY,2026-06-23T04:28:19.878Z,2026-06-23T04:28:19.878Z,,FULL PROFIT BOOK IN ASHOKLEY@153.50,FULL PROFIT BOOK IN ASHOKLEY @153.50,873ea6260f540b94,TRADE_ACTION,CLOSE_POSITION,SINGLE_INSTRUMENT,,ASHOKLEY,ASHOKLEY,"[""ASHOKLEY""]",,,,,100.0,CURRENT_HOLDING,0.0,FULL_EXIT_RULE,False,[153.5],153.5,,[],,,False,False,False,True,0.99,False,AUTO_HIGH_CONFIDENCE,RULE_BASED_AND_CURATED,Explicit full exit.,REDUCE_POSITION uses current holding: new_holding = current_holding * (1 - quantity_percent / 100).,1,1,False,READY_FOR_AUTO_APPLY
913,6a3a0bd71226b8e7029e9375,6a0d881f835de84db369357c,MCX,INDIA_COMMODITY,2026-06-23T04:30:15.358Z,2026-06-23T04:30:15.358Z,,50% BUY CRUDEOILM@6995 SL 6900 TGT 7100-7200,50% BUY CRUDEOILM @6995 SL 6900 TGT 7100-7200,4ba92bc105815587,TRADE_ACTION,OPEN_LONG,SINGLE_INSTRUMENT,,CRUDEOILM,CRUDE_MINI,"[""CRUDE_MINI""]",,,,LONG,50.0,MODEL_ALLOCATION,,EXPLICIT_PERCENT,False,[6995.0],6995.0,6900.0,"[7100.0, 7200.0]",7100.0,7200.0,False,False,False,True,0.98,False,AUTO_HIGH_CONFIDENCE,RULE_BASED_AND_CURATED,Buy instruction.,REDUCE_POSITION uses current holding: new_holding = current_holding * (1 - quantity_percent / 100).,1,1,False,READY_FOR_AUTO_APPLY
914,6a3a10541226b8e7029e967e,6a0d8832835de84db3693580,International Market,GLOBAL_COMMODITY,2026-06-23T04:49:24.379Z,2026-06-23T04:49:24.379Z,,Buy 50% crude aug @73.60 with SL 72.00 for target 76.00-77.00,Buy 50% crude aug @73.60 with SL 72.00 for target 76.00-77.00,bf2508904a0f4ec1,TRADE_ACTION,OPEN_LONG,SINGLE_INSTRUMENT,,crude aug,CRUDE,"[""CRUDE""]",AUG,,,LONG,50.0,MODEL_ALLOCATION,,EXPLICIT_PERCENT,False,[73.6],73.6,72.0,"[76.0, 77.0]",76.0,77.0,False,False,False,True,0.98,False,AUTO_HIGH_CONFIDENCE,RULE_BASED_AND_CURATED,Buy instruction.,REDUCE_POSITION uses current holding: new_holding = current_holding * (1 - quantity_percent / 100).,1,1,False,READY_FOR_AUTO_APPLY
915,6a3a11961226b8e7029e9756,6a0d87fb835de84db3693578,NSE,INDIA_EQUITY,2026-06-23T04:54:46.827Z,2026-06-23T04:54:46.827Z,,BUY DRREDDY@1316 SL 1290 TGT 1330-1350,BUY DRREDDY @1316 SL 1290 TGT 1330-1350,ee26a9186690ba48,TRADE_ACTION,OPEN_LONG,SINGLE_INSTRUMENT,,DRREDDY,DRREDDY,"[""DRREDDY""]",,,,LONG,100.0,MODEL_ALLOCATION,,DEFAULT_FULL_ALLOCATION,True,[1316.0],1316.0,1290.0,"[1330.0, 1350.0]",1330.0,1350.0,False,False,False,True,0.98,False,AUTO_HIGH_CONFIDENCE,RULE_BASED_AND_CURATED,Buy instruction.,REDUCE_POSITION uses current holding: new_holding = current_holding * (1 - quantity_percent / 100).,1,1,False,READY_FOR_AUTO_APPLY
916,6a3a11ce1226b8e7029e97e0,6a0d87fb835de84db3693578,NSE,INDIA_EQUITY,2026-06-23T04:55:42.765Z,2026-06-23T04:55:42.765Z,,BUY WIPRO@176.50 SL 173 TGT 180-182,BUY WIPRO @176.50 SL 173 TGT 180-182,92de1bcd7f7839d0,TRADE_ACTION,OPEN_LONG,SINGLE_INSTRUMENT,,WIPRO,WIPRO,"[""WIPRO""]",,,,LONG,100.0,MODEL_ALLOCATION,,DEFAULT_FULL_ALLOCATION,True,[176.5],176.5,173.0,"[180.0, 182.0]",180.0,182.0,False,False,False,True,0.98,False,AUTO_HIGH_CONFIDENCE,RULE_BASED_AND_CURATED,Buy instruction.,REDUCE_POSITION uses current holding: new_holding = current_holding * (1 - quantity_percent / 100).,1,1,False,READY_FOR_AUTO_APPLY
917,6a3a12061226b8e7029e9808,6a0d87fb835de84db3693578,NSE,INDIA_EQUITY,2026-06-23T04:56:38.211Z,2026-06-23T04:56:38.211Z,,FULL PROFIT BOOK IN LT@4225,FULL PROFIT BOOK IN LT @4225,8a599bd06f9c0d7e,TRADE_ACTION,CLOSE_POSITION,SINGLE_INSTRUMENT,,LT,LT,"[""LT""]",,,,,100.0,CURRENT_HOLDING,0.0,FULL_EXIT_RULE,False,[4225.0],4225.0,,[],,,False,False,False,True,0.99,False,AUTO_HIGH_CONFIDENCE,RULE_BASED_AND_CURATED,Explicit full exit.,REDUCE_POSITION uses current holding: new_holding = current_holding * (1 - quantity_percent / 100).,1,1,False,READY_FOR_AUTO_APPLY
918,6a3a1c9f1226b8e7029e9d2a,6a0d8832835de84db3693580,International Market,GLOBAL_INDEX_OR_MACRO,2026-06-23T05:41:51.648Z,2026-06-23T05:41:51.648Z,,Hold Nasdaq with sl 29700,Hold Nasdaq with sl 29700,b69db04179d57987,TRADE_UPDATE,UPDATE_STOP_LOSS,SINGLE_INSTRUMENT,,Nasdaq,NASDAQ,"[""NASDAQ""]",,,,,,NONE,,NOT_APPLICABLE,False,[],,29700.0,[],,,False,False,False,True,0.99,False,AUTO_HIGH_CONFIDENCE,RULE_BASED_AND_CURATED,Hold and update stop loss.,REDUCE_POSITION uses current holding: new_holding = current_holding * (1 - quantity_percent / 100).,2,2,True,READY_FOR_AUTO_APPLY
919,6a3a24431226b8e7029e9f48,6a20c6ae59359ea1faef274f,Indian Indices,INDIA_INDEX,2026-06-23T06:14:27.254Z,2026-06-23T06:14:27.254Z,,PART  PROFIT BOOK IN BANKNIFTY@57820,PART PROFIT BOOK IN BANKNIFTY @57820,37960e826471aadb,TRADE_ACTION,REDUCE_POSITION,SINGLE_INSTRUMENT,,BANKNIFTY,BANKNIFTY,"[""BANKNIFTY""]",,,,,25.0,CURRENT_HOLDING,0.75,PART_PROFIT_RULE,False,[57820.0],57820.0,,[],,,False,False,False,True,0.99,False,AUTO_HIGH_CONFIDENCE,RULE_BASED_AND_CURATED,Part/partial profit means sell 25% of current holding.,REDUCE_POSITION uses current holding: new_holding = current_holding * (1 - quantity_percent / 100).,1,1,False,READY_FOR_AUTO_APPLY
920,6a3a24dd1226b8e7029e9f8b,6a0d87fb835de84db3693578,NSE,INDIA_EQUITY,2026-06-23T06:17:01.456Z,2026-06-23T06:17:01.456Z,,AGAIN POSITIONAL BUY TATASTEEL@196 SL 192 TGT 200-205,AGAIN POSITIONAL BUY TATASTEEL @196 SL 192 TGT 200-205,4f1fee26e8c63f93,TRADE_ACTION,OPEN_LONG,SINGLE_INSTRUMENT,,TATASTEEL,TATASTEEL,"[""TATASTEEL""]",,,,LONG,100.0,MODEL_ALLOCATION,,DEFAULT_FULL_ALLOCATION,True,[196.0],196.0,192.0,"[200.0, 205.0]",200.0,205.0,False,False,False,True,0.98,False,AUTO_HIGH_CONFIDENCE,RULE_BASED_AND_CURATED,Buy instruction.,REDUCE_POSITION uses current holding: new_holding = current_holding * (1 - quantity_percent / 100).,1,1,False,READY_FOR_AUTO_APPLY
921,6a3a25641226b8e7029ea086,6a20c6ae59359ea1faef274f,Indian Indices,INDIA_INDEX,2026-06-23T06:19:16.518Z,2026-06-23T06:19:16.518Z,,BUY 50% NIFTY (STRIKE 24000/JUNE) CE @173 SL 100  TGT 300-350,BUY 50% NIFTY (STRIKE 24000/JUNE) CE @173 SL 100 TGT 300-350,6feb19a7c756b3f6,TRADE_ACTION,OPEN_LONG,SINGLE_INSTRUMENT,,NIFTY (STRIKE,NIFTY_STRIKE,"[""NIFTY_STRIKE""]",JUN,24000,CE,LONG,50.0,MODEL_ALLOCATION,,EXPLICIT_PERCENT,False,[173.0],173.0,100.0,"[300.0, 350.0]",300.0,350.0,False,False,False,True,0.98,False,AUTO_HIGH_CONFIDENCE,RULE_BASED_AND_CURATED,Buy instruction.,REDUCE_POSITION uses current holding: new_holding = current_holding * (1 - quantity_percent / 100).,1,1,False,READY_FOR_AUTO_APPLY
922,6a3a28821226b8e7029ea286,6a0d8832835de84db3693580,International Market,GLOBAL_INDEX_OR_MACRO,2026-06-23T06:32:34.471Z,2026-06-23T06:32:34.471Z,,Hold nasdaq with SL 29650,Hold nasdaq with SL 29650,70e06eb5fceda297,TRADE_UPDATE,UPDATE_STOP_LOSS,SINGLE_INSTRUMENT,,nasdaq,NASDAQ,"[""NASDAQ""]",,,,,,NONE,,NOT_APPLICABLE,False,[],,29650.0,[],,,False,False,False,True,0.99,False,AUTO_HIGH_CONFIDENCE,RULE_BASED_AND_CURATED,Hold and update stop loss.,REDUCE_POSITION uses current holding: new_holding = current_holding * (1 - quantity_percent / 100).,1,1,False,READY_FOR_AUTO_APPLY
923,6a3a288c1226b8e7029ea2a6,6a0d8832835de84db3693580,International Market,GLOBAL_INDEX_OR_MACRO,2026-06-23T06:32:44.955Z,2026-06-23T06:32:44.955Z,,Hold s&p500 with SL 7360,Hold s&p500 with SL 7360,30026b228a96f958,TRADE_UPDATE,UPDATE_STOP_LOSS,SINGLE_INSTRUMENT,,s&p500,SP500,"[""SP500""]",,,,,,NONE,,NOT_APPLICABLE,False,[],,7360.0,[],,,False,False,False,True,0.99,False,AUTO_HIGH_CONFIDENCE,RULE_BASED_AND_CURATED,Hold and update stop loss.,REDUCE_POSITION uses current holding: new_holding = current_holding * (1 - quantity_percent / 100).,1,1,False,READY_FOR_AUTO_APPLY
924,6a3a289e1226b8e7029ea2c6,6a0d8832835de84db3693580,International Market,GLOBAL_INDEX_OR_MACRO,2026-06-23T06:33:02.308Z,2026-06-23T06:33:02.308Z,,Buy Russell @ 2963 with SL 2938 for target 3000,Buy Russell @ 2963 with SL 2938 for target 3000,e61f995aec4b216e,TRADE_ACTION,OPEN_LONG,SINGLE_INSTRUMENT,,Russell,RUSSELL,"[""RUSSELL""]",,,,LONG,100.0,MODEL_ALLOCATION,,DEFAULT_FULL_ALLOCATION,True,[2963.0],2963.0,2938.0,[3000.0],3000.0,,False,False,False,True,0.98,False,AUTO_HIGH_CONFIDENCE,RULE_BASED_AND_CURATED,Buy instruction.,REDUCE_POSITION uses current holding: new_holding = current_holding * (1 - quantity_percent / 100).,1,1,False,READY_FOR_AUTO_APPLY
925,6a3a28bf1226b8e7029ea2e0,6a0d8832835de84db3693580,International Market,GLOBAL_INDEX_OR_MACRO,2026-06-23T06:33:35.069Z,2026-06-23T06:33:35.069Z,,Buy Dow @ 51500 with SL 51180 for target 51850-52000,Buy Dow @ 51500 with SL 51180 for target 51850-52000,d41235e64dab99a9,TRADE_ACTION,OPEN_LONG,SINGLE_INSTRUMENT,,Dow,DOW,"[""DOW""]",,,,LONG,100.0,MODEL_ALLOCATION,,DEFAULT_FULL_ALLOCATION,True,[51500.0],51500.0,51180.0,"[51850.0, 52000.0]",51850.0,52000.0,False,False,False,True,0.98,False,AUTO_HIGH_CONFIDENCE,RULE_BASED_AND_CURATED,Buy instruction.,REDUCE_POSITION uses current holding: new_holding = current_holding * (1 - quantity_percent / 100).,1,1,False,READY_FOR_AUTO_APPLY
926,6a3a28fe1226b8e7029ea30b,6a20c6ae59359ea1faef274f,Indian Indices,INDIA_INDEX,2026-06-23T06:34:38.619Z,2026-06-23T06:34:38.619Z,,50% BUY NIFTY@24002 SL 23900 TGT 24200-24300,50% BUY NIFTY @24002 SL 23900 TGT 24200-24300,7b48aba13ba0f840,TRADE_ACTION,OPEN_LONG,SINGLE_INSTRUMENT,,NIFTY,NIFTY,"[""NIFTY""]",,,,LONG,50.0,MODEL_ALLOCATION,,EXPLICIT_PERCENT,False,[24002.0],24002.0,23900.0,"[24200.0, 24300.0]",24200.0,24300.0,False,False,False,True,0.98,False,AUTO_HIGH_CONFIDENCE,RULE_BASED_AND_CURATED,Buy instruction.,REDUCE_POSITION uses current holding: new_holding = current_holding * (1 - quantity_percent / 100).,1,1,False,READY_FOR_AUTO_APPLY
927,6a3a2cd71226b8e7029ea46c,6a20c6ae59359ea1faef274f,Indian Indices,INDIA_INDEX,2026-06-23T06:51:03.641Z,2026-06-23T06:51:03.641Z,,25% PROFIT BOOK IN BANKNIFTY@57540,25% PROFIT BOOK IN BANKNIFTY @57540,334913f08c4e4fef,TRADE_ACTION,REDUCE_POSITION,SINGLE_INSTRUMENT,,BANKNIFTY,BANKNIFTY,"[""BANKNIFTY""]",,,,,25.0,CURRENT_HOLDING,0.75,EXPLICIT_PERCENT,False,[57540.0],57540.0,,[],,,False,False,False,True,0.99,False,AUTO_HIGH_CONFIDENCE,RULE_BASED_AND_CURATED,Explicit percentage reduction of current holding.,REDUCE_POSITION uses current holding: new_holding = current_holding * (1 - quantity_percent / 100).,1,1,False,READY_FOR_AUTO_APPLY
928,6a3a2cf51226b8e7029ea496,6a0d87fb835de84db3693578,NSE,INDIA_EQUITY,2026-06-23T06:51:33.044Z,2026-06-23T06:51:33.044Z,,BUY DLF@618 SL 604 TGT 630-640,BUY DLF @618 SL 604 TGT 630-640,d77a88cc75aebc5a,TRADE_ACTION,OPEN_LONG,SINGLE_INSTRUMENT,,DLF,DLF,"[""DLF""]",,,,LONG,100.0,MODEL_ALLOCATION,,DEFAULT_FULL_ALLOCATION,True,[618.0],618.0,604.0,"[630.0, 640.0]",630.0,640.0,False,False,False,True,0.98,False,AUTO_HIGH_CONFIDENCE,RULE_BASED_AND_CURATED,Buy instruction.,REDUCE_POSITION uses current holding: new_holding = current_holding * (1 - quantity_percent / 100).,1,1,False,READY_FOR_AUTO_APPLY
929,6a3a31a31226b8e7029ea5ea,6a0d87fb835de84db3693578,NSE,INDIA_EQUITY,2026-06-23T07:11:31.259Z,2026-06-23T07:11:31.259Z,,HOLD JSWSTEEL WITH SL 1240,HOLD JSWSTEEL WITH SL 1240,1f585780b7f72e95,TRADE_UPDATE,UPDATE_STOP_LOSS,SINGLE_INSTRUMENT,,JSWSTEEL,JSWSTEEL,"[""JSWSTEEL""]",,,,,,NONE,,NOT_APPLICABLE,False,[],,1240.0,[],,,False,False,False,True,0.99,False,AUTO_HIGH_CONFIDENCE,RULE_BASED_AND_CURATED,Hold and update stop loss.,REDUCE_POSITION uses current holding: new_holding = current_holding * (1 - quantity_percent / 100).,1,1,False,READY_FOR_AUTO_APPLY
930,6a3a3dd21226b8e7029ea93b,6a0d87fb835de84db3693578,NSE,INDIA_EQUITY,2026-06-23T08:03:30.735Z,2026-06-23T08:03:30.735Z,,50% PROFIT BOOK IN BEL @423.20,50% PROFIT BOOK IN BEL @423.20,865735267529b341,TRADE_ACTION,REDUCE_POSITION,SINGLE_INSTRUMENT,,BEL,BEL,"[""BEL""]",,,,,50.0,CURRENT_HOLDING,0.5,EXPLICIT_PERCENT,False,[423.2],423.2,,[],,,False,False,False,True,0.99,False,AUTO_HIGH_CONFIDENCE,RULE_BASED_AND_CURATED,Explicit percentage reduction of current holding.,REDUCE_POSITION uses current holding: new_holding = current_holding * (1 - quantity_percent / 100).,1,1,False,READY_FOR_AUTO_APPLY
931,6a3a40a21226b8e7029eaaed,6a0d881f835de84db369357c,MCX,INDIA_COMMODITY,2026-06-23T08:15:30.965Z,2026-06-23T08:15:30.965Z,,HOLD GOLD WITH POSITIONAL SL 145000,HOLD GOLD WITH POSITIONAL SL 145000,50dc07427b3b220a,TRADE_UPDATE,UPDATE_STOP_LOSS,SINGLE_INSTRUMENT,,GOLD,GOLD,"[""GOLD""]",,,,,,NONE,,NOT_APPLICABLE,False,[],,145000.0,[],,,False,False,False,True,0.99,False,AUTO_HIGH_CONFIDENCE,RULE_BASED_AND_CURATED,Hold and update stop loss.,REDUCE_POSITION uses current holding: new_holding = current_holding * (1 - quantity_percent / 100).,1,1,False,READY_FOR_AUTO_APPLY
932,6a3a42e81226b8e7029eabb4,6a20c6ae59359ea1faef274f,Indian Indices,INDIA_INDEX,2026-06-23T08:25:12.312Z,2026-06-23T08:25:12.312Z,,HOLD NIFTY FOR TOMORROW,HOLD NIFTY FOR TOMORROW,b8c46bb2150e3a8f,TRADE_UPDATE,HOLD_POSITION,SINGLE_INSTRUMENT,,NIFTY,NIFTY,"[""NIFTY""]",,,,,,NONE,,NOT_APPLICABLE,False,[],,,[],,,False,False,False,True,0.97,False,AUTO_HIGH_CONFIDENCE,RULE_BASED_AND_CURATED,Hold instruction; no quantity change.,REDUCE_POSITION uses current holding: new_holding = current_holding * (1 - quantity_percent / 100).,1,1,False,READY_FOR_AUTO_APPLY
933,6a3a543f1226b8e7029eae1b,6a20c6ae59359ea1faef274f,Indian Indices,INDIA_INDEX,2026-06-23T09:39:11.386Z,2026-06-23T09:39:11.386Z,,50% BUY NIFTY@23875 SL 23800 TGT 24000-24100,50% BUY NIFTY @23875 SL 23800 TGT 24000-24100,5ec58d92898fbf5d,TRADE_ACTION,OPEN_LONG,SINGLE_INSTRUMENT,,NIFTY,NIFTY,"[""NIFTY""]",,,,LONG,50.0,MODEL_ALLOCATION,,EXPLICIT_PERCENT,False,[23875.0],23875.0,23800.0,"[24000.0, 24100.0]",24000.0,24100.0,False,False,False,True,0.98,False,AUTO_HIGH_CONFIDENCE,RULE_BASED_AND_CURATED,Buy instruction.,REDUCE_POSITION uses current holding: new_holding = current_holding * (1 - quantity_percent / 100).,1,1,False,READY_FOR_AUTO_APPLY
934,6a3a57591226b8e7029eafda,6a0d87fb835de84db3693578,NSE,INDIA_EQUITY,2026-06-23T09:52:25.866Z,2026-06-23T09:52:25.866Z,,FULL PROFIT BOOK IN BEL@419.10,FULL PROFIT BOOK IN BEL @419.10,506ae3b8312d20ae,TRADE_ACTION,CLOSE_POSITION,SINGLE_INSTRUMENT,,BEL,BEL,"[""BEL""]",,,,,100.0,CURRENT_HOLDING,0.0,FULL_EXIT_RULE,False,[419.1],419.1,,[],,,False,False,False,True,0.99,False,AUTO_HIGH_CONFIDENCE,RULE_BASED_AND_CURATED,Explicit full exit.,REDUCE_POSITION uses current holding: new_holding = current_holding * (1 - quantity_percent / 100).,1,1,False,READY_FOR_AUTO_APPLY
935,6a3a587c1226b8e7029eb054,6a20c6ae59359ea1faef274f,Indian Indices,INDIA_INDEX,2026-06-23T09:57:16.785Z,2026-06-23T09:57:25.557Z,2026-06-23T09:57:25.556Z,HOLD NIFTY WITH SL 23780,HOLD NIFTY WITH SL 23780,63388305650b1e4a,TRADE_UPDATE,UPDATE_STOP_LOSS,SINGLE_INSTRUMENT,,NIFTY,NIFTY,"[""NIFTY""]",,,,,,NONE,,NOT_APPLICABLE,False,[],,23780.0,[],,,False,False,False,True,0.99,False,AUTO_HIGH_CONFIDENCE,RULE_BASED_AND_CURATED,Hold and update stop loss.,REDUCE_POSITION uses current holding: new_holding = current_holding * (1 - quantity_percent / 100).,1,1,False,READY_FOR_AUTO_APPLY
936,6a3a58b71226b8e7029eb1fd,6a20c6ae59359ea1faef274f,Indian Indices,INDIA_INDEX,2026-06-23T09:58:15.724Z,2026-06-23T09:58:15.724Z,,50% SELL BANKNIFTY@57176 SL 57500 TGT OPEN,50% SELL BANKNIFTY @57176 SL 57500 TGT OPEN,8d9f2f23fbb4065f,TRADE_ACTION,OPEN_SHORT,SINGLE_INSTRUMENT,,BANKNIFTY,BANKNIFTY,"[""BANKNIFTY""]",,,,SHORT,50.0,MODEL_ALLOCATION,,EXPLICIT_PERCENT,False,[57176.0],57176.0,57500.0,[],,,False,False,False,True,0.97,False,AUTO_HIGH_CONFIDENCE,RULE_BASED_AND_CURATED,Sell with stop/target opens a short allocation.,REDUCE_POSITION uses current holding: new_holding = current_holding * (1 - quantity_percent / 100).,1,1,False,READY_FOR_AUTO_APPLY
937,6a3a8c841226b8e7029eba3d,6a0d8832835de84db3693580,International Market,GLOBAL_EQUITY,2026-06-23T13:39:16.640Z,2026-06-23T13:39:16.640Z,,Positional buy 30% CBRE @ 130.56,Positional buy 30% CBRE @ 130.56,d46885699686c891,TRADE_ACTION,OPEN_LONG,SINGLE_INSTRUMENT,,CBRE,CBRE,"[""CBRE""]",,,,LONG,30.0,MODEL_ALLOCATION,,EXPLICIT_PERCENT,False,[130.56],130.56,,[],,,False,False,False,True,0.98,False,AUTO_HIGH_CONFIDENCE,RULE_BASED_AND_CURATED,Buy instruction.,REDUCE_POSITION uses current holding: new_holding = current_holding * (1 - quantity_percent / 100).,1,1,False,READY_FOR_AUTO_APPLY
938,6a3a8f591226b8e7029ebc14,6a0d8832835de84db3693580,International Market,GLOBAL_EQUITY,2026-06-23T13:51:21.816Z,2026-06-23T13:51:21.816Z,,Book profit in AAPL @ 300,Book profit in AAPL @ 300,a797293ce49bbfa9,TRADE_ACTION,CLOSE_POSITION,SINGLE_INSTRUMENT,,AAPL,AAPL,"[""AAPL""]",,,,,100.0,CURRENT_HOLDING,0.0,FULL_EXIT_RULE,False,[300.0],300.0,,[],,,False,False,False,True,0.96,False,AUTO_HIGH_CONFIDENCE,RULE_BASED_AND_CURATED,Unqualified 'book profit' closes all remaining holding.,REDUCE_POSITION uses current holding: new_holding = current_holding * (1 - quantity_percent / 100).,1,1,False,READY_FOR_AUTO_APPLY
939,6a3a92b71226b8e7029ebcc8,6a0d8832835de84db3693580,International Market,GLOBAL_EQUITY,2026-06-23T14:05:43.129Z,2026-06-23T14:05:43.129Z,,Day traders book 50% profit in NBIS @ 291,Day traders book 50% profit in NBIS @ 291,a4067b4a4a2b0d02,TRADE_ACTION,REDUCE_POSITION,SINGLE_INSTRUMENT,,NBIS,NBIS,"[""NBIS""]",,,,,50.0,CURRENT_HOLDING,0.5,EXPLICIT_PERCENT,False,[291.0],291.0,,[],,,False,False,False,True,0.99,False,AUTO_HIGH_CONFIDENCE,RULE_BASED_AND_CURATED,Explicit percentage reduction of current holding.,REDUCE_POSITION uses current holding: new_holding = current_holding * (1 - quantity_percent / 100).,1,1,False,READY_FOR_AUTO_APPLY
940,6a3a936a1226b8e7029ebcd9,6a0d8832835de84db3693580,International Market,GLOBAL_INDEX_OR_MACRO,2026-06-23T14:08:42.437Z,2026-06-23T14:08:42.437Z,,Book 50% profit in Russell @ 2985,Book 50% profit in Russell @ 2985,9ff12608d714e14d,TRADE_ACTION,REDUCE_POSITION,SINGLE_INSTRUMENT,,Russell,RUSSELL,"[""RUSSELL""]",,,,,50.0,CURRENT_HOLDING,0.5,EXPLICIT_PERCENT,False,[2985.0],2985.0,,[],,,False,False,False,True,0.99,False,AUTO_HIGH_CONFIDENCE,RULE_BASED_AND_CURATED,Explicit percentage reduction of current holding.,REDUCE_POSITION uses current holding: new_holding = current_holding * (1 - quantity_percent / 100).,1,1,False,READY_FOR_AUTO_APPLY
941,6a3a9bba1226b8e7029ec132,6a0d881f835de84db369357c,MCX,INDIA_COMMODITY,2026-06-23T14:44:10.394Z,2026-06-23T14:44:10.394Z,,Full Profit book in NG @ 302,Full Profit book in NG @ 302,6b9f0d0d9d09559a,TRADE_ACTION,CLOSE_POSITION,SINGLE_INSTRUMENT,,NG,NATURAL_GAS,"[""NATURAL_GAS""]",,,,,100.0,CURRENT_HOLDING,0.0,FULL_EXIT_RULE,False,[302.0],302.0,,[],,,False,False,False,True,0.99,False,AUTO_HIGH_CONFIDENCE,RULE_BASED_AND_CURATED,Explicit full exit.,REDUCE_POSITION uses current holding: new_holding = current_holding * (1 - quantity_percent / 100).,1,1,False,READY_FOR_AUTO_APPLY
942,6a3a9c401226b8e7029ec192,6a0d8832835de84db3693580,International Market,GLOBAL_COMMODITY,2026-06-23T14:46:24.076Z,2026-06-23T14:46:24.076Z,,50% Profit Book in US coffee @ 272.60,50% Profit Book in US coffee @ 272.60,38d664f99cb694ea,TRADE_ACTION,REDUCE_POSITION,SINGLE_INSTRUMENT,,US coffee,US_COFFEE,"[""US_COFFEE""]",,,,,50.0,CURRENT_HOLDING,0.5,EXPLICIT_PERCENT,False,[272.6],272.6,,[],,,False,False,False,True,0.99,False,AUTO_HIGH_CONFIDENCE,RULE_BASED_AND_CURATED,Explicit percentage reduction of current holding.,REDUCE_POSITION uses current holding: new_holding = current_holding * (1 - quantity_percent / 100).,1,1,False,READY_FOR_AUTO_APPLY
943,6a3a9c751226b8e7029ec1a0,6a0d8832835de84db3693580,International Market,GLOBAL_COMMODITY,2026-06-23T14:47:17.266Z,2026-06-23T14:47:17.266Z,,Full Profit book in NG@ 3.20,Full Profit book in NG @ 3.20,9ffa6fc162760779,TRADE_ACTION,CLOSE_POSITION,SINGLE_INSTRUMENT,,NG,NATURAL_GAS,"[""NATURAL_GAS""]",,,,,100.0,CURRENT_HOLDING,0.0,FULL_EXIT_RULE,False,[3.2],3.2,,[],,,False,False,False,True,0.99,False,AUTO_HIGH_CONFIDENCE,RULE_BASED_AND_CURATED,Explicit full exit.,REDUCE_POSITION uses current holding: new_holding = current_holding * (1 - quantity_percent / 100).,1,1,False,READY_FOR_AUTO_APPLY
944,6a3a9db61226b8e7029ec364,6a0d8832835de84db3693580,International Market,GLOBAL_INDEX_OR_MACRO,2026-06-23T14:52:38.466Z,2026-06-23T14:52:38.466Z,,Buy 50% nasdaq @29600 with SL 29300 for target 30000-30400,Buy 50% nasdaq @29600 with SL 29300 for target 30000-30400,a9accd7d990789f6,TRADE_ACTION,OPEN_LONG,SINGLE_INSTRUMENT,,nasdaq,NASDAQ,"[""NASDAQ""]",,,,LONG,50.0,MODEL_ALLOCATION,,EXPLICIT_PERCENT,False,[29600.0],29600.0,29300.0,"[30000.0, 30400.0]",30000.0,30400.0,False,False,False,True,0.98,False,AUTO_HIGH_CONFIDENCE,RULE_BASED_AND_CURATED,Buy instruction.,REDUCE_POSITION uses current holding: new_holding = current_holding * (1 - quantity_percent / 100).,1,1,False,READY_FOR_AUTO_APPLY
945,6a3a9ddc1226b8e7029ec378,6a0d8832835de84db3693580,International Market,GLOBAL_INDEX_OR_MACRO,2026-06-23T14:53:16.565Z,2026-06-23T14:53:16.565Z,,Book 50% profit in Dow @ 51725,Book 50% profit in Dow @ 51725,7e687f2b4c0c415d,TRADE_ACTION,REDUCE_POSITION,SINGLE_INSTRUMENT,,Dow,DOW,"[""DOW""]",,,,,50.0,CURRENT_HOLDING,0.5,EXPLICIT_PERCENT,False,[51725.0],51725.0,,[],,,False,False,False,True,0.99,False,AUTO_HIGH_CONFIDENCE,RULE_BASED_AND_CURATED,Explicit percentage reduction of current holding.,REDUCE_POSITION uses current holding: new_holding = current_holding * (1 - quantity_percent / 100).,1,1,False,READY_FOR_AUTO_APPLY
946,6a3a9e241226b8e7029ec397,6a0d8832835de84db3693580,International Market,GLOBAL_EQUITY,2026-06-23T14:54:28.175Z,2026-06-23T14:54:28.175Z,,Buy PLTR @119 with SL 117 for target 124-127,Buy PLTR @119 with SL 117 for target 124-127,8389dce79e0628a1,TRADE_ACTION,OPEN_LONG,SINGLE_INSTRUMENT,,PLTR,PLTR,"[""PLTR""]",,,,LONG,100.0,MODEL_ALLOCATION,,DEFAULT_FULL_ALLOCATION,True,[119.0],119.0,117.0,"[124.0, 127.0]",124.0,127.0,False,False,False,True,0.98,False,AUTO_HIGH_CONFIDENCE,RULE_BASED_AND_CURATED,Buy instruction.,REDUCE_POSITION uses current holding: new_holding = current_holding * (1 - quantity_percent / 100).,1,1,False,READY_FOR_AUTO_APPLY
947,6a3a9e591226b8e7029ec3a5,6a0d8832835de84db3693580,International Market,GLOBAL_EQUITY,2026-06-23T14:55:21.540Z,2026-06-23T14:55:21.540Z,,Buy 50% hood @104.70 for target 111-120,Buy 50% hood @104.70 for target 111-120,a71b0a042bc28e76,TRADE_ACTION,OPEN_LONG,SINGLE_INSTRUMENT,,hood,HOOD,"[""HOOD""]",,,,LONG,50.0,MODEL_ALLOCATION,,EXPLICIT_PERCENT,False,[104.7],104.7,,"[111.0, 120.0]",111.0,120.0,False,False,False,True,0.98,False,AUTO_HIGH_CONFIDENCE,RULE_BASED_AND_CURATED,Buy instruction.,REDUCE_POSITION uses current holding: new_holding = current_holding * (1 - quantity_percent / 100).,1,1,False,READY_FOR_AUTO_APPLY
948,6a3a9e711226b8e7029ec41b,6a0d8832835de84db3693580,International Market,GLOBAL_EQUITY,2026-06-23T14:55:45.409Z,2026-06-23T14:55:45.409Z,,Buy 50% RKLB @ 97.80 for target 105-115,Buy 50% RKLB @ 97.80 for target 105-115,20559762d2dd4fe8,TRADE_ACTION,OPEN_LONG,SINGLE_INSTRUMENT,,RKLB,RKLB,"[""RKLB""]",,,,LONG,50.0,MODEL_ALLOCATION,,EXPLICIT_PERCENT,False,[97.8],97.8,,"[105.0, 115.0]",105.0,115.0,False,False,False,True,0.98,False,AUTO_HIGH_CONFIDENCE,RULE_BASED_AND_CURATED,Buy instruction.,REDUCE_POSITION uses current holding: new_holding = current_holding * (1 - quantity_percent / 100).,1,1,False,READY_FOR_AUTO_APPLY
949,6a3aae051226b8e7029ecbd6,6a0d8832835de84db3693580,International Market,GLOBAL_COMMODITY,2026-06-23T16:02:13.514Z,2026-06-23T16:02:13.514Z,,Book profit in us coffee @278,Book profit in us coffee @278,070f1e16f008bdea,TRADE_ACTION,CLOSE_POSITION,SINGLE_INSTRUMENT,,us coffee,US_COFFEE,"[""US_COFFEE""]",,,,,100.0,CURRENT_HOLDING,0.0,FULL_EXIT_RULE,False,[278.0],278.0,,[],,,False,False,False,True,0.96,False,AUTO_HIGH_CONFIDENCE,RULE_BASED_AND_CURATED,Unqualified 'book profit' closes all remaining holding.,REDUCE_POSITION uses current holding: new_holding = current_holding * (1 - quantity_percent / 100).,1,1,False,READY_FOR_AUTO_APPLY
950,6a3ab6b11226b8e7029ecf34,6a0d8832835de84db3693580,International Market,GLOBAL_EQUITY,2026-06-23T16:39:13.636Z,2026-06-23T16:39:13.636Z,,Buy 50% soxl @236.75 for target 254-274,Buy 50% soxl @236.75 for target 254-274,bea8843ba4313575,TRADE_ACTION,OPEN_LONG,SINGLE_INSTRUMENT,,soxl,SOXL,"[""SOXL""]",,,,LONG,50.0,MODEL_ALLOCATION,,EXPLICIT_PERCENT,False,[236.75],236.75,,"[254.0, 274.0]",254.0,274.0,False,False,False,True,0.98,False,AUTO_HIGH_CONFIDENCE,RULE_BASED_AND_CURATED,Buy instruction.,REDUCE_POSITION uses current holding: new_holding = current_holding * (1 - quantity_percent / 100).,1,1,False,READY_FOR_AUTO_APPLY
951,6a3ac19e1226b8e7029ed138,6a0d8832835de84db3693580,International Market,GLOBAL_INDEX_OR_MACRO,2026-06-23T17:25:50.290Z,2026-06-23T17:25:50.290Z,,Book profit in Russell @ 2999,Book profit in Russell @ 2999,8a71c8770e3cc76d,TRADE_ACTION,CLOSE_POSITION,SINGLE_INSTRUMENT,,Russell,RUSSELL,"[""RUSSELL""]",,,,,100.0,CURRENT_HOLDING,0.0,FULL_EXIT_RULE,False,[2999.0],2999.0,,[],,,False,False,False,True,0.96,False,AUTO_HIGH_CONFIDENCE,RULE_BASED_AND_CURATED,Unqualified 'book profit' closes all remaining holding.,REDUCE_POSITION uses current holding: new_holding = current_holding * (1 - quantity_percent / 100).,1,1,False,READY_FOR_AUTO_APPLY
952,6a3b2d0f1226b8e7029ed788,6a0d8832835de84db3693580,International Market,GLOBAL_COMMODITY,2026-06-24T01:04:15.265Z,2026-06-24T01:04:15.265Z,,Sl touch exit from gold,Sl touch exit from gold,0859df5e165cd5b0,TRADE_ACTION,CLOSE_POSITION,SINGLE_INSTRUMENT,,gold,GOLD,"[""GOLD""]",,,,,100.0,CURRENT_HOLDING,0.0,FULL_EXIT_RULE,False,[],,,[],,,False,False,False,True,0.99,False,AUTO_HIGH_CONFIDENCE,RULE_BASED_AND_CURATED,Stop-loss hit closes current holding.,REDUCE_POSITION uses current holding: new_holding = current_holding * (1 - quantity_percent / 100).,1,1,False,READY_FOR_AUTO_APPLY
953,6a3b2daf1226b8e7029ed845,6a0d8832835de84db3693580,International Market,GLOBAL_COMMODITY,2026-06-24T01:06:55.103Z,2026-06-24T01:06:55.103Z,,Sl touch exit from silver,Sl touch exit from silver,558bd08340c902b9,TRADE_ACTION,CLOSE_POSITION,SINGLE_INSTRUMENT,,silver,SILVER,"[""SILVER""]",,,,,100.0,CURRENT_HOLDING,0.0,FULL_EXIT_RULE,False,[],,,[],,,False,False,False,True,0.99,False,AUTO_HIGH_CONFIDENCE,RULE_BASED_AND_CURATED,Stop-loss hit closes current holding.,REDUCE_POSITION uses current holding: new_holding = current_holding * (1 - quantity_percent / 100).,1,1,False,READY_FOR_AUTO_APPLY
954,6a3b3a8b1226b8e7029eda56,6a0d8832835de84db3693580,International Market,GLOBAL_EQUITY,2026-06-24T02:01:47.905Z,2026-06-24T02:01:47.905Z,,Pls note following support levels for positional traders. Gold (Spot) - 4000 & Silver (Spot) - 60. If the above mentioned levels are not breached then we should be seeing a sizable uptrend in July 2026.,Pls note following support levels for positional traders. Gold (Spot) - 4000 & Silver (Spot) - 60. If the above mentioned levels are not breached then we should be seeing a sizable uptrend in July 2026.,8848e0af77a317b5,NON_TRADE,MARKET_COMMENTARY,MULTI_INSTRUMENT,,,,"[""GOLD"", ""SILVER""]",JUL,,,,,NONE,,NOT_APPLICABLE,False,[],,,[],,,False,True,True,False,0.92,False,AUTO_HIGH_CONFIDENCE,RULE_BASED_AND_CURATED,Market information; no direct execution.,REDUCE_POSITION uses current holding: new_holding = current_holding * (1 - quantity_percent / 100).,1,1,False,NON_EXECUTABLE
955,6a3b3e7b1226b8e7029edc7f,6a0d8832835de84db3693580,International Market,FX_OR_CRYPTO,2026-06-24T02:18:35.786Z,2026-06-24T02:18:35.786Z,,Book 50% profit in DASH/USD @ 36.30,Book 50% profit in DASH/USD @ 36.30,cc65dd837c0f96c6,TRADE_ACTION,REDUCE_POSITION,SINGLE_INSTRUMENT,,DASH/USD,DASHUSD,"[""DASHUSD""]",,,,,50.0,CURRENT_HOLDING,0.5,EXPLICIT_PERCENT,False,[36.3],36.3,,[],,,False,False,False,True,0.99,False,AUTO_HIGH_CONFIDENCE,RULE_BASED_AND_CURATED,Explicit percentage reduction of current holding.,REDUCE_POSITION uses current holding: new_holding = current_holding * (1 - quantity_percent / 100).,1,1,False,READY_FOR_AUTO_APPLY
956,6a3b50411226b8e7029ee521,6a0d881f835de84db369357c,MCX,INDIA_COMMODITY,2026-06-24T03:34:25.714Z,2026-06-24T03:34:25.714Z,,HOLD SILVER WITH SL 222000,HOLD SILVER WITH SL 222000,6bc17a699e726b4b,TRADE_UPDATE,UPDATE_STOP_LOSS,SINGLE_INSTRUMENT,,SILVER,SILVER,"[""SILVER""]",,,,,,NONE,,NOT_APPLICABLE,False,[],,222000.0,[],,,False,False,False,True,0.99,False,AUTO_HIGH_CONFIDENCE,RULE_BASED_AND_CURATED,Hold and update stop loss.,REDUCE_POSITION uses current holding: new_holding = current_holding * (1 - quantity_percent / 100).,1,1,False,READY_FOR_AUTO_APPLY
957,6a3b506d1226b8e7029ee57d,6a0d881f835de84db369357c,MCX,INDIA_COMMODITY,2026-06-24T03:35:09.371Z,2026-06-24T03:35:18.308Z,2026-06-24T03:35:18.308Z,HOLD CRUDEOILM WITH SL 6840,HOLD CRUDEOILM WITH SL 6840,8fde00ad636beca6,TRADE_UPDATE,UPDATE_STOP_LOSS,SINGLE_INSTRUMENT,,CRUDEOILM,CRUDE_MINI,"[""CRUDE_MINI""]",,,,,,NONE,,NOT_APPLICABLE,False,[],,6840.0,[],,,False,False,False,True,0.99,False,AUTO_HIGH_CONFIDENCE,RULE_BASED_AND_CURATED,Hold and update stop loss.,REDUCE_POSITION uses current holding: new_holding = current_holding * (1 - quantity_percent / 100).,1,1,False,READY_FOR_AUTO_APPLY
958,6a3b509b1226b8e7029ee599,6a0d881f835de84db369357c,MCX,INDIA_COMMODITY,2026-06-24T03:35:55.060Z,2026-06-24T03:35:55.060Z,,HOLD GOLD WITH STRICT SL 144180,HOLD GOLD WITH STRICT SL 144180,31e36e6b6540290d,TRADE_UPDATE,UPDATE_STOP_LOSS,SINGLE_INSTRUMENT,,GOLD,GOLD,"[""GOLD""]",,,,,,NONE,,NOT_APPLICABLE,False,[],,144180.0,[],,,False,False,False,True,0.99,False,AUTO_HIGH_CONFIDENCE,RULE_BASED_AND_CURATED,Hold and update stop loss.,REDUCE_POSITION uses current holding: new_holding = current_holding * (1 - quantity_percent / 100).,1,1,False,READY_FOR_AUTO_APPLY
959,6a3b52ef1226b8e7029ee612,6a0d87fb835de84db3693578,NSE,INDIA_EQUITY,2026-06-24T03:45:51.761Z,2026-06-24T03:45:51.761Z,,HOLD WIPRO WITH SL 171,HOLD WIPRO WITH SL 171,c01a492759d46e4f,TRADE_UPDATE,UPDATE_STOP_LOSS,SINGLE_INSTRUMENT,,WIPRO,WIPRO,"[""WIPRO""]",,,,,,NONE,,NOT_APPLICABLE,False,[],,171.0,[],,,False,False,False,True,0.99,False,AUTO_HIGH_CONFIDENCE,RULE_BASED_AND_CURATED,Hold and update stop loss.,REDUCE_POSITION uses current holding: new_holding = current_holding * (1 - quantity_percent / 100).,1,1,False,READY_FOR_AUTO_APPLY
960,6a3b53181226b8e7029ee634,6a0d87fb835de84db3693578,NSE,INDIA_EQUITY,2026-06-24T03:46:32.781Z,2026-06-24T03:46:32.781Z,,BUY INFY@1040 STRICT SL 1030 TGT 1060-1080,BUY INFY @1040 STRICT SL 1030 TGT 1060-1080,20acd8b9df29d76f,TRADE_ACTION,OPEN_LONG,SINGLE_INSTRUMENT,,INFY,INFY,"[""INFY""]",,,,LONG,100.0,MODEL_ALLOCATION,,DEFAULT_FULL_ALLOCATION,True,[1040.0],1040.0,1030.0,"[1060.0, 1080.0]",1060.0,1080.0,False,False,False,True,0.98,False,AUTO_HIGH_CONFIDENCE,RULE_BASED_AND_CURATED,Buy instruction.,REDUCE_POSITION uses current holding: new_holding = current_holding * (1 - quantity_percent / 100).,1,1,False,READY_FOR_AUTO_APPLY
961,6a3b53f31226b8e7029ee726,6a20c6ae59359ea1faef274f,Indian Indices,INDIA_INDEX,2026-06-24T03:50:11.977Z,2026-06-24T03:50:11.977Z,,HOLD BANKNIFTY,HOLD BANKNIFTY,3d39bc95901baf53,TRADE_UPDATE,HOLD_POSITION,SINGLE_INSTRUMENT,,BANKNIFTY,BANKNIFTY,"[""BANKNIFTY""]",,,,,,NONE,,NOT_APPLICABLE,False,[],,,[],,,False,False,False,True,0.97,False,AUTO_HIGH_CONFIDENCE,RULE_BASED_AND_CURATED,Hold instruction; no quantity change.,REDUCE_POSITION uses current holding: new_holding = current_holding * (1 - quantity_percent / 100).,1,1,False,READY_FOR_AUTO_APPLY
962,6a3b54591226b8e7029ee866,6a0d87fb835de84db3693578,NSE,INDIA_EQUITY,2026-06-24T03:51:53.155Z,2026-06-24T03:51:53.155Z,,50% PROFIT BOOK IN DRREDDY@1327,50% PROFIT BOOK IN DRREDDY @1327,b4c7caa753098f96,TRADE_ACTION,REDUCE_POSITION,SINGLE_INSTRUMENT,,DRREDDY,DRREDDY,"[""DRREDDY""]",,,,,50.0,CURRENT_HOLDING,0.5,EXPLICIT_PERCENT,False,[1327.0],1327.0,,[],,,False,False,False,True,0.99,False,AUTO_HIGH_CONFIDENCE,RULE_BASED_AND_CURATED,Explicit percentage reduction of current holding.,REDUCE_POSITION uses current holding: new_holding = current_holding * (1 - quantity_percent / 100).,1,1,False,READY_FOR_AUTO_APPLY
963,6a3b57551226b8e7029eeb25,6a0d87fb835de84db3693578,NSE,INDIA_EQUITY,2026-06-24T04:04:37.974Z,2026-06-24T04:04:37.974Z,,HOLD MARUTI WITH SL 13300,HOLD MARUTI WITH SL 13300,e3015a6b596a7dd6,TRADE_UPDATE,UPDATE_STOP_LOSS,SINGLE_INSTRUMENT,,MARUTI,MARUTI,"[""MARUTI""]",,,,,,NONE,,NOT_APPLICABLE,False,[],,13300.0,[],,,False,False,False,True,0.99,False,AUTO_HIGH_CONFIDENCE,RULE_BASED_AND_CURATED,Hold and update stop loss.,REDUCE_POSITION uses current holding: new_holding = current_holding * (1 - quantity_percent / 100).,1,1,False,READY_FOR_AUTO_APPLY
964,6a3b5acc1226b8e7029eed10,6a0d881f835de84db369357c,MCX,INDIA_COMMODITY,2026-06-24T04:19:24.511Z,2026-06-24T04:19:24.511Z,,SL TOUCH IN GOLD AND SILVER,SL TOUCH IN GOLD AND SILVER,3e12afffb53ac221,TRADE_ACTION,CLOSE_POSITION,MULTI_INSTRUMENT,,GOLD AND SILVER,,"[""GOLD"", ""SILVER""]",,,,,100.0,CURRENT_HOLDING,0.0,FULL_EXIT_RULE,False,[],,,[],,,False,True,True,False,0.7,True,REVIEW_REQUIRED,RULE_BASED_AND_CURATED,Stop-loss hit closes current holding. Multiple instruments must be split into separate events.,REDUCE_POSITION uses current holding: new_holding = current_holding * (1 - quantity_percent / 100).,1,1,False,MANUAL_OR_CONTEXT_REVIEW
965,6a3b5c311226b8e7029eee1f,6a0d87fb835de84db3693578,NSE,INDIA_EQUITY,2026-06-24T04:25:21.925Z,2026-06-24T04:25:21.925Z,,SL TOUCH IN TATASTEEL,SL TOUCH IN TATASTEEL,ee0179a820f8f997,TRADE_ACTION,CLOSE_POSITION,SINGLE_INSTRUMENT,,TATASTEEL,TATASTEEL,"[""TATASTEEL""]",,,,,100.0,CURRENT_HOLDING,0.0,FULL_EXIT_RULE,False,[],,,[],,,False,False,False,True,0.99,False,AUTO_HIGH_CONFIDENCE,RULE_BASED_AND_CURATED,Stop-loss hit closes current holding.,REDUCE_POSITION uses current holding: new_holding = current_holding * (1 - quantity_percent / 100).,1,1,False,READY_FOR_AUTO_APPLY
966,6a3b5c491226b8e7029eee62,6a0d87fb835de84db3693578,NSE,INDIA_EQUITY,2026-06-24T04:25:45.305Z,2026-06-24T04:25:45.305Z,,POSITIONAL TRADER HOLD TATASTEEL FOR NEXT WEEK,POSITIONAL TRADER HOLD TATASTEEL FOR NEXT WEEK,9a1ca60ec3215294,TRADE_UPDATE,HOLD_POSITION,SINGLE_INSTRUMENT,,TATASTEEL,TATASTEEL,"[""TATASTEEL""]",,,,,,NONE,,NOT_APPLICABLE,False,[],,,[],,,False,False,False,True,0.97,False,AUTO_HIGH_CONFIDENCE,RULE_BASED_AND_CURATED,Hold instruction; no quantity change.,REDUCE_POSITION uses current holding: new_holding = current_holding * (1 - quantity_percent / 100).,1,1,False,READY_FOR_AUTO_APPLY
967,6a3b5ce01226b8e7029eeea7,6a0d87fb835de84db3693578,NSE,INDIA_EQUITY,2026-06-24T04:28:16.534Z,2026-06-24T04:28:16.534Z,,POSITIONAL BUY HINDALCO(JULY)@973 SL 958 TGT 1015-1040,POSITIONAL BUY HINDALCO(JULY)@973 SL 958 TGT 1015-1040,897b84574774327b,TRADE_ACTION,OPEN_LONG,SINGLE_INSTRUMENT,,HINDALCO,HINDALCO,"[""HINDALCO""]",JUL,,,LONG,100.0,MODEL_ALLOCATION,,DEFAULT_FULL_ALLOCATION,True,[973.0],973.0,958.0,"[1015.0, 1040.0]",1015.0,1040.0,False,False,False,True,0.98,False,AUTO_HIGH_CONFIDENCE,RULE_BASED_AND_CURATED,Buy instruction.,REDUCE_POSITION uses current holding: new_holding = current_holding * (1 - quantity_percent / 100).,1,1,False,READY_FOR_AUTO_APPLY
968,6a3b60b11226b8e7029ef070,6a20c6ae59359ea1faef274f,Indian Indices,INDIA_INDEX,2026-06-24T04:44:33.483Z,2026-06-24T04:44:33.483Z,,PART PROFIT BOOK IN NIFTY@23925,PART PROFIT BOOK IN NIFTY @23925,9647e6cfb64a912c,TRADE_ACTION,REDUCE_POSITION,SINGLE_INSTRUMENT,,NIFTY,NIFTY,"[""NIFTY""]",,,,,25.0,CURRENT_HOLDING,0.75,PART_PROFIT_RULE,False,[23925.0],23925.0,,[],,,False,False,False,True,0.99,False,AUTO_HIGH_CONFIDENCE,RULE_BASED_AND_CURATED,Part/partial profit means sell 25% of current holding.,REDUCE_POSITION uses current holding: new_holding = current_holding * (1 - quantity_percent / 100).,1,1,False,READY_FOR_AUTO_APPLY
969,6a3b60d61226b8e7029ef0b9,6a0d87fb835de84db3693578,NSE,INDIA_EQUITY,2026-06-24T04:45:10.011Z,2026-06-24T04:45:10.011Z,,SL TOUCH IN MARUTI,SL TOUCH IN MARUTI,d11bb367efb4e213,TRADE_ACTION,CLOSE_POSITION,SINGLE_INSTRUMENT,,MARUTI,MARUTI,"[""MARUTI""]",,,,,100.0,CURRENT_HOLDING,0.0,FULL_EXIT_RULE,False,[],,,[],,,False,False,False,True,0.99,False,AUTO_HIGH_CONFIDENCE,RULE_BASED_AND_CURATED,Stop-loss hit closes current holding.,REDUCE_POSITION uses current holding: new_holding = current_holding * (1 - quantity_percent / 100).,1,1,False,READY_FOR_AUTO_APPLY
970,6a3b61251226b8e7029ef0e3,6a0d87fb835de84db3693578,NSE,INDIA_EQUITY,2026-06-24T04:46:29.495Z,2026-06-24T04:46:46.257Z,2026-06-24T04:46:46.257Z,POSITIONAL BUY TATASTEEL(JULY)@192.30 SL 185 TGT 205-214,POSITIONAL BUY TATASTEEL(JULY)@192.30 SL 185 TGT 205-214,10decf4085eebc35,TRADE_ACTION,OPEN_LONG,SINGLE_INSTRUMENT,,TATASTEEL,TATASTEEL,"[""TATASTEEL""]",JUL,,,LONG,100.0,MODEL_ALLOCATION,,DEFAULT_FULL_ALLOCATION,True,[192.3],192.3,185.0,"[205.0, 214.0]",205.0,214.0,False,False,False,True,0.98,False,AUTO_HIGH_CONFIDENCE,RULE_BASED_AND_CURATED,Buy instruction.,REDUCE_POSITION uses current holding: new_holding = current_holding * (1 - quantity_percent / 100).,1,1,False,READY_FOR_AUTO_APPLY
971,6a3b61c11226b8e7029ef146,6a20c6ae59359ea1faef274f,Indian Indices,INDIA_INDEX,2026-06-24T04:49:05.606Z,2026-06-24T04:49:05.606Z,,POSITIONAL SELL BANKNIFTY(JULY)@58065 SL 58600 TGT 57500-57000,POSITIONAL SELL BANKNIFTY(JULY)@58065 SL 58600 TGT 57500-57000,8b6dcc3431235abf,TRADE_ACTION,OPEN_SHORT,SINGLE_INSTRUMENT,,BANKNIFTY,BANKNIFTY,"[""BANKNIFTY""]",JUL,,,SHORT,100.0,MODEL_ALLOCATION,,DEFAULT_FULL_ALLOCATION,True,[58065.0],58065.0,58600.0,"[57500.0, 57000.0]",57500.0,57000.0,False,False,False,True,0.96,False,AUTO_HIGH_CONFIDENCE,RULE_BASED_AND_CURATED,Sell/short instruction.,REDUCE_POSITION uses current holding: new_holding = current_holding * (1 - quantity_percent / 100).,1,1,False,READY_FOR_AUTO_APPLY
972,6a3b638a1226b8e7029ef19c,6a0d87fb835de84db3693578,NSE,INDIA_EQUITY,2026-06-24T04:56:42.166Z,2026-06-24T04:56:42.166Z,,50% PROFIT BOOK IN INFY@1050,50% PROFIT BOOK IN INFY @1050,06161f1216c2d91c,TRADE_ACTION,REDUCE_POSITION,SINGLE_INSTRUMENT,,INFY,INFY,"[""INFY""]",,,,,50.0,CURRENT_HOLDING,0.5,EXPLICIT_PERCENT,False,[1050.0],1050.0,,[],,,False,False,False,True,0.99,False,AUTO_HIGH_CONFIDENCE,RULE_BASED_AND_CURATED,Explicit percentage reduction of current holding.,REDUCE_POSITION uses current holding: new_holding = current_holding * (1 - quantity_percent / 100).,1,1,False,READY_FOR_AUTO_APPLY
973,6a3b72181226b8e7029ef5e1,6a20c6ae59359ea1faef274f,Indian Indices,INDIA_INDEX,2026-06-24T05:58:48.934Z,2026-06-24T05:58:48.934Z,,25% PROFIT BOOK IN NIFTY@23985,25% PROFIT BOOK IN NIFTY @23985,45af415d446558b1,TRADE_ACTION,REDUCE_POSITION,SINGLE_INSTRUMENT,,NIFTY,NIFTY,"[""NIFTY""]",,,,,25.0,CURRENT_HOLDING,0.75,EXPLICIT_PERCENT,False,[23985.0],23985.0,,[],,,False,False,False,True,0.99,False,AUTO_HIGH_CONFIDENCE,RULE_BASED_AND_CURATED,Explicit percentage reduction of current holding.,REDUCE_POSITION uses current holding: new_holding = current_holding * (1 - quantity_percent / 100).,1,1,False,READY_FOR_AUTO_APPLY
974,6a3b76321226b8e7029ef796,6a0d87fb835de84db3693578,NSE,INDIA_EQUITY,2026-06-24T06:16:18.201Z,2026-06-24T06:16:18.201Z,,BUY AXISBANK@1380 SL 1358 TGT 1410-1430,BUY AXISBANK @1380 SL 1358 TGT 1410-1430,0935febe24275673,TRADE_ACTION,OPEN_LONG,SINGLE_INSTRUMENT,,AXISBANK,AXISBANK,"[""AXISBANK""]",,,,LONG,100.0,MODEL_ALLOCATION,,DEFAULT_FULL_ALLOCATION,True,[1380.0],1380.0,1358.0,"[1410.0, 1430.0]",1410.0,1430.0,False,False,False,True,0.98,False,AUTO_HIGH_CONFIDENCE,RULE_BASED_AND_CURATED,Buy instruction.,REDUCE_POSITION uses current holding: new_holding = current_holding * (1 - quantity_percent / 100).,1,1,False,READY_FOR_AUTO_APPLY
975,6a3b8b4d1226b8e7029efaae,6a20c6ae59359ea1faef274f,Indian Indices,INDIA_INDEX,2026-06-24T07:46:21.555Z,2026-06-24T07:46:21.555Z,,50% PROFIT BOOK IN NIFTY @24071,50% PROFIT BOOK IN NIFTY @24071,9342ff32209d2ce1,TRADE_ACTION,REDUCE_POSITION,SINGLE_INSTRUMENT,,NIFTY,NIFTY,"[""NIFTY""]",,,,,50.0,CURRENT_HOLDING,0.5,EXPLICIT_PERCENT,False,[24071.0],24071.0,,[],,,False,False,False,True,0.99,False,AUTO_HIGH_CONFIDENCE,RULE_BASED_AND_CURATED,Explicit percentage reduction of current holding.,REDUCE_POSITION uses current holding: new_holding = current_holding * (1 - quantity_percent / 100).,1,1,False,READY_FOR_AUTO_APPLY
976,6a3b90141226b8e7029efbe1,6a20c6ae59359ea1faef274f,Indian Indices,INDIA_INDEX,2026-06-24T08:06:44.447Z,2026-06-24T08:06:44.447Z,,50% PROFIT BOOK IN NIFTY (STRIKE 24000/ JUNE)CE@ 212.50,50% PROFIT BOOK IN NIFTY (STRIKE 24000/ JUNE)CE @ 212.50,0db51f731e570649,TRADE_ACTION,REDUCE_POSITION,SINGLE_INSTRUMENT,,NIFTY,NIFTY,"[""NIFTY""]",JUN,24000,CE,,50.0,CURRENT_HOLDING,0.5,EXPLICIT_PERCENT,False,[212.5],212.5,,[],,,False,False,False,True,0.99,False,AUTO_HIGH_CONFIDENCE,RULE_BASED_AND_CURATED,Explicit percentage reduction of current holding.,REDUCE_POSITION uses current holding: new_holding = current_holding * (1 - quantity_percent / 100).,1,1,False,READY_FOR_AUTO_APPLY
977,6a3b92c51226b8e7029efd43,6a0d87fb835de84db3693578,NSE,INDIA_EQUITY,2026-06-24T08:18:13.928Z,2026-06-24T08:18:13.928Z,,50% PROFIT BOOK IN FEDERALBANK@327,50% PROFIT BOOK IN FEDERALBANK @327,f6b1fc105a1e55eb,TRADE_ACTION,REDUCE_POSITION,SINGLE_INSTRUMENT,,FEDERALBANK,FEDERALBANK,"[""FEDERALBANK""]",,,,,50.0,CURRENT_HOLDING,0.5,EXPLICIT_PERCENT,False,[327.0],327.0,,[],,,False,False,False,True,0.99,False,AUTO_HIGH_CONFIDENCE,RULE_BASED_AND_CURATED,Explicit percentage reduction of current holding.,REDUCE_POSITION uses current holding: new_holding = current_holding * (1 - quantity_percent / 100).,1,1,False,READY_FOR_AUTO_APPLY
978,6a3b93a81226b8e7029efd66,6a0d881f835de84db369357c,MCX,INDIA_COMMODITY,2026-06-24T08:22:00.526Z,2026-06-24T08:22:00.526Z,,SL TOUCH IN CRUDEOILM,SL TOUCH IN CRUDEOILM,8e0d910005545c62,TRADE_ACTION,CLOSE_POSITION,SINGLE_INSTRUMENT,,CRUDEOILM,CRUDE_MINI,"[""CRUDE_MINI""]",,,,,100.0,CURRENT_HOLDING,0.0,FULL_EXIT_RULE,False,[],,,[],,,False,False,False,True,0.99,False,AUTO_HIGH_CONFIDENCE,RULE_BASED_AND_CURATED,Stop-loss hit closes current holding.,REDUCE_POSITION uses current holding: new_holding = current_holding * (1 - quantity_percent / 100).,1,1,False,READY_FOR_AUTO_APPLY
979,6a3b98d21226b8e7029eff2c,6a0d87fb835de84db3693578,NSE,INDIA_EQUITY,2026-06-24T08:44:02.697Z,2026-06-24T08:44:02.697Z,,FULL PROFIT BOOK IN INFY@1062.50,FULL PROFIT BOOK IN INFY @1062.50,2873f3ab0f86e532,TRADE_ACTION,CLOSE_POSITION,SINGLE_INSTRUMENT,,INFY,INFY,"[""INFY""]",,,,,100.0,CURRENT_HOLDING,0.0,FULL_EXIT_RULE,False,[1062.5],1062.5,,[],,,False,False,False,True,0.99,False,AUTO_HIGH_CONFIDENCE,RULE_BASED_AND_CURATED,Explicit full exit.,REDUCE_POSITION uses current holding: new_holding = current_holding * (1 - quantity_percent / 100).,1,1,False,READY_FOR_AUTO_APPLY
980,6a3b99291226b8e7029eff7e,6a0d87fb835de84db3693578,NSE,INDIA_EQUITY,2026-06-24T08:45:29.795Z,2026-06-24T08:45:29.795Z,,50% PROFIT BOOK IN DLF@623.30,50% PROFIT BOOK IN DLF @623.30,15d7a67baba46c5e,TRADE_ACTION,REDUCE_POSITION,SINGLE_INSTRUMENT,,DLF,DLF,"[""DLF""]",,,,,50.0,CURRENT_HOLDING,0.5,EXPLICIT_PERCENT,False,[623.3],623.3,,[],,,False,False,False,True,0.99,False,AUTO_HIGH_CONFIDENCE,RULE_BASED_AND_CURATED,Explicit percentage reduction of current holding.,REDUCE_POSITION uses current holding: new_holding = current_holding * (1 - quantity_percent / 100).,1,1,False,READY_FOR_AUTO_APPLY
981,6a3b9f7b1226b8e7029f0015,6a0d87fb835de84db3693578,NSE,INDIA_EQUITY,2026-06-24T09:12:27.474Z,2026-06-24T09:12:27.474Z,,INTRADAY 50% PROFIT BOOK IN HINDALCO@983,INTRADAY 50% PROFIT BOOK IN HINDALCO @983,9eec3cf1d57d30ce,TRADE_ACTION,REDUCE_POSITION,SINGLE_INSTRUMENT,,HINDALCO,HINDALCO,"[""HINDALCO""]",,,,,50.0,CURRENT_HOLDING,0.5,EXPLICIT_PERCENT,False,[983.0],983.0,,[],,,False,False,False,True,0.99,False,AUTO_HIGH_CONFIDENCE,RULE_BASED_AND_CURATED,Explicit percentage reduction of current holding.,REDUCE_POSITION uses current holding: new_holding = current_holding * (1 - quantity_percent / 100).,1,1,False,READY_FOR_AUTO_APPLY
982,6a3ba1b11226b8e7029f00df,6a0d87fb835de84db3693578,NSE,INDIA_EQUITY,2026-06-24T09:21:53.553Z,2026-06-24T09:21:53.553Z,,50% PROFIT BOOK IN HDFCBANK@794,50% PROFIT BOOK IN HDFCBANK @794,3f6010a80bedd876,TRADE_ACTION,REDUCE_POSITION,SINGLE_INSTRUMENT,,HDFCBANK,HDFCBANK,"[""HDFCBANK""]",,,,,50.0,CURRENT_HOLDING,0.5,EXPLICIT_PERCENT,False,[794.0],794.0,,[],,,False,False,False,True,0.99,False,AUTO_HIGH_CONFIDENCE,RULE_BASED_AND_CURATED,Explicit percentage reduction of current holding.,REDUCE_POSITION uses current holding: new_holding = current_holding * (1 - quantity_percent / 100).,1,1,False,READY_FOR_AUTO_APPLY
983,6a3ba5261226b8e7029f0337,6a20c6ae59359ea1faef274f,Indian Indices,INDIA_INDEX,2026-06-24T09:36:38.483Z,2026-06-24T09:36:38.483Z,,50% BUY NIFTY@24040 SL 23900 TGT 24200-24350,50% BUY NIFTY @24040 SL 23900 TGT 24200-24350,5da5b14de3541e35,TRADE_ACTION,OPEN_LONG,SINGLE_INSTRUMENT,,NIFTY,NIFTY,"[""NIFTY""]",,,,LONG,50.0,MODEL_ALLOCATION,,EXPLICIT_PERCENT,False,[24040.0],24040.0,23900.0,"[24200.0, 24350.0]",24200.0,24350.0,False,False,False,True,0.98,False,AUTO_HIGH_CONFIDENCE,RULE_BASED_AND_CURATED,Buy instruction.,REDUCE_POSITION uses current holding: new_holding = current_holding * (1 - quantity_percent / 100).,1,1,False,READY_FOR_AUTO_APPLY
984,6a3ba62a1226b8e7029f042b,6a20c6ae59359ea1faef274f,Indian Indices,INDIA_INDEX,2026-06-24T09:40:58.849Z,2026-06-24T09:40:58.849Z,,50% SELL BANKNIFTY(JULY)@58500 SL 58900 TGT 58000-57500,50% SELL BANKNIFTY(JULY)@58500 SL 58900 TGT 58000-57500,3a91accebde69ce5,TRADE_ACTION,OPEN_SHORT,SINGLE_INSTRUMENT,,BANKNIFTY,BANKNIFTY,"[""BANKNIFTY""]",JUL,,,SHORT,50.0,MODEL_ALLOCATION,,EXPLICIT_PERCENT,False,[58500.0],58500.0,58900.0,"[58000.0, 57500.0]",58000.0,57500.0,False,False,False,True,0.97,False,AUTO_HIGH_CONFIDENCE,RULE_BASED_AND_CURATED,Sell with stop/target opens a short allocation.,REDUCE_POSITION uses current holding: new_holding = current_holding * (1 - quantity_percent / 100).,1,1,False,READY_FOR_AUTO_APPLY
985,6a3ba6871226b8e7029f04c4,6a0d87fb835de84db3693578,NSE,INDIA_EQUITY,2026-06-24T09:42:31.204Z,2026-06-24T09:42:31.204Z,,BUY ICICIBANK@1374 SL 1360 TGT 1400-1410,BUY ICICIBANK @1374 SL 1360 TGT 1400-1410,ac201b774c0c1f83,TRADE_ACTION,OPEN_LONG,SINGLE_INSTRUMENT,,ICICIBANK,ICICIBANK,"[""ICICIBANK""]",,,,LONG,100.0,MODEL_ALLOCATION,,DEFAULT_FULL_ALLOCATION,True,[1374.0],1374.0,1360.0,"[1400.0, 1410.0]",1400.0,1410.0,False,False,False,True,0.98,False,AUTO_HIGH_CONFIDENCE,RULE_BASED_AND_CURATED,Buy instruction.,REDUCE_POSITION uses current holding: new_holding = current_holding * (1 - quantity_percent / 100).,1,1,False,READY_FOR_AUTO_APPLY
986,6a3ba6f61226b8e7029f0587,6a0d881f835de84db369357c,MCX,INDIA_COMMODITY,2026-06-24T09:44:22.517Z,2026-06-24T09:44:22.517Z,,BUY CRUDEOILM@6830 STRICT  SL 6798 TGT 7000-7100,BUY CRUDEOILM @6830 STRICT SL 6798 TGT 7000-7100,f6e49e6e96cb7474,TRADE_ACTION,OPEN_LONG,SINGLE_INSTRUMENT,,CRUDEOILM,CRUDE_MINI,"[""CRUDE_MINI""]",,,,LONG,100.0,MODEL_ALLOCATION,,DEFAULT_FULL_ALLOCATION,True,[6830.0],6830.0,6798.0,"[7000.0, 7100.0]",7000.0,7100.0,False,False,False,True,0.98,False,AUTO_HIGH_CONFIDENCE,RULE_BASED_AND_CURATED,Buy instruction.,REDUCE_POSITION uses current holding: new_holding = current_holding * (1 - quantity_percent / 100).,1,1,False,READY_FOR_AUTO_APPLY
987,6a3bdf0b56a63e397cfc8e70,6a0d8832835de84db3693580,International Market,GLOBAL_EQUITY,2026-06-24T13:43:39.995Z,2026-06-24T13:43:39.995Z,,50% Profit Book in CBRE@ 135,50% Profit Book in CBRE @ 135,118d90f6f5fee150,TRADE_ACTION,REDUCE_POSITION,SINGLE_INSTRUMENT,,CBRE,CBRE,"[""CBRE""]",,,,,50.0,CURRENT_HOLDING,0.5,EXPLICIT_PERCENT,False,[135.0],135.0,,[],,,False,False,False,True,0.99,False,AUTO_HIGH_CONFIDENCE,RULE_BASED_AND_CURATED,Explicit percentage reduction of current holding.,REDUCE_POSITION uses current holding: new_holding = current_holding * (1 - quantity_percent / 100).,1,1,False,READY_FOR_AUTO_APPLY
988,6a3bea9456a63e397cfc91fc,6a0d8832835de84db3693580,International Market,GLOBAL_INDEX_OR_MACRO,2026-06-24T14:32:52.417Z,2026-06-24T14:32:52.417Z,,Sell Russell @ 2999 with SL 3022 for target 2980-2960,Sell Russell @ 2999 with SL 3022 for target 2980-2960,38ca0ea9769ad444,TRADE_ACTION,OPEN_SHORT,SINGLE_INSTRUMENT,,Russell,RUSSELL,"[""RUSSELL""]",,,,SHORT,100.0,MODEL_ALLOCATION,,DEFAULT_FULL_ALLOCATION,True,[2999.0],2999.0,3022.0,"[2980.0, 2960.0]",2980.0,2960.0,False,False,False,True,0.96,False,AUTO_HIGH_CONFIDENCE,RULE_BASED_AND_CURATED,Sell/short instruction.,REDUCE_POSITION uses current holding: new_holding = current_holding * (1 - quantity_percent / 100).,1,1,False,READY_FOR_AUTO_APPLY
989,6a3beab956a63e397cfc9217,6a0d8832835de84db3693580,International Market,GLOBAL_INDEX_OR_MACRO,2026-06-24T14:33:29.541Z,2026-06-24T14:33:29.541Z,,Sell dow @51905 with SL 52360 for target 51600-51400,Sell dow @51905 with SL 52360 for target 51600-51400,c7f1b75f53d947b3,TRADE_ACTION,OPEN_SHORT,SINGLE_INSTRUMENT,,dow,DOW,"[""DOW""]",,,,SHORT,100.0,MODEL_ALLOCATION,,DEFAULT_FULL_ALLOCATION,True,[51905.0],51905.0,52360.0,"[51600.0, 51400.0]",51600.0,51400.0,False,False,False,True,0.96,False,AUTO_HIGH_CONFIDENCE,RULE_BASED_AND_CURATED,Sell/short instruction.,REDUCE_POSITION uses current holding: new_holding = current_holding * (1 - quantity_percent / 100).,1,1,False,READY_FOR_AUTO_APPLY
990,6a3bec0a56a63e397cfc92e1,6a0d8832835de84db3693580,International Market,GLOBAL_INDEX_OR_MACRO,2026-06-24T14:39:06.236Z,2026-06-24T14:39:06.236Z,,Profit book in US 30Y T Bond@ 114,Profit book in US 30Y T Bond @ 114,b89dd1336b23928a,TRADE_ACTION,CLOSE_POSITION,SINGLE_INSTRUMENT,,US 30Y T Bond,US_30Y_T_BOND,"[""US_30Y_T_BOND""]",,,,,100.0,CURRENT_HOLDING,0.0,FULL_EXIT_RULE,False,[114.0],114.0,,[],,,False,False,False,True,0.96,False,AUTO_HIGH_CONFIDENCE,RULE_BASED_AND_CURATED,Unqualified 'book profit' closes all remaining holding.,REDUCE_POSITION uses current holding: new_holding = current_holding * (1 - quantity_percent / 100).,1,1,False,READY_FOR_AUTO_APPLY
991,6a3bf61756a63e397cfc97cd,6a0d8832835de84db3693580,International Market,GLOBAL_INDEX_OR_MACRO,2026-06-24T15:21:59.977Z,2026-06-24T15:21:59.977Z,,Hold Russell with SL 3032,Hold Russell with SL 3032,b702b4df470b8c5d,TRADE_UPDATE,UPDATE_STOP_LOSS,SINGLE_INSTRUMENT,,Russell,RUSSELL,"[""RUSSELL""]",,,,,,NONE,,NOT_APPLICABLE,False,[],,3032.0,[],,,False,False,False,True,0.99,False,AUTO_HIGH_CONFIDENCE,RULE_BASED_AND_CURATED,Hold and update stop loss.,REDUCE_POSITION uses current holding: new_holding = current_holding * (1 - quantity_percent / 100).,1,1,False,READY_FOR_AUTO_APPLY
992,6a3c3bde56a63e397cfca49b,6a0d8832835de84db3693580,International Market,GLOBAL_EQUITY,2026-06-24T20:19:42.672Z,2026-06-24T20:19:42.672Z,,Book 50% profit in stx @1050,Book 50% profit in stx @1050,08435b396ba7fa57,TRADE_ACTION,REDUCE_POSITION,SINGLE_INSTRUMENT,,stx,STX,"[""STX""]",,,,,50.0,CURRENT_HOLDING,0.5,EXPLICIT_PERCENT,False,[1050.0],1050.0,,[],,,False,False,False,True,0.99,False,AUTO_HIGH_CONFIDENCE,RULE_BASED_AND_CURATED,Explicit percentage reduction of current holding.,REDUCE_POSITION uses current holding: new_holding = current_holding * (1 - quantity_percent / 100).,1,1,False,READY_FOR_AUTO_APPLY
993,6a3c3c1d56a63e397cfca4d4,6a0d8832835de84db3693580,International Market,GLOBAL_EQUITY,2026-06-24T20:20:45.158Z,2026-06-24T20:20:45.158Z,,Book 50% profit in soxl @246.60,Book 50% profit in soxl @246.60,79563870d2fe782e,TRADE_ACTION,REDUCE_POSITION,SINGLE_INSTRUMENT,,soxl,SOXL,"[""SOXL""]",,,,,50.0,CURRENT_HOLDING,0.5,EXPLICIT_PERCENT,False,[246.6],246.6,,[],,,False,False,False,True,0.99,False,AUTO_HIGH_CONFIDENCE,RULE_BASED_AND_CURATED,Explicit percentage reduction of current holding.,REDUCE_POSITION uses current holding: new_holding = current_holding * (1 - quantity_percent / 100).,1,1,False,READY_FOR_AUTO_APPLY
994,6a3c3dd756a63e397cfca5e8,6a0d8832835de84db3693580,International Market,GLOBAL_EQUITY,2026-06-24T20:28:07.467Z,2026-06-24T20:28:07.467Z,,Book profit in sndk @2150,Book profit in sndk @2150,42d7ca57b1d0d84a,TRADE_ACTION,CLOSE_POSITION,SINGLE_INSTRUMENT,,sndk,SNDK,"[""SNDK""]",,,,,100.0,CURRENT_HOLDING,0.0,FULL_EXIT_RULE,False,[2150.0],2150.0,,[],,,False,False,False,True,0.96,False,AUTO_HIGH_CONFIDENCE,RULE_BASED_AND_CURATED,Unqualified 'book profit' closes all remaining holding.,REDUCE_POSITION uses current holding: new_holding = current_holding * (1 - quantity_percent / 100).,1,1,False,READY_FOR_AUTO_APPLY
995,6a3c3deb56a63e397cfca613,6a0d8832835de84db3693580,International Market,GLOBAL_EQUITY,2026-06-24T20:28:27.112Z,2026-06-24T20:28:27.112Z,,Book profit in mu @1192,Book profit in mu @1192,ca16ee7c9c78e695,TRADE_ACTION,CLOSE_POSITION,SINGLE_INSTRUMENT,,mu,MU,"[""MU""]",,,,,100.0,CURRENT_HOLDING,0.0,FULL_EXIT_RULE,False,[1192.0],1192.0,,[],,,False,False,False,True,0.96,False,AUTO_HIGH_CONFIDENCE,RULE_BASED_AND_CURATED,Unqualified 'book profit' closes all remaining holding.,REDUCE_POSITION uses current holding: new_holding = current_holding * (1 - quantity_percent / 100).,1,1,False,READY_FOR_AUTO_APPLY
996,6a3c3e9756a63e397cfca685,6a0d8832835de84db3693580,International Market,GLOBAL_INDEX_OR_MACRO,2026-06-24T20:31:19.502Z,2026-06-24T20:31:19.502Z,,Book 50% profit in nasdaq @29704,Book 50% profit in nasdaq @29704,e69c856e4ad4ed8f,TRADE_ACTION,REDUCE_POSITION,SINGLE_INSTRUMENT,,nasdaq,NASDAQ,"[""NASDAQ""]",,,,,50.0,CURRENT_HOLDING,0.5,EXPLICIT_PERCENT,False,[29704.0],29704.0,,[],,,False,False,False,True,0.99,False,AUTO_HIGH_CONFIDENCE,RULE_BASED_AND_CURATED,Explicit percentage reduction of current holding.,REDUCE_POSITION uses current holding: new_holding = current_holding * (1 - quantity_percent / 100).,1,1,False,READY_FOR_AUTO_APPLY
997,6a3c3f8656a63e397cfca75f,6a0d8832835de84db3693580,International Market,FX_OR_CRYPTO,2026-06-24T20:35:18.904Z,2026-06-24T20:35:18.904Z,,Buy 50% dash/usd @ 33.00,Buy 50% dash/usd @ 33.00,17d2f1c47508d0b1,TRADE_ACTION,OPEN_LONG,SINGLE_INSTRUMENT,,dash/usd,DASHUSD,"[""DASHUSD""]",,,,LONG,50.0,MODEL_ALLOCATION,,EXPLICIT_PERCENT,False,[33.0],33.0,,[],,,False,False,False,True,0.98,False,AUTO_HIGH_CONFIDENCE,RULE_BASED_AND_CURATED,Buy instruction.,REDUCE_POSITION uses current holding: new_holding = current_holding * (1 - quantity_percent / 100).,1,1,False,READY_FOR_AUTO_APPLY
998,6a3ca4a856a63e397cfcb712,6a0d87fb835de84db3693578,NSE,INDIA_EQUITY,2026-06-25T03:46:48.144Z,2026-06-25T03:46:48.144Z,,BUY PFC@443.50 SL 438  TGT 449- 462,BUY PFC @443.50 SL 438 TGT 449- 462,fc7cdbcc6541fa90,TRADE_ACTION,OPEN_LONG,SINGLE_INSTRUMENT,,PFC,PFC,"[""PFC""]",,,,LONG,100.0,MODEL_ALLOCATION,,DEFAULT_FULL_ALLOCATION,True,[443.5],443.5,438.0,"[449.0, 462.0]",449.0,462.0,False,False,False,True,0.98,False,AUTO_HIGH_CONFIDENCE,RULE_BASED_AND_CURATED,Buy instruction.,REDUCE_POSITION uses current holding: new_holding = current_holding * (1 - quantity_percent / 100).,1,1,False,READY_FOR_AUTO_APPLY
999,6a3ca4e256a63e397cfcb77d,6a0d87fb835de84db3693578,NSE,INDIA_EQUITY,2026-06-25T03:47:46.919Z,2026-06-25T03:47:46.919Z,,BUY HINDALCO(JULY)@957 SL 940 TGT 1000-1040,BUY HINDALCO(JULY)@957 SL 940 TGT 1000-1040,524455d5e932a326,TRADE_ACTION,OPEN_LONG,SINGLE_INSTRUMENT,,HINDALCO,HINDALCO,"[""HINDALCO""]",JUL,,,LONG,100.0,MODEL_ALLOCATION,,DEFAULT_FULL_ALLOCATION,True,[957.0],957.0,940.0,"[1000.0, 1040.0]",1000.0,1040.0,False,False,False,True,0.98,False,AUTO_HIGH_CONFIDENCE,RULE_BASED_AND_CURATED,Buy instruction.,REDUCE_POSITION uses current holding: new_holding = current_holding * (1 - quantity_percent / 100).,1,1,False,READY_FOR_AUTO_APPLY
1000,6a3ca59456a63e397cfcb7cc,6a0d87fb835de84db3693578,NSE,INDIA_EQUITY,2026-06-25T03:50:44.921Z,2026-06-25T03:50:44.921Z,,50% PROFIT BOOK IN ICICIBANK@1388,50% PROFIT BOOK IN ICICIBANK @1388,e13115a2d3108cd2,TRADE_ACTION,REDUCE_POSITION,SINGLE_INSTRUMENT,,ICICIBANK,ICICIBANK,"[""ICICIBANK""]",,,,,50.0,CURRENT_HOLDING,0.5,EXPLICIT_PERCENT,False,[1388.0],1388.0,,[],,,False,False,False,True,0.99,False,AUTO_HIGH_CONFIDENCE,RULE_BASED_AND_CURATED,Explicit percentage reduction of current holding.,REDUCE_POSITION uses current holding: new_holding = current_holding * (1 - quantity_percent / 100).,1,1,False,READY_FOR_AUTO_APPLY
1001,6a3ca5d556a63e397cfcb863,6a0d87fb835de84db3693578,NSE,INDIA_EQUITY,2026-06-25T03:51:49.594Z,2026-06-25T03:51:49.594Z,,BUY LAURUSLABS@1452 SL 1430 TGT 1480-1500,BUY LAURUSLABS @1452 SL 1430 TGT 1480-1500,02271f0af93fdc56,TRADE_ACTION,OPEN_LONG,SINGLE_INSTRUMENT,,LAURUSLABS,LAURUSLABS,"[""LAURUSLABS""]",,,,LONG,100.0,MODEL_ALLOCATION,,DEFAULT_FULL_ALLOCATION,True,[1452.0],1452.0,1430.0,"[1480.0, 1500.0]",1480.0,1500.0,False,False,False,True,0.98,False,AUTO_HIGH_CONFIDENCE,RULE_BASED_AND_CURATED,Buy instruction.,REDUCE_POSITION uses current holding: new_holding = current_holding * (1 - quantity_percent / 100).,1,1,False,READY_FOR_AUTO_APPLY
1002,6a3ca9f656a63e397cfcbb0b,6a0d87fb835de84db3693578,NSE,INDIA_EQUITY,2026-06-25T04:09:26.309Z,2026-06-25T04:09:26.309Z,,BUY TMPV(JULY)@359 SL 349 TGT 375-392,BUY TMPV(JULY)@359 SL 349 TGT 375-392,54e0594dd3a12f5b,TRADE_ACTION,OPEN_LONG,SINGLE_INSTRUMENT,,TMPV,TMPV,"[""TMPV""]",JUL,,,LONG,100.0,MODEL_ALLOCATION,,DEFAULT_FULL_ALLOCATION,True,[359.0],359.0,349.0,"[375.0, 392.0]",375.0,392.0,False,False,False,True,0.98,False,AUTO_HIGH_CONFIDENCE,RULE_BASED_AND_CURATED,Buy instruction.,REDUCE_POSITION uses current holding: new_holding = current_holding * (1 - quantity_percent / 100).,1,1,False,READY_FOR_AUTO_APPLY
1003,6a3cab8256a63e397cfcbc68,6a0d87fb835de84db3693578,NSE,INDIA_EQUITY,2026-06-25T04:16:02.615Z,2026-06-25T04:16:02.615Z,,SELL GODREJCP@1028 SL 1040 TGT 1010-990,SELL GODREJCP @1028 SL 1040 TGT 1010-990,6400c742884751a2,TRADE_ACTION,OPEN_SHORT,SINGLE_INSTRUMENT,,GODREJCP,GODREJCP,"[""GODREJCP""]",,,,SHORT,100.0,MODEL_ALLOCATION,,DEFAULT_FULL_ALLOCATION,True,[1028.0],1028.0,1040.0,"[1010.0, 990.0]",1010.0,990.0,False,False,False,True,0.96,False,AUTO_HIGH_CONFIDENCE,RULE_BASED_AND_CURATED,Sell/short instruction.,REDUCE_POSITION uses current holding: new_holding = current_holding * (1 - quantity_percent / 100).,1,1,False,READY_FOR_AUTO_APPLY
1004,6a3cac6856a63e397cfcbcbe,6a0d881f835de84db369357c,MCX,INDIA_COMMODITY,2026-06-25T04:19:52.616Z,2026-06-25T04:19:52.616Z,,BUY COPPER(JULY)@1251 SL 1240 TGT 1272-1300,BUY COPPER(JULY)@1251 SL 1240 TGT 1272-1300,7d62732d488b5d57,TRADE_ACTION,OPEN_LONG,SINGLE_INSTRUMENT,,COPPER,COPPER,"[""COPPER""]",JUL,,,LONG,100.0,MODEL_ALLOCATION,,DEFAULT_FULL_ALLOCATION,True,[1251.0],1251.0,1240.0,"[1272.0, 1300.0]",1272.0,1300.0,False,False,False,True,0.98,False,AUTO_HIGH_CONFIDENCE,RULE_BASED_AND_CURATED,Buy instruction.,REDUCE_POSITION uses current holding: new_holding = current_holding * (1 - quantity_percent / 100).,1,1,False,READY_FOR_AUTO_APPLY
1005,6a3cae0056a63e397cfcbdf5,6a20c6ae59359ea1faef274f,Indian Indices,INDIA_INDEX,2026-06-25T04:26:40.596Z,2026-06-25T04:26:40.596Z,,FULL  PROFIT BOOK IN NIFTY (STRIKE 24000/ JUNE)CE@ 233.50,FULL PROFIT BOOK IN NIFTY (STRIKE 24000/ JUNE)CE @ 233.50,3a442c74a88ba89f,TRADE_ACTION,CLOSE_POSITION,SINGLE_INSTRUMENT,,NIFTY,NIFTY,"[""NIFTY""]",JUN,24000,CE,,100.0,CURRENT_HOLDING,0.0,FULL_EXIT_RULE,False,[233.5],233.5,,[],,,False,False,False,True,0.99,False,AUTO_HIGH_CONFIDENCE,RULE_BASED_AND_CURATED,Explicit full exit.,REDUCE_POSITION uses current holding: new_holding = current_holding * (1 - quantity_percent / 100).,1,1,False,READY_FOR_AUTO_APPLY
1006,6a3cae4a56a63e397cfcbea9,6a0d87fb835de84db3693578,NSE,INDIA_EQUITY,2026-06-25T04:27:54.637Z,2026-06-25T04:27:54.637Z,,FULL PROFIT BOOK IN DRREDDY@1360,FULL PROFIT BOOK IN DRREDDY @1360,ca40662d32699772,TRADE_ACTION,CLOSE_POSITION,SINGLE_INSTRUMENT,,DRREDDY,DRREDDY,"[""DRREDDY""]",,,,,100.0,CURRENT_HOLDING,0.0,FULL_EXIT_RULE,False,[1360.0],1360.0,,[],,,False,False,False,True,0.99,False,AUTO_HIGH_CONFIDENCE,RULE_BASED_AND_CURATED,Explicit full exit.,REDUCE_POSITION uses current holding: new_holding = current_holding * (1 - quantity_percent / 100).,1,1,False,READY_FOR_AUTO_APPLY
1007,6a3caee256a63e397cfcbf0d,6a0d87fb835de84db3693578,NSE,INDIA_EQUITY,2026-06-25T04:30:26.230Z,2026-06-25T04:30:26.230Z,,HOLD REST 50% FEDERALBANK WITH SL 323,HOLD REST 50% FEDERALBANK WITH SL 323,0f88eb314d7a9f03,TRADE_UPDATE,UPDATE_STOP_LOSS,SINGLE_INSTRUMENT,,FEDERALBANK,FEDERALBANK,"[""FEDERALBANK""]",,,,,,NONE,,NOT_APPLICABLE,False,[],,323.0,[],,,False,False,False,True,0.99,False,AUTO_HIGH_CONFIDENCE,RULE_BASED_AND_CURATED,Hold and update stop loss.,REDUCE_POSITION uses current holding: new_holding = current_holding * (1 - quantity_percent / 100).,1,1,False,READY_FOR_AUTO_APPLY
1008,6a3cb59f56a63e397cfcc075,6a0d87fb835de84db3693578,NSE,INDIA_EQUITY,2026-06-25T04:59:11.251Z,2026-06-25T04:59:11.251Z,,HOLD PFC WITH SL 430,HOLD PFC WITH SL 430,e4689f5f1c3068da,TRADE_UPDATE,UPDATE_STOP_LOSS,SINGLE_INSTRUMENT,,PFC,PFC,"[""PFC""]",,,,,,NONE,,NOT_APPLICABLE,False,[],,430.0,[],,,False,False,False,True,0.99,False,AUTO_HIGH_CONFIDENCE,RULE_BASED_AND_CURATED,Hold and update stop loss.,REDUCE_POSITION uses current holding: new_holding = current_holding * (1 - quantity_percent / 100).,1,1,False,READY_FOR_AUTO_APPLY
1009,6a3ccb1456a63e397cfcc241,6a0d87fb835de84db3693578,NSE,INDIA_EQUITY,2026-06-25T06:30:44.003Z,2026-06-25T06:30:44.003Z,,INTRADAY 50% PROFIT BOOK IN HINDALCO @971.60,INTRADAY 50% PROFIT BOOK IN HINDALCO @971.60,0f06d9d78de8ebf5,TRADE_ACTION,REDUCE_POSITION,SINGLE_INSTRUMENT,,HINDALCO,HINDALCO,"[""HINDALCO""]",,,,,50.0,CURRENT_HOLDING,0.5,EXPLICIT_PERCENT,False,[971.6],971.6,,[],,,False,False,False,True,0.99,False,AUTO_HIGH_CONFIDENCE,RULE_BASED_AND_CURATED,Explicit percentage reduction of current holding.,REDUCE_POSITION uses current holding: new_holding = current_holding * (1 - quantity_percent / 100).,1,1,False,READY_FOR_AUTO_APPLY
1010,6a3ccb7056a63e397cfcc283,6a0d87fb835de84db3693578,NSE,INDIA_EQUITY,2026-06-25T06:32:16.447Z,2026-06-25T06:32:16.447Z,,50% PROFIT BOOK IN AXISBANK@1392,50% PROFIT BOOK IN AXISBANK @1392,f6d1ab97fca91f30,TRADE_ACTION,REDUCE_POSITION,SINGLE_INSTRUMENT,,AXISBANK,AXISBANK,"[""AXISBANK""]",,,,,50.0,CURRENT_HOLDING,0.5,EXPLICIT_PERCENT,False,[1392.0],1392.0,,[],,,False,False,False,True,0.99,False,AUTO_HIGH_CONFIDENCE,RULE_BASED_AND_CURATED,Explicit percentage reduction of current holding.,REDUCE_POSITION uses current holding: new_holding = current_holding * (1 - quantity_percent / 100).,1,1,False,READY_FOR_AUTO_APPLY
1011,6a3ccb8456a63e397cfcc29b,6a0d87fb835de84db3693578,NSE,INDIA_EQUITY,2026-06-25T06:32:36.338Z,2026-06-25T06:32:36.338Z,,FULL PROFIT BOOK IN HDFCBANK@803,FULL PROFIT BOOK IN HDFCBANK @803,1c218581ebf190d0,TRADE_ACTION,CLOSE_POSITION,SINGLE_INSTRUMENT,,HDFCBANK,HDFCBANK,"[""HDFCBANK""]",,,,,100.0,CURRENT_HOLDING,0.0,FULL_EXIT_RULE,False,[803.0],803.0,,[],,,False,False,False,True,0.99,False,AUTO_HIGH_CONFIDENCE,RULE_BASED_AND_CURATED,Explicit full exit.,REDUCE_POSITION uses current holding: new_holding = current_holding * (1 - quantity_percent / 100).,1,1,False,READY_FOR_AUTO_APPLY
1012,6a3ccba456a63e397cfcc2bc,6a0d87fb835de84db3693578,NSE,INDIA_EQUITY,2026-06-25T06:33:08.767Z,2026-06-25T06:33:08.767Z,,50% PROFIT BOOK IN SBIN@1054.45,50% PROFIT BOOK IN SBIN @1054.45,97b514fd6fd029f9,TRADE_ACTION,REDUCE_POSITION,SINGLE_INSTRUMENT,,SBIN,SBIN,"[""SBIN""]",,,,,50.0,CURRENT_HOLDING,0.5,EXPLICIT_PERCENT,False,[1054.45],1054.45,,[],,,False,False,False,True,0.99,False,AUTO_HIGH_CONFIDENCE,RULE_BASED_AND_CURATED,Explicit percentage reduction of current holding.,REDUCE_POSITION uses current holding: new_holding = current_holding * (1 - quantity_percent / 100).,1,1,False,READY_FOR_AUTO_APPLY
1013,6a3ccc4656a63e397cfcc32d,6a0d87fb835de84db3693578,NSE,INDIA_EQUITY,2026-06-25T06:35:50.945Z,2026-06-25T06:35:50.945Z,,FULL PROFIT IN ICICIBANK@1399,FULL PROFIT IN ICICIBANK @1399,14cc5325758cd380,TRADE_ACTION,CLOSE_POSITION,SINGLE_INSTRUMENT,,ICICIBANK,ICICIBANK,"[""ICICIBANK""]",,,,,100.0,CURRENT_HOLDING,0.0,FULL_EXIT_RULE,False,[1399.0],1399.0,,[],,,False,False,False,True,0.99,False,AUTO_HIGH_CONFIDENCE,RULE_BASED_AND_CURATED,Explicit full exit.,REDUCE_POSITION uses current holding: new_holding = current_holding * (1 - quantity_percent / 100).,1,1,False,READY_FOR_AUTO_APPLY
1014,6a3ce00756a63e397cfcc63e,6a0d87fb835de84db3693578,NSE,INDIA_EQUITY,2026-06-25T08:00:07.421Z,2026-06-25T08:00:07.421Z,,INTRADAY FULL PROFIT BOOK IN DLF @630,INTRADAY FULL PROFIT BOOK IN DLF @630,f2aa72b7e04b5f42,TRADE_ACTION,CLOSE_POSITION,SINGLE_INSTRUMENT,,DLF,DLF,"[""DLF""]",,,,,100.0,CURRENT_HOLDING,0.0,FULL_EXIT_RULE,False,[630.0],630.0,,[],,,False,False,False,True,0.99,False,AUTO_HIGH_CONFIDENCE,RULE_BASED_AND_CURATED,Explicit full exit.,REDUCE_POSITION uses current holding: new_holding = current_holding * (1 - quantity_percent / 100).,1,1,False,READY_FOR_AUTO_APPLY
1015,6a3ce5a956a63e397cfcc6f2,6a0d881f835de84db369357c,MCX,INDIA_COMMODITY,2026-06-25T08:24:09.977Z,2026-06-25T08:24:09.977Z,,50% PROFIT BOOK IN COPPER(JULY)@1260.40,50% PROFIT BOOK IN COPPER(JULY)@1260.40,03417832e30c58ad,TRADE_ACTION,REDUCE_POSITION,SINGLE_INSTRUMENT,,COPPER,COPPER,"[""COPPER""]",JUL,,,,50.0,CURRENT_HOLDING,0.5,EXPLICIT_PERCENT,False,[1260.4],1260.4,,[],,,False,False,False,True,0.99,False,AUTO_HIGH_CONFIDENCE,RULE_BASED_AND_CURATED,Explicit percentage reduction of current holding.,REDUCE_POSITION uses current holding: new_holding = current_holding * (1 - quantity_percent / 100).,1,1,False,READY_FOR_AUTO_APPLY
1016,6a3cf13d56a63e397cfcc899,6a20c6ae59359ea1faef274f,Indian Indices,INDIA_INDEX,2026-06-25T09:13:33.011Z,2026-06-25T09:13:33.011Z,,PART PROFIT BOOK IN NIFTY@24084,PART PROFIT BOOK IN NIFTY @24084,b1f23d24d77791da,TRADE_ACTION,REDUCE_POSITION,SINGLE_INSTRUMENT,,NIFTY,NIFTY,"[""NIFTY""]",,,,,25.0,CURRENT_HOLDING,0.75,PART_PROFIT_RULE,False,[24084.0],24084.0,,[],,,False,False,False,True,0.99,False,AUTO_HIGH_CONFIDENCE,RULE_BASED_AND_CURATED,Part/partial profit means sell 25% of current holding.,REDUCE_POSITION uses current holding: new_holding = current_holding * (1 - quantity_percent / 100).,1,1,False,READY_FOR_AUTO_APPLY
1017,6a3cf7d156a63e397cfcca0d,6a0d87fb835de84db3693578,NSE,INDIA_EQUITY,2026-06-25T09:41:37.909Z,2026-06-25T09:41:37.909Z,,BUY HINDALCO(JULY)@955 SL 940 TGT 970-980,BUY HINDALCO(JULY)@955 SL 940 TGT 970-980,0dd91abcddc94af3,TRADE_ACTION,OPEN_LONG,SINGLE_INSTRUMENT,,HINDALCO,HINDALCO,"[""HINDALCO""]",JUL,,,LONG,100.0,MODEL_ALLOCATION,,DEFAULT_FULL_ALLOCATION,True,[955.0],955.0,940.0,"[970.0, 980.0]",970.0,980.0,False,False,False,True,0.98,False,AUTO_HIGH_CONFIDENCE,RULE_BASED_AND_CURATED,Buy instruction.,REDUCE_POSITION uses current holding: new_holding = current_holding * (1 - quantity_percent / 100).,1,1,False,READY_FOR_AUTO_APPLY
1018,6a3cf80156a63e397cfccab1,6a0d87fb835de84db3693578,NSE,INDIA_EQUITY,2026-06-25T09:42:25.805Z,2026-06-25T09:42:25.805Z,,BUY TATASTEEL(JULY)@189 SL 186 TGT 194-198,BUY TATASTEEL(JULY)@189 SL 186 TGT 194-198,ef9b69d490d5f63f,TRADE_ACTION,OPEN_LONG,SINGLE_INSTRUMENT,,TATASTEEL,TATASTEEL,"[""TATASTEEL""]",JUL,,,LONG,100.0,MODEL_ALLOCATION,,DEFAULT_FULL_ALLOCATION,True,[189.0],189.0,186.0,"[194.0, 198.0]",194.0,198.0,False,False,False,True,0.98,False,AUTO_HIGH_CONFIDENCE,RULE_BASED_AND_CURATED,Buy instruction.,REDUCE_POSITION uses current holding: new_holding = current_holding * (1 - quantity_percent / 100).,1,1,False,READY_FOR_AUTO_APPLY
1019,6a3d2f3c56a63e397cfcd3a2,6a0d8832835de84db3693580,International Market,GLOBAL_EQUITY,2026-06-25T13:38:04.654Z,2026-06-25T13:38:04.654Z,,Book profit in STX @ 1095,Book profit in STX @ 1095,6ecf521c544d4caa,TRADE_ACTION,CLOSE_POSITION,SINGLE_INSTRUMENT,,STX,STX,"[""STX""]",,,,,100.0,CURRENT_HOLDING,0.0,FULL_EXIT_RULE,False,[1095.0],1095.0,,[],,,False,False,False,True,0.96,False,AUTO_HIGH_CONFIDENCE,RULE_BASED_AND_CURATED,Unqualified 'book profit' closes all remaining holding.,REDUCE_POSITION uses current holding: new_holding = current_holding * (1 - quantity_percent / 100).,1,1,False,READY_FOR_AUTO_APPLY
1020,6a3d2f6056a63e397cfcd3e9,6a0d8832835de84db3693580,International Market,GLOBAL_EQUITY,2026-06-25T13:38:40.725Z,2026-06-25T13:38:40.725Z,,Book profit in AMD @ 549,Book profit in AMD @ 549,219b13d547bae25e,TRADE_ACTION,CLOSE_POSITION,SINGLE_INSTRUMENT,,AMD,AMD,"[""AMD""]",,,,,100.0,CURRENT_HOLDING,0.0,FULL_EXIT_RULE,False,[549.0],549.0,,[],,,False,False,False,True,0.96,False,AUTO_HIGH_CONFIDENCE,RULE_BASED_AND_CURATED,Unqualified 'book profit' closes all remaining holding.,REDUCE_POSITION uses current holding: new_holding = current_holding * (1 - quantity_percent / 100).,1,1,False,READY_FOR_AUTO_APPLY
1021,6a3d2ff756a63e397cfcd4df,6a0d8832835de84db3693580,International Market,GLOBAL_EQUITY,2026-06-25T13:41:11.001Z,2026-06-25T13:41:11.001Z,,Book profit in BE @ 348,Book profit in BE @ 348,6cb04ac0b7fbed4f,TRADE_ACTION,CLOSE_POSITION,SINGLE_INSTRUMENT,,BE,BE,"[""BE""]",,,,,100.0,CURRENT_HOLDING,0.0,FULL_EXIT_RULE,False,[348.0],348.0,,[],,,False,False,False,True,0.96,False,AUTO_HIGH_CONFIDENCE,RULE_BASED_AND_CURATED,Unqualified 'book profit' closes all remaining holding.,REDUCE_POSITION uses current holding: new_holding = current_holding * (1 - quantity_percent / 100).,1,1,False,READY_FOR_AUTO_APPLY
1022,6a3d302f56a63e397cfcd556,6a0d8832835de84db3693580,International Market,GLOBAL_EQUITY,2026-06-25T13:42:07.202Z,2026-06-25T13:42:07.202Z,,Buy LLY @ 1123 with S/L 1100 for target 1145-1175,Buy LLY @ 1123 with S/L 1100 for target 1145-1175,c1f9244bb37fe654,TRADE_ACTION,OPEN_LONG,SINGLE_INSTRUMENT,,LLY,LLY,"[""LLY""]",,,,LONG,100.0,MODEL_ALLOCATION,,DEFAULT_FULL_ALLOCATION,True,[1123.0],1123.0,1100.0,"[1145.0, 1175.0]",1145.0,1175.0,False,False,False,True,0.98,False,AUTO_HIGH_CONFIDENCE,RULE_BASED_AND_CURATED,Buy instruction.,REDUCE_POSITION uses current holding: new_holding = current_holding * (1 - quantity_percent / 100).,1,1,False,READY_FOR_AUTO_APPLY
1023,6a3d304a56a63e397cfcd576,6a0d8832835de84db3693580,International Market,GLOBAL_EQUITY,2026-06-25T13:42:34.801Z,2026-06-25T13:42:34.801Z,,Buy 50% ASML @ 1819 for target 1940-1980,Buy 50% ASML @ 1819 for target 1940-1980,cb38701b536a304d,TRADE_ACTION,OPEN_LONG,SINGLE_INSTRUMENT,,ASML,ASML,"[""ASML""]",,,,LONG,50.0,MODEL_ALLOCATION,,EXPLICIT_PERCENT,False,[1819.0],1819.0,,"[1940.0, 1980.0]",1940.0,1980.0,False,False,False,True,0.98,False,AUTO_HIGH_CONFIDENCE,RULE_BASED_AND_CURATED,Buy instruction.,REDUCE_POSITION uses current holding: new_holding = current_holding * (1 - quantity_percent / 100).,1,1,False,READY_FOR_AUTO_APPLY
1024,6a3d318c56a63e397cfcd596,6a0d8832835de84db3693580,International Market,GLOBAL_INDEX_OR_MACRO,2026-06-25T13:47:56.829Z,2026-06-25T13:47:56.829Z,,Buy S&P500 @ 7348 & 7322 with S/L 7280 for target 7430-7470,Buy S&P500 @ 7348 & 7322 with S/L 7280 for target 7430-7470,bdefc7702bc05ae2,TRADE_ACTION,OPEN_LONG,SINGLE_INSTRUMENT,,S&P500,SP500,"[""SP500""]",,,,LONG,100.0,MODEL_ALLOCATION,,DEFAULT_FULL_ALLOCATION,True,"[7348.0, 7322.0]",7348.0,7280.0,"[7430.0, 7470.0]",7430.0,7470.0,False,False,False,True,0.98,False,AUTO_HIGH_CONFIDENCE,RULE_BASED_AND_CURATED,Buy instruction.,REDUCE_POSITION uses current holding: new_holding = current_holding * (1 - quantity_percent / 100).,1,1,False,READY_FOR_AUTO_APPLY
1025,6a3d31a256a63e397cfcd618,6a0d8832835de84db3693580,International Market,GLOBAL_INDEX_OR_MACRO,2026-06-25T13:48:18.364Z,2026-06-25T13:48:18.364Z,,Buy Nasdaq @ 29294 & 28900 with S/L 28700 for target 29800-30100,Buy Nasdaq @ 29294 & 28900 with S/L 28700 for target 29800-30100,991dea7c3c05cc70,TRADE_ACTION,OPEN_LONG,SINGLE_INSTRUMENT,,Nasdaq,NASDAQ,"[""NASDAQ""]",,,,LONG,100.0,MODEL_ALLOCATION,,DEFAULT_FULL_ALLOCATION,True,"[29294.0, 28900.0]",29294.0,28700.0,"[29800.0, 30100.0]",29800.0,30100.0,False,False,False,True,0.98,False,AUTO_HIGH_CONFIDENCE,RULE_BASED_AND_CURATED,Buy instruction.,REDUCE_POSITION uses current holding: new_holding = current_holding * (1 - quantity_percent / 100).,1,1,False,READY_FOR_AUTO_APPLY
1026,6a3d329456a63e397cfcd737,6a0d8832835de84db3693580,International Market,GLOBAL_EQUITY,2026-06-25T13:52:20.667Z,2026-06-25T13:52:20.667Z,,50% Buy NVDA@ 194.30 tgt 210-220,50% Buy NVDA @ 194.30 tgt 210-220,284b91311df86e6e,TRADE_ACTION,OPEN_LONG,SINGLE_INSTRUMENT,,NVDA,NVDA,"[""NVDA""]",,,,LONG,50.0,MODEL_ALLOCATION,,EXPLICIT_PERCENT,False,[194.3],194.3,,"[210.0, 220.0]",210.0,220.0,False,False,False,True,0.98,False,AUTO_HIGH_CONFIDENCE,RULE_BASED_AND_CURATED,Buy instruction.,REDUCE_POSITION uses current holding: new_holding = current_holding * (1 - quantity_percent / 100).,1,1,False,READY_FOR_AUTO_APPLY
1027,6a3d333056a63e397cfcd79b,6a0d8832835de84db3693580,International Market,GLOBAL_EQUITY,2026-06-25T13:54:56.340Z,2026-06-25T13:54:56.340Z,,Buy 50% AMD @ 514 for target 550-570,Buy 50% AMD @ 514 for target 550-570,08e382f9ecc2f3cb,TRADE_ACTION,OPEN_LONG,SINGLE_INSTRUMENT,,AMD,AMD,"[""AMD""]",,,,LONG,50.0,MODEL_ALLOCATION,,EXPLICIT_PERCENT,False,[514.0],514.0,,"[550.0, 570.0]",550.0,570.0,False,False,False,True,0.98,False,AUTO_HIGH_CONFIDENCE,RULE_BASED_AND_CURATED,Buy instruction.,REDUCE_POSITION uses current holding: new_holding = current_holding * (1 - quantity_percent / 100).,1,1,False,READY_FOR_AUTO_APPLY
1028,6a3d336556a63e397cfcd7c6,6a0d8832835de84db3693580,International Market,GLOBAL_EQUITY,2026-06-25T13:55:49.684Z,2026-06-25T13:55:49.684Z,,Buy 50% ARM @ 341 for target 380-430,Buy 50% ARM @ 341 for target 380-430,72112f840bd26ae5,TRADE_ACTION,OPEN_LONG,SINGLE_INSTRUMENT,,ARM,ARM,"[""ARM""]",,,,LONG,50.0,MODEL_ALLOCATION,,EXPLICIT_PERCENT,False,[341.0],341.0,,"[380.0, 430.0]",380.0,430.0,False,False,False,True,0.98,False,AUTO_HIGH_CONFIDENCE,RULE_BASED_AND_CURATED,Buy instruction.,REDUCE_POSITION uses current holding: new_holding = current_holding * (1 - quantity_percent / 100).,1,1,False,READY_FOR_AUTO_APPLY
1029,6a3d338056a63e397cfcd80e,6a0d8832835de84db3693580,International Market,GLOBAL_EQUITY,2026-06-25T13:56:16.483Z,2026-06-25T13:56:16.483Z,,Buy 50% DELL @ 393 for target 420-440,Buy 50% DELL @ 393 for target 420-440,85addc38d08e0084,TRADE_ACTION,OPEN_LONG,SINGLE_INSTRUMENT,,DELL,DELL,"[""DELL""]",,,,LONG,50.0,MODEL_ALLOCATION,,EXPLICIT_PERCENT,False,[393.0],393.0,,"[420.0, 440.0]",420.0,440.0,False,False,False,True,0.98,False,AUTO_HIGH_CONFIDENCE,RULE_BASED_AND_CURATED,Buy instruction.,REDUCE_POSITION uses current holding: new_holding = current_holding * (1 - quantity_percent / 100).,1,1,False,READY_FOR_AUTO_APPLY
1030,6a3d36e456a63e397cfcd987,6a0d8832835de84db3693580,International Market,GLOBAL_INDEX_OR_MACRO,2026-06-25T14:10:44.815Z,2026-06-25T14:10:44.815Z,,Sell Dow @ 52423 with S/L 52600 for target 51800-51550,Sell Dow @ 52423 with S/L 52600 for target 51800-51550,8d2ce635bcae3952,TRADE_ACTION,OPEN_SHORT,SINGLE_INSTRUMENT,,Dow,DOW,"[""DOW""]",,,,SHORT,100.0,MODEL_ALLOCATION,,DEFAULT_FULL_ALLOCATION,True,[52423.0],52423.0,52600.0,"[51800.0, 51550.0]",51800.0,51550.0,False,False,False,True,0.96,False,AUTO_HIGH_CONFIDENCE,RULE_BASED_AND_CURATED,Sell/short instruction.,REDUCE_POSITION uses current holding: new_holding = current_holding * (1 - quantity_percent / 100).,1,1,False,READY_FOR_AUTO_APPLY
1031,6a3d3a5e56a63e397cfcdacb,6a0d8832835de84db3693580,International Market,GLOBAL_EQUITY,2026-06-25T14:25:34.331Z,2026-06-25T14:25:34.331Z,,50% Buy SOXL @ 238 tgt 270-290,50% Buy SOXL @ 238 tgt 270-290,d087ebb44a0e3d0a,TRADE_ACTION,OPEN_LONG,SINGLE_INSTRUMENT,,SOXL,SOXL,"[""SOXL""]",,,,LONG,50.0,MODEL_ALLOCATION,,EXPLICIT_PERCENT,False,[238.0],238.0,,"[270.0, 290.0]",270.0,290.0,False,False,False,True,0.98,False,AUTO_HIGH_CONFIDENCE,RULE_BASED_AND_CURATED,Buy instruction.,REDUCE_POSITION uses current holding: new_holding = current_holding * (1 - quantity_percent / 100).,1,1,False,READY_FOR_AUTO_APPLY
1032,6a3d45c156a63e397cfcdffc,6a0d8832835de84db3693580,International Market,GLOBAL_COMMODITY,2026-06-25T15:14:09.407Z,2026-06-25T15:14:09.407Z,,Day traders 50% Profit book in copper @ 6.05,Day traders 50% Profit book in copper @ 6.05,51cd6c91f3889758,TRADE_ACTION,REDUCE_POSITION,SINGLE_INSTRUMENT,,copper,COPPER,"[""COPPER""]",,,,,50.0,CURRENT_HOLDING,0.5,EXPLICIT_PERCENT,False,[6.05],6.05,,[],,,False,False,False,True,0.99,False,AUTO_HIGH_CONFIDENCE,RULE_BASED_AND_CURATED,Explicit percentage reduction of current holding.,REDUCE_POSITION uses current holding: new_holding = current_holding * (1 - quantity_percent / 100).,1,1,False,READY_FOR_AUTO_APPLY
1033,6a3d45fd56a63e397cfce02d,6a0d8832835de84db3693580,International Market,GLOBAL_COMMODITY,2026-06-25T15:15:09.048Z,2026-06-25T15:15:09.048Z,,Sell crude@ 71.60 sl 73.60 tgt 68,Sell crude @ 71.60 sl 73.60 tgt 68,cde61e75737c997f,TRADE_ACTION,OPEN_SHORT,SINGLE_INSTRUMENT,,crude,CRUDE,"[""CRUDE""]",,,,SHORT,100.0,MODEL_ALLOCATION,,DEFAULT_FULL_ALLOCATION,True,[71.6],71.6,73.6,[68.0],68.0,,False,False,False,True,0.96,False,AUTO_HIGH_CONFIDENCE,RULE_BASED_AND_CURATED,Sell/short instruction.,REDUCE_POSITION uses current holding: new_holding = current_holding * (1 - quantity_percent / 100).,1,1,False,READY_FOR_AUTO_APPLY
1034,6a3d463656a63e397cfce044,6a0d8832835de84db3693580,International Market,GLOBAL_COMMODITY,2026-06-25T15:16:06.415Z,2026-06-25T15:16:06.415Z,,Correction: Sell crude@ 71.60 & 73.60 sl 75.00 tgt 68-67,Correction: Sell crude @ 71.60 & 73.60 sl 75.00 tgt 68-67,893369642404498b,TRADE_ACTION,OPEN_SHORT,SINGLE_INSTRUMENT,,crude,CRUDE,"[""CRUDE""]",,,,SHORT,100.0,MODEL_ALLOCATION,,DEFAULT_FULL_ALLOCATION,True,"[71.6, 73.6]",71.6,75.0,"[68.0, 67.0]",68.0,67.0,True,False,True,False,0.85,True,REVIEW_REQUIRED,RULE_BASED_AND_CURATED,Sell/short instruction. Correction must supersede/link to the prior instruction.,REDUCE_POSITION uses current holding: new_holding = current_holding * (1 - quantity_percent / 100).,1,1,False,MANUAL_OR_CONTEXT_REVIEW
1035,6a3d67f456a63e397cfce958,6a0d8832835de84db3693580,International Market,GLOBAL_EQUITY,2026-06-25T17:40:04.118Z,2026-06-25T17:40:04.118Z,,50% Part Profit Book in SOXL@ 257,50% Part Profit Book in SOXL @ 257,7b5d23371ac149a7,TRADE_ACTION,REDUCE_POSITION,SINGLE_INSTRUMENT,,SOXL,SOXL,"[""SOXL""]",,,,,50.0,CURRENT_HOLDING,0.5,EXPLICIT_PERCENT,False,[257.0],257.0,,[],,,False,False,False,True,0.99,False,AUTO_HIGH_CONFIDENCE,RULE_BASED_AND_CURATED,Part/partial profit means sell 25% of current holding.,REDUCE_POSITION uses current holding: new_holding = current_holding * (1 - quantity_percent / 100).,1,1,False,READY_FOR_AUTO_APPLY
1036,6a3d8a9356a63e397cfced2c,6a0d8832835de84db3693580,International Market,GLOBAL_EQUITY,2026-06-25T20:07:47.185Z,2026-06-25T20:07:47.185Z,,Part Profit book in ASML @ 1844,Part Profit book in ASML @ 1844,ff2725165bcca2c2,TRADE_ACTION,REDUCE_POSITION,SINGLE_INSTRUMENT,,ASML,ASML,"[""ASML""]",,,,,25.0,CURRENT_HOLDING,0.75,PART_PROFIT_RULE,False,[1844.0],1844.0,,[],,,False,False,False,True,0.99,False,AUTO_HIGH_CONFIDENCE,RULE_BASED_AND_CURATED,Part/partial profit means sell 25% of current holding.,REDUCE_POSITION uses current holding: new_holding = current_holding * (1 - quantity_percent / 100).,1,1,False,READY_FOR_AUTO_APPLY
1037,6a3d8b2756a63e397cfced93,6a0d8832835de84db3693580,International Market,GLOBAL_EQUITY,2026-06-25T20:10:15.045Z,2026-06-25T20:10:15.045Z,,Part Profit book in AMD@ 533,Part Profit book in AMD @ 533,3f98e123afe42389,TRADE_ACTION,REDUCE_POSITION,SINGLE_INSTRUMENT,,AMD,AMD,"[""AMD""]",,,,,25.0,CURRENT_HOLDING,0.75,PART_PROFIT_RULE,False,[533.0],533.0,,[],,,False,False,False,True,0.99,False,AUTO_HIGH_CONFIDENCE,RULE_BASED_AND_CURATED,Part/partial profit means sell 25% of current holding.,REDUCE_POSITION uses current holding: new_holding = current_holding * (1 - quantity_percent / 100).,1,1,False,READY_FOR_AUTO_APPLY
1038,6a3d8bca56a63e397cfceda1,6a0d8832835de84db3693580,International Market,GLOBAL_INDEX_OR_MACRO,2026-06-25T20:12:58.412Z,2026-06-25T20:12:58.412Z,,Part Profit book in NASDAQ @ 29502,Part Profit book in NASDAQ @ 29502,99e03a4a59343456,TRADE_ACTION,REDUCE_POSITION,SINGLE_INSTRUMENT,,NASDAQ,NASDAQ,"[""NASDAQ""]",,,,,25.0,CURRENT_HOLDING,0.75,PART_PROFIT_RULE,False,[29502.0],29502.0,,[],,,False,False,False,True,0.99,False,AUTO_HIGH_CONFIDENCE,RULE_BASED_AND_CURATED,Part/partial profit means sell 25% of current holding.,REDUCE_POSITION uses current holding: new_holding = current_holding * (1 - quantity_percent / 100).,1,1,False,READY_FOR_AUTO_APPLY
1039,6a3dc51a56a63e397cfcf1c9,6a0d8832835de84db3693580,International Market,GLOBAL_EQUITY,2026-06-26T00:17:30.356Z,2026-06-26T00:17:30.356Z,,"Please update the ""RP Broadcasts"" app from the App Store or Play Store. Key issues have been fixed.","Please update the ""RP Broadcasts"" app from the App Store or Play Store. Key issues have been fixed.",61e6e6f423a19ad2,NON_TRADE,ADMIN_NOTICE,NONE,,,,[],,,,,,NONE,,NOT_APPLICABLE,False,[],,,[],,,False,False,False,False,0.99,False,AUTO_HIGH_CONFIDENCE,RULE_BASED_AND_CURATED,Application notice.,REDUCE_POSITION uses current holding: new_holding = current_holding * (1 - quantity_percent / 100).,4,1,True,NON_EXECUTABLE
1040,6a3dc51e56a63e397cfcf1dd,6a0d87fb835de84db3693578,NSE,INDIA_EQUITY,2026-06-26T00:17:34.414Z,2026-06-26T00:17:34.414Z,,"Please update the ""RP Broadcasts"" app from the App Store or Play Store. Key issues have been fixed.","Please update the ""RP Broadcasts"" app from the App Store or Play Store. Key issues have been fixed.",61e6e6f423a19ad2,NON_TRADE,ADMIN_NOTICE,NONE,,,,[],,,,,,NONE,,NOT_APPLICABLE,False,[],,,[],,,False,False,False,False,0.99,False,AUTO_HIGH_CONFIDENCE,RULE_BASED_AND_CURATED,Application notice.,REDUCE_POSITION uses current holding: new_holding = current_holding * (1 - quantity_percent / 100).,4,2,True,NON_EXECUTABLE
1041,6a3dc52256a63e397cfcf22a,6a0d881f835de84db369357c,MCX,INDIA_COMMODITY,2026-06-26T00:17:38.365Z,2026-06-26T00:17:38.365Z,,"Please update the ""RP Broadcasts"" app from the App Store or Play Store. Key issues have been fixed.","Please update the ""RP Broadcasts"" app from the App Store or Play Store. Key issues have been fixed.",61e6e6f423a19ad2,NON_TRADE,ADMIN_NOTICE,NONE,,,,[],,,,,,NONE,,NOT_APPLICABLE,False,[],,,[],,,False,False,False,False,0.99,False,AUTO_HIGH_CONFIDENCE,RULE_BASED_AND_CURATED,Application notice.,REDUCE_POSITION uses current holding: new_holding = current_holding * (1 - quantity_percent / 100).,4,3,True,NON_EXECUTABLE
1042,6a3dc52656a63e397cfcf23f,6a20c6ae59359ea1faef274f,Indian Indices,INDIA_INDEX,2026-06-26T00:17:42.547Z,2026-06-26T00:17:42.547Z,,"Please update the ""RP Broadcasts"" app from the App Store or Play Store. Key issues have been fixed.","Please update the ""RP Broadcasts"" app from the App Store or Play Store. Key issues have been fixed.",61e6e6f423a19ad2,NON_TRADE,ADMIN_NOTICE,NONE,,,,[],,,,,,NONE,,NOT_APPLICABLE,False,[],,,[],,,False,False,False,False,0.99,False,AUTO_HIGH_CONFIDENCE,RULE_BASED_AND_CURATED,Application notice.,REDUCE_POSITION uses current holding: new_holding = current_holding * (1 - quantity_percent / 100).,4,4,True,NON_EXECUTABLE
1043,6a3ddd7356a63e397cfcf6b0,6a0d8832835de84db3693580,International Market,GLOBAL_EQUITY,2026-06-26T02:01:23.936Z,2026-06-26T02:01:23.936Z,,Buy 30% WDC @ 653,Buy 30% WDC @ 653,bff44257970884c6,TRADE_ACTION,OPEN_LONG,SINGLE_INSTRUMENT,,WDC,WDC,"[""WDC""]",,,,LONG,30.0,MODEL_ALLOCATION,,EXPLICIT_PERCENT,False,[653.0],653.0,,[],,,False,False,False,True,0.98,False,AUTO_HIGH_CONFIDENCE,RULE_BASED_AND_CURATED,Buy instruction.,REDUCE_POSITION uses current holding: new_holding = current_holding * (1 - quantity_percent / 100).,1,1,False,READY_FOR_AUTO_APPLY
