source_message_id,raw_text,normalized_text,segment_name,market_group,record_type,action_label,action_scope,symbol_group,symbol,symbols_json,contract_month,strike_price,option_type,direction,quantity_percent,quantity_basis,remaining_holding_multiplier,quantity_rule_source,execution_prices_json,execution_price_primary,stop_loss,targets_json,target_1,target_2,is_correction,is_multi_instrument,requires_context,auto_apply_eligible,label_confidence,needs_review,label_status,label_source,normalized_text_hash,created_at
69364f1fbfb5c7abb83c86ee,50% PROFIT BOOK IN JSWSTEEL @1171.50,50% PROFIT BOOK IN JSWSTEEL @1171.50,NSE,INDIA_EQUITY,TRADE_ACTION,REDUCE_POSITION,SINGLE_INSTRUMENT,,JSWSTEEL,"[""JSWSTEEL""]",,,,,50.0,CURRENT_HOLDING,0.5,EXPLICIT_PERCENT,[1171.5],1171.5,,[],,,False,False,False,True,0.99,False,AUTO_HIGH_CONFIDENCE,RULE_BASED_AND_CURATED,e0bbbc89e1e3961f,2025-12-08T04:07:59.649Z
69364fc7bfb5c7abb83c873a,50% PROFIT BOOK IN CRUDE @5403,50% PROFIT BOOK IN CRUDE @5403,MCX,INDIA_COMMODITY,TRADE_ACTION,REDUCE_POSITION,SINGLE_INSTRUMENT,,CRUDE,"[""CRUDE""]",,,,,50.0,CURRENT_HOLDING,0.5,EXPLICIT_PERCENT,[5403.0],5403.0,,[],,,False,False,False,True,0.99,False,AUTO_HIGH_CONFIDENCE,RULE_BASED_AND_CURATED,34c315356ba49b08,2025-12-08T04:10:47.047Z
69368a880133ba0de6bcf3c7,SL TOUCH IN JSWSTEEL,SL TOUCH IN JSWSTEEL,NSE,INDIA_EQUITY,TRADE_ACTION,CLOSE_POSITION,SINGLE_INSTRUMENT,,JSWSTEEL,"[""JSWSTEEL""]",,,,,100.0,CURRENT_HOLDING,0.0,FULL_EXIT_RULE,[],,,[],,,False,False,False,True,0.99,False,CURATED_PILOT,ASSISTANT_CURATED_RULE_REVIEW,54f912d2ca078dae,2025-12-08T08:21:28.020Z
6937ad850133ba0de6bd09ce,50% SELL NIFTY @25942 SL 26200 TGT 25800,50% SELL NIFTY @25942 SL 26200 TGT 25800,NSE,INDIA_EQUITY,TRADE_ACTION,OPEN_SHORT,SINGLE_INSTRUMENT,,NIFTY,"[""NIFTY""]",,,,SHORT,50.0,MODEL_ALLOCATION,,EXPLICIT_PERCENT,[25942.0],25942.0,26200.0,[25800.0],25800.0,,False,False,False,True,0.97,False,AUTO_HIGH_CONFIDENCE,RULE_BASED_AND_CURATED,35318fcf194c1851,2025-12-09T05:03:01.822Z
6a0ee0ca835de84db369411c,50% PROFIT BOOK IN NIFTY,50% PROFIT BOOK IN NIFTY,NSE,INDIA_EQUITY,TRADE_ACTION,REDUCE_POSITION,SINGLE_INSTRUMENT,,NIFTY,"[""NIFTY""]",,,,,50.0,CURRENT_HOLDING,0.5,EXPLICIT_PERCENT,[],,,[],,,False,False,False,True,0.99,False,AUTO_HIGH_CONFIDENCE,RULE_BASED_AND_CURATED,c491c5130234989d,2026-05-21T10:39:06.515Z
6a0ee139835de84db369423d,50% PROFIT BOOK IN BANKNIFTY,50% PROFIT BOOK IN BANKNIFTY,NSE,INDIA_EQUITY,TRADE_ACTION,REDUCE_POSITION,SINGLE_INSTRUMENT,,BANKNIFTY,"[""BANKNIFTY""]",,,,,50.0,CURRENT_HOLDING,0.5,EXPLICIT_PERCENT,[],,,[],,,False,False,False,True,0.99,False,AUTO_HIGH_CONFIDENCE,RULE_BASED_AND_CURATED,7e219391ae70323d,2026-05-21T10:40:57.746Z
6a139ce1835de84db3696c33,Sell 50% gold Jun at above price.,Sell 50% gold Jun at above price.,International Market,GLOBAL_COMMODITY,TRADE_ACTION,REDUCE_POSITION,SINGLE_INSTRUMENT,,GOLD,"[""GOLD""]",JUN,,,,50.0,CURRENT_HOLDING,0.5,EXPLICIT_PERCENT,[],,,[],,,False,False,True,False,0.99,False,AUTO_HIGH_CONFIDENCE,RULE_BASED_AND_CURATED,4e099864e5ac4a18,2026-05-25T00:50:41.756Z
6a139e11835de84db3696c5b,Sell copper @6.43 with sl 6.51 for target 6.30,Sell copper @6.43 with sl 6.51 for target 6.30,International Market,GLOBAL_COMMODITY,TRADE_ACTION,OPEN_SHORT,SINGLE_INSTRUMENT,,COPPER,"[""COPPER""]",,,,SHORT,100.0,MODEL_ALLOCATION,,DEFAULT_FULL_ALLOCATION,[6.43],6.43,6.51,[6.3],6.3,,False,False,False,True,0.96,False,AUTO_HIGH_CONFIDENCE,RULE_BASED_AND_CURATED,0363be26aed922fa,2026-05-25T00:55:45.163Z
6a13c3d5835de84db3696cd8,BUY CRUDE MINI  @8637 SL 8500 TGT 8800-9100,BUY CRUDE MINI @8637 SL 8500 TGT 8800-9100,MCX,INDIA_COMMODITY,TRADE_ACTION,OPEN_LONG,SINGLE_INSTRUMENT,,CRUDE_MINI,"[""CRUDE_MINI""]",,,,LONG,100.0,MODEL_ALLOCATION,,DEFAULT_FULL_ALLOCATION,[8637.0],8637.0,8500.0,"[8800.0, 9100.0]",8800.0,9100.0,False,False,False,True,0.98,False,AUTO_HIGH_CONFIDENCE,RULE_BASED_AND_CURATED,9cb8ccbf2a7a3406,2026-05-25T03:36:53.146Z
6a13c3e4835de84db3696ce4,SELL COPPER @1348 SL 1356 TGT 1342-1338,SELL COPPER @1348 SL 1356 TGT 1342-1338,MCX,INDIA_COMMODITY,TRADE_ACTION,OPEN_SHORT,SINGLE_INSTRUMENT,,COPPER,"[""COPPER""]",,,,SHORT,100.0,MODEL_ALLOCATION,,DEFAULT_FULL_ALLOCATION,[1348.0],1348.0,1356.0,"[1342.0, 1338.0]",1342.0,1338.0,False,False,False,True,0.96,False,CURATED_PILOT,ASSISTANT_CURATED_RULE_REVIEW,b29a8d88f6222412,2026-05-25T03:37:08.516Z
6a13c62b835de84db3696f1e,BUY SHRIRAMFIN @963 SL 950 TGT 980-1000,BUY SHRIRAMFIN @963 SL 950 TGT 980-1000,NSE,INDIA_EQUITY,TRADE_ACTION,OPEN_LONG,SINGLE_INSTRUMENT,,SHRIRAMFIN,"[""SHRIRAMFIN""]",,,,LONG,100.0,MODEL_ALLOCATION,,DEFAULT_FULL_ALLOCATION,[963.0],963.0,950.0,"[980.0, 1000.0]",980.0,1000.0,False,False,False,True,0.98,False,AUTO_HIGH_CONFIDENCE,RULE_BASED_AND_CURATED,15d29290ef4c499a,2026-05-25T03:46:51.188Z
6a13c670835de84db3696f4c,FULL PROFIT BOOK IN EICHERMOT @7364,FULL PROFIT BOOK IN EICHERMOT @7364,NSE,INDIA_EQUITY,TRADE_ACTION,CLOSE_POSITION,SINGLE_INSTRUMENT,,EICHERMOT,"[""EICHERMOT""]",,,,,100.0,CURRENT_HOLDING,0.0,FULL_EXIT_RULE,[7364.0],7364.0,,[],,,False,False,False,True,0.99,False,AUTO_HIGH_CONFIDENCE,RULE_BASED_AND_CURATED,42fcdea3e8ab10ea,2026-05-25T03:48:00.558Z
6a13c7a6835de84db3696f85,FULL PROFIT BOOK IN BANKINDIA@142.25,FULL PROFIT BOOK IN BANKINDIA @142.25,NSE,INDIA_EQUITY,TRADE_ACTION,CLOSE_POSITION,SINGLE_INSTRUMENT,,BANKINDIA,"[""BANKINDIA""]",,,,,100.0,CURRENT_HOLDING,0.0,FULL_EXIT_RULE,[142.25],142.25,,[],,,False,False,False,True,0.99,False,CURATED_PILOT,ASSISTANT_CURATED_RULE_REVIEW,28c402fa9a9a4068,2026-05-25T03:53:10.760Z
6a13c86a835de84db36970a0,BUY RBLBANK @341.90 SL 336 TGT 348-352,BUY RBLBANK @341.90 SL 336 TGT 348-352,NSE,INDIA_EQUITY,TRADE_ACTION,OPEN_LONG,SINGLE_INSTRUMENT,,RBLBANK,"[""RBLBANK""]",,,,LONG,100.0,MODEL_ALLOCATION,,DEFAULT_FULL_ALLOCATION,[341.9],341.9,336.0,"[348.0, 352.0]",348.0,352.0,False,False,False,True,0.98,False,CURATED_PILOT,ASSISTANT_CURATED_RULE_REVIEW,95dae1f6412c0834,2026-05-25T03:56:26.763Z
6a13c874835de84db36970c5,BUY HDFCBANK @781 SL 770 TGT 790-1000,BUY HDFCBANK @781 SL 770 TGT 790-1000,NSE,INDIA_EQUITY,TRADE_ACTION,OPEN_LONG,SINGLE_INSTRUMENT,,HDFCBANK,"[""HDFCBANK""]",,,,LONG,100.0,MODEL_ALLOCATION,,DEFAULT_FULL_ALLOCATION,[781.0],781.0,770.0,"[790.0, 1000.0]",790.0,1000.0,False,False,False,True,0.98,False,AUTO_HIGH_CONFIDENCE,RULE_BASED_AND_CURATED,e292009e9ce527cd,2026-05-25T03:56:36.724Z
6a13c887835de84db3697116,50% PROFIT BOOK IN HINDALCO @1086,50% PROFIT BOOK IN HINDALCO @1086,NSE,INDIA_EQUITY,TRADE_ACTION,REDUCE_POSITION,SINGLE_INSTRUMENT,,HINDALCO,"[""HINDALCO""]",,,,,50.0,CURRENT_HOLDING,0.5,EXPLICIT_PERCENT,[1086.0],1086.0,,[],,,False,False,False,True,0.99,False,AUTO_HIGH_CONFIDENCE,RULE_BASED_AND_CURATED,9745b75b0027f718,2026-05-25T03:56:55.097Z
6a13c891835de84db3697126,50% PROFIT BOOK IN HINDUNILVER @2238,50% PROFIT BOOK IN HINDUNILVER @2238,NSE,INDIA_EQUITY,TRADE_ACTION,REDUCE_POSITION,SINGLE_INSTRUMENT,,HINDUNILVR,"[""HINDUNILVR""]",,,,,50.0,CURRENT_HOLDING,0.5,EXPLICIT_PERCENT,[2238.0],2238.0,,[],,,False,False,False,True,0.99,False,AUTO_HIGH_CONFIDENCE,RULE_BASED_AND_CURATED,aea715f4cb92d67d,2026-05-25T03:57:05.351Z
6a13c8ad835de84db3697157,FULL PROFIT BOOK IN ADANIENT @2767,FULL PROFIT BOOK IN ADANIENT @2767,NSE,INDIA_EQUITY,TRADE_ACTION,CLOSE_POSITION,SINGLE_INSTRUMENT,,ADANIENT,"[""ADANIENT""]",,,,,100.0,CURRENT_HOLDING,0.0,FULL_EXIT_RULE,[2767.0],2767.0,,[],,,False,False,False,True,0.99,False,AUTO_HIGH_CONFIDENCE,RULE_BASED_AND_CURATED,d52dc1b12f2581c5,2026-05-25T03:57:33.183Z
6a13c9cc835de84db369718f,BUY ICICIBANK @1281 SL 1270 TGT 1300,BUY ICICIBANK @1281 SL 1270 TGT 1300,NSE,INDIA_EQUITY,TRADE_ACTION,OPEN_LONG,SINGLE_INSTRUMENT,,ICICIBANK,"[""ICICIBANK""]",,,,LONG,100.0,MODEL_ALLOCATION,,DEFAULT_FULL_ALLOCATION,[1281.0],1281.0,1270.0,[1300.0],1300.0,,False,False,False,True,0.98,False,AUTO_HIGH_CONFIDENCE,RULE_BASED_AND_CURATED,3338fe6bebd27c6e,2026-05-25T04:02:20.472Z
6a13ca55835de84db36971c6,BUY LT @4000 SL 3960 TGT 4050-4100,BUY LT @4000 SL 3960 TGT 4050-4100,NSE,INDIA_EQUITY,TRADE_ACTION,OPEN_LONG,SINGLE_INSTRUMENT,,LT,"[""LT""]",,,,LONG,100.0,MODEL_ALLOCATION,,DEFAULT_FULL_ALLOCATION,[4000.0],4000.0,3960.0,"[4050.0, 4100.0]",4050.0,4100.0,False,False,False,True,0.98,False,CURATED_PILOT,ASSISTANT_CURATED_RULE_REVIEW,5e36243804e26d48,2026-05-25T04:04:37.108Z
6a13ccf8835de84db369734e,HOLD RBLBANK WITH SL 335,HOLD RBLBANK WITH SL 335,NSE,INDIA_EQUITY,TRADE_UPDATE,UPDATE_STOP_LOSS,SINGLE_INSTRUMENT,,RBLBANK,"[""RBLBANK""]",,,,,,NONE,,NOT_APPLICABLE,[],,335.0,[],,,False,False,False,True,0.99,False,CURATED_PILOT,ASSISTANT_CURATED_RULE_REVIEW,a4d6ece5550b0925,2026-05-25T04:15:52.960Z
6a13ceda835de84db36973de,50% PROFIT BOOK IN LT @4030,50% PROFIT BOOK IN LT @4030,NSE,INDIA_EQUITY,TRADE_ACTION,REDUCE_POSITION,SINGLE_INSTRUMENT,,LT,"[""LT""]",,,,,50.0,CURRENT_HOLDING,0.5,EXPLICIT_PERCENT,[4030.0],4030.0,,[],,,False,False,False,True,0.99,False,AUTO_HIGH_CONFIDENCE,RULE_BASED_AND_CURATED,8f720b0afd5f4712,2026-05-25T04:23:54.786Z
6a13cf86835de84db3697443,BUY TMPV(JUNE) @371 SL 365 TGT 375-380,BUY TMPV(JUNE) @371 SL 365 TGT 375-380,NSE,INDIA_EQUITY,TRADE_ACTION,OPEN_LONG,SINGLE_INSTRUMENT,,TMPV,"[""TMPV""]",JUN,,,LONG,100.0,MODEL_ALLOCATION,,DEFAULT_FULL_ALLOCATION,[371.0],371.0,365.0,"[375.0, 380.0]",375.0,380.0,False,False,False,True,0.98,False,AUTO_HIGH_CONFIDENCE,RULE_BASED_AND_CURATED,643c859e5383107e,2026-05-25T04:26:46.589Z
6a13d011835de84db369752f,BUY CONCOR (JUN) @511.70 SL 505 TGT 515-524,BUY CONCOR (JUN) @511.70 SL 505 TGT 515-524,NSE,INDIA_EQUITY,TRADE_ACTION,OPEN_LONG,SINGLE_INSTRUMENT,,CONCOR,"[""CONCOR""]",JUN,,,LONG,100.0,MODEL_ALLOCATION,,DEFAULT_FULL_ALLOCATION,[511.7],511.7,505.0,"[515.0, 524.0]",515.0,524.0,False,False,False,True,0.98,False,AUTO_HIGH_CONFIDENCE,RULE_BASED_AND_CURATED,ca7acb333ad4ccd5,2026-05-25T04:29:05.066Z
6a13d26e835de84db36977b0,FULL PROFIT BOOK IN SBIN @965,FULL PROFIT BOOK IN SBIN @965,NSE,INDIA_EQUITY,TRADE_ACTION,CLOSE_POSITION,SINGLE_INSTRUMENT,,SBIN,"[""SBIN""]",,,,,100.0,CURRENT_HOLDING,0.0,FULL_EXIT_RULE,[965.0],965.0,,[],,,False,False,False,True,0.99,False,AUTO_HIGH_CONFIDENCE,RULE_BASED_AND_CURATED,f7181b54410915f7,2026-05-25T04:39:10.604Z
6a13d998835de84db3697925,50% PROFIT BOOK IN SHRIRAMFIN @970,50% PROFIT BOOK IN SHRIRAMFIN @970,NSE,INDIA_EQUITY,TRADE_ACTION,REDUCE_POSITION,SINGLE_INSTRUMENT,,SHRIRAMFIN,"[""SHRIRAMFIN""]",,,,,50.0,CURRENT_HOLDING,0.5,EXPLICIT_PERCENT,[970.0],970.0,,[],,,False,False,False,True,0.99,False,AUTO_HIGH_CONFIDENCE,RULE_BASED_AND_CURATED,497ba93cfc8f77e2,2026-05-25T05:09:44.866Z
6a13db2f835de84db3697955,50% PROFIT BOOK IN RBLBANK @345.50,50% PROFIT BOOK IN RBLBANK @345.50,NSE,INDIA_EQUITY,TRADE_ACTION,REDUCE_POSITION,SINGLE_INSTRUMENT,,RBLBANK,"[""RBLBANK""]",,,,,50.0,CURRENT_HOLDING,0.5,EXPLICIT_PERCENT,[345.5],345.5,,[],,,False,False,False,True,0.99,False,CURATED_PILOT,ASSISTANT_CURATED_RULE_REVIEW,e924b3b31011835b,2026-05-25T05:16:31.580Z
6a13df87835de84db369798c,50% PROFIT BOOK IN COPPER @1344.50,50% PROFIT BOOK IN COPPER @1344.50,MCX,INDIA_COMMODITY,TRADE_ACTION,REDUCE_POSITION,SINGLE_INSTRUMENT,,COPPER,"[""COPPER""]",,,,,50.0,CURRENT_HOLDING,0.5,EXPLICIT_PERCENT,[1344.5],1344.5,,[],,,False,False,False,True,0.99,False,AUTO_HIGH_CONFIDENCE,RULE_BASED_AND_CURATED,e2a81dab1963d63b,2026-05-25T05:35:03.727Z
6a13e532835de84db36979c1,50% PROFIT BOOK IN CONCOR(JUNE) @515.70,50% PROFIT BOOK IN CONCOR(JUNE) @515.70,NSE,INDIA_EQUITY,TRADE_ACTION,REDUCE_POSITION,SINGLE_INSTRUMENT,,CONCOR,"[""CONCOR""]",JUN,,,,50.0,CURRENT_HOLDING,0.5,EXPLICIT_PERCENT,[515.7],515.7,,[],,,False,False,False,True,0.99,False,CURATED_PILOT,ASSISTANT_CURATED_RULE_REVIEW,523ebc32b7031f76,2026-05-25T05:59:14.087Z
6a13ef99835de84db3697bd9,50% PROFIT BOOK IN CRUDEMINI @8746,50% PROFIT BOOK IN CRUDEMINI @8746,MCX,INDIA_COMMODITY,TRADE_ACTION,REDUCE_POSITION,SINGLE_INSTRUMENT,,CRUDE_MINI,"[""CRUDE_MINI""]",,,,,50.0,CURRENT_HOLDING,0.5,EXPLICIT_PERCENT,[8746.0],8746.0,,[],,,False,False,False,True,0.99,False,AUTO_HIGH_CONFIDENCE,RULE_BASED_AND_CURATED,dc5356a78fbb9eca,2026-05-25T06:43:37.164Z
6a140602835de84db3697dba,BUY BEL (JUNE) @423 SL 417 TGT 430-435,BUY BEL (JUNE) @423 SL 417 TGT 430-435,NSE,INDIA_EQUITY,TRADE_ACTION,OPEN_LONG,SINGLE_INSTRUMENT,,BEL,"[""BEL""]",JUN,,,LONG,100.0,MODEL_ALLOCATION,,DEFAULT_FULL_ALLOCATION,[423.0],423.0,417.0,"[430.0, 435.0]",430.0,435.0,False,False,False,True,0.98,False,AUTO_HIGH_CONFIDENCE,RULE_BASED_AND_CURATED,b62e7e989c76a813,2026-05-25T08:19:14.902Z
6a141c2c835de84db3697f9e,FULL PROFIT BOOK IN INDUSTOWER @440,FULL PROFIT BOOK IN INDUSTOWER @440,NSE,INDIA_EQUITY,TRADE_ACTION,CLOSE_POSITION,SINGLE_INSTRUMENT,,INDUSTOWER,"[""INDUSTOWER""]",,,,,100.0,CURRENT_HOLDING,0.0,FULL_EXIT_RULE,[440.0],440.0,,[],,,False,False,False,True,0.99,False,CURATED_PILOT,ASSISTANT_CURATED_RULE_REVIEW,64e61459d9869bbb,2026-05-25T09:53:48.972Z
6a151812835de84db36987ca,50% PROFIT BOOK IN TMPV(JUNE) @376,50% PROFIT BOOK IN TMPV(JUNE) @376,NSE,INDIA_EQUITY,TRADE_ACTION,REDUCE_POSITION,SINGLE_INSTRUMENT,,TMPV,"[""TMPV""]",JUN,,,,50.0,CURRENT_HOLDING,0.5,EXPLICIT_PERCENT,[376.0],376.0,,[],,,False,False,False,True,0.99,False,AUTO_HIGH_CONFIDENCE,RULE_BASED_AND_CURATED,03f0be7b7dadce5a,2026-05-26T03:48:34.891Z
6a151861835de84db36987d6,BUY UPL(JUNE) @659 SL 640 TGT 670-680,BUY UPL(JUNE) @659 SL 640 TGT 670-680,NSE,INDIA_EQUITY,TRADE_ACTION,OPEN_LONG,SINGLE_INSTRUMENT,,UPL,"[""UPL""]",JUN,,,LONG,100.0,MODEL_ALLOCATION,,DEFAULT_FULL_ALLOCATION,[659.0],659.0,640.0,"[670.0, 680.0]",670.0,680.0,False,False,False,True,0.98,False,AUTO_HIGH_CONFIDENCE,RULE_BASED_AND_CURATED,a5eb2e0cf23a4d8d,2026-05-26T03:49:53.272Z
6a1518a3835de84db36987e2,50% PROFIT BOOK IN LICHSFIN @546.50,50% PROFIT BOOK IN LICHSFIN @546.50,NSE,INDIA_EQUITY,TRADE_ACTION,REDUCE_POSITION,SINGLE_INSTRUMENT,,LICHSGFIN,"[""LICHSGFIN""]",,,,,50.0,CURRENT_HOLDING,0.5,EXPLICIT_PERCENT,[546.5],546.5,,[],,,False,False,False,True,0.99,False,CURATED_PILOT,ASSISTANT_CURATED_RULE_REVIEW,f38c143c56fa20d2,2026-05-26T03:50:59.791Z
6a151913835de84db36987ee,50% PROFIT BOOK IN ICICIBANK @1290,50% PROFIT BOOK IN ICICIBANK @1290,NSE,INDIA_EQUITY,TRADE_ACTION,REDUCE_POSITION,SINGLE_INSTRUMENT,,ICICIBANK,"[""ICICIBANK""]",,,,,50.0,CURRENT_HOLDING,0.5,EXPLICIT_PERCENT,[1290.0],1290.0,,[],,,False,False,False,True,0.99,False,AUTO_HIGH_CONFIDENCE,RULE_BASED_AND_CURATED,9f389ddb658e381e,2026-05-26T03:52:51.093Z
6a1519d6835de84db36987fa,SELL HINDALCO(JUNE) @1114 SL 1125  TGT 1100-1082,SELL HINDALCO(JUNE) @1114 SL 1125 TGT 1100-1082,NSE,INDIA_EQUITY,TRADE_ACTION,OPEN_SHORT,SINGLE_INSTRUMENT,,HINDALCO,"[""HINDALCO""]",JUN,,,SHORT,100.0,MODEL_ALLOCATION,,DEFAULT_FULL_ALLOCATION,[1114.0],1114.0,1125.0,"[1100.0, 1082.0]",1100.0,1082.0,False,False,False,True,0.96,False,CURATED_PILOT,ASSISTANT_CURATED_RULE_REVIEW,aa0f51689662cbc8,2026-05-26T03:56:06.079Z
6a151abc835de84db3698806,FULL PROFIT BOOK IN MOTILALOFS @881,FULL PROFIT BOOK IN MOTILALOFS @881,NSE,INDIA_EQUITY,TRADE_ACTION,CLOSE_POSITION,SINGLE_INSTRUMENT,,MOTILALOFS,"[""MOTILALOFS""]",,,,,100.0,CURRENT_HOLDING,0.0,FULL_EXIT_RULE,[881.0],881.0,,[],,,False,False,False,True,0.99,False,CURATED_PILOT,ASSISTANT_CURATED_RULE_REVIEW,b651b616a5b3c76c,2026-05-26T03:59:56.464Z
6a151afb835de84db3698813,EXIT FROM UNIONBANK,EXIT FROM UNIONBANK,NSE,INDIA_EQUITY,TRADE_ACTION,CLOSE_POSITION,SINGLE_INSTRUMENT,,UNIONBANK,"[""UNIONBANK""]",,,,,100.0,CURRENT_HOLDING,0.0,FULL_EXIT_RULE,[],,,[],,,False,False,False,True,0.99,False,AUTO_HIGH_CONFIDENCE,RULE_BASED_AND_CURATED,510a9e1afda2d862,2026-05-26T04:00:59.579Z
6a151b54835de84db369881f,50% PROFIT BOOK IN VEDL (MAY) @343,50% PROFIT BOOK IN VEDL (MAY) @343,NSE,INDIA_EQUITY,TRADE_ACTION,REDUCE_POSITION,SINGLE_INSTRUMENT,,VEDL,"[""VEDL""]",MAY,,,,50.0,CURRENT_HOLDING,0.5,EXPLICIT_PERCENT,[343.0],343.0,,[],,,False,False,False,True,0.99,False,AUTO_HIGH_CONFIDENCE,RULE_BASED_AND_CURATED,063dc4c4d3bc4679,2026-05-26T04:02:28.934Z
6a151b5e835de84db369882b,50% PROFIT BOOK IN BEL (JUN) @427.50,50% PROFIT BOOK IN BEL (JUN) @427.50,NSE,INDIA_EQUITY,TRADE_ACTION,REDUCE_POSITION,SINGLE_INSTRUMENT,,BEL,"[""BEL""]",JUN,,,,50.0,CURRENT_HOLDING,0.5,EXPLICIT_PERCENT,[427.5],427.5,,[],,,False,False,False,True,0.99,False,CURATED_PILOT,ASSISTANT_CURATED_RULE_REVIEW,1f0fe9d26544cc01,2026-05-26T04:02:38.311Z
6a151b7e835de84db3698837,FULL PROFIT BOOK IN ICICIBANK (MAY) @1295,FULL PROFIT BOOK IN ICICIBANK (MAY) @1295,NSE,INDIA_EQUITY,TRADE_ACTION,CLOSE_POSITION,SINGLE_INSTRUMENT,,ICICIBANK,"[""ICICIBANK""]",MAY,,,,100.0,CURRENT_HOLDING,0.0,FULL_EXIT_RULE,[1295.0],1295.0,,[],,,False,False,False,True,0.99,False,AUTO_HIGH_CONFIDENCE,RULE_BASED_AND_CURATED,115e4c31ddb32919,2026-05-26T04:03:10.701Z
6a151d90835de84db3698843,BUY CONCOR(JUNE) @490 SL 483 TGT 500-515,BUY CONCOR(JUNE) @490 SL 483 TGT 500-515,NSE,INDIA_EQUITY,TRADE_ACTION,OPEN_LONG,SINGLE_INSTRUMENT,,CONCOR,"[""CONCOR""]",JUN,,,LONG,100.0,MODEL_ALLOCATION,,DEFAULT_FULL_ALLOCATION,[490.0],490.0,483.0,"[500.0, 515.0]",500.0,515.0,False,False,False,True,0.98,False,CURATED_PILOT,ASSISTANT_CURATED_RULE_REVIEW,781d07c9fc416ac4,2026-05-26T04:12:00.694Z
6a151e7c835de84db369884f,BUY SBIN(JUNE) @981 SL 970 TGT 1000-1020,BUY SBIN(JUNE) @981 SL 970 TGT 1000-1020,NSE,INDIA_EQUITY,TRADE_ACTION,OPEN_LONG,SINGLE_INSTRUMENT,,SBIN,"[""SBIN""]",JUN,,,LONG,100.0,MODEL_ALLOCATION,,DEFAULT_FULL_ALLOCATION,[981.0],981.0,970.0,"[1000.0, 1020.0]",1000.0,1020.0,False,False,False,True,0.98,False,AUTO_HIGH_CONFIDENCE,RULE_BASED_AND_CURATED,ffe4c8578f9129ff,2026-05-26T04:15:56.125Z
6a1523da835de84db36988e7,FULL PROFIT BOOK IN TMPV(JUNE) @379,FULL PROFIT BOOK IN TMPV(JUNE) @379,NSE,INDIA_EQUITY,TRADE_ACTION,CLOSE_POSITION,SINGLE_INSTRUMENT,,TMPV,"[""TMPV""]",JUN,,,,100.0,CURRENT_HOLDING,0.0,FULL_EXIT_RULE,[379.0],379.0,,[],,,False,False,False,True,0.99,False,AUTO_HIGH_CONFIDENCE,RULE_BASED_AND_CURATED,d8cfc568e3c7c518,2026-05-26T04:38:50.303Z
6a152400835de84db36988f3,FULL PROFIT BOOK IN VEDL (MAY) @345.90,FULL PROFIT BOOK IN VEDL (MAY) @345.90,NSE,INDIA_EQUITY,TRADE_ACTION,CLOSE_POSITION,SINGLE_INSTRUMENT,,VEDL,"[""VEDL""]",MAY,,,,100.0,CURRENT_HOLDING,0.0,FULL_EXIT_RULE,[345.9],345.9,,[],,,False,False,False,True,0.99,False,CURATED_PILOT,ASSISTANT_CURATED_RULE_REVIEW,80ab2ebe78595776,2026-05-26T04:39:28.446Z
6a1524b5835de84db369890e,Book part profit in gold jun @ 4560,Book part profit in gold jun @ 4560,International Market,GLOBAL_COMMODITY,TRADE_ACTION,REDUCE_POSITION,SINGLE_INSTRUMENT,,GOLD,"[""GOLD""]",JUN,,,,25.0,CURRENT_HOLDING,0.75,PART_PROFIT_RULE,[4560.0],4560.0,,[],,,False,False,False,True,0.99,False,AUTO_HIGH_CONFIDENCE,RULE_BASED_AND_CURATED,929dc2420545bae1,2026-05-26T04:42:29.311Z
6a152685835de84db369891a,BUY BHARTIARTL(JUNE) @1878 SL 1850 TGT 1900-1920,BUY BHARTIARTL(JUNE) @1878 SL 1850 TGT 1900-1920,NSE,INDIA_EQUITY,TRADE_ACTION,OPEN_LONG,SINGLE_INSTRUMENT,,BHARTIARTL,"[""BHARTIARTL""]",JUN,,,LONG,100.0,MODEL_ALLOCATION,,DEFAULT_FULL_ALLOCATION,[1878.0],1878.0,1850.0,"[1900.0, 1920.0]",1900.0,1920.0,False,False,False,True,0.98,False,AUTO_HIGH_CONFIDENCE,RULE_BASED_AND_CURATED,e9cfad5592c4ef98,2026-05-26T04:50:13.884Z
6a1526fb835de84db3698926,BUY TCS(JUNE) @2288 SL 2270 TGT 2310-2330,BUY TCS(JUNE) @2288 SL 2270 TGT 2310-2330,NSE,INDIA_EQUITY,TRADE_ACTION,OPEN_LONG,SINGLE_INSTRUMENT,,TCS,"[""TCS""]",JUN,,,LONG,100.0,MODEL_ALLOCATION,,DEFAULT_FULL_ALLOCATION,[2288.0],2288.0,2270.0,"[2310.0, 2330.0]",2310.0,2330.0,False,False,False,True,0.98,False,AUTO_HIGH_CONFIDENCE,RULE_BASED_AND_CURATED,efe0ec4f55b8db60,2026-05-26T04:52:11.857Z
6a15273a835de84db3698932,BUY ONGC (JUNE) @288.70 SL 285 TGT 291-295,BUY ONGC (JUNE) @288.70 SL 285 TGT 291-295,NSE,INDIA_EQUITY,TRADE_ACTION,OPEN_LONG,SINGLE_INSTRUMENT,,ONGC,"[""ONGC""]",JUN,,,LONG,100.0,MODEL_ALLOCATION,,DEFAULT_FULL_ALLOCATION,[288.7],288.7,285.0,"[291.0, 295.0]",291.0,295.0,False,False,False,True,0.98,False,AUTO_HIGH_CONFIDENCE,RULE_BASED_AND_CURATED,d3ebe2cad93803ce,2026-05-26T04:53:14.323Z
6a1528f1835de84db369895f,BUY WIPRO(JUNE) @179.50 SL 174 TGT 188-195,BUY WIPRO(JUNE) @179.50 SL 174 TGT 188-195,NSE,INDIA_EQUITY,TRADE_ACTION,OPEN_LONG,SINGLE_INSTRUMENT,,WIPRO,"[""WIPRO""]",JUN,,,LONG,100.0,MODEL_ALLOCATION,,DEFAULT_FULL_ALLOCATION,[179.5],179.5,174.0,"[188.0, 195.0]",188.0,195.0,False,False,False,True,0.98,False,AUTO_HIGH_CONFIDENCE,RULE_BASED_AND_CURATED,777fcfd4642de1e4,2026-05-26T05:00:33.054Z
6a1529c5835de84db369896d,FULL PROFIT BOOK IN COPPER(MAY) @1339.90,FULL PROFIT BOOK IN COPPER(MAY) @1339.90,MCX,INDIA_COMMODITY,TRADE_ACTION,CLOSE_POSITION,SINGLE_INSTRUMENT,,COPPER,"[""COPPER""]",MAY,,,,100.0,CURRENT_HOLDING,0.0,FULL_EXIT_RULE,[1339.9],1339.9,,[],,,False,False,False,True,0.99,False,AUTO_HIGH_CONFIDENCE,RULE_BASED_AND_CURATED,ab580955a5bd01df,2026-05-26T05:04:05.827Z
6a152f4a835de84db36989ed,HOLD CONCOR WITH SL 480,HOLD CONCOR WITH SL 480,NSE,INDIA_EQUITY,TRADE_UPDATE,UPDATE_STOP_LOSS,SINGLE_INSTRUMENT,,CONCOR,"[""CONCOR""]",,,,,,NONE,,NOT_APPLICABLE,[],,480.0,[],,,False,False,False,True,0.99,False,CURATED_PILOT,ASSISTANT_CURATED_RULE_REVIEW,804851425b0d207e,2026-05-26T05:27:38.493Z
6a153afb835de84db3698b40,FULL PROFIT BOOK IN RBLBANK(MAY) @346,FULL PROFIT BOOK IN RBLBANK(MAY) @346,NSE,INDIA_EQUITY,TRADE_ACTION,CLOSE_POSITION,SINGLE_INSTRUMENT,,RBLBANK,"[""RBLBANK""]",MAY,,,,100.0,CURRENT_HOLDING,0.0,FULL_EXIT_RULE,[346.0],346.0,,[],,,False,False,False,True,0.99,False,AUTO_HIGH_CONFIDENCE,RULE_BASED_AND_CURATED,ea393c4d791284e6,2026-05-26T06:17:31.519Z
6a153f00835de84db3698b72,HOLD CONCOR(JUNE) WITH SL 474,HOLD CONCOR(JUNE) WITH SL 474,NSE,INDIA_EQUITY,TRADE_UPDATE,UPDATE_STOP_LOSS,SINGLE_INSTRUMENT,,CONCOR,"[""CONCOR""]",JUN,,,,,NONE,,NOT_APPLICABLE,[],,474.0,[],,,False,False,False,True,0.99,False,AUTO_HIGH_CONFIDENCE,RULE_BASED_AND_CURATED,afb070c8f29f7af6,2026-05-26T06:34:40.621Z
6a154ce1835de84db3698bc1,Book part profit in silver July @76.55,Book part profit in silver July @76.55,International Market,GLOBAL_COMMODITY,TRADE_ACTION,REDUCE_POSITION,SINGLE_INSTRUMENT,,SILVER,"[""SILVER""]",JUL,,,,25.0,CURRENT_HOLDING,0.75,PART_PROFIT_RULE,[76.55],76.55,,[],,,False,False,False,True,0.99,False,AUTO_HIGH_CONFIDENCE,RULE_BASED_AND_CURATED,0bfa54aeea9bf68d,2026-05-26T07:33:53.370Z
6a154d31835de84db3698bce,Book 50% profit in copper @6.39,Book 50% profit in copper @6.39,International Market,GLOBAL_COMMODITY,TRADE_ACTION,REDUCE_POSITION,SINGLE_INSTRUMENT,,COPPER,"[""COPPER""]",,,,,50.0,CURRENT_HOLDING,0.5,EXPLICIT_PERCENT,[6.39],6.39,,[],,,False,False,False,True,0.99,False,AUTO_HIGH_CONFIDENCE,RULE_BASED_AND_CURATED,754aaefdfd156064,2026-05-26T07:35:13.717Z
6a1555fcc97cad0ea3252592,FULL PROFIT BOOK IN LT (MAY) @4042,FULL PROFIT BOOK IN LT (MAY) @4042,NSE,INDIA_EQUITY,TRADE_ACTION,CLOSE_POSITION,SINGLE_INSTRUMENT,,LT,"[""LT""]",MAY,,,,100.0,CURRENT_HOLDING,0.0,FULL_EXIT_RULE,[4042.0],4042.0,,[],,,False,False,False,True,0.99,False,AUTO_HIGH_CONFIDENCE,RULE_BASED_AND_CURATED,5c64e691f2e431af,2026-05-26T08:12:44.656Z
6a155848c97cad0ea32525d9,FULL PROFIT BOOK IN CRUDE MINI @8880,FULL PROFIT BOOK IN CRUDE MINI @8880,MCX,INDIA_COMMODITY,TRADE_ACTION,CLOSE_POSITION,SINGLE_INSTRUMENT,,CRUDE_MINI,"[""CRUDE_MINI""]",,,,,100.0,CURRENT_HOLDING,0.0,FULL_EXIT_RULE,[8880.0],8880.0,,[],,,False,False,False,True,0.99,False,AUTO_HIGH_CONFIDENCE,RULE_BASED_AND_CURATED,89bd2c1d53f32edf,2026-05-26T08:22:32.289Z
6a155901c97cad0ea3252625,Book part profit in crude @92.77,Book part profit in crude @92.77,International Market,GLOBAL_COMMODITY,TRADE_ACTION,REDUCE_POSITION,SINGLE_INSTRUMENT,,CRUDE,"[""CRUDE""]",,,,,25.0,CURRENT_HOLDING,0.75,PART_PROFIT_RULE,[92.77],92.77,,[],,,False,False,False,True,0.99,False,CURATED_PILOT,ASSISTANT_CURATED_RULE_REVIEW,35ad2a5ae3b268fe,2026-05-26T08:25:37.942Z
6a156930c97cad0ea3252887,BUY MOTILALOFS (JUNE) @871 SL 860 TGT 900-920,BUY MOTILALOFS (JUNE) @871 SL 860 TGT 900-920,NSE,INDIA_EQUITY,TRADE_ACTION,OPEN_LONG,SINGLE_INSTRUMENT,,MOTILALOFS,"[""MOTILALOFS""]",JUN,,,LONG,100.0,MODEL_ALLOCATION,,DEFAULT_FULL_ALLOCATION,[871.0],871.0,860.0,"[900.0, 920.0]",900.0,920.0,False,False,False,True,0.98,False,AUTO_HIGH_CONFIDENCE,RULE_BASED_AND_CURATED,4f97ded4bf0e9399,2026-05-26T09:34:40.552Z
6a15a0b7dfef2e015044bfe9,BUY AAPL @ 311 with S/L 305 for target 315-319,BUY AAPL @ 311 with S/L 305 for target 315-319,International Market,GLOBAL_EQUITY,TRADE_ACTION,OPEN_LONG,SINGLE_INSTRUMENT,,AAPL,"[""AAPL""]",,,,LONG,100.0,MODEL_ALLOCATION,,DEFAULT_FULL_ALLOCATION,[311.0],311.0,305.0,"[315.0, 319.0]",315.0,319.0,False,False,False,True,0.98,False,AUTO_HIGH_CONFIDENCE,RULE_BASED_AND_CURATED,af939336d2bb8a7a,2026-05-26T13:31:35.224Z
6a15a0dcdfef2e015044bff6,Book profit in AMD @ 488,Book profit in AMD @ 488,International Market,GLOBAL_EQUITY,TRADE_ACTION,CLOSE_POSITION,SINGLE_INSTRUMENT,,AMD,"[""AMD""]",,,,,100.0,CURRENT_HOLDING,0.0,FULL_EXIT_RULE,[488.0],488.0,,[],,,False,False,False,True,0.96,False,AUTO_HIGH_CONFIDENCE,RULE_BASED_AND_CURATED,c8752b701e3da7cb,2026-05-26T13:32:12.164Z
6a15a10ddfef2e015044c003,BUY MRVL @ 214 with S/L 207 for target 220-228,BUY MRVL @ 214 with S/L 207 for target 220-228,International Market,GLOBAL_EQUITY,TRADE_ACTION,OPEN_LONG,SINGLE_INSTRUMENT,,MRVL,"[""MRVL""]",,,,LONG,100.0,MODEL_ALLOCATION,,DEFAULT_FULL_ALLOCATION,[214.0],214.0,207.0,"[220.0, 228.0]",220.0,228.0,False,False,False,True,0.98,False,AUTO_HIGH_CONFIDENCE,RULE_BASED_AND_CURATED,fc3122429cf80f19,2026-05-26T13:33:01.061Z
6a15a13bdfef2e015044c010,BUY DELL @ 302 with S/L 295 for target 315-328,BUY DELL @ 302 with S/L 295 for target 315-328,International Market,GLOBAL_EQUITY,TRADE_ACTION,OPEN_LONG,SINGLE_INSTRUMENT,,DELL,"[""DELL""]",,,,LONG,100.0,MODEL_ALLOCATION,,DEFAULT_FULL_ALLOCATION,[302.0],302.0,295.0,"[315.0, 328.0]",315.0,328.0,False,False,False,True,0.98,False,AUTO_HIGH_CONFIDENCE,RULE_BASED_AND_CURATED,5f4d76e95b2de5e1,2026-05-26T13:33:47.356Z
6a15a152dfef2e015044c01d,Book 50% profit in AVGO @ 425,Book 50% profit in AVGO @ 425,International Market,GLOBAL_EQUITY,TRADE_ACTION,REDUCE_POSITION,SINGLE_INSTRUMENT,,AVGO,"[""AVGO""]",,,,,50.0,CURRENT_HOLDING,0.5,EXPLICIT_PERCENT,[425.0],425.0,,[],,,False,False,False,True,0.99,False,CURATED_PILOT,ASSISTANT_CURATED_RULE_REVIEW,a671740167f3c41b,2026-05-26T13:34:10.067Z
6a15a278dfef2e015044c02a,BUY 50% SNDK @ 1567 for target 1600-1620,BUY 50% SNDK @ 1567 for target 1600-1620,International Market,GLOBAL_EQUITY,TRADE_ACTION,OPEN_LONG,SINGLE_INSTRUMENT,,SNDK,"[""SNDK""]",,,,LONG,50.0,MODEL_ALLOCATION,,EXPLICIT_PERCENT,[1567.0],1567.0,,"[1600.0, 1620.0]",1600.0,1620.0,False,False,False,True,0.98,False,AUTO_HIGH_CONFIDENCE,RULE_BASED_AND_CURATED,5d2025be71cf3be5,2026-05-26T13:39:04.192Z
6a15a639dfef2e015044c188,Book 50% profit in AMAT @ 448,Book 50% profit in AMAT @ 448,International Market,GLOBAL_EQUITY,TRADE_ACTION,REDUCE_POSITION,SINGLE_INSTRUMENT,,AMAT,"[""AMAT""]",,,,,50.0,CURRENT_HOLDING,0.5,EXPLICIT_PERCENT,[448.0],448.0,,[],,,False,False,False,True,0.99,False,CURATED_PILOT,ASSISTANT_CURATED_RULE_REVIEW,9056f7f1bd5932fe,2026-05-26T13:55:05.720Z
6a15a65adfef2e015044c195,Book 50% profit in NG @ 3.09,Book 50% profit in NG @ 3.09,International Market,GLOBAL_COMMODITY,TRADE_ACTION,REDUCE_POSITION,SINGLE_INSTRUMENT,,NATURAL_GAS,"[""NATURAL_GAS""]",,,,,50.0,CURRENT_HOLDING,0.5,EXPLICIT_PERCENT,[3.09],3.09,,[],,,False,False,False,True,0.99,False,AUTO_HIGH_CONFIDENCE,RULE_BASED_AND_CURATED,16c0a48c61532679,2026-05-26T13:55:38.338Z
6a15a684dfef2e015044c1a2,Book 50% profit in crude @ 94.00,Book 50% profit in crude @ 94.00,International Market,GLOBAL_COMMODITY,TRADE_ACTION,REDUCE_POSITION,SINGLE_INSTRUMENT,,CRUDE,"[""CRUDE""]",,,,,50.0,CURRENT_HOLDING,0.5,EXPLICIT_PERCENT,[94.0],94.0,,[],,,False,False,False,True,0.99,False,AUTO_HIGH_CONFIDENCE,RULE_BASED_AND_CURATED,b73f01d87524c169,2026-05-26T13:56:20.301Z
6a15ad70dfef2e015044c452,Part Profit book in SNDK@ 1603,Part Profit book in SNDK @ 1603,International Market,GLOBAL_EQUITY,TRADE_ACTION,REDUCE_POSITION,SINGLE_INSTRUMENT,,SNDK,"[""SNDK""]",,,,,25.0,CURRENT_HOLDING,0.75,PART_PROFIT_RULE,[1603.0],1603.0,,[],,,False,False,False,True,0.99,False,AUTO_HIGH_CONFIDENCE,RULE_BASED_AND_CURATED,6ad41eb5e1af2fe3,2026-05-26T14:25:52.230Z
6a15ae79dfef2e015044c46f,Buy 50% gold aug @4550 with sl 4500 for target 4600-4650,Buy 50% gold aug @4550 with sl 4500 for target 4600-4650,International Market,GLOBAL_COMMODITY,TRADE_ACTION,OPEN_LONG,SINGLE_INSTRUMENT,,GOLD,"[""GOLD""]",AUG,,,LONG,50.0,MODEL_ALLOCATION,,EXPLICIT_PERCENT,[4550.0],4550.0,4500.0,"[4600.0, 4650.0]",4600.0,4650.0,False,False,False,True,0.98,False,AUTO_HIGH_CONFIDENCE,RULE_BASED_AND_CURATED,9db97a8267da5e20,2026-05-26T14:30:17.972Z
6a15aeb4dfef2e015044c497,Buy silver July @76.60 & 75.60 with SL 75.00 for target 79.00-81.00,Buy silver July @76.60 & 75.60 with SL 75.00 for target 79.00-81.00,International Market,GLOBAL_COMMODITY,TRADE_ACTION,OPEN_LONG,SINGLE_INSTRUMENT,,SILVER,"[""SILVER""]",JUL,,,LONG,100.0,MODEL_ALLOCATION,,DEFAULT_FULL_ALLOCATION,"[76.6, 75.6]",76.6,75.0,"[79.0, 81.0]",79.0,81.0,False,False,False,True,0.98,False,AUTO_HIGH_CONFIDENCE,RULE_BASED_AND_CURATED,9d08e3d9eb659529,2026-05-26T14:31:16.149Z
6a15b9b7dfef2e015044c620,2nd tgt touch in SNDK,2nd tgt touch in SNDK,International Market,GLOBAL_EQUITY,TRADE_UPDATE,TARGET_HIT,SINGLE_INSTRUMENT,,SNDK,"[""SNDK""]",,,,,,NONE,,NOT_APPLICABLE,[],,,[],,,False,False,False,False,0.96,False,CURATED_PILOT,ASSISTANT_CURATED_RULE_REVIEW,0aa21f37c1a62413,2026-05-26T15:18:15.212Z
6a163e59dfef2e015044cc58,Book part profit in silver july @ 77.75,Book part profit in silver july @ 77.75,International Market,GLOBAL_COMMODITY,TRADE_ACTION,REDUCE_POSITION,SINGLE_INSTRUMENT,,SILVER,"[""SILVER""]",JUL,,,,25.0,CURRENT_HOLDING,0.75,PART_PROFIT_RULE,[77.75],77.75,,[],,,False,False,False,True,0.99,False,AUTO_HIGH_CONFIDENCE,RULE_BASED_AND_CURATED,9e3a2c651c9d85e8,2026-05-27T00:44:09.993Z
6a163eafdfef2e015044ccac,Sell copper @ 6.45 with S/L 6.52 for target 6.39-6.32,Sell copper @ 6.45 with S/L 6.52 for target 6.39-6.32,International Market,GLOBAL_COMMODITY,TRADE_ACTION,OPEN_SHORT,SINGLE_INSTRUMENT,,COPPER,"[""COPPER""]",,,,SHORT,100.0,MODEL_ALLOCATION,,DEFAULT_FULL_ALLOCATION,[6.45],6.45,6.52,"[6.39, 6.32]",6.39,6.32,False,False,False,True,0.96,False,AUTO_HIGH_CONFIDENCE,RULE_BASED_AND_CURATED,9488bbe6b73a6e7d,2026-05-27T00:45:35.154Z
6a165f28dfef2e015044cd2d,Buy crude @92.05 & 90 with sl 88 for target 94.5-98.00,Buy crude @92.05 & 90 with sl 88 for target 94.5-98.00,International Market,GLOBAL_COMMODITY,TRADE_ACTION,OPEN_LONG,SINGLE_INSTRUMENT,,CRUDE,"[""CRUDE""]",,,,LONG,100.0,MODEL_ALLOCATION,,DEFAULT_FULL_ALLOCATION,"[92.05, 90.0]",92.05,88.0,"[94.5, 98.0]",94.5,98.0,False,False,False,True,0.98,False,AUTO_HIGH_CONFIDENCE,RULE_BASED_AND_CURATED,fd0aa536722f8456,2026-05-27T03:04:08.538Z
6a1665e4dfef2e015044cd4e,sell copper @1338 sl 1345 tgt 1332-1328,sell copper @1338 sl 1345 tgt 1332-1328,MCX,INDIA_COMMODITY,TRADE_ACTION,OPEN_SHORT,SINGLE_INSTRUMENT,,COPPER,"[""COPPER""]",,,,SHORT,100.0,MODEL_ALLOCATION,,DEFAULT_FULL_ALLOCATION,[1338.0],1338.0,1345.0,"[1332.0, 1328.0]",1332.0,1328.0,False,False,False,True,0.96,False,AUTO_HIGH_CONFIDENCE,RULE_BASED_AND_CURATED,759775bda3ab50b4,2026-05-27T03:32:52.538Z
6a166604dfef2e015044cd5b,50% BUY CRUDE MINI @8850 SL 8600 TGT 9000-9150,50% BUY CRUDE MINI @8850 SL 8600 TGT 9000-9150,MCX,INDIA_COMMODITY,TRADE_ACTION,OPEN_LONG,SINGLE_INSTRUMENT,,CRUDE_MINI,"[""CRUDE_MINI""]",,,,LONG,50.0,MODEL_ALLOCATION,,EXPLICIT_PERCENT,[8850.0],8850.0,8600.0,"[9000.0, 9150.0]",9000.0,9150.0,False,False,False,True,0.98,False,AUTO_HIGH_CONFIDENCE,RULE_BASED_AND_CURATED,13b5dd5910167ce5,2026-05-27T03:33:24.479Z
6a166730dfef2e015044cdbc,Pls note a correction in today's newsletter. Current contract of Nifty & Bank Nifty is June.,Pls note a correction in today's newsletter. Current contract of Nifty & Bank Nifty is June.,NSE,INDIA_EQUITY,NON_TRADE,MARKET_COMMENTARY,MULTI_INSTRUMENT,,,"[""NIFTY"", ""BANKNIFTY""]",JUN,,,,,NONE,,NOT_APPLICABLE,[],,,[],,,True,True,True,False,0.92,False,CURATED_PILOT,ASSISTANT_CURATED_RULE_REVIEW,2a8d760d1ab25763,2026-05-27T03:38:24.512Z
6a166837dfef2e015044ce0d,50% PROFIT BOOK IN COPPER @1335,50% PROFIT BOOK IN COPPER @1335,MCX,INDIA_COMMODITY,TRADE_ACTION,REDUCE_POSITION,SINGLE_INSTRUMENT,,COPPER,"[""COPPER""]",,,,,50.0,CURRENT_HOLDING,0.5,EXPLICIT_PERCENT,[1335.0],1335.0,,[],,,False,False,False,True,0.99,False,AUTO_HIGH_CONFIDENCE,RULE_BASED_AND_CURATED,c3f5e6a8e2631dfa,2026-05-27T03:42:47.677Z
6a166968dfef2e015044ce54,HOLD HINDALCO WITH SL 1151,HOLD HINDALCO WITH SL 1151,NSE,INDIA_EQUITY,TRADE_UPDATE,UPDATE_STOP_LOSS,SINGLE_INSTRUMENT,,HINDALCO,"[""HINDALCO""]",,,,,,NONE,,NOT_APPLICABLE,[],,1151.0,[],,,False,False,False,True,0.99,False,CURATED_PILOT,ASSISTANT_CURATED_RULE_REVIEW,2232874e36109f11,2026-05-27T03:47:52.896Z
6a1669aadfef2e015044ce85,SL TOUCH IN HINDALCO,SL TOUCH IN HINDALCO,NSE,INDIA_EQUITY,TRADE_ACTION,CLOSE_POSITION,SINGLE_INSTRUMENT,,HINDALCO,"[""HINDALCO""]",,,,,100.0,CURRENT_HOLDING,0.0,FULL_EXIT_RULE,[],,,[],,,False,False,False,True,0.99,False,AUTO_HIGH_CONFIDENCE,RULE_BASED_AND_CURATED,6ae55206b1b35929,2026-05-27T03:48:58.016Z
6a1669dcdfef2e015044ce9c,BUY VEDL @350 .50 SL  345 TGT 355-360,BUY VEDL @350.50 SL 345 TGT 355-360,NSE,INDIA_EQUITY,TRADE_ACTION,OPEN_LONG,SINGLE_INSTRUMENT,,VEDL,"[""VEDL""]",,,,LONG,100.0,MODEL_ALLOCATION,,DEFAULT_FULL_ALLOCATION,[350.5],350.5,345.0,"[355.0, 360.0]",355.0,360.0,False,False,False,True,0.98,False,CURATED_PILOT,ASSISTANT_CURATED_RULE_REVIEW,e09afd304be75631,2026-05-27T03:49:48.741Z
6a166a18dfef2e015044ced6,SELL AXISBANK @1310 SL 1330 TGT 1280-1255,SELL AXISBANK @1310 SL 1330 TGT 1280-1255,NSE,INDIA_EQUITY,TRADE_ACTION,OPEN_SHORT,SINGLE_INSTRUMENT,,AXISBANK,"[""AXISBANK""]",,,,SHORT,100.0,MODEL_ALLOCATION,,DEFAULT_FULL_ALLOCATION,[1310.0],1310.0,1330.0,"[1280.0, 1255.0]",1280.0,1255.0,False,False,False,True,0.96,False,AUTO_HIGH_CONFIDENCE,RULE_BASED_AND_CURATED,5df562ca93259577,2026-05-27T03:50:48.150Z
6a166a4ddfef2e015044cef0,SELL HINDALCO @1153  STRICT SL 1158.60 TGT 1100,SELL HINDALCO @1153 STRICT SL 1158.60 TGT 1100,NSE,INDIA_EQUITY,TRADE_ACTION,OPEN_SHORT,SINGLE_INSTRUMENT,,HINDALCO,"[""HINDALCO""]",,,,SHORT,100.0,MODEL_ALLOCATION,,DEFAULT_FULL_ALLOCATION,[1153.0],1153.0,1158.6,[1100.0],1100.0,,False,False,False,True,0.96,False,AUTO_HIGH_CONFIDENCE,RULE_BASED_AND_CURATED,99bc2173e8348595,2026-05-27T03:51:41.009Z
6a166a88dfef2e015044cf28,SELL UNIONBANK @170 SL 173 TGT 160,SELL UNIONBANK @170 SL 173 TGT 160,NSE,INDIA_EQUITY,TRADE_ACTION,OPEN_SHORT,SINGLE_INSTRUMENT,,UNIONBANK,"[""UNIONBANK""]",,,,SHORT,100.0,MODEL_ALLOCATION,,DEFAULT_FULL_ALLOCATION,[170.0],170.0,173.0,[160.0],160.0,,False,False,False,True,0.96,False,CURATED_PILOT,ASSISTANT_CURATED_RULE_REVIEW,d13e272a45c51eb3,2026-05-27T03:52:40.183Z
6a166ab6dfef2e015044cf3a,SELL SBIN @978 SL 1005 TGT 953-932,SELL SBIN @978 SL 1005 TGT 953-932,NSE,INDIA_EQUITY,TRADE_ACTION,OPEN_SHORT,SINGLE_INSTRUMENT,,SBIN,"[""SBIN""]",,,,SHORT,100.0,MODEL_ALLOCATION,,DEFAULT_FULL_ALLOCATION,[978.0],978.0,1005.0,"[953.0, 932.0]",953.0,932.0,False,False,False,True,0.96,False,AUTO_HIGH_CONFIDENCE,RULE_BASED_AND_CURATED,611dbdfbfd313998,2026-05-27T03:53:26.880Z
6a166ae5dfef2e015044cf4c,50% PROFIT BOOK IN MOTILALOFS @892,50% PROFIT BOOK IN MOTILALOFS @892,NSE,INDIA_EQUITY,TRADE_ACTION,REDUCE_POSITION,SINGLE_INSTRUMENT,,MOTILALOFS,"[""MOTILALOFS""]",,,,,50.0,CURRENT_HOLDING,0.5,EXPLICIT_PERCENT,[892.0],892.0,,[],,,False,False,False,True,0.99,False,AUTO_HIGH_CONFIDENCE,RULE_BASED_AND_CURATED,a92c4576b44dcf6e,2026-05-27T03:54:13.695Z
6a166b4ddfef2e015044cf5e,BUY LICHSGFIN @549 SL 540 TGT 560-570,BUY LICHSGFIN @549 SL 540 TGT 560-570,NSE,INDIA_EQUITY,TRADE_ACTION,OPEN_LONG,SINGLE_INSTRUMENT,,LICHSGFIN,"[""LICHSGFIN""]",,,,LONG,100.0,MODEL_ALLOCATION,,DEFAULT_FULL_ALLOCATION,[549.0],549.0,540.0,"[560.0, 570.0]",560.0,570.0,False,False,False,True,0.98,False,AUTO_HIGH_CONFIDENCE,RULE_BASED_AND_CURATED,6f6cb8d5f165c508,2026-05-27T03:55:57.688Z
6a166bf6dfef2e015044cf89,50% PROFIT BOOK IN VEDL @355,50% PROFIT BOOK IN VEDL @355,NSE,INDIA_EQUITY,TRADE_ACTION,REDUCE_POSITION,SINGLE_INSTRUMENT,,VEDL,"[""VEDL""]",,,,,50.0,CURRENT_HOLDING,0.5,EXPLICIT_PERCENT,[355.0],355.0,,[],,,False,False,False,True,0.99,False,AUTO_HIGH_CONFIDENCE,RULE_BASED_AND_CURATED,16a520da82a232f5,2026-05-27T03:58:46.873Z
6a166cd9dfef2e015044cfa5,50% PROFIT BOOK IN WIPRO @182.35,50% PROFIT BOOK IN WIPRO @182.35,NSE,INDIA_EQUITY,TRADE_ACTION,REDUCE_POSITION,SINGLE_INSTRUMENT,,WIPRO,"[""WIPRO""]",,,,,50.0,CURRENT_HOLDING,0.5,EXPLICIT_PERCENT,[182.35],182.35,,[],,,False,False,False,True,0.99,False,AUTO_HIGH_CONFIDENCE,RULE_BASED_AND_CURATED,5b0f87b5f3908abc,2026-05-27T04:02:33.561Z
6a166d7fdfef2e015044d000,PART PROFIT BOOK IN SILVER @272000,PART PROFIT BOOK IN SILVER @272000,MCX,INDIA_COMMODITY,TRADE_ACTION,REDUCE_POSITION,SINGLE_INSTRUMENT,,SILVER,"[""SILVER""]",,,,,25.0,CURRENT_HOLDING,0.75,PART_PROFIT_RULE,[272000.0],272000.0,,[],,,False,False,False,True,0.99,False,AUTO_HIGH_CONFIDENCE,RULE_BASED_AND_CURATED,ffbe0b3281c096e2,2026-05-27T04:05:19.272Z
6a166eefdfef2e015044d1ee,SELL TMPV @385 SL 393 TGT 372-362,SELL TMPV @385 SL 393 TGT 372-362,NSE,INDIA_EQUITY,TRADE_ACTION,OPEN_SHORT,SINGLE_INSTRUMENT,,TMPV,"[""TMPV""]",,,,SHORT,100.0,MODEL_ALLOCATION,,DEFAULT_FULL_ALLOCATION,[385.0],385.0,393.0,"[372.0, 362.0]",372.0,362.0,False,False,False,True,0.96,False,CURATED_PILOT,ASSISTANT_CURATED_RULE_REVIEW,f6f379fe189fd2f8,2026-05-27T04:11:27.548Z
6a1670e3dfef2e015044d483,HOLD TMPV WITH POSITIONAL SL 401,HOLD TMPV WITH POSITIONAL SL 401,NSE,INDIA_EQUITY,TRADE_UPDATE,UPDATE_STOP_LOSS,SINGLE_INSTRUMENT,,TMPV,"[""TMPV""]",,,,,,NONE,,NOT_APPLICABLE,[],,401.0,[],,,False,False,False,True,0.99,False,AUTO_HIGH_CONFIDENCE,RULE_BASED_AND_CURATED,809fa30f52b3958b,2026-05-27T04:19:47.427Z
6a1674f4dfef2e015044d5e5,FULL PROFIT BOOK IN MOTILALOFS @899,FULL PROFIT BOOK IN MOTILALOFS @899,NSE,INDIA_EQUITY,TRADE_ACTION,CLOSE_POSITION,SINGLE_INSTRUMENT,,MOTILALOFS,"[""MOTILALOFS""]",,,,,100.0,CURRENT_HOLDING,0.0,FULL_EXIT_RULE,[899.0],899.0,,[],,,False,False,False,True,0.99,False,AUTO_HIGH_CONFIDENCE,RULE_BASED_AND_CURATED,4178cd395301fca1,2026-05-27T04:37:08.098Z
6a167a58dfef2e015044d6ee,50% SELL NIFTY @24030 SL 24200 TGT 23900-23750,50% SELL NIFTY @24030 SL 24200 TGT 23900-23750,NSE,INDIA_EQUITY,TRADE_ACTION,OPEN_SHORT,SINGLE_INSTRUMENT,,NIFTY,"[""NIFTY""]",,,,SHORT,50.0,MODEL_ALLOCATION,,EXPLICIT_PERCENT,[24030.0],24030.0,24200.0,"[23900.0, 23750.0]",23900.0,23750.0,False,False,False,True,0.97,False,CURATED_PILOT,ASSISTANT_CURATED_RULE_REVIEW,e82f3114dbe5b950,2026-05-27T05:00:08.324Z
6a168478dfef2e015044d724,50% BUY SILVER @269500 SL 265000 TGT 272000-274000,50% BUY SILVER @269500 SL 265000 TGT 272000-274000,MCX,INDIA_COMMODITY,TRADE_ACTION,OPEN_LONG,SINGLE_INSTRUMENT,,SILVER,"[""SILVER""]",,,,LONG,50.0,MODEL_ALLOCATION,,EXPLICIT_PERCENT,[269500.0],269500.0,265000.0,"[272000.0, 274000.0]",272000.0,274000.0,False,False,False,True,0.98,False,AUTO_HIGH_CONFIDENCE,RULE_BASED_AND_CURATED,b5a92a99be4f0f21,2026-05-27T05:43:20.843Z
6a16848bdfef2e015044d733,Buy silver July @76.00 with sl 74.40 for target 77.50-79.00,Buy silver July @76.00 with sl 74.40 for target 77.50-79.00,International Market,GLOBAL_COMMODITY,TRADE_ACTION,OPEN_LONG,SINGLE_INSTRUMENT,,SILVER,"[""SILVER""]",JUL,,,LONG,100.0,MODEL_ALLOCATION,,DEFAULT_FULL_ALLOCATION,[76.0],76.0,74.4,"[77.5, 79.0]",77.5,79.0,False,False,False,True,0.98,False,CURATED_PILOT,ASSISTANT_CURATED_RULE_REVIEW,f36fd653340ca190,2026-05-27T05:43:39.328Z
6a1684dfdfef2e015044d744,HOLD GOLD WITH SL 156700,HOLD GOLD WITH SL 156700,MCX,INDIA_COMMODITY,TRADE_UPDATE,UPDATE_STOP_LOSS,SINGLE_INSTRUMENT,,GOLD,"[""GOLD""]",,,,,,NONE,,NOT_APPLICABLE,[],,156700.0,[],,,False,False,False,True,0.99,False,CURATED_PILOT,ASSISTANT_CURATED_RULE_REVIEW,3670e7e3c548e930,2026-05-27T05:45:03.730Z
6a168c6adfef2e015044d87a,Book 50% profit in copper @6.40,Book 50% profit in copper @6.40,International Market,GLOBAL_COMMODITY,TRADE_ACTION,REDUCE_POSITION,SINGLE_INSTRUMENT,,COPPER,"[""COPPER""]",,,,,50.0,CURRENT_HOLDING,0.5,EXPLICIT_PERCENT,[6.4],6.4,,[],,,False,False,False,True,0.99,False,CURATED_PILOT,ASSISTANT_CURATED_RULE_REVIEW,0fefb1d633ef1b6a,2026-05-27T06:17:14.438Z
6a169011dfef2e015044d887,50% BUY GOLD @156950 SL 155500 TGT 158500-159200,50% BUY GOLD @156950 SL 155500 TGT 158500-159200,MCX,INDIA_COMMODITY,TRADE_ACTION,OPEN_LONG,SINGLE_INSTRUMENT,,GOLD,"[""GOLD""]",,,,LONG,50.0,MODEL_ALLOCATION,,EXPLICIT_PERCENT,[156950.0],156950.0,155500.0,"[158500.0, 159200.0]",158500.0,159200.0,False,False,False,True,0.98,False,AUTO_HIGH_CONFIDENCE,RULE_BASED_AND_CURATED,ef5402c40595459d,2026-05-27T06:32:49.320Z
6a1690b1dfef2e015044d979,HOLD GOLD WITH INTRADAY SL 156700,HOLD GOLD WITH INTRADAY SL 156700,MCX,INDIA_COMMODITY,TRADE_UPDATE,UPDATE_STOP_LOSS,SINGLE_INSTRUMENT,,GOLD,"[""GOLD""]",,,,,,NONE,,NOT_APPLICABLE,[],,156700.0,[],,,False,False,False,True,0.99,False,AUTO_HIGH_CONFIDENCE,RULE_BASED_AND_CURATED,cfd80d456c7928b2,2026-05-27T06:35:29.879Z
6a16a286dfef2e015044dc6f,50% PROFIT BOOK IN LICHSGFIN @553,50% PROFIT BOOK IN LICHSGFIN @553,NSE,INDIA_EQUITY,TRADE_ACTION,REDUCE_POSITION,SINGLE_INSTRUMENT,,LICHSGFIN,"[""LICHSGFIN""]",,,,,50.0,CURRENT_HOLDING,0.5,EXPLICIT_PERCENT,[553.0],553.0,,[],,,False,False,False,True,0.99,False,AUTO_HIGH_CONFIDENCE,RULE_BASED_AND_CURATED,fe698d199310cbf7,2026-05-27T07:51:34.486Z
6a16a4e0dfef2e015044dd7e,FULL PROFIT BOOK IN COPPER @1332,FULL PROFIT BOOK IN COPPER @1332,MCX,INDIA_COMMODITY,TRADE_ACTION,CLOSE_POSITION,SINGLE_INSTRUMENT,,COPPER,"[""COPPER""]",,,,,100.0,CURRENT_HOLDING,0.0,FULL_EXIT_RULE,[1332.0],1332.0,,[],,,False,False,False,True,0.99,False,AUTO_HIGH_CONFIDENCE,RULE_BASED_AND_CURATED,892394ec49725e7d,2026-05-27T08:01:36.658Z
6a16a514dfef2e015044dd94,FULL PROFIT BOOK IN LICHSGFIN @560,FULL PROFIT BOOK IN LICHSGFIN @560,NSE,INDIA_EQUITY,TRADE_ACTION,CLOSE_POSITION,SINGLE_INSTRUMENT,,LICHSGFIN,"[""LICHSGFIN""]",,,,,100.0,CURRENT_HOLDING,0.0,FULL_EXIT_RULE,[560.0],560.0,,[],,,False,False,False,True,0.99,False,AUTO_HIGH_CONFIDENCE,RULE_BASED_AND_CURATED,7a4706ea472963d8,2026-05-27T08:02:28.107Z
6a16a53bdfef2e015044dda1,DAY TRADERS PART PROFIT BOOK IN BANKNIFTY @55180,DAY TRADERS PART PROFIT BOOK IN BANKNIFTY @55180,NSE,INDIA_EQUITY,TRADE_ACTION,REDUCE_POSITION,SINGLE_INSTRUMENT,,BANKNIFTY,"[""BANKNIFTY""]",,,,,25.0,CURRENT_HOLDING,0.75,PART_PROFIT_RULE,[55180.0],55180.0,,[],,,False,False,False,True,0.99,False,AUTO_HIGH_CONFIDENCE,RULE_BASED_AND_CURATED,163cb63b3d9b4aa6,2026-05-27T08:03:07.992Z
6a16a6d6dfef2e015044de0e,BUY KOTAKBANK @390 SL 385 TGT 395-410,BUY KOTAKBANK @390 SL 385 TGT 395-410,NSE,INDIA_EQUITY,TRADE_ACTION,OPEN_LONG,SINGLE_INSTRUMENT,,KOTAKBANK,"[""KOTAKBANK""]",,,,LONG,100.0,MODEL_ALLOCATION,,DEFAULT_FULL_ALLOCATION,[390.0],390.0,385.0,"[395.0, 410.0]",395.0,410.0,False,False,False,True,0.98,False,AUTO_HIGH_CONFIDENCE,RULE_BASED_AND_CURATED,373ff54c42d7d523,2026-05-27T08:09:58.241Z
6a16a7dddfef2e015044de6f,EXIT UPL  COST TO COST,EXIT UPL COST TO COST,NSE,INDIA_EQUITY,TRADE_ACTION,CLOSE_POSITION,SINGLE_INSTRUMENT,,UPL,"[""UPL""]",,,,,100.0,CURRENT_HOLDING,0.0,FULL_EXIT_RULE,[],,,[],,,False,False,False,True,0.99,False,AUTO_HIGH_CONFIDENCE,RULE_BASED_AND_CURATED,49f584f6620099c2,2026-05-27T08:14:21.197Z
6a16b452dfef2e015044dfd1,PART PROFIT BOOK IN NIFTY @23920,PART PROFIT BOOK IN NIFTY @23920,NSE,INDIA_EQUITY,TRADE_ACTION,REDUCE_POSITION,SINGLE_INSTRUMENT,,NIFTY,"[""NIFTY""]",,,,,25.0,CURRENT_HOLDING,0.75,PART_PROFIT_RULE,[23920.0],23920.0,,[],,,False,False,False,True,0.99,False,AUTO_HIGH_CONFIDENCE,RULE_BASED_AND_CURATED,6d26ec2a50bc514d,2026-05-27T09:07:30.784Z
6a16b82bdfef2e015044e11e,POSITIONAL TRADERS HOLD TMPV FOR FRIDAY,POSITIONAL TRADERS HOLD TMPV FOR FRIDAY,NSE,INDIA_EQUITY,TRADE_UPDATE,HOLD_POSITION,SINGLE_INSTRUMENT,,TMPV,"[""TMPV""]",,,,,,NONE,,NOT_APPLICABLE,[],,,[],,,False,False,False,True,0.97,False,CURATED_PILOT,ASSISTANT_CURATED_RULE_REVIEW,29dc40db54dae29a,2026-05-27T09:23:55.260Z
6a16b87bdfef2e015044e14a,AGAIN BUY CRUDE MINI @8629 SL 8500 TGT 8900-9100,AGAIN BUY CRUDE MINI @8629 SL 8500 TGT 8900-9100,MCX,INDIA_COMMODITY,TRADE_ACTION,ADD_LONG,SINGLE_INSTRUMENT,,CRUDE_MINI,"[""CRUDE_MINI""]",,,,LONG,100.0,MODEL_ALLOCATION,,DEFAULT_FULL_ALLOCATION,[8629.0],8629.0,8500.0,"[8900.0, 9100.0]",8900.0,9100.0,False,False,False,True,0.97,False,CURATED_PILOT,ASSISTANT_CURATED_RULE_REVIEW,80c77e5d0ebd520d,2026-05-27T09:25:15.702Z
6a16beb8dfef2e015044e28b,BUY RELIANCE @1362 SL 1345 TGT 1375-1388,BUY RELIANCE @1362 SL 1345 TGT 1375-1388,NSE,INDIA_EQUITY,TRADE_ACTION,OPEN_LONG,SINGLE_INSTRUMENT,,RELIANCE,"[""RELIANCE""]",,,,LONG,100.0,MODEL_ALLOCATION,,DEFAULT_FULL_ALLOCATION,[1362.0],1362.0,1345.0,"[1375.0, 1388.0]",1375.0,1388.0,False,False,False,True,0.98,False,AUTO_HIGH_CONFIDENCE,RULE_BASED_AND_CURATED,67029bcf4d735e36,2026-05-27T09:51:52.885Z
6a16ca31dfef2e015044e6ca,Sl touch in gold,Sl touch in gold,International Market,GLOBAL_COMMODITY,TRADE_ACTION,CLOSE_POSITION,SINGLE_INSTRUMENT,,GOLD,"[""GOLD""]",,,,,100.0,CURRENT_HOLDING,0.0,FULL_EXIT_RULE,[],,,[],,,False,False,False,True,0.99,False,CURATED_PILOT,ASSISTANT_CURATED_RULE_REVIEW,3ba56b31088a10c0,2026-05-27T10:40:49.507Z
6a16ca72dfef2e015044e731,Sl touch in intraday gold,Sl touch in intraday gold,MCX,INDIA_COMMODITY,TRADE_ACTION,CLOSE_POSITION,SINGLE_INSTRUMENT,,GOLD,"[""GOLD""]",,,,,100.0,CURRENT_HOLDING,0.0,FULL_EXIT_RULE,[],,,[],,,False,False,False,True,0.99,False,CURATED_PILOT,ASSISTANT_CURATED_RULE_REVIEW,95db7753c27dc22a,2026-05-27T10:41:54.052Z
6a16ce3bdfef2e015044e845,Intraday sl touch in silver,Intraday sl touch in silver,International Market,GLOBAL_COMMODITY,TRADE_ACTION,CLOSE_POSITION,SINGLE_INSTRUMENT,,SILVER,"[""SILVER""]",,,,,100.0,CURRENT_HOLDING,0.0,FULL_EXIT_RULE,[],,,[],,,False,False,False,True,0.99,False,AUTO_HIGH_CONFIDENCE,RULE_BASED_AND_CURATED,5530532031600705,2026-05-27T10:58:03.821Z
6a16ce65dfef2e015044e862,Full Profit book in copper@ 6.35,Full Profit book in copper @ 6.35,International Market,GLOBAL_COMMODITY,TRADE_ACTION,CLOSE_POSITION,SINGLE_INSTRUMENT,,COPPER,"[""COPPER""]",,,,,100.0,CURRENT_HOLDING,0.0,FULL_EXIT_RULE,[6.35],6.35,,[],,,False,False,False,True,0.99,False,AUTO_HIGH_CONFIDENCE,RULE_BASED_AND_CURATED,188c8bce182da540,2026-05-27T10:58:45.812Z
6a16efafdfef2e015044ea2f,Profit book in NG@ 3.06,Profit book in NG @ 3.06,International Market,GLOBAL_COMMODITY,TRADE_ACTION,CLOSE_POSITION,SINGLE_INSTRUMENT,,NATURAL_GAS,"[""NATURAL_GAS""]",,,,,100.0,CURRENT_HOLDING,0.0,FULL_EXIT_RULE,[3.06],3.06,,[],,,False,False,False,True,0.96,False,CURATED_PILOT,ASSISTANT_CURATED_RULE_REVIEW,2f2c4f7221dc1e17,2026-05-27T13:20:47.920Z
6a16f23cdfef2e015044eb1e,Book profit in AMAT @ 457,Book profit in AMAT @ 457,International Market,GLOBAL_EQUITY,TRADE_ACTION,CLOSE_POSITION,SINGLE_INSTRUMENT,,AMAT,"[""AMAT""]",,,,,100.0,CURRENT_HOLDING,0.0,FULL_EXIT_RULE,[457.0],457.0,,[],,,False,False,False,True,0.96,False,AUTO_HIGH_CONFIDENCE,RULE_BASED_AND_CURATED,b62e2c294e10ea25,2026-05-27T13:31:40.938Z
6a16f277dfef2e015044eb2e,BUY AMSC @ 53.30 with SL 50.00 for target 58-62,BUY AMSC @ 53.30 with SL 50.00 for target 58-62,International Market,GLOBAL_EQUITY,TRADE_ACTION,OPEN_LONG,SINGLE_INSTRUMENT,,AMSC,"[""AMSC""]",,,,LONG,100.0,MODEL_ALLOCATION,,DEFAULT_FULL_ALLOCATION,[53.3],53.3,50.0,"[58.0, 62.0]",58.0,62.0,False,False,False,True,0.98,False,CURATED_PILOT,ASSISTANT_CURATED_RULE_REVIEW,75d5ebd7eae34f05,2026-05-27T13:32:39.188Z
6a16f32fdfef2e015044eb3e,Buy soxl @232.50 with SL 225 for target 240-245,Buy soxl @232.50 with SL 225 for target 240-245,International Market,GLOBAL_EQUITY,TRADE_ACTION,OPEN_LONG,SINGLE_INSTRUMENT,,SOXL,"[""SOXL""]",,,,LONG,100.0,MODEL_ALLOCATION,,DEFAULT_FULL_ALLOCATION,[232.5],232.5,225.0,"[240.0, 245.0]",240.0,245.0,False,False,False,True,0.98,False,AUTO_HIGH_CONFIDENCE,RULE_BASED_AND_CURATED,5d9962e24ecf69b5,2026-05-27T13:35:43.292Z
6a16f4d9dfef2e015044ebd1,Buy MU @ 923 with SL 900 for target 960,Buy MU @ 923 with SL 900 for target 960,International Market,GLOBAL_EQUITY,TRADE_ACTION,OPEN_LONG,SINGLE_INSTRUMENT,,MU,"[""MU""]",,,,LONG,100.0,MODEL_ALLOCATION,,DEFAULT_FULL_ALLOCATION,[923.0],923.0,900.0,[960.0],960.0,,False,False,False,True,0.98,False,AUTO_HIGH_CONFIDENCE,RULE_BASED_AND_CURATED,ad93a7cd22796976,2026-05-27T13:42:49.040Z
6a16f7bbdfef2e015044ec53,Buy 50% Russell @ 2918 with SL 2880 for target 2940-2960,Buy 50% Russell @ 2918 with SL 2880 for target 2940-2960,International Market,GLOBAL_INDEX_OR_MACRO,TRADE_ACTION,OPEN_LONG,SINGLE_INSTRUMENT,,RUSSELL,"[""RUSSELL""]",,,,LONG,50.0,MODEL_ALLOCATION,,EXPLICIT_PERCENT,[2918.0],2918.0,2880.0,"[2940.0, 2960.0]",2940.0,2960.0,False,False,False,True,0.98,False,AUTO_HIGH_CONFIDENCE,RULE_BASED_AND_CURATED,948a50f74d1e6ec5,2026-05-27T13:55:07.190Z
6a16f7fadfef2e015044ec66,Buy 50% Dow @50640 with SL 50200 for target 51000,Buy 50% Dow @50640 with SL 50200 for target 51000,International Market,GLOBAL_INDEX_OR_MACRO,TRADE_ACTION,OPEN_LONG,SINGLE_INSTRUMENT,,DOW,"[""DOW""]",,,,LONG,50.0,MODEL_ALLOCATION,,EXPLICIT_PERCENT,[50640.0],50640.0,50200.0,[51000.0],51000.0,,False,False,False,True,0.98,False,CURATED_PILOT,ASSISTANT_CURATED_RULE_REVIEW,b25e8264e2d44677,2026-05-27T13:56:10.625Z
6a16f88adfef2e015044ec77,Buy 50% gold aug @4457 with SL 4420 for target 4550-4600,Buy 50% gold aug @4457 with SL 4420 for target 4550-4600,International Market,GLOBAL_COMMODITY,TRADE_ACTION,OPEN_LONG,SINGLE_INSTRUMENT,,GOLD,"[""GOLD""]",AUG,,,LONG,50.0,MODEL_ALLOCATION,,EXPLICIT_PERCENT,[4457.0],4457.0,4420.0,"[4550.0, 4600.0]",4550.0,4600.0,False,False,False,True,0.98,False,AUTO_HIGH_CONFIDENCE,RULE_BASED_AND_CURATED,fdf3654aea342892,2026-05-27T13:58:34.518Z
6a16f8a9dfef2e015044ec87,Buy 50% silver July @74.60 with SL 73.40 for target 77-78,Buy 50% silver July @74.60 with SL 73.40 for target 77-78,International Market,GLOBAL_COMMODITY,TRADE_ACTION,OPEN_LONG,SINGLE_INSTRUMENT,,SILVER,"[""SILVER""]",JUL,,,LONG,50.0,MODEL_ALLOCATION,,EXPLICIT_PERCENT,[74.6],74.6,73.4,"[77.0, 78.0]",77.0,78.0,False,False,False,True,0.98,False,AUTO_HIGH_CONFIDENCE,RULE_BASED_AND_CURATED,39d936b53279c8f7,2026-05-27T13:59:05.961Z
6a16f8fcdfef2e015044ecb6,Positional buy 50% gold @155180 with SL 154700 for target 157000-158000,Positional buy 50% gold @155180 with SL 154700 for target 157000-158000,MCX,INDIA_COMMODITY,TRADE_ACTION,OPEN_LONG,SINGLE_INSTRUMENT,,GOLD,"[""GOLD""]",,,,LONG,50.0,MODEL_ALLOCATION,,EXPLICIT_PERCENT,[155180.0],155180.0,154700.0,"[157000.0, 158000.0]",157000.0,158000.0,False,False,False,True,0.98,False,AUTO_HIGH_CONFIDENCE,RULE_BASED_AND_CURATED,05e4a55e3b4bfe59,2026-05-27T14:00:28.406Z
6a16f912dfef2e015044ecf2,Positional buy 50% silver @265600 with SL 262000 for target 272000-275000,Positional buy 50% silver @265600 with SL 262000 for target 272000-275000,MCX,INDIA_COMMODITY,TRADE_ACTION,OPEN_LONG,SINGLE_INSTRUMENT,,SILVER,"[""SILVER""]",,,,LONG,50.0,MODEL_ALLOCATION,,EXPLICIT_PERCENT,[265600.0],265600.0,262000.0,"[272000.0, 275000.0]",272000.0,275000.0,False,False,False,True,0.98,False,AUTO_HIGH_CONFIDENCE,RULE_BASED_AND_CURATED,33c2ab3f3cb189eb,2026-05-27T14:00:50.829Z
6a16ff25dfef2e015044ee84,Hold Nasdaq with sl 29700,Hold Nasdaq with sl 29700,International Market,GLOBAL_INDEX_OR_MACRO,TRADE_UPDATE,UPDATE_STOP_LOSS,SINGLE_INSTRUMENT,,NASDAQ,"[""NASDAQ""]",,,,,,NONE,,NOT_APPLICABLE,[],,29700.0,[],,,False,False,False,True,0.99,False,AUTO_HIGH_CONFIDENCE,RULE_BASED_AND_CURATED,b69db04179d57987,2026-05-27T14:26:45.776Z
6a1706ffdfef2e015044f152,Buy copper @6.34 with SL 6.28 for target 6.40-6.45,Buy copper @6.34 with SL 6.28 for target 6.40-6.45,International Market,GLOBAL_COMMODITY,TRADE_ACTION,OPEN_LONG,SINGLE_INSTRUMENT,,COPPER,"[""COPPER""]",,,,LONG,100.0,MODEL_ALLOCATION,,DEFAULT_FULL_ALLOCATION,[6.34],6.34,6.28,"[6.4, 6.45]",6.4,6.45,False,False,False,True,0.98,False,AUTO_HIGH_CONFIDENCE,RULE_BASED_AND_CURATED,bb68fe48f32b02b2,2026-05-27T15:00:15.841Z
6a170950dfef2e015044f25f,Book part profit in crude mini @8745,Book part profit in crude mini @8745,MCX,INDIA_COMMODITY,TRADE_ACTION,REDUCE_POSITION,SINGLE_INSTRUMENT,,CRUDE_MINI,"[""CRUDE_MINI""]",,,,,25.0,CURRENT_HOLDING,0.75,PART_PROFIT_RULE,[8745.0],8745.0,,[],,,False,False,False,True,0.99,False,AUTO_HIGH_CONFIDENCE,RULE_BASED_AND_CURATED,43413ec228ebd4c5,2026-05-27T15:10:08.907Z
6a171f4fdfef2e015044f4a0,Book full profit in Ng @3.13,Book full profit in Ng @3.13,International Market,GLOBAL_COMMODITY,TRADE_ACTION,CLOSE_POSITION,SINGLE_INSTRUMENT,,NATURAL_GAS,"[""NATURAL_GAS""]",,,,,100.0,CURRENT_HOLDING,0.0,FULL_EXIT_RULE,[3.13],3.13,,[],,,False,False,False,True,0.99,False,AUTO_HIGH_CONFIDENCE,RULE_BASED_AND_CURATED,248ab5d0d954537f,2026-05-27T16:43:59.242Z
6a172daddfef2e015044f6fc,Buy MRVL @ 199 with SL 195 for target 205/210,Buy MRVL @ 199 with SL 195 for target 205/210,International Market,GLOBAL_EQUITY,TRADE_ACTION,OPEN_LONG,SINGLE_INSTRUMENT,,MRVL,"[""MRVL""]",,,,LONG,100.0,MODEL_ALLOCATION,,DEFAULT_FULL_ALLOCATION,"[205.0, 210.0, 199.0]",205.0,195.0,"[205.0, 210.0]",205.0,210.0,False,False,False,True,0.98,False,CURATED_PILOT,ASSISTANT_CURATED_RULE_REVIEW,6c14a9fc7b5297cb,2026-05-27T17:45:17.924Z
6a17b56fdfef2e015044f954,Gold Aug has support at 4400 & Silver July has support at 72.00,Gold Aug has support at 4400 & Silver July has support at 72.00,International Market,GLOBAL_EQUITY,NON_TRADE,MARKET_COMMENTARY,MULTI_INSTRUMENT,,,"[""GOLD"", ""SILVER""]",AUG,,,,,NONE,,NOT_APPLICABLE,[],,,[],,,False,True,True,False,0.92,False,CURATED_PILOT,ASSISTANT_CURATED_RULE_REVIEW,1095b34404207444,2026-05-28T03:24:31.802Z
6a17b83edfef2e015044f98e,Book 50% profit in crude @92.00,Book 50% profit in crude @92.00,International Market,GLOBAL_COMMODITY,TRADE_ACTION,REDUCE_POSITION,SINGLE_INSTRUMENT,,CRUDE,"[""CRUDE""]",,,,,50.0,CURRENT_HOLDING,0.5,EXPLICIT_PERCENT,[92.0],92.0,,[],,,False,False,False,True,0.99,False,AUTO_HIGH_CONFIDENCE,RULE_BASED_AND_CURATED,94005d139d65af51,2026-05-28T03:36:30.105Z
6a1847df59359ea1faee8c76,Buy STX@ 868 sl 850 tgt 900,Buy STX @ 868 sl 850 tgt 900,International Market,GLOBAL_EQUITY,TRADE_ACTION,OPEN_LONG,SINGLE_INSTRUMENT,,STX,"[""STX""]",,,,LONG,100.0,MODEL_ALLOCATION,,DEFAULT_FULL_ALLOCATION,[868.0],868.0,850.0,[900.0],900.0,,False,False,False,True,0.98,False,AUTO_HIGH_CONFIDENCE,RULE_BASED_AND_CURATED,cb617e45a8a6b174,2026-05-28T13:49:19.018Z
6a184c2c59359ea1faee8cca,Book profit in SNOW @ 238.09,Book profit in SNOW @ 238.09,International Market,GLOBAL_EQUITY,TRADE_ACTION,CLOSE_POSITION,SINGLE_INSTRUMENT,,SNOW,"[""SNOW""]",,,,,100.0,CURRENT_HOLDING,0.0,FULL_EXIT_RULE,[238.09],238.09,,[],,,False,False,False,True,0.96,False,AUTO_HIGH_CONFIDENCE,RULE_BASED_AND_CURATED,90a88446afb90d2d,2026-05-28T14:07:40.245Z
6a184cb859359ea1faee8d03,Buy amd @500 with SL 490 for target 510-520,Buy amd @500 with SL 490 for target 510-520,International Market,GLOBAL_EQUITY,TRADE_ACTION,OPEN_LONG,SINGLE_INSTRUMENT,,AMD,"[""AMD""]",,,,LONG,100.0,MODEL_ALLOCATION,,DEFAULT_FULL_ALLOCATION,[500.0],500.0,490.0,"[510.0, 520.0]",510.0,520.0,False,False,False,True,0.98,False,AUTO_HIGH_CONFIDENCE,RULE_BASED_AND_CURATED,1755642e76160dae,2026-05-28T14:10:00.162Z
6a184d3959359ea1faee8d79,Book profit in NOW @ 108.00,Book profit in NOW @ 108.00,International Market,GLOBAL_EQUITY,TRADE_ACTION,CLOSE_POSITION,SINGLE_INSTRUMENT,,NOW,"[""NOW""]",,,,,100.0,CURRENT_HOLDING,0.0,FULL_EXIT_RULE,[108.0],108.0,,[],,,False,False,False,True,0.96,False,AUTO_HIGH_CONFIDENCE,RULE_BASED_AND_CURATED,c0e27554467cfa19,2026-05-28T14:12:09.436Z
6a184d7859359ea1faee8da3,Sell ng @ 3.18 with SL 3.26 for target 3.10-3.00,Sell ng @ 3.18 with SL 3.26 for target 3.10-3.00,International Market,GLOBAL_COMMODITY,TRADE_ACTION,OPEN_SHORT,SINGLE_INSTRUMENT,,NATURAL_GAS,"[""NATURAL_GAS""]",,,,SHORT,100.0,MODEL_ALLOCATION,,DEFAULT_FULL_ALLOCATION,[3.18],3.18,3.26,"[3.1, 3.0]",3.1,3.0,False,False,False,True,0.96,False,AUTO_HIGH_CONFIDENCE,RULE_BASED_AND_CURATED,d799288d6d0fdb8d,2026-05-28T14:13:12.361Z
6a184d9859359ea1faee8db6,Book part profit in s&p500 @7550,Book part profit in s&p500 @7550,International Market,GLOBAL_INDEX_OR_MACRO,TRADE_ACTION,REDUCE_POSITION,SINGLE_INSTRUMENT,,SP500,"[""SP500""]",,,,,25.0,CURRENT_HOLDING,0.75,PART_PROFIT_RULE,[7550.0],7550.0,,[],,,False,False,False,True,0.99,False,AUTO_HIGH_CONFIDENCE,RULE_BASED_AND_CURATED,811a04188df99f0b,2026-05-28T14:13:44.811Z
6a184dc959359ea1faee8dc6,Book part profit in nasdaq @30100,Book part profit in nasdaq @30100,International Market,GLOBAL_INDEX_OR_MACRO,TRADE_ACTION,REDUCE_POSITION,SINGLE_INSTRUMENT,,NASDAQ,"[""NASDAQ""]",,,,,25.0,CURRENT_HOLDING,0.75,PART_PROFIT_RULE,[30100.0],30100.0,,[],,,False,False,False,True,0.99,False,CURATED_PILOT,ASSISTANT_CURATED_RULE_REVIEW,5d313c718cb8b048,2026-05-28T14:14:33.523Z
6a184df459359ea1faee8dd7,Book 50% profit in gold aug @4496,Book 50% profit in gold aug @4496,International Market,GLOBAL_COMMODITY,TRADE_ACTION,REDUCE_POSITION,SINGLE_INSTRUMENT,,GOLD,"[""GOLD""]",AUG,,,,50.0,CURRENT_HOLDING,0.5,EXPLICIT_PERCENT,[4496.0],4496.0,,[],,,False,False,False,True,0.99,False,AUTO_HIGH_CONFIDENCE,RULE_BASED_AND_CURATED,43642e4778622d6e,2026-05-28T14:15:16.622Z
6a184e0659359ea1faee8dee,Book 50% profit in gold @156330,Book 50% profit in gold @156330,MCX,INDIA_COMMODITY,TRADE_ACTION,REDUCE_POSITION,SINGLE_INSTRUMENT,,GOLD,"[""GOLD""]",,,,,50.0,CURRENT_HOLDING,0.5,EXPLICIT_PERCENT,[156330.0],156330.0,,[],,,False,False,False,True,0.99,False,CURATED_PILOT,ASSISTANT_CURATED_RULE_REVIEW,14c44cbfc92dd799,2026-05-28T14:15:34.404Z
6a184e2359359ea1faee8e99,Buy crude @ 8490 SL 8400 TGT 8650-8800,Buy crude @ 8490 SL 8400 TGT 8650-8800,MCX,INDIA_COMMODITY,TRADE_ACTION,OPEN_LONG,SINGLE_INSTRUMENT,,CRUDE,"[""CRUDE""]",,,,LONG,100.0,MODEL_ALLOCATION,,DEFAULT_FULL_ALLOCATION,[8490.0],8490.0,8400.0,"[8650.0, 8800.0]",8650.0,8800.0,False,False,False,True,0.98,False,CURATED_PILOT,ASSISTANT_CURATED_RULE_REVIEW,992b11f2b3107e4e,2026-05-28T14:16:03.893Z
6a184e3659359ea1faee8eab,Buy crude @ 89 with SL 87 for target 92-95,Buy crude @ 89 with SL 87 for target 92-95,International Market,GLOBAL_COMMODITY,TRADE_ACTION,OPEN_LONG,SINGLE_INSTRUMENT,,CRUDE,"[""CRUDE""]",,,,LONG,100.0,MODEL_ALLOCATION,,DEFAULT_FULL_ALLOCATION,[89.0],89.0,87.0,"[92.0, 95.0]",92.0,95.0,False,False,False,True,0.98,False,CURATED_PILOT,ASSISTANT_CURATED_RULE_REVIEW,212feb367cc349a4,2026-05-28T14:16:22.184Z
6a184ec159359ea1faee8ed7,Book 50% profit in stx @881,Book 50% profit in stx @881,International Market,GLOBAL_EQUITY,TRADE_ACTION,REDUCE_POSITION,SINGLE_INSTRUMENT,,STX,"[""STX""]",,,,,50.0,CURRENT_HOLDING,0.5,EXPLICIT_PERCENT,[881.0],881.0,,[],,,False,False,False,True,0.99,False,AUTO_HIGH_CONFIDENCE,RULE_BASED_AND_CURATED,5edea0fa38f121f8,2026-05-28T14:18:41.630Z
6a18548659359ea1faee9076,Book 50% profit In intu @316,Book 50% profit In intu @316,International Market,GLOBAL_EQUITY,TRADE_ACTION,REDUCE_POSITION,SINGLE_INSTRUMENT,,INTU,"[""INTU""]",,,,,50.0,CURRENT_HOLDING,0.5,EXPLICIT_PERCENT,[316.0],316.0,,[],,,False,False,False,True,0.99,False,AUTO_HIGH_CONFIDENCE,RULE_BASED_AND_CURATED,dbe8fb15b99bb773,2026-05-28T14:43:18.192Z
6a18572259359ea1faee9127,Buy OKTA @ 93.40 with SL 89.00 for target 98-105,Buy OKTA @ 93.40 with SL 89.00 for target 98-105,International Market,GLOBAL_EQUITY,TRADE_ACTION,OPEN_LONG,SINGLE_INSTRUMENT,,OKTA,"[""OKTA""]",,,,LONG,100.0,MODEL_ALLOCATION,,DEFAULT_FULL_ALLOCATION,[93.4],93.4,89.0,"[98.0, 105.0]",98.0,105.0,False,False,False,True,0.98,False,AUTO_HIGH_CONFIDENCE,RULE_BASED_AND_CURATED,5f44fd8c546c2b77,2026-05-28T14:54:26.531Z
6a18576359359ea1faee916e,Buy VSAT @ 87.7 with SL 83 for target 95-99,Buy VSAT @ 87.7 with SL 83 for target 95-99,International Market,GLOBAL_EQUITY,TRADE_ACTION,OPEN_LONG,SINGLE_INSTRUMENT,,VSAT,"[""VSAT""]",,,,LONG,100.0,MODEL_ALLOCATION,,DEFAULT_FULL_ALLOCATION,[87.7],87.7,83.0,"[95.0, 99.0]",95.0,99.0,False,False,False,True,0.98,False,AUTO_HIGH_CONFIDENCE,RULE_BASED_AND_CURATED,c9a62a97ede693ac,2026-05-28T14:55:31.646Z
6a1857ac59359ea1faee917c,Buy MDB @ 323 with SL 316 for target 332-345,Buy MDB @ 323 with SL 316 for target 332-345,International Market,GLOBAL_EQUITY,TRADE_ACTION,OPEN_LONG,SINGLE_INSTRUMENT,,MDB,"[""MDB""]",,,,LONG,100.0,MODEL_ALLOCATION,,DEFAULT_FULL_ALLOCATION,[323.0],323.0,316.0,"[332.0, 345.0]",332.0,345.0,False,False,False,True,0.98,False,AUTO_HIGH_CONFIDENCE,RULE_BASED_AND_CURATED,668153cebab931a1,2026-05-28T14:56:44.057Z
6a1857d859359ea1faee918a,Book part profit in silver @74.85,Book part profit in silver @74.85,International Market,GLOBAL_COMMODITY,TRADE_ACTION,REDUCE_POSITION,SINGLE_INSTRUMENT,,SILVER,"[""SILVER""]",,,,,25.0,CURRENT_HOLDING,0.75,PART_PROFIT_RULE,[74.85],74.85,,[],,,False,False,False,True,0.99,False,CURATED_PILOT,ASSISTANT_CURATED_RULE_REVIEW,84197c95e2d925a4,2026-05-28T14:57:28.435Z
6a18583d59359ea1faee919b,Book 50% profit in MU @935,Book 50% profit in MU @935,International Market,GLOBAL_EQUITY,TRADE_ACTION,REDUCE_POSITION,SINGLE_INSTRUMENT,,MU,"[""MU""]",,,,,50.0,CURRENT_HOLDING,0.5,EXPLICIT_PERCENT,[935.0],935.0,,[],,,False,False,False,True,0.99,False,AUTO_HIGH_CONFIDENCE,RULE_BASED_AND_CURATED,81ebc6dcbb329b5b,2026-05-28T14:59:09.686Z
6a1858d959359ea1faee91e3,Book 50% profit in silver @266300,Book 50% profit in silver @266300,MCX,INDIA_COMMODITY,TRADE_ACTION,REDUCE_POSITION,SINGLE_INSTRUMENT,,SILVER,"[""SILVER""]",,,,,50.0,CURRENT_HOLDING,0.5,EXPLICIT_PERCENT,[266300.0],266300.0,,[],,,False,False,False,True,0.99,False,CURATED_PILOT,ASSISTANT_CURATED_RULE_REVIEW,e13694cedd6ac506,2026-05-28T15:01:45.256Z
6a185a7659359ea1faee92cc,Book 50% profit in soxl @225.39,Book 50% profit in soxl @225.39,International Market,GLOBAL_EQUITY,TRADE_ACTION,REDUCE_POSITION,SINGLE_INSTRUMENT,,SOXL,"[""SOXL""]",,,,,50.0,CURRENT_HOLDING,0.5,EXPLICIT_PERCENT,[225.39],225.39,,[],,,False,False,False,True,0.99,False,CURATED_PILOT,ASSISTANT_CURATED_RULE_REVIEW,d1ba43d890368269,2026-05-28T15:08:38.397Z
6a185b9259359ea1faee92fb,Book 50% profit in APP @ 597,Book 50% profit in APP @ 597,International Market,GLOBAL_EQUITY,TRADE_ACTION,REDUCE_POSITION,SINGLE_INSTRUMENT,,APP,"[""APP""]",,,,,50.0,CURRENT_HOLDING,0.5,EXPLICIT_PERCENT,[597.0],597.0,,[],,,False,False,False,True,0.99,False,AUTO_HIGH_CONFIDENCE,RULE_BASED_AND_CURATED,26dfcae7a5cc80b6,2026-05-28T15:13:22.267Z
6a185bd059359ea1faee9326,Book 50% profit in smci @41.80,Book 50% profit in smci @41.80,International Market,GLOBAL_EQUITY,TRADE_ACTION,REDUCE_POSITION,SINGLE_INSTRUMENT,,SMCI,"[""SMCI""]",,,,,50.0,CURRENT_HOLDING,0.5,EXPLICIT_PERCENT,[41.8],41.8,,[],,,False,False,False,True,0.99,False,AUTO_HIGH_CONFIDENCE,RULE_BASED_AND_CURATED,f9c36d85927e314b,2026-05-28T15:14:24.316Z
6a185c6e59359ea1faee9349,Book profit in xom @436 (buying was suggested at 106.80),Book profit in xom @436 (buying was suggested at 106.80),International Market,GLOBAL_EQUITY,TRADE_ACTION,CLOSE_POSITION,SINGLE_INSTRUMENT,,XOM,"[""XOM""]",,,,,100.0,CURRENT_HOLDING,0.0,FULL_EXIT_RULE,[436.0],436.0,,[],,,False,False,False,True,0.96,False,AUTO_HIGH_CONFIDENCE,RULE_BASED_AND_CURATED,31258d8a9030ac10,2026-05-28T15:17:02.958Z
6a185cd659359ea1faee9396,50% Profit Book in Copper @ 6.40,50% Profit Book in Copper @ 6.40,International Market,GLOBAL_COMMODITY,TRADE_ACTION,REDUCE_POSITION,SINGLE_INSTRUMENT,,COPPER,"[""COPPER""]",,,,,50.0,CURRENT_HOLDING,0.5,EXPLICIT_PERCENT,[6.4],6.4,,[],,,False,False,False,True,0.99,False,AUTO_HIGH_CONFIDENCE,RULE_BASED_AND_CURATED,5b77b208ffae4724,2026-05-28T15:18:47.000Z
6a18634359359ea1faee9448,Book 50% profit in crude @8641,Book 50% profit in crude @8641,MCX,INDIA_COMMODITY,TRADE_ACTION,REDUCE_POSITION,SINGLE_INSTRUMENT,,CRUDE,"[""CRUDE""]",,,,,50.0,CURRENT_HOLDING,0.5,EXPLICIT_PERCENT,[8641.0],8641.0,,[],,,False,False,False,True,0.99,False,AUTO_HIGH_CONFIDENCE,RULE_BASED_AND_CURATED,a372d3eacbd0b8a8,2026-05-28T15:46:11.462Z
6a1863a459359ea1faee9458,Book profit in STX @905,Book profit in STX @905,International Market,GLOBAL_EQUITY,TRADE_ACTION,CLOSE_POSITION,SINGLE_INSTRUMENT,,STX,"[""STX""]",,,,,100.0,CURRENT_HOLDING,0.0,FULL_EXIT_RULE,[905.0],905.0,,[],,,False,False,False,True,0.96,False,AUTO_HIGH_CONFIDENCE,RULE_BASED_AND_CURATED,85567fee14de4452,2026-05-28T15:47:48.305Z
6a1865fa59359ea1faee9523,Hold NG with sl 3.30,Hold NG with sl 3.30,MCX,INDIA_COMMODITY,TRADE_UPDATE,UPDATE_STOP_LOSS,SINGLE_INSTRUMENT,,NATURAL_GAS,"[""NATURAL_GAS""]",,,,,,NONE,,NOT_APPLICABLE,[],,3.3,[],,,False,False,False,True,0.99,False,CURATED_PILOT,ASSISTANT_CURATED_RULE_REVIEW,14ebe26bcb465a7e,2026-05-28T15:57:46.305Z
6a18660a59359ea1faee9538,Ignore NG message,Ignore NG message,MCX,INDIA_COMMODITY,TRADE_CONTROL,CANCEL_PREVIOUS,NONE,,,[],,,,,,NONE,,NOT_APPLICABLE,[],,,[],,,False,False,True,False,0.98,False,CURATED_PILOT,ASSISTANT_CURATED_RULE_REVIEW,0b678591bf7a4b91,2026-05-28T15:58:02.293Z
6a18769f59359ea1faee98d3,Buy 50% crude @8534 with sl 8350 for target 8800-9000,Buy 50% crude @8534 with sl 8350 for target 8800-9000,MCX,INDIA_COMMODITY,TRADE_ACTION,OPEN_LONG,SINGLE_INSTRUMENT,,CRUDE,"[""CRUDE""]",,,,LONG,50.0,MODEL_ALLOCATION,,EXPLICIT_PERCENT,[8534.0],8534.0,8350.0,"[8800.0, 9000.0]",8800.0,9000.0,False,False,False,True,0.98,False,AUTO_HIGH_CONFIDENCE,RULE_BASED_AND_CURATED,8f2af79d7c6c5bd4,2026-05-28T17:08:47.038Z
6a1876f559359ea1faee98e4,Book 50% profit in Russell @2940,Book 50% profit in Russell @2940,International Market,GLOBAL_INDEX_OR_MACRO,TRADE_ACTION,REDUCE_POSITION,SINGLE_INSTRUMENT,,RUSSELL,"[""RUSSELL""]",,,,,50.0,CURRENT_HOLDING,0.5,EXPLICIT_PERCENT,[2940.0],2940.0,,[],,,False,False,False,True,0.99,False,CURATED_PILOT,ASSISTANT_CURATED_RULE_REVIEW,02520a0940bad166,2026-05-28T17:10:13.439Z
6a187cd759359ea1faee9a18,Book 50% profit in OKTA @ 96.00,Book 50% profit in OKTA @ 96.00,International Market,GLOBAL_EQUITY,TRADE_ACTION,REDUCE_POSITION,SINGLE_INSTRUMENT,,OKTA,"[""OKTA""]",,,,,50.0,CURRENT_HOLDING,0.5,EXPLICIT_PERCENT,[96.0],96.0,,[],,,False,False,False,True,0.99,False,AUTO_HIGH_CONFIDENCE,RULE_BASED_AND_CURATED,c24947d3cbdea016,2026-05-28T17:35:19.033Z
6a187d6a59359ea1faee9a77,Book 50% profit in PLTR @141.50,Book 50% profit in PLTR @141.50,International Market,GLOBAL_EQUITY,TRADE_ACTION,REDUCE_POSITION,SINGLE_INSTRUMENT,,PLTR,"[""PLTR""]",,,,,50.0,CURRENT_HOLDING,0.5,EXPLICIT_PERCENT,[141.5],141.5,,[],,,False,False,False,True,0.99,False,CURATED_PILOT,ASSISTANT_CURATED_RULE_REVIEW,23605deca5a503c3,2026-05-28T17:37:46.221Z
6a18851859359ea1faee9aea,Book 50% profit in mdb @330,Book 50% profit in mdb @330,International Market,GLOBAL_EQUITY,TRADE_ACTION,REDUCE_POSITION,SINGLE_INSTRUMENT,,MDB,"[""MDB""]",,,,,50.0,CURRENT_HOLDING,0.5,EXPLICIT_PERCENT,[330.0],330.0,,[],,,False,False,False,True,0.99,False,AUTO_HIGH_CONFIDENCE,RULE_BASED_AND_CURATED,722b3f72791ac455,2026-05-28T18:10:32.069Z
6a1908d059359ea1faee9e23,SELL NG @316.90 SL 325 TGT 300,SELL NG @316.90 SL 325 TGT 300,MCX,INDIA_COMMODITY,TRADE_ACTION,OPEN_SHORT,SINGLE_INSTRUMENT,,NATURAL_GAS,"[""NATURAL_GAS""]",,,,SHORT,100.0,MODEL_ALLOCATION,,DEFAULT_FULL_ALLOCATION,[316.9],316.9,325.0,[300.0],300.0,,False,False,False,True,0.96,False,AUTO_HIGH_CONFIDENCE,RULE_BASED_AND_CURATED,ea859f2df168f99c,2026-05-29T03:32:32.712Z
6a19093559359ea1faee9e62,SELL COPPER (JUN) @1358 SL 1366 TGT 1340-1332,SELL COPPER (JUN) @1358 SL 1366 TGT 1340-1332,MCX,INDIA_COMMODITY,TRADE_ACTION,OPEN_SHORT,SINGLE_INSTRUMENT,,COPPER,"[""COPPER""]",JUN,,,SHORT,100.0,MODEL_ALLOCATION,,DEFAULT_FULL_ALLOCATION,[1358.0],1358.0,1366.0,"[1340.0, 1332.0]",1340.0,1332.0,False,False,False,True,0.96,False,CURATED_PILOT,ASSISTANT_CURATED_RULE_REVIEW,fdf2fc1a3e977e40,2026-05-29T03:34:13.083Z
6a190c3059359ea1faee9f30,50% PROFIT BOOK IN TCS @2320,50% PROFIT BOOK IN TCS @2320,NSE,INDIA_EQUITY,TRADE_ACTION,REDUCE_POSITION,SINGLE_INSTRUMENT,,TCS,"[""TCS""]",,,,,50.0,CURRENT_HOLDING,0.5,EXPLICIT_PERCENT,[2320.0],2320.0,,[],,,False,False,False,True,0.99,False,AUTO_HIGH_CONFIDENCE,RULE_BASED_AND_CURATED,038425136d6191cf,2026-05-29T03:46:56.303Z
6a190c5d59359ea1faee9f49,FULL PROFIT BOOK IN VEDL @354,FULL PROFIT BOOK IN VEDL @354,NSE,INDIA_EQUITY,TRADE_ACTION,CLOSE_POSITION,SINGLE_INSTRUMENT,,VEDL,"[""VEDL""]",,,,,100.0,CURRENT_HOLDING,0.0,FULL_EXIT_RULE,[354.0],354.0,,[],,,False,False,False,True,0.99,False,AUTO_HIGH_CONFIDENCE,RULE_BASED_AND_CURATED,f74226db3e82bda4,2026-05-29T03:47:41.767Z
6a190d7459359ea1faee9f9a,FULL PROFIT BOOK IN TCS @2330,FULL PROFIT BOOK IN TCS @2330,NSE,INDIA_EQUITY,TRADE_ACTION,CLOSE_POSITION,SINGLE_INSTRUMENT,,TCS,"[""TCS""]",,,,,100.0,CURRENT_HOLDING,0.0,FULL_EXIT_RULE,[2330.0],2330.0,,[],,,False,False,False,True,0.99,False,CURATED_PILOT,ASSISTANT_CURATED_RULE_REVIEW,6aaaf5bb21c21c41,2026-05-29T03:52:20.683Z
6a190db359359ea1faee9fdb,FULL PROFIT BOOK IN WIPRO @189.50,FULL PROFIT BOOK IN WIPRO @189.50,NSE,INDIA_EQUITY,TRADE_ACTION,CLOSE_POSITION,SINGLE_INSTRUMENT,,WIPRO,"[""WIPRO""]",,,,,100.0,CURRENT_HOLDING,0.0,FULL_EXIT_RULE,[189.5],189.5,,[],,,False,False,False,True,0.99,False,AUTO_HIGH_CONFIDENCE,RULE_BASED_AND_CURATED,7d86946483d713f6,2026-05-29T03:53:23.555Z
6a190ecc59359ea1faeea04e,FULL PROFIT BOOK IN MARUTI @13600,FULL PROFIT BOOK IN MARUTI @13600,NSE,INDIA_EQUITY,TRADE_ACTION,CLOSE_POSITION,SINGLE_INSTRUMENT,,MARUTI,"[""MARUTI""]",,,,,100.0,CURRENT_HOLDING,0.0,FULL_EXIT_RULE,[13600.0],13600.0,,[],,,False,False,False,True,0.99,False,AUTO_HIGH_CONFIDENCE,RULE_BASED_AND_CURATED,eb0d926718016454,2026-05-29T03:58:04.643Z
6a190eec59359ea1faeea05b,FULL PROFIT BOOK IN ULTRACEMCO @11830,FULL PROFIT BOOK IN ULTRACEMCO @11830,NSE,INDIA_EQUITY,TRADE_ACTION,CLOSE_POSITION,SINGLE_INSTRUMENT,,ULTRACEMCO,"[""ULTRACEMCO""]",,,,,100.0,CURRENT_HOLDING,0.0,FULL_EXIT_RULE,[11830.0],11830.0,,[],,,False,False,False,True,0.99,False,CURATED_PILOT,ASSISTANT_CURATED_RULE_REVIEW,e918c7b0ae5a24b3,2026-05-29T03:58:36.562Z
6a19111159359ea1faeea0e4,FULL PROFIT BOOK IN LAURUSLABS @1400,FULL PROFIT BOOK IN LAURUSLABS @1400,NSE,INDIA_EQUITY,TRADE_ACTION,CLOSE_POSITION,SINGLE_INSTRUMENT,,LAURUSLABS,"[""LAURUSLABS""]",,,,,100.0,CURRENT_HOLDING,0.0,FULL_EXIT_RULE,[1400.0],1400.0,,[],,,False,False,False,True,0.99,False,AUTO_HIGH_CONFIDENCE,RULE_BASED_AND_CURATED,9246b6025135c151,2026-05-29T04:07:45.473Z
6a1915f259359ea1faeea1a8,BUY CRUDE MINI @8400 SL 8200 TGT 8800-8900,BUY CRUDE MINI @8400 SL 8200 TGT 8800-8900,MCX,INDIA_COMMODITY,TRADE_ACTION,OPEN_LONG,SINGLE_INSTRUMENT,,CRUDE_MINI,"[""CRUDE_MINI""]",,,,LONG,100.0,MODEL_ALLOCATION,,DEFAULT_FULL_ALLOCATION,[8400.0],8400.0,8200.0,"[8800.0, 8900.0]",8800.0,8900.0,False,False,False,True,0.98,False,AUTO_HIGH_CONFIDENCE,RULE_BASED_AND_CURATED,6051cd9b35ddbc1e,2026-05-29T04:28:34.727Z
6a1926a159359ea1faeea2b2,HOLD RELIANCE FOR NEXT WEEK,HOLD RELIANCE FOR NEXT WEEK,NSE,INDIA_EQUITY,TRADE_UPDATE,HOLD_POSITION,SINGLE_INSTRUMENT,,RELIANCE,"[""RELIANCE""]",,,,,,NONE,,NOT_APPLICABLE,[],,,[],,,False,False,False,True,0.97,False,CURATED_PILOT,ASSISTANT_CURATED_RULE_REVIEW,d17668d763a22633,2026-05-29T05:39:45.547Z
6a192ce459359ea1faeea3c6,50% PROFIT BOOK IN COPPER(JUNE) @1354,50% PROFIT BOOK IN COPPER(JUNE) @1354,MCX,INDIA_COMMODITY,TRADE_ACTION,REDUCE_POSITION,SINGLE_INSTRUMENT,,COPPER,"[""COPPER""]",JUN,,,,50.0,CURRENT_HOLDING,0.5,EXPLICIT_PERCENT,[1354.0],1354.0,,[],,,False,False,False,True,0.99,False,AUTO_HIGH_CONFIDENCE,RULE_BASED_AND_CURATED,a6410ab179b6bf32,2026-05-29T06:06:28.207Z
6a192d4c59359ea1faeea46e,50% PROFIT BOOK IN KOTAKBANK@393.50,50% PROFIT BOOK IN KOTAKBANK @393.50,NSE,INDIA_EQUITY,TRADE_ACTION,REDUCE_POSITION,SINGLE_INSTRUMENT,,KOTAKBANK,"[""KOTAKBANK""]",,,,,50.0,CURRENT_HOLDING,0.5,EXPLICIT_PERCENT,[393.5],393.5,,[],,,False,False,False,True,0.99,False,AUTO_HIGH_CONFIDENCE,RULE_BASED_AND_CURATED,b78302f66d81d4c1,2026-05-29T06:08:12.751Z
6a1935ce59359ea1faeea4c0,INTRADAY 50% PROFIT BOOK IN NIFTY @23922,INTRADAY 50% PROFIT BOOK IN NIFTY @23922,NSE,INDIA_EQUITY,TRADE_ACTION,REDUCE_POSITION,SINGLE_INSTRUMENT,,NIFTY,"[""NIFTY""]",,,,,50.0,CURRENT_HOLDING,0.5,EXPLICIT_PERCENT,[23922.0],23922.0,,[],,,False,False,False,True,0.99,False,AUTO_HIGH_CONFIDENCE,RULE_BASED_AND_CURATED,a7d063afa302d0a7,2026-05-29T06:44:30.771Z
6a193fba59359ea1faeea5b3,INTRADAY 50% PROFIT BOOK IN BANKNIFTY @55050,INTRADAY 50% PROFIT BOOK IN BANKNIFTY @55050,NSE,INDIA_EQUITY,TRADE_ACTION,REDUCE_POSITION,SINGLE_INSTRUMENT,,BANKNIFTY,"[""BANKNIFTY""]",,,,,50.0,CURRENT_HOLDING,0.5,EXPLICIT_PERCENT,[55050.0],55050.0,,[],,,False,False,False,True,0.99,False,CURATED_PILOT,ASSISTANT_CURATED_RULE_REVIEW,8e2b31294c999c41,2026-05-29T07:26:50.872Z
6a19499959359ea1faeea5fa,INTRADAY TRADERS PART PROFIT BOOK IN SILVER @266850,INTRADAY TRADERS PART PROFIT BOOK IN SILVER @266850,MCX,INDIA_COMMODITY,TRADE_ACTION,REDUCE_POSITION,SINGLE_INSTRUMENT,,SILVER,"[""SILVER""]",,,,,25.0,CURRENT_HOLDING,0.75,PART_PROFIT_RULE,[266850.0],266850.0,,[],,,False,False,False,True,0.99,False,AUTO_HIGH_CONFIDENCE,RULE_BASED_AND_CURATED,b9d12463b5c6a43d,2026-05-29T08:08:57.811Z
6a1949b659359ea1faeea600,PART PROFIT BOOK IN CRUDE MINI @8513,PART PROFIT BOOK IN CRUDE MINI @8513,MCX,INDIA_COMMODITY,TRADE_ACTION,REDUCE_POSITION,SINGLE_INSTRUMENT,,CRUDE_MINI,"[""CRUDE_MINI""]",,,,,25.0,CURRENT_HOLDING,0.75,PART_PROFIT_RULE,[8513.0],8513.0,,[],,,False,False,False,True,0.99,False,AUTO_HIGH_CONFIDENCE,RULE_BASED_AND_CURATED,625866e1541bdade,2026-05-29T08:09:26.230Z
6a1949fd59359ea1faeea60a,PART PROFIT BOOK IN SBIN @968,PART PROFIT BOOK IN SBIN @968,NSE,INDIA_EQUITY,TRADE_ACTION,REDUCE_POSITION,SINGLE_INSTRUMENT,,SBIN,"[""SBIN""]",,,,,25.0,CURRENT_HOLDING,0.75,PART_PROFIT_RULE,[968.0],968.0,,[],,,False,False,False,True,0.99,False,AUTO_HIGH_CONFIDENCE,RULE_BASED_AND_CURATED,248bfc20214a1051,2026-05-29T08:10:37.893Z
6a19512c59359ea1faeea6bb,Day traders book part profit in silver july @ 75.35,Day traders book part profit in silver july @ 75.35,International Market,GLOBAL_COMMODITY,TRADE_ACTION,REDUCE_POSITION,SINGLE_INSTRUMENT,,SILVER,"[""SILVER""]",JUL,,,,25.0,CURRENT_HOLDING,0.75,PART_PROFIT_RULE,[75.35],75.35,,[],,,False,False,False,True,0.99,False,AUTO_HIGH_CONFIDENCE,RULE_BASED_AND_CURATED,db24dc3a766de0a1,2026-05-29T08:41:16.853Z
6a19538459359ea1faeea6ef,DAY TRADERS PART PROFIT BOOK IN AXISBANK @1300.50,DAY TRADERS PART PROFIT BOOK IN AXISBANK @1300.50,NSE,INDIA_EQUITY,TRADE_ACTION,REDUCE_POSITION,SINGLE_INSTRUMENT,,AXISBANK,"[""AXISBANK""]",,,,,25.0,CURRENT_HOLDING,0.75,PART_PROFIT_RULE,[1300.5],1300.5,,[],,,False,False,False,True,0.99,False,AUTO_HIGH_CONFIDENCE,RULE_BASED_AND_CURATED,e6e332870bfdb378,2026-05-29T08:51:16.769Z
6a195b5059359ea1faeea969,BUY CRUDE MINI @8350 SL 8200 TGT 8550-8800,BUY CRUDE MINI @8350 SL 8200 TGT 8550-8800,MCX,INDIA_COMMODITY,TRADE_ACTION,OPEN_LONG,SINGLE_INSTRUMENT,,CRUDE_MINI,"[""CRUDE_MINI""]",,,,LONG,100.0,MODEL_ALLOCATION,,DEFAULT_FULL_ALLOCATION,[8350.0],8350.0,8200.0,"[8550.0, 8800.0]",8550.0,8800.0,False,False,False,True,0.98,False,CURATED_PILOT,ASSISTANT_CURATED_RULE_REVIEW,0c6fdb9502f6f62b,2026-05-29T09:24:32.253Z
6a195d1059359ea1faeea9ca,PART PROFIT BOOK IN NIFTY @23750,PART PROFIT BOOK IN NIFTY @23750,NSE,INDIA_EQUITY,TRADE_ACTION,REDUCE_POSITION,SINGLE_INSTRUMENT,,NIFTY,"[""NIFTY""]",,,,,25.0,CURRENT_HOLDING,0.75,PART_PROFIT_RULE,[23750.0],23750.0,,[],,,False,False,False,True,0.99,False,AUTO_HIGH_CONFIDENCE,RULE_BASED_AND_CURATED,4772b31b0957e773,2026-05-29T09:32:00.987Z
6a195d8a59359ea1faeea9d7,DAY TRADERS PART PROFIT BOOK IN BANKNIFTY @54601,DAY TRADERS PART PROFIT BOOK IN BANKNIFTY @54601,NSE,INDIA_EQUITY,TRADE_ACTION,REDUCE_POSITION,SINGLE_INSTRUMENT,,BANKNIFTY,"[""BANKNIFTY""]",,,,,25.0,CURRENT_HOLDING,0.75,PART_PROFIT_RULE,[54601.0],54601.0,,[],,,False,False,False,True,0.99,False,AUTO_HIGH_CONFIDENCE,RULE_BASED_AND_CURATED,b037402b11d780d9,2026-05-29T09:34:02.234Z
6a19957e59359ea1faeeaf83,50% Profit Book in DELL@ 415,50% Profit Book in DELL @ 415,International Market,GLOBAL_EQUITY,TRADE_ACTION,REDUCE_POSITION,SINGLE_INSTRUMENT,,DELL,"[""DELL""]",,,,,50.0,CURRENT_HOLDING,0.5,EXPLICIT_PERCENT,[415.0],415.0,,[],,,False,False,False,True,0.99,False,AUTO_HIGH_CONFIDENCE,RULE_BASED_AND_CURATED,db828cb6673e278b,2026-05-29T13:32:46.391Z
6a19961559359ea1faeeaf90,50% Profit Book in OKTA@ 111,50% Profit Book in OKTA @ 111,International Market,GLOBAL_EQUITY,TRADE_ACTION,REDUCE_POSITION,SINGLE_INSTRUMENT,,OKTA,"[""OKTA""]",,,,,50.0,CURRENT_HOLDING,0.5,EXPLICIT_PERCENT,[111.0],111.0,,[],,,False,False,False,True,0.99,False,AUTO_HIGH_CONFIDENCE,RULE_BASED_AND_CURATED,ccc395b780f5e66e,2026-05-29T13:35:17.956Z
6a19965259359ea1faeeafb7,Profit book in MDB@ 337,Profit book in MDB @ 337,International Market,GLOBAL_EQUITY,TRADE_ACTION,CLOSE_POSITION,SINGLE_INSTRUMENT,,MDB,"[""MDB""]",,,,,100.0,CURRENT_HOLDING,0.0,FULL_EXIT_RULE,[337.0],337.0,,[],,,False,False,False,True,0.96,False,AUTO_HIGH_CONFIDENCE,RULE_BASED_AND_CURATED,f0932ad20ff29819,2026-05-29T13:36:18.249Z
6a1996c559359ea1faeeafc4,Full Profit book in MU@ 956,Full Profit book in MU @ 956,International Market,GLOBAL_EQUITY,TRADE_ACTION,CLOSE_POSITION,SINGLE_INSTRUMENT,,MU,"[""MU""]",,,,,100.0,CURRENT_HOLDING,0.0,FULL_EXIT_RULE,[956.0],956.0,,[],,,False,False,False,True,0.99,False,CURATED_PILOT,ASSISTANT_CURATED_RULE_REVIEW,03733953399813a5,2026-05-29T13:38:13.998Z
6a19972f59359ea1faeeafee,50% Profit Book in AVGO@ 441,50% Profit Book in AVGO @ 441,International Market,GLOBAL_EQUITY,TRADE_ACTION,REDUCE_POSITION,SINGLE_INSTRUMENT,,AVGO,"[""AVGO""]",,,,,50.0,CURRENT_HOLDING,0.5,EXPLICIT_PERCENT,[441.0],441.0,,[],,,False,False,False,True,0.99,False,CURATED_PILOT,ASSISTANT_CURATED_RULE_REVIEW,16426381640b9f7e,2026-05-29T13:39:59.385Z
6a19978259359ea1faeeaffe,50% Profit Book in AAPL@ 315,50% Profit Book in AAPL @ 315,International Market,GLOBAL_EQUITY,TRADE_ACTION,REDUCE_POSITION,SINGLE_INSTRUMENT,,AAPL,"[""AAPL""]",,,,,50.0,CURRENT_HOLDING,0.5,EXPLICIT_PERCENT,[315.0],315.0,,[],,,False,False,False,True,0.99,False,AUTO_HIGH_CONFIDENCE,RULE_BASED_AND_CURATED,e2673d8c5c8756d8,2026-05-29T13:41:22.908Z
6a19981959359ea1faeeb039,Full Profit book in NASDAQ @ 30380,Full Profit book in NASDAQ @ 30380,International Market,GLOBAL_INDEX_OR_MACRO,TRADE_ACTION,CLOSE_POSITION,SINGLE_INSTRUMENT,,NASDAQ,"[""NASDAQ""]",,,,,100.0,CURRENT_HOLDING,0.0,FULL_EXIT_RULE,[30380.0],30380.0,,[],,,False,False,False,True,0.99,False,AUTO_HIGH_CONFIDENCE,RULE_BASED_AND_CURATED,62b4390274e07128,2026-05-29T13:43:53.667Z
6a19985c59359ea1faeeb060,Full Profit book in S&P@ 7588,Full Profit book in S&P @ 7588,International Market,GLOBAL_INDEX_OR_MACRO,TRADE_ACTION,CLOSE_POSITION,SINGLE_INSTRUMENT,,SP500,"[""SP500""]",,,,,100.0,CURRENT_HOLDING,0.0,FULL_EXIT_RULE,[7588.0],7588.0,,[],,,False,False,False,True,0.99,False,AUTO_HIGH_CONFIDENCE,RULE_BASED_AND_CURATED,19ce7a2152c179c8,2026-05-29T13:45:00.413Z
6a19989059359ea1faeeb070,50% Profit Book in DOW@ 50880,50% Profit Book in DOW @ 50880,International Market,GLOBAL_INDEX_OR_MACRO,TRADE_ACTION,REDUCE_POSITION,SINGLE_INSTRUMENT,,DOW,"[""DOW""]",,,,,50.0,CURRENT_HOLDING,0.5,EXPLICIT_PERCENT,[50880.0],50880.0,,[],,,False,False,False,True,0.99,False,AUTO_HIGH_CONFIDENCE,RULE_BASED_AND_CURATED,eb52ac2f731657ba,2026-05-29T13:45:52.914Z
6a19998f59359ea1faeeb0a4,Full Profit book in OKTA @ 114,Full Profit book in OKTA @ 114,International Market,GLOBAL_EQUITY,TRADE_ACTION,CLOSE_POSITION,SINGLE_INSTRUMENT,,OKTA,"[""OKTA""]",,,,,100.0,CURRENT_HOLDING,0.0,FULL_EXIT_RULE,[114.0],114.0,,[],,,False,False,False,True,0.99,False,AUTO_HIGH_CONFIDENCE,RULE_BASED_AND_CURATED,40cd3b9185871f57,2026-05-29T13:50:07.136Z
6a199c2659359ea1faeeb15f,Book 50% profit in MRVL @208.50,Book 50% profit in MRVL @208.50,International Market,GLOBAL_EQUITY,TRADE_ACTION,REDUCE_POSITION,SINGLE_INSTRUMENT,,MRVL,"[""MRVL""]",,,,,50.0,CURRENT_HOLDING,0.5,EXPLICIT_PERCENT,[208.5],208.5,,[],,,False,False,False,True,0.99,False,AUTO_HIGH_CONFIDENCE,RULE_BASED_AND_CURATED,7b336e04c646da6d,2026-05-29T14:01:10.654Z
6a199c8859359ea1faeeb1ca,Buy amd @ 520 with sl 515 for target 525-535,Buy amd @ 520 with sl 515 for target 525-535,International Market,GLOBAL_EQUITY,TRADE_ACTION,OPEN_LONG,SINGLE_INSTRUMENT,,AMD,"[""AMD""]",,,,LONG,100.0,MODEL_ALLOCATION,,DEFAULT_FULL_ALLOCATION,[520.0],520.0,515.0,"[525.0, 535.0]",525.0,535.0,False,False,False,True,0.98,False,AUTO_HIGH_CONFIDENCE,RULE_BASED_AND_CURATED,b2841c54e200f199,2026-05-29T14:02:48.160Z
6a199cc459359ea1faeeb244,Book profit in PLTR @154.60,Book profit in PLTR @154.60,International Market,GLOBAL_EQUITY,TRADE_ACTION,CLOSE_POSITION,SINGLE_INSTRUMENT,,PLTR,"[""PLTR""]",,,,,100.0,CURRENT_HOLDING,0.0,FULL_EXIT_RULE,[154.6],154.6,,[],,,False,False,False,True,0.96,False,AUTO_HIGH_CONFIDENCE,RULE_BASED_AND_CURATED,61bb7f58d7387f85,2026-05-29T14:03:48.911Z
6a199ce559359ea1faeeb260,Book profit in smci @48.00,Book profit in smci @48.00,International Market,GLOBAL_EQUITY,TRADE_ACTION,CLOSE_POSITION,SINGLE_INSTRUMENT,,SMCI,"[""SMCI""]",,,,,100.0,CURRENT_HOLDING,0.0,FULL_EXIT_RULE,[48.0],48.0,,[],,,False,False,False,True,0.96,False,CURATED_PILOT,ASSISTANT_CURATED_RULE_REVIEW,d4bad66388a8b75b,2026-05-29T14:04:21.571Z
6a199d9859359ea1faeeb285,Sell gold aug @4581 with SL 4622 for target 4450-4400,Sell gold aug @4581 with SL 4622 for target 4450-4400,International Market,GLOBAL_COMMODITY,TRADE_ACTION,OPEN_SHORT,SINGLE_INSTRUMENT,,GOLD,"[""GOLD""]",AUG,,,SHORT,100.0,MODEL_ALLOCATION,,DEFAULT_FULL_ALLOCATION,[4581.0],4581.0,4622.0,"[4450.0, 4400.0]",4450.0,4400.0,False,False,False,True,0.96,False,AUTO_HIGH_CONFIDENCE,RULE_BASED_AND_CURATED,b19ec4978c9fcd0c,2026-05-29T14:07:20.433Z
6a19a0a859359ea1faeeb2b7,Sell s&p500 @7585 with SL 7622 for target 7500-7450,Sell s&p500 @7585 with SL 7622 for target 7500-7450,International Market,GLOBAL_INDEX_OR_MACRO,TRADE_ACTION,OPEN_SHORT,SINGLE_INSTRUMENT,,SP500,"[""SP500""]",,,,SHORT,100.0,MODEL_ALLOCATION,,DEFAULT_FULL_ALLOCATION,[7585.0],7585.0,7622.0,"[7500.0, 7450.0]",7500.0,7450.0,False,False,False,True,0.96,False,AUTO_HIGH_CONFIDENCE,RULE_BASED_AND_CURATED,18f934b12f17dbef,2026-05-29T14:20:24.498Z
6a19a1d059359ea1faeeb2f5,Sell NASDAQ @ 30369 sl 30563 tgt 30000-29800,Sell NASDAQ @ 30369 sl 30563 tgt 30000-29800,International Market,GLOBAL_INDEX_OR_MACRO,TRADE_ACTION,OPEN_SHORT,SINGLE_INSTRUMENT,,NASDAQ,"[""NASDAQ""]",,,,SHORT,100.0,MODEL_ALLOCATION,,DEFAULT_FULL_ALLOCATION,[30369.0],30369.0,30563.0,"[30000.0, 29800.0]",30000.0,29800.0,False,False,False,True,0.96,False,AUTO_HIGH_CONFIDENCE,RULE_BASED_AND_CURATED,8d6b1f66e2d968d1,2026-05-29T14:25:20.690Z
6a19a4ba59359ea1faeeb32c,Day traders full Profit book in Copper jun@ 1347,Day traders full Profit book in Copper jun @ 1347,MCX,INDIA_COMMODITY,TRADE_ACTION,CLOSE_POSITION,SINGLE_INSTRUMENT,,COPPER,"[""COPPER""]",JUN,,,,100.0,CURRENT_HOLDING,0.0,FULL_EXIT_RULE,[1347.0],1347.0,,[],,,False,False,False,True,0.99,False,AUTO_HIGH_CONFIDENCE,RULE_BASED_AND_CURATED,8a30f8fcec302fc2,2026-05-29T14:37:46.156Z
6a19a5cd59359ea1faeeb3d7,Book 50% profit in copper @6.38,Book 50% profit in copper @6.38,International Market,GLOBAL_COMMODITY,TRADE_ACTION,REDUCE_POSITION,SINGLE_INSTRUMENT,,COPPER,"[""COPPER""]",,,,,50.0,CURRENT_HOLDING,0.5,EXPLICIT_PERCENT,[6.38],6.38,,[],,,False,False,False,True,0.99,False,AUTO_HIGH_CONFIDENCE,RULE_BASED_AND_CURATED,74de95b24f72f47a,2026-05-29T14:42:21.313Z
6a19b47659359ea1faeeb609,Hold gold aug with closing basis sl 4633 for next week,Hold gold aug with closing basis sl 4633 for next week,International Market,GLOBAL_COMMODITY,TRADE_UPDATE,UPDATE_STOP_LOSS,SINGLE_INSTRUMENT,,GOLD,"[""GOLD""]",AUG,,,,,NONE,,NOT_APPLICABLE,[],,4633.0,[],,,False,False,False,True,0.99,False,CURATED_PILOT,ASSISTANT_CURATED_RULE_REVIEW,adf449752a437da7,2026-05-29T15:44:54.738Z
6a19ecb959359ea1faeeb84a,Sell Dow @ 51060 with SL 51260 for target 50600-50200,Sell Dow @ 51060 with SL 51260 for target 50600-50200,International Market,GLOBAL_INDEX_OR_MACRO,TRADE_ACTION,OPEN_SHORT,SINGLE_INSTRUMENT,,DOW,"[""DOW""]",,,,SHORT,100.0,MODEL_ALLOCATION,,DEFAULT_FULL_ALLOCATION,[51060.0],51060.0,51260.0,"[50600.0, 50200.0]",50600.0,50200.0,False,False,False,True,0.96,False,CURATED_PILOT,ASSISTANT_CURATED_RULE_REVIEW,d6c1ca510330e1ee,2026-05-29T19:44:57.493Z
6a19ecde59359ea1faeeb857,Sell Russell @ 2919 with SL 2943 for target 2882-2856,Sell Russell @ 2919 with SL 2943 for target 2882-2856,International Market,GLOBAL_INDEX_OR_MACRO,TRADE_ACTION,OPEN_SHORT,SINGLE_INSTRUMENT,,RUSSELL,"[""RUSSELL""]",,,,SHORT,100.0,MODEL_ALLOCATION,,DEFAULT_FULL_ALLOCATION,[2919.0],2919.0,2943.0,"[2882.0, 2856.0]",2882.0,2856.0,False,False,False,True,0.96,False,CURATED_PILOT,ASSISTANT_CURATED_RULE_REVIEW,948efc7e48b9193d,2026-05-29T19:45:34.271Z
6a1cd8ed59359ea1faeebab4,Book 50% profit in silver July @75.80,Book 50% profit in silver July @75.80,International Market,GLOBAL_COMMODITY,TRADE_ACTION,REDUCE_POSITION,SINGLE_INSTRUMENT,,SILVER,"[""SILVER""]",JUL,,,,50.0,CURRENT_HOLDING,0.5,EXPLICIT_PERCENT,[75.8],75.8,,[],,,False,False,False,True,0.99,False,AUTO_HIGH_CONFIDENCE,RULE_BASED_AND_CURATED,9cf0064a80670af8,2026-06-01T00:57:17.482Z
6a1cd99659359ea1faeebac1,Hold NG with sl 3.42,Hold NG with sl 3.42,International Market,GLOBAL_COMMODITY,TRADE_UPDATE,UPDATE_STOP_LOSS,SINGLE_INSTRUMENT,,NATURAL_GAS,"[""NATURAL_GAS""]",,,,,,NONE,,NOT_APPLICABLE,[],,3.42,[],,,False,False,False,True,0.99,False,AUTO_HIGH_CONFIDENCE,RULE_BASED_AND_CURATED,05eceb462ed9a97b,2026-06-01T01:00:06.198Z
6a1cfcd759359ea1faeebb60,50% profit book in gold @160150,50% profit book in gold @160150,MCX,INDIA_COMMODITY,TRADE_ACTION,REDUCE_POSITION,SINGLE_INSTRUMENT,,GOLD,"[""GOLD""]",,,,,50.0,CURRENT_HOLDING,0.5,EXPLICIT_PERCENT,[160150.0],160150.0,,[],,,False,False,False,True,0.99,False,AUTO_HIGH_CONFIDENCE,RULE_BASED_AND_CURATED,1e9091ee86cf4aa4,2026-06-01T03:30:31.701Z
6a1cfd1959359ea1faeebbad,50% PROFIT BOOK IN CRUDE MINI @8513,50% PROFIT BOOK IN CRUDE MINI @8513,MCX,INDIA_COMMODITY,TRADE_ACTION,REDUCE_POSITION,SINGLE_INSTRUMENT,,CRUDE_MINI,"[""CRUDE_MINI""]",,,,,50.0,CURRENT_HOLDING,0.5,EXPLICIT_PERCENT,[8513.0],8513.0,,[],,,False,False,False,True,0.99,False,AUTO_HIGH_CONFIDENCE,RULE_BASED_AND_CURATED,bc17310295c904f6,2026-06-01T03:31:37.283Z
6a1cfe5459359ea1faeebc0a,SELL COPPER @1355 SL 1362 TGT 1345,SELL COPPER @1355 SL 1362 TGT 1345,MCX,INDIA_COMMODITY,TRADE_ACTION,OPEN_SHORT,SINGLE_INSTRUMENT,,COPPER,"[""COPPER""]",,,,SHORT,100.0,MODEL_ALLOCATION,,DEFAULT_FULL_ALLOCATION,[1355.0],1355.0,1362.0,[1345.0],1345.0,,False,False,False,True,0.96,False,CURATED_PILOT,ASSISTANT_CURATED_RULE_REVIEW,ffdf7045fb563894,2026-06-01T03:36:52.892Z
6a1cfee459359ea1faeebc87,REST 50% POSITION HOLD IN SILVER WITH SL 269000,REST 50% POSITION HOLD IN SILVER WITH SL 269000,MCX,INDIA_COMMODITY,TRADE_UPDATE,UPDATE_STOP_LOSS,SINGLE_INSTRUMENT,,SILVER,"[""SILVER""]",,,,,,NONE,,NOT_APPLICABLE,[],,269000.0,[],,,False,False,False,True,0.99,False,AUTO_HIGH_CONFIDENCE,RULE_BASED_AND_CURATED,273c14ef1320e046,2026-06-01T03:39:16.792Z
6a1cff4759359ea1faeebd5b,FULL PROFIT BOOK IN GOLD @159750,FULL PROFIT BOOK IN GOLD @159750,MCX,INDIA_COMMODITY,TRADE_ACTION,CLOSE_POSITION,SINGLE_INSTRUMENT,,GOLD,"[""GOLD""]",,,,,100.0,CURRENT_HOLDING,0.0,FULL_EXIT_RULE,[159750.0],159750.0,,[],,,False,False,False,True,0.99,False,AUTO_HIGH_CONFIDENCE,RULE_BASED_AND_CURATED,a1f4ac6ff823f9a9,2026-06-01T03:40:55.129Z
6a1cffc259359ea1faeebdc6,FULL PROFIT BOOK IN SILVER @266250,FULL PROFIT BOOK IN SILVER @266250,MCX,INDIA_COMMODITY,TRADE_ACTION,CLOSE_POSITION,SINGLE_INSTRUMENT,,SILVER,"[""SILVER""]",,,,,100.0,CURRENT_HOLDING,0.0,FULL_EXIT_RULE,[266250.0],266250.0,,[],,,False,False,False,True,0.99,False,AUTO_HIGH_CONFIDENCE,RULE_BASED_AND_CURATED,fff285e97436d25b,2026-06-01T03:42:58.483Z
6a1cfff459359ea1faeebe09,WAIT FOR BUYING TOMORROW IN SILVER & GOLD,WAIT FOR BUYING TOMORROW IN SILVER & GOLD,MCX,INDIA_COMMODITY,NON_TRADE,WAIT_NO_ACTION,MULTI_INSTRUMENT,,,"[""GOLD"", ""SILVER""]",,,,,,NONE,,NOT_APPLICABLE,[],,,[],,,False,True,True,False,0.95,False,CURATED_PILOT,ASSISTANT_CURATED_RULE_REVIEW,28d26f7462309c74,2026-06-01T03:43:48.574Z
6a1d00e759359ea1faeebeb6,BUY BSE @4185 SL 4130 TGT 4300,BUY BSE @4185 SL 4130 TGT 4300,NSE,INDIA_EQUITY,TRADE_ACTION,OPEN_LONG,SINGLE_INSTRUMENT,,BSE,"[""BSE""]",,,,LONG,100.0,MODEL_ALLOCATION,,DEFAULT_FULL_ALLOCATION,[4185.0],4185.0,4130.0,[4300.0],4300.0,,False,False,False,True,0.98,False,AUTO_HIGH_CONFIDENCE,RULE_BASED_AND_CURATED,5600269217300cef,2026-06-01T03:47:51.639Z
6a1d012859359ea1faeebeca,50% PROFIT BOOK IN HINDALCO @1142,50% PROFIT BOOK IN HINDALCO @1142,NSE,INDIA_EQUITY,TRADE_ACTION,REDUCE_POSITION,SINGLE_INSTRUMENT,,HINDALCO,"[""HINDALCO""]",,,,,50.0,CURRENT_HOLDING,0.5,EXPLICIT_PERCENT,[1142.0],1142.0,,[],,,False,False,False,True,0.99,False,AUTO_HIGH_CONFIDENCE,RULE_BASED_AND_CURATED,de53831ce3dbc30c,2026-06-01T03:48:56.717Z
6a1d014259359ea1faeebede,BUY BHARATFORG @1948 SL 1930 TGT 1980-2000,BUY BHARATFORG @1948 SL 1930 TGT 1980-2000,NSE,INDIA_EQUITY,TRADE_ACTION,OPEN_LONG,SINGLE_INSTRUMENT,,BHARATFORG,"[""BHARATFORG""]",,,,LONG,100.0,MODEL_ALLOCATION,,DEFAULT_FULL_ALLOCATION,[1948.0],1948.0,1930.0,"[1980.0, 2000.0]",1980.0,2000.0,False,False,False,True,0.98,False,AUTO_HIGH_CONFIDENCE,RULE_BASED_AND_CURATED,fa990e7a66178f23,2026-06-01T03:49:22.786Z
6a1d017c59359ea1faeebef2,POSITIONAL BUY HDFCBANK @740 SL 700 TGT 800-850,POSITIONAL BUY HDFCBANK @740 SL 700 TGT 800-850,NSE,INDIA_EQUITY,TRADE_ACTION,OPEN_LONG,SINGLE_INSTRUMENT,,HDFCBANK,"[""HDFCBANK""]",,,,LONG,100.0,MODEL_ALLOCATION,,DEFAULT_FULL_ALLOCATION,[740.0],740.0,700.0,"[800.0, 850.0]",800.0,850.0,False,False,False,True,0.98,False,AUTO_HIGH_CONFIDENCE,RULE_BASED_AND_CURATED,f1b02d23795c306a,2026-06-01T03:50:20.025Z
6a1d01a459359ea1faeebf06,BUY ASIANPAINT @2756 SL 2720 TGT 2800-2840,BUY ASIANPAINT @2756 SL 2720 TGT 2800-2840,NSE,INDIA_EQUITY,TRADE_ACTION,OPEN_LONG,SINGLE_INSTRUMENT,,ASIANPAINT,"[""ASIANPAINT""]",,,,LONG,100.0,MODEL_ALLOCATION,,DEFAULT_FULL_ALLOCATION,[2756.0],2756.0,2720.0,"[2800.0, 2840.0]",2800.0,2840.0,False,False,False,True,0.98,False,CURATED_PILOT,ASSISTANT_CURATED_RULE_REVIEW,305f7c1b8451250d,2026-06-01T03:51:00.656Z
6a1d01b159359ea1faeebf1a,50% PROFIT BOOK IN AXISBANK @1292,50% PROFIT BOOK IN AXISBANK @1292,NSE,INDIA_EQUITY,TRADE_ACTION,REDUCE_POSITION,SINGLE_INSTRUMENT,,AXISBANK,"[""AXISBANK""]",,,,,50.0,CURRENT_HOLDING,0.5,EXPLICIT_PERCENT,[1292.0],1292.0,,[],,,False,False,False,True,0.99,False,AUTO_HIGH_CONFIDENCE,RULE_BASED_AND_CURATED,55fbe5a402f5e946,2026-06-01T03:51:13.137Z
6a1d01d659359ea1faeebf27,BUY BEL @410.50 SL 400 TGT 430-440,BUY BEL @410.50 SL 400 TGT 430-440,NSE,INDIA_EQUITY,TRADE_ACTION,OPEN_LONG,SINGLE_INSTRUMENT,,BEL,"[""BEL""]",,,,LONG,100.0,MODEL_ALLOCATION,,DEFAULT_FULL_ALLOCATION,[410.5],410.5,400.0,"[430.0, 440.0]",430.0,440.0,False,False,False,True,0.98,False,AUTO_HIGH_CONFIDENCE,RULE_BASED_AND_CURATED,8c509a5d4fdb7c3f,2026-06-01T03:51:50.772Z
6a1d027759359ea1faeebff8,BUY KOTAKBANK @386 SL 382 TGT 390-394,BUY KOTAKBANK @386 SL 382 TGT 390-394,NSE,INDIA_EQUITY,TRADE_ACTION,OPEN_LONG,SINGLE_INSTRUMENT,,KOTAKBANK,"[""KOTAKBANK""]",,,,LONG,100.0,MODEL_ALLOCATION,,DEFAULT_FULL_ALLOCATION,[386.0],386.0,382.0,"[390.0, 394.0]",390.0,394.0,False,False,False,True,0.98,False,AUTO_HIGH_CONFIDENCE,RULE_BASED_AND_CURATED,5f0e2cc241cd747d,2026-06-01T03:54:31.399Z
6a1d02fb59359ea1faeec03b,50% PROFIT BOOK IN UNIONBANK @169,50% PROFIT BOOK IN UNIONBANK @169,NSE,INDIA_EQUITY,TRADE_ACTION,REDUCE_POSITION,SINGLE_INSTRUMENT,,UNIONBANK,"[""UNIONBANK""]",,,,,50.0,CURRENT_HOLDING,0.5,EXPLICIT_PERCENT,[169.0],169.0,,[],,,False,False,False,True,0.99,False,AUTO_HIGH_CONFIDENCE,RULE_BASED_AND_CURATED,172a263040e26cd3,2026-06-01T03:56:43.844Z
6a1d04cf59359ea1faeec0c6,BUY M&M @ 3020 SL 2980 TGT 3140,BUY M&M @ 3020 SL 2980 TGT 3140,NSE,INDIA_EQUITY,TRADE_ACTION,OPEN_LONG,SINGLE_INSTRUMENT,,M&M,"[""M&M""]",,,,LONG,100.0,MODEL_ALLOCATION,,DEFAULT_FULL_ALLOCATION,[3020.0],3020.0,2980.0,[3140.0],3140.0,,False,False,False,True,0.98,False,AUTO_HIGH_CONFIDENCE,RULE_BASED_AND_CURATED,49c2e82652667df9,2026-06-01T04:04:31.164Z
6a1d04e959359ea1faeec0df,BUY ICICIBANK @1266 SL 1248 TGT 1285-1385,BUY ICICIBANK @1266 SL 1248 TGT 1285-1385,NSE,INDIA_EQUITY,TRADE_ACTION,OPEN_LONG,SINGLE_INSTRUMENT,,ICICIBANK,"[""ICICIBANK""]",,,,LONG,100.0,MODEL_ALLOCATION,,DEFAULT_FULL_ALLOCATION,[1266.0],1266.0,1248.0,"[1285.0, 1385.0]",1285.0,1385.0,False,False,False,True,0.98,False,AUTO_HIGH_CONFIDENCE,RULE_BASED_AND_CURATED,89f70282293a0457,2026-06-01T04:04:57.792Z
6a1d053559359ea1faeec10e,BUY WIPRO @191 SL 187.50 TGT 195-200,BUY WIPRO @191 SL 187.50 TGT 195-200,NSE,INDIA_EQUITY,TRADE_ACTION,OPEN_LONG,SINGLE_INSTRUMENT,,WIPRO,"[""WIPRO""]",,,,LONG,100.0,MODEL_ALLOCATION,,DEFAULT_FULL_ALLOCATION,[191.0],191.0,187.5,"[195.0, 200.0]",195.0,200.0,False,False,False,True,0.98,False,AUTO_HIGH_CONFIDENCE,RULE_BASED_AND_CURATED,57031715f9e68b3c,2026-06-01T04:06:13.175Z
6a1d05e659359ea1faeec14d,HOLD BSE WITH SL 4100,HOLD BSE WITH SL 4100,NSE,INDIA_EQUITY,TRADE_UPDATE,UPDATE_STOP_LOSS,SINGLE_INSTRUMENT,,BSE,"[""BSE""]",,,,,,NONE,,NOT_APPLICABLE,[],,4100.0,[],,,False,False,False,True,0.99,False,CURATED_PILOT,ASSISTANT_CURATED_RULE_REVIEW,4752bc9b8030319c,2026-06-01T04:09:10.339Z
6a1d061359359ea1faeec166,HOLD ASIANPAINT WITH SL 2719,HOLD ASIANPAINT WITH SL 2719,NSE,INDIA_EQUITY,TRADE_UPDATE,UPDATE_STOP_LOSS,SINGLE_INSTRUMENT,,ASIANPAINT,"[""ASIANPAINT""]",,,,,,NONE,,NOT_APPLICABLE,[],,2719.0,[],,,False,False,False,True,0.99,False,AUTO_HIGH_CONFIDENCE,RULE_BASED_AND_CURATED,59e5169792b5dcc1,2026-06-01T04:09:55.171Z
6a1d063d59359ea1faeec17f,FULL PROFIT BOOK IN UNIONBANK @168,FULL PROFIT BOOK IN UNIONBANK @168,NSE,INDIA_EQUITY,TRADE_ACTION,CLOSE_POSITION,SINGLE_INSTRUMENT,,UNIONBANK,"[""UNIONBANK""]",,,,,100.0,CURRENT_HOLDING,0.0,FULL_EXIT_RULE,[168.0],168.0,,[],,,False,False,False,True,0.99,False,AUTO_HIGH_CONFIDENCE,RULE_BASED_AND_CURATED,b3c8a29baa3b4787,2026-06-01T04:10:37.783Z
6a1d077159359ea1faeec236,SL TOUCH IN BSE,SL TOUCH IN BSE,NSE,INDIA_EQUITY,TRADE_ACTION,CLOSE_POSITION,SINGLE_INSTRUMENT,,BSE,"[""BSE""]",,,,,100.0,CURRENT_HOLDING,0.0,FULL_EXIT_RULE,[],,,[],,,False,False,False,True,0.99,False,AUTO_HIGH_CONFIDENCE,RULE_BASED_AND_CURATED,860e126501b972b1,2026-06-01T04:15:45.874Z
6a1d0ebe59359ea1faeec39d,SELL INFY @1210 SL 1232 TGT 1182-1162,SELL INFY @1210 SL 1232 TGT 1182-1162,NSE,INDIA_EQUITY,TRADE_ACTION,OPEN_SHORT,SINGLE_INSTRUMENT,,INFY,"[""INFY""]",,,,SHORT,100.0,MODEL_ALLOCATION,,DEFAULT_FULL_ALLOCATION,[1210.0],1210.0,1232.0,"[1182.0, 1162.0]",1182.0,1162.0,False,False,False,True,0.96,False,CURATED_PILOT,ASSISTANT_CURATED_RULE_REVIEW,5a9e4fd445daf49f,2026-06-01T04:46:54.303Z
6a1d12ef59359ea1faeec4c3,50% BUY NIFTY @23581 SL 23500 TGT 23750,50% BUY NIFTY @23581 SL 23500 TGT 23750,NSE,INDIA_EQUITY,TRADE_ACTION,OPEN_LONG,SINGLE_INSTRUMENT,,NIFTY,"[""NIFTY""]",,,,LONG,50.0,MODEL_ALLOCATION,,EXPLICIT_PERCENT,[23581.0],23581.0,23500.0,[23750.0],23750.0,,False,False,False,True,0.98,False,AUTO_HIGH_CONFIDENCE,RULE_BASED_AND_CURATED,eda4cebc04d10e9a,2026-06-01T05:04:47.334Z
6a1d1d1d59359ea1faeec5b3,50% PROFIT BOOK IN NIFTY @23690,50% PROFIT BOOK IN NIFTY @23690,NSE,INDIA_EQUITY,TRADE_ACTION,REDUCE_POSITION,SINGLE_INSTRUMENT,,NIFTY,"[""NIFTY""]",,,,,50.0,CURRENT_HOLDING,0.5,EXPLICIT_PERCENT,[23690.0],23690.0,,[],,,False,False,False,True,0.99,False,AUTO_HIGH_CONFIDENCE,RULE_BASED_AND_CURATED,97f23b58d70bc9f2,2026-06-01T05:48:13.260Z
6a1d1e1b59359ea1faeec5e1,SL TOUCH IN ASIANPAINT,SL TOUCH IN ASIANPAINT,NSE,INDIA_EQUITY,TRADE_ACTION,CLOSE_POSITION,SINGLE_INSTRUMENT,,ASIANPAINT,"[""ASIANPAINT""]",,,,,100.0,CURRENT_HOLDING,0.0,FULL_EXIT_RULE,[],,,[],,,False,False,False,True,0.99,False,CURATED_PILOT,ASSISTANT_CURATED_RULE_REVIEW,9bb79068a51c1573,2026-06-01T05:52:27.224Z
6a1d271759359ea1faeec6ee,FULL PROFIT BOOK IN AXISBANK @1283,FULL PROFIT BOOK IN AXISBANK @1283,NSE,INDIA_EQUITY,TRADE_ACTION,CLOSE_POSITION,SINGLE_INSTRUMENT,,AXISBANK,"[""AXISBANK""]",,,,,100.0,CURRENT_HOLDING,0.0,FULL_EXIT_RULE,[1283.0],1283.0,,[],,,False,False,False,True,0.99,False,AUTO_HIGH_CONFIDENCE,RULE_BASED_AND_CURATED,b7d35ec02d9f6ff8,2026-06-01T06:30:47.142Z
6a1d39ec59359ea1faeec7b2,HOLD BANKNIFTY WITH SL 53800,HOLD BANKNIFTY WITH SL 53800,NSE,INDIA_EQUITY,TRADE_UPDATE,UPDATE_STOP_LOSS,SINGLE_INSTRUMENT,,BANKNIFTY,"[""BANKNIFTY""]",,,,,,NONE,,NOT_APPLICABLE,[],,53800.0,[],,,False,False,False,True,0.99,False,CURATED_PILOT,ASSISTANT_CURATED_RULE_REVIEW,8dc939ef9ed77549,2026-06-01T07:51:08.107Z
6a1d408459359ea1faeec89d,HOLD KOTAKBANK WITH SL 378,HOLD KOTAKBANK WITH SL 378,NSE,INDIA_EQUITY,TRADE_UPDATE,UPDATE_STOP_LOSS,SINGLE_INSTRUMENT,,KOTAKBANK,"[""KOTAKBANK""]",,,,,,NONE,,NOT_APPLICABLE,[],,378.0,[],,,False,False,False,True,0.99,False,CURATED_PILOT,ASSISTANT_CURATED_RULE_REVIEW,31718a215324e54c,2026-06-01T08:19:16.640Z
6a1d449b59359ea1faeec8df,HOLD NIFTY WITH SL 23450,HOLD NIFTY WITH SL 23450,NSE,INDIA_EQUITY,TRADE_UPDATE,UPDATE_STOP_LOSS,SINGLE_INSTRUMENT,,NIFTY,"[""NIFTY""]",,,,,,NONE,,NOT_APPLICABLE,[],,23450.0,[],,,False,False,False,True,0.99,False,CURATED_PILOT,ASSISTANT_CURATED_RULE_REVIEW,7b73203d8a1a0a78,2026-06-01T08:36:43.507Z
6a1d567659359ea1faeeca3a,SL TOUCH IN COPPER,SL TOUCH IN COPPER,MCX,INDIA_COMMODITY,TRADE_ACTION,CLOSE_POSITION,SINGLE_INSTRUMENT,,COPPER,"[""COPPER""]",,,,,100.0,CURRENT_HOLDING,0.0,FULL_EXIT_RULE,[],,,[],,,False,False,False,True,0.99,False,AUTO_HIGH_CONFIDENCE,RULE_BASED_AND_CURATED,2eeb3f82dd4ed16e,2026-06-01T09:52:54.243Z
6a1d56ca59359ea1faeeca61,50% PROFIT BOOK IN TMPV @384.25,50% PROFIT BOOK IN TMPV @384.25,NSE,INDIA_EQUITY,TRADE_ACTION,REDUCE_POSITION,SINGLE_INSTRUMENT,,TMPV,"[""TMPV""]",,,,,50.0,CURRENT_HOLDING,0.5,EXPLICIT_PERCENT,[384.25],384.25,,[],,,False,False,False,True,0.99,False,AUTO_HIGH_CONFIDENCE,RULE_BASED_AND_CURATED,06b0ecdacdfbfc36,2026-06-01T09:54:18.109Z
6a1d579c59359ea1faeecae8,50% PROFIT BOOK IN INFY @1204,50% PROFIT BOOK IN INFY @1204,NSE,INDIA_EQUITY,TRADE_ACTION,REDUCE_POSITION,SINGLE_INSTRUMENT,,INFY,"[""INFY""]",,,,,50.0,CURRENT_HOLDING,0.5,EXPLICIT_PERCENT,[1204.0],1204.0,,[],,,False,False,False,True,0.99,False,AUTO_HIGH_CONFIDENCE,RULE_BASED_AND_CURATED,fa18ae46c78077fd,2026-06-01T09:57:48.619Z
6a1d7c2659359ea1faeeccf6,50% Profit Book in NG@ 3.22,50% Profit Book in NG @ 3.22,International Market,GLOBAL_COMMODITY,TRADE_ACTION,REDUCE_POSITION,SINGLE_INSTRUMENT,,NATURAL_GAS,"[""NATURAL_GAS""]",,,,,50.0,CURRENT_HOLDING,0.5,EXPLICIT_PERCENT,[3.22],3.22,,[],,,False,False,False,True,0.99,False,CURATED_PILOT,ASSISTANT_CURATED_RULE_REVIEW,664fab6540c8633a,2026-06-01T12:33:42.240Z
6a1d7c9559359ea1faeecd12,50% Profit Book in NG @ 307,50% Profit Book in NG @ 307,MCX,INDIA_COMMODITY,TRADE_ACTION,REDUCE_POSITION,SINGLE_INSTRUMENT,,NATURAL_GAS,"[""NATURAL_GAS""]",,,,,50.0,CURRENT_HOLDING,0.5,EXPLICIT_PERCENT,[307.0],307.0,,[],,,False,False,False,True,0.99,False,AUTO_HIGH_CONFIDENCE,RULE_BASED_AND_CURATED,3f66fbf2c43bd77b,2026-06-01T12:35:33.368Z
6a1d861c59359ea1faeece77,Book 50% profit in gold aug @4515,Book 50% profit in gold aug @4515,International Market,GLOBAL_COMMODITY,TRADE_ACTION,REDUCE_POSITION,SINGLE_INSTRUMENT,,GOLD,"[""GOLD""]",AUG,,,,50.0,CURRENT_HOLDING,0.5,EXPLICIT_PERCENT,[4515.0],4515.0,,[],,,False,False,False,True,0.99,False,AUTO_HIGH_CONFIDENCE,RULE_BASED_AND_CURATED,632b65b6bec70bde,2026-06-01T13:16:12.507Z
6a1d89d959359ea1faeececd,Book profit in silver July @74.80,Book profit in silver July @74.80,International Market,GLOBAL_COMMODITY,TRADE_ACTION,CLOSE_POSITION,SINGLE_INSTRUMENT,,SILVER,"[""SILVER""]",JUL,,,,100.0,CURRENT_HOLDING,0.0,FULL_EXIT_RULE,[74.8],74.8,,[],,,False,False,False,True,0.96,False,AUTO_HIGH_CONFIDENCE,RULE_BASED_AND_CURATED,6700078f1c6a786e,2026-06-01T13:32:09.996Z
6a1d8a0559359ea1faeeceda,Book profit in gold aug @4495,Book profit in gold aug @4495,International Market,GLOBAL_COMMODITY,TRADE_ACTION,CLOSE_POSITION,SINGLE_INSTRUMENT,,GOLD,"[""GOLD""]",AUG,,,,100.0,CURRENT_HOLDING,0.0,FULL_EXIT_RULE,[4495.0],4495.0,,[],,,False,False,False,True,0.96,False,CURATED_PILOT,ASSISTANT_CURATED_RULE_REVIEW,53dedd4d0011c385,2026-06-01T13:32:53.024Z
6a1d8a2d59359ea1faeecee7,Book 50% profit in Russell @2894,Book 50% profit in Russell @2894,International Market,GLOBAL_INDEX_OR_MACRO,TRADE_ACTION,REDUCE_POSITION,SINGLE_INSTRUMENT,,RUSSELL,"[""RUSSELL""]",,,,,50.0,CURRENT_HOLDING,0.5,EXPLICIT_PERCENT,[2894.0],2894.0,,[],,,False,False,False,True,0.99,False,AUTO_HIGH_CONFIDENCE,RULE_BASED_AND_CURATED,49f6e1c22bf21a2f,2026-06-01T13:33:33.325Z
6a1d8acb59359ea1faeecf08,Buy MU @1022 with sl 999 for target 1045-1070,Buy MU @1022 with sl 999 for target 1045-1070,International Market,GLOBAL_EQUITY,TRADE_ACTION,OPEN_LONG,SINGLE_INSTRUMENT,,MU,"[""MU""]",,,,LONG,100.0,MODEL_ALLOCATION,,DEFAULT_FULL_ALLOCATION,[1022.0],1022.0,999.0,"[1045.0, 1070.0]",1045.0,1070.0,False,False,False,True,0.98,False,CURATED_PILOT,ASSISTANT_CURATED_RULE_REVIEW,07f97a91ae3b3798,2026-06-01T13:36:11.022Z
6a1d8b0459359ea1faeecf2f,Buy avgo @448 with SL 437 for target 460-470,Buy avgo @448 with SL 437 for target 460-470,International Market,GLOBAL_EQUITY,TRADE_ACTION,OPEN_LONG,SINGLE_INSTRUMENT,,AVGO,"[""AVGO""]",,,,LONG,100.0,MODEL_ALLOCATION,,DEFAULT_FULL_ALLOCATION,[448.0],448.0,437.0,"[460.0, 470.0]",460.0,470.0,False,False,False,True,0.98,False,AUTO_HIGH_CONFIDENCE,RULE_BASED_AND_CURATED,b7d3983f42473d15,2026-06-01T13:37:08.852Z
6a1d8b6b59359ea1faeecf60,Positional traders Book profit in dell @452,Positional traders Book profit in dell @452,International Market,GLOBAL_EQUITY,TRADE_ACTION,CLOSE_POSITION,SINGLE_INSTRUMENT,,DELL,"[""DELL""]",,,,,100.0,CURRENT_HOLDING,0.0,FULL_EXIT_RULE,[452.0],452.0,,[],,,False,False,False,True,0.96,False,AUTO_HIGH_CONFIDENCE,RULE_BASED_AND_CURATED,e9df1b468ce882cc,2026-06-01T13:38:51.428Z
6a1d8b9859359ea1faeecf8a,Buy panw @ 287 with SL 278 for target 295-325,Buy panw @ 287 with SL 278 for target 295-325,International Market,GLOBAL_EQUITY,TRADE_ACTION,OPEN_LONG,SINGLE_INSTRUMENT,,PANW,"[""PANW""]",,,,LONG,100.0,MODEL_ALLOCATION,,DEFAULT_FULL_ALLOCATION,[287.0],287.0,278.0,"[295.0, 325.0]",295.0,325.0,False,False,False,True,0.98,False,CURATED_PILOT,ASSISTANT_CURATED_RULE_REVIEW,a162a3e715392f64,2026-06-01T13:39:36.289Z
6a1d8bac59359ea1faeecf9b,Buy CRDO @ 236 with SL 228 for target 255-265,Buy CRDO @ 236 with SL 228 for target 255-265,International Market,GLOBAL_EQUITY,TRADE_ACTION,OPEN_LONG,SINGLE_INSTRUMENT,,CRDO,"[""CRDO""]",,,,LONG,100.0,MODEL_ALLOCATION,,DEFAULT_FULL_ALLOCATION,[236.0],236.0,228.0,"[255.0, 265.0]",255.0,265.0,False,False,False,True,0.98,False,CURATED_PILOT,ASSISTANT_CURATED_RULE_REVIEW,777595ca8bd9d5c0,2026-06-01T13:39:56.805Z
6a1d8d8559359ea1faeed010,BUY RKLB.@ 130 with S/L 124 for target 140-145.,BUY RKLB.@ 130 with S/L 124 for target 140-145.,International Market,GLOBAL_EQUITY,TRADE_ACTION,OPEN_LONG,SINGLE_INSTRUMENT,,RKLB,"[""RKLB""]",,,,LONG,100.0,MODEL_ALLOCATION,,DEFAULT_FULL_ALLOCATION,[130.0],130.0,124.0,"[140.0, 145.0]",140.0,145.0,False,False,False,True,0.98,False,AUTO_HIGH_CONFIDENCE,RULE_BASED_AND_CURATED,5fc4588877f092f8,2026-06-01T13:47:49.280Z
6a1d8dc859359ea1faeed01d,Hold CRDO with S/L 225,Hold CRDO with S/L 225,International Market,GLOBAL_EQUITY,TRADE_UPDATE,UPDATE_STOP_LOSS,SINGLE_INSTRUMENT,,CRDO,"[""CRDO""]",,,,,,NONE,,NOT_APPLICABLE,[],,225.0,[],,,False,False,False,True,0.99,False,AUTO_HIGH_CONFIDENCE,RULE_BASED_AND_CURATED,54ad483e47d1e748,2026-06-01T13:48:56.192Z
6a1d904d59359ea1faeed080,Book profit in INTU @ 354,Book profit in INTU @ 354,International Market,GLOBAL_EQUITY,TRADE_ACTION,CLOSE_POSITION,SINGLE_INSTRUMENT,,INTU,"[""INTU""]",,,,,100.0,CURRENT_HOLDING,0.0,FULL_EXIT_RULE,[354.0],354.0,,[],,,False,False,False,True,0.96,False,AUTO_HIGH_CONFIDENCE,RULE_BASED_AND_CURATED,196ef758381539da,2026-06-01T13:59:41.889Z
6a1d91e559359ea1faeed0b6,Again sell crude mini@ 8974 sl9100 tgt 8500-8360,Again sell crude mini @ 8974 sl9100 tgt 8500-8360,MCX,INDIA_COMMODITY,TRADE_ACTION,OPEN_SHORT,SINGLE_INSTRUMENT,,CRUDE_MINI,"[""CRUDE_MINI""]",,,,SHORT,100.0,MODEL_ALLOCATION,,DEFAULT_FULL_ALLOCATION,[8974.0],8974.0,9100.0,"[8500.0, 8360.0]",8500.0,8360.0,False,False,False,True,0.96,False,AUTO_HIGH_CONFIDENCE,RULE_BASED_AND_CURATED,7d8deb92c05f5b86,2026-06-01T14:06:29.945Z
6a1d96f059359ea1faeed158,Book profit in crwv @125,Book profit in crwv @125,International Market,GLOBAL_EQUITY,TRADE_ACTION,CLOSE_POSITION,SINGLE_INSTRUMENT,,CRWV,"[""CRWV""]",,,,,100.0,CURRENT_HOLDING,0.0,FULL_EXIT_RULE,[125.0],125.0,,[],,,False,False,False,True,0.96,False,AUTO_HIGH_CONFIDENCE,RULE_BASED_AND_CURATED,95000210d8f1e612,2026-06-01T14:28:00.056Z
6a1d970a59359ea1faeed1a2,Buy amd @ 501 with sl 480 for target 520-540,Buy amd @ 501 with sl 480 for target 520-540,International Market,GLOBAL_EQUITY,TRADE_ACTION,OPEN_LONG,SINGLE_INSTRUMENT,,AMD,"[""AMD""]",,,,LONG,100.0,MODEL_ALLOCATION,,DEFAULT_FULL_ALLOCATION,[501.0],501.0,480.0,"[520.0, 540.0]",520.0,540.0,False,False,False,True,0.98,False,AUTO_HIGH_CONFIDENCE,RULE_BASED_AND_CURATED,bbc17848a93ed0a0,2026-06-01T14:28:26.356Z
6a1d9d0659359ea1faeed1ea,50% Buy GEV@ 944 tgt 1040-1090,50% Buy GEV @ 944 tgt 1040-1090,International Market,GLOBAL_EQUITY,TRADE_ACTION,OPEN_LONG,SINGLE_INSTRUMENT,,GEV,"[""GEV""]",,,,LONG,50.0,MODEL_ALLOCATION,,EXPLICIT_PERCENT,[944.0],944.0,,"[1040.0, 1090.0]",1040.0,1090.0,False,False,False,True,0.98,False,CURATED_PILOT,ASSISTANT_CURATED_RULE_REVIEW,55e0729bb5d47775,2026-06-01T14:53:58.821Z
6a1da59e59359ea1faeed2b4,Book 50% profit in amd @514.67,Book 50% profit in amd @514.67,International Market,GLOBAL_EQUITY,TRADE_ACTION,REDUCE_POSITION,SINGLE_INSTRUMENT,,AMD,"[""AMD""]",,,,,50.0,CURRENT_HOLDING,0.5,EXPLICIT_PERCENT,[514.67],514.67,,[],,,False,False,False,True,0.99,False,AUTO_HIGH_CONFIDENCE,RULE_BASED_AND_CURATED,1112ff1961c8ac5f,2026-06-01T15:30:38.013Z
6a1da5b459359ea1faeed2db,Book 50% profit in AVGO @457.50,Book 50% profit in AVGO @457.50,International Market,GLOBAL_EQUITY,TRADE_ACTION,REDUCE_POSITION,SINGLE_INSTRUMENT,,AVGO,"[""AVGO""]",,,,,50.0,CURRENT_HOLDING,0.5,EXPLICIT_PERCENT,[457.5],457.5,,[],,,False,False,False,True,0.99,False,AUTO_HIGH_CONFIDENCE,RULE_BASED_AND_CURATED,25b6bc71bdaa2b52,2026-06-01T15:31:00.467Z
6a1da60d59359ea1faeed301,Buy 50% BE @ 274 with SL 260 for target 295-320,Buy 50% BE @ 274 with SL 260 for target 295-320,International Market,GLOBAL_EQUITY,TRADE_ACTION,OPEN_LONG,SINGLE_INSTRUMENT,,BE,"[""BE""]",,,,LONG,50.0,MODEL_ALLOCATION,,EXPLICIT_PERCENT,[274.0],274.0,260.0,"[295.0, 320.0]",295.0,320.0,False,False,False,True,0.98,False,AUTO_HIGH_CONFIDENCE,RULE_BASED_AND_CURATED,e7110cd819b193d7,2026-06-01T15:32:29.356Z
6a1da6ce59359ea1faeed328,Buy 50% soxl @ 229 for target 240-258,Buy 50% soxl @ 229 for target 240-258,International Market,GLOBAL_EQUITY,TRADE_ACTION,OPEN_LONG,SINGLE_INSTRUMENT,,SOXL,"[""SOXL""]",,,,LONG,50.0,MODEL_ALLOCATION,,EXPLICIT_PERCENT,[229.0],229.0,,"[240.0, 258.0]",240.0,258.0,False,False,False,True,0.98,False,AUTO_HIGH_CONFIDENCE,RULE_BASED_AND_CURATED,f40cf7ffce5b9e02,2026-06-01T15:35:42.035Z
6a1dbbd959359ea1faeed50f,Part Profit book in crude@ 8877,Part Profit book in crude @ 8877,MCX,INDIA_COMMODITY,TRADE_ACTION,REDUCE_POSITION,SINGLE_INSTRUMENT,,CRUDE,"[""CRUDE""]",,,,,25.0,CURRENT_HOLDING,0.75,PART_PROFIT_RULE,[8877.0],8877.0,,[],,,False,False,False,True,0.99,False,AUTO_HIGH_CONFIDENCE,RULE_BASED_AND_CURATED,64d959aba22830ee,2026-06-01T17:05:29.382Z
6a1e2a3e59359ea1faeed6a3,50% Profit Book in crude@ 92.28,50% Profit Book in crude @ 92.28,International Market,GLOBAL_COMMODITY,TRADE_ACTION,REDUCE_POSITION,SINGLE_INSTRUMENT,,CRUDE,"[""CRUDE""]",,,,,50.0,CURRENT_HOLDING,0.5,EXPLICIT_PERCENT,[92.28],92.28,,[],,,False,False,False,True,0.99,False,CURATED_PILOT,ASSISTANT_CURATED_RULE_REVIEW,82d5d8bbe69b2843,2026-06-02T00:56:30.797Z
6a1e2c4b59359ea1faeed6c3,Buy 50% gold aug @4511 with sl 4440 for target 4572-4600,Buy 50% gold aug @4511 with sl 4440 for target 4572-4600,International Market,GLOBAL_COMMODITY,TRADE_ACTION,OPEN_LONG,SINGLE_INSTRUMENT,,GOLD,"[""GOLD""]",AUG,,,LONG,50.0,MODEL_ALLOCATION,,EXPLICIT_PERCENT,[4511.0],4511.0,4440.0,"[4572.0, 4600.0]",4572.0,4600.0,False,False,False,True,0.98,False,AUTO_HIGH_CONFIDENCE,RULE_BASED_AND_CURATED,c10dfa3d9ed37fff,2026-06-02T01:05:15.498Z
6a1e2c8559359ea1faeed6d0,"Buy silver July @75.40 & 74.60 with sl 74,00 for target 77.00-78.00","Buy silver July @75.40 & 74.60 with sl 74,00 for target 77.00-78.00",International Market,GLOBAL_COMMODITY,TRADE_ACTION,OPEN_LONG,SINGLE_INSTRUMENT,,SILVER,"[""SILVER""]",JUL,,,LONG,100.0,MODEL_ALLOCATION,,DEFAULT_FULL_ALLOCATION,"[75.4, 74.6]",75.4,74.0,"[77.0, 78.0]",77.0,78.0,False,False,False,True,0.98,False,CURATED_PILOT,ASSISTANT_CURATED_RULE_REVIEW,023bd87f57a77125,2026-06-02T01:06:13.882Z
6a1e2ca359359ea1faeed6dd,Buy copper @6.55 with sl 6.49 for target 6.70,Buy copper @6.55 with sl 6.49 for target 6.70,International Market,GLOBAL_COMMODITY,TRADE_ACTION,OPEN_LONG,SINGLE_INSTRUMENT,,COPPER,"[""COPPER""]",,,,LONG,100.0,MODEL_ALLOCATION,,DEFAULT_FULL_ALLOCATION,[6.55],6.55,6.49,[6.7],6.7,,False,False,False,True,0.98,False,AUTO_HIGH_CONFIDENCE,RULE_BASED_AND_CURATED,8951c157344b2ba2,2026-06-02T01:06:43.284Z
6a1e4f5059359ea1faeed7bb,50% profit book in crude mini @8740,50% profit book in crude mini @8740,MCX,INDIA_COMMODITY,TRADE_ACTION,REDUCE_POSITION,SINGLE_INSTRUMENT,,CRUDE_MINI,"[""CRUDE_MINI""]",,,,,50.0,CURRENT_HOLDING,0.5,EXPLICIT_PERCENT,[8740.0],8740.0,,[],,,False,False,False,True,0.99,False,AUTO_HIGH_CONFIDENCE,RULE_BASED_AND_CURATED,fa7620d9e954339a,2026-06-02T03:34:40.614Z
6a1e513859359ea1faeed7f2,full profit book in ng @304,full profit book in ng @304,MCX,INDIA_COMMODITY,TRADE_ACTION,CLOSE_POSITION,SINGLE_INSTRUMENT,,NATURAL_GAS,"[""NATURAL_GAS""]",,,,,100.0,CURRENT_HOLDING,0.0,FULL_EXIT_RULE,[304.0],304.0,,[],,,False,False,False,True,0.99,False,AUTO_HIGH_CONFIDENCE,RULE_BASED_AND_CURATED,d62417fc9be5b418,2026-06-02T03:42:48.692Z
6a1e522159359ea1faeed89f,full profit book in tmpv @381,full profit book in tmpv @381,NSE,INDIA_EQUITY,TRADE_ACTION,CLOSE_POSITION,SINGLE_INSTRUMENT,,TMPV,"[""TMPV""]",,,,,100.0,CURRENT_HOLDING,0.0,FULL_EXIT_RULE,[381.0],381.0,,[],,,False,False,False,True,0.99,False,AUTO_HIGH_CONFIDENCE,RULE_BASED_AND_CURATED,16cdeb1c3b0e448c,2026-06-02T03:46:41.437Z
6a1e538359359ea1faeedbbe,BUY HINDPETRO @388 SL 384 TGT 397-400,BUY HINDPETRO @388 SL 384 TGT 397-400,NSE,INDIA_EQUITY,TRADE_ACTION,OPEN_LONG,SINGLE_INSTRUMENT,,HINDPETRO,"[""HINDPETRO""]",,,,LONG,100.0,MODEL_ALLOCATION,,DEFAULT_FULL_ALLOCATION,[388.0],388.0,384.0,"[397.0, 400.0]",397.0,400.0,False,False,False,True,0.98,False,CURATED_PILOT,ASSISTANT_CURATED_RULE_REVIEW,01cb570a31270fbd,2026-06-02T03:52:35.104Z
6a1e53d459359ea1faeedbe4,BUY COPPER @1365 SL 1360 TGT 1370-1374,BUY COPPER @1365 SL 1360 TGT 1370-1374,MCX,INDIA_COMMODITY,TRADE_ACTION,OPEN_LONG,SINGLE_INSTRUMENT,,COPPER,"[""COPPER""]",,,,LONG,100.0,MODEL_ALLOCATION,,DEFAULT_FULL_ALLOCATION,[1365.0],1365.0,1360.0,"[1370.0, 1374.0]",1370.0,1374.0,False,False,False,True,0.98,False,AUTO_HIGH_CONFIDENCE,RULE_BASED_AND_CURATED,e66161270d530959,2026-06-02T03:53:56.275Z
6a1e553459359ea1faeedc3c,BUY SBIN @954 SL 942 TGT 972,BUY SBIN @954 SL 942 TGT 972,NSE,INDIA_EQUITY,TRADE_ACTION,OPEN_LONG,SINGLE_INSTRUMENT,,SBIN,"[""SBIN""]",,,,LONG,100.0,MODEL_ALLOCATION,,DEFAULT_FULL_ALLOCATION,[954.0],954.0,942.0,[972.0],972.0,,False,False,False,True,0.98,False,AUTO_HIGH_CONFIDENCE,RULE_BASED_AND_CURATED,e6b1a05503fab735,2026-06-02T03:59:48.175Z
6a1e573059359ea1faeedc90,50% PROFIT BOOK IN WIPRO @192,50% PROFIT BOOK IN WIPRO @192,NSE,INDIA_EQUITY,TRADE_ACTION,REDUCE_POSITION,SINGLE_INSTRUMENT,,WIPRO,"[""WIPRO""]",,,,,50.0,CURRENT_HOLDING,0.5,EXPLICIT_PERCENT,[192.0],192.0,,[],,,False,False,False,True,0.99,False,CURATED_PILOT,ASSISTANT_CURATED_RULE_REVIEW,13faa404388a04ff,2026-06-02T04:08:16.915Z
6a1e57f759359ea1faeedcec,BUY UNIONBANK @164 SL 161 TGT 168-170,BUY UNIONBANK @164 SL 161 TGT 168-170,NSE,INDIA_EQUITY,TRADE_ACTION,OPEN_LONG,SINGLE_INSTRUMENT,,UNIONBANK,"[""UNIONBANK""]",,,,LONG,100.0,MODEL_ALLOCATION,,DEFAULT_FULL_ALLOCATION,[164.0],164.0,161.0,"[168.0, 170.0]",168.0,170.0,False,False,False,True,0.98,False,AUTO_HIGH_CONFIDENCE,RULE_BASED_AND_CURATED,1ad6973f64c02391,2026-06-02T04:11:35.147Z
6a1e615859359ea1faeee04a,FULL PROFIT BOOK IN WIPRO @195,FULL PROFIT BOOK IN WIPRO @195,NSE,INDIA_EQUITY,TRADE_ACTION,CLOSE_POSITION,SINGLE_INSTRUMENT,,WIPRO,"[""WIPRO""]",,,,,100.0,CURRENT_HOLDING,0.0,FULL_EXIT_RULE,[195.0],195.0,,[],,,False,False,False,True,0.99,False,AUTO_HIGH_CONFIDENCE,RULE_BASED_AND_CURATED,6606ac887c31f9e4,2026-06-02T04:51:36.539Z
6a1e61b959359ea1faeee07f,50% PROFIT BOOK IN COPPER @1368.50,50% PROFIT BOOK IN COPPER @1368.50,MCX,INDIA_COMMODITY,TRADE_ACTION,REDUCE_POSITION,SINGLE_INSTRUMENT,,COPPER,"[""COPPER""]",,,,,50.0,CURRENT_HOLDING,0.5,EXPLICIT_PERCENT,[1368.5],1368.5,,[],,,False,False,False,True,0.99,False,AUTO_HIGH_CONFIDENCE,RULE_BASED_AND_CURATED,9da220bf1e5098b5,2026-06-02T04:53:13.522Z
6a1e69e259359ea1faeee133,PART PROFIT BOOK IN GOLD @160120,PART PROFIT BOOK IN GOLD @160120,MCX,INDIA_COMMODITY,TRADE_ACTION,REDUCE_POSITION,SINGLE_INSTRUMENT,,GOLD,"[""GOLD""]",,,,,25.0,CURRENT_HOLDING,0.75,PART_PROFIT_RULE,[160120.0],160120.0,,[],,,False,False,False,True,0.99,False,AUTO_HIGH_CONFIDENCE,RULE_BASED_AND_CURATED,614742336ea62fe6,2026-06-02T05:28:02.668Z
6a1e69fc59359ea1faeee16c,PART PROFIT BOOK IN SILVER @268600,PART PROFIT BOOK IN SILVER @268600,MCX,INDIA_COMMODITY,TRADE_ACTION,REDUCE_POSITION,SINGLE_INSTRUMENT,,SILVER,"[""SILVER""]",,,,,25.0,CURRENT_HOLDING,0.75,PART_PROFIT_RULE,[268600.0],268600.0,,[],,,False,False,False,True,0.99,False,AUTO_HIGH_CONFIDENCE,RULE_BASED_AND_CURATED,2c9c93c7808bd8c8,2026-06-02T05:28:28.948Z
6a1e6b4759359ea1faeee1f3,FULL PROFIT BOOK IN COPPER @1374.40,FULL PROFIT BOOK IN COPPER @1374.40,MCX,INDIA_COMMODITY,TRADE_ACTION,CLOSE_POSITION,SINGLE_INSTRUMENT,,COPPER,"[""COPPER""]",,,,,100.0,CURRENT_HOLDING,0.0,FULL_EXIT_RULE,[1374.4],1374.4,,[],,,False,False,False,True,0.99,False,CURATED_PILOT,ASSISTANT_CURATED_RULE_REVIEW,1e84f25bdc6d3e24,2026-06-02T05:33:59.628Z
6a1e6ba559359ea1faeee24b,50% Profit Book in copper@ 6.61,50% Profit Book in copper @ 6.61,International Market,GLOBAL_COMMODITY,TRADE_ACTION,REDUCE_POSITION,SINGLE_INSTRUMENT,,COPPER,"[""COPPER""]",,,,,50.0,CURRENT_HOLDING,0.5,EXPLICIT_PERCENT,[6.61],6.61,,[],,,False,False,False,True,0.99,False,AUTO_HIGH_CONFIDENCE,RULE_BASED_AND_CURATED,9a51bf61d81661a3,2026-06-02T05:35:33.457Z
6a1e82ea59359ea1faeee755,INTRADAY 50% PROFIT BOOK IN NIFTY @23470,INTRADAY 50% PROFIT BOOK IN NIFTY @23470,NSE,INDIA_EQUITY,TRADE_ACTION,REDUCE_POSITION,SINGLE_INSTRUMENT,,NIFTY,"[""NIFTY""]",,,,,50.0,CURRENT_HOLDING,0.5,EXPLICIT_PERCENT,[23470.0],23470.0,,[],,,False,False,False,True,0.99,False,AUTO_HIGH_CONFIDENCE,RULE_BASED_AND_CURATED,a94bce792a7cdff2,2026-06-02T07:14:50.535Z
6a1e835259359ea1faeee7ac,INTRADAY 50% PROFIT BOOK IN BANKNIFTY @54000,INTRADAY 50% PROFIT BOOK IN BANKNIFTY @54000,NSE,INDIA_EQUITY,TRADE_ACTION,REDUCE_POSITION,SINGLE_INSTRUMENT,,BANKNIFTY,"[""BANKNIFTY""]",,,,,50.0,CURRENT_HOLDING,0.5,EXPLICIT_PERCENT,[54000.0],54000.0,,[],,,False,False,False,True,0.99,False,AUTO_HIGH_CONFIDENCE,RULE_BASED_AND_CURATED,1c8ab6f2a9e2b62b,2026-06-02T07:16:34.040Z
6a1e8e1159359ea1faeee8fe,INTRADAY FULL PROFIT BOOK IN NIFTY @23630,INTRADAY FULL PROFIT BOOK IN NIFTY @23630,NSE,INDIA_EQUITY,TRADE_ACTION,CLOSE_POSITION,SINGLE_INSTRUMENT,,NIFTY,"[""NIFTY""]",,,,,100.0,CURRENT_HOLDING,0.0,FULL_EXIT_RULE,[23630.0],23630.0,,[],,,False,False,False,True,0.99,False,AUTO_HIGH_CONFIDENCE,RULE_BASED_AND_CURATED,02d2a55a7d599360,2026-06-02T08:02:25.305Z
6a1e8e6059359ea1faeee967,50% PROFIT BOOK IN SBIN @965.85,50% PROFIT BOOK IN SBIN @965.85,NSE,INDIA_EQUITY,TRADE_ACTION,REDUCE_POSITION,SINGLE_INSTRUMENT,,SBIN,"[""SBIN""]",,,,,50.0,CURRENT_HOLDING,0.5,EXPLICIT_PERCENT,[965.85],965.85,,[],,,False,False,False,True,0.99,False,CURATED_PILOT,ASSISTANT_CURATED_RULE_REVIEW,d099252c84582e72,2026-06-02T08:03:44.604Z
6a1e9dde59359ea1faeeeb8a,50% SELL NIFTY @23585 TGT 23300-23000,50% SELL NIFTY @23585 TGT 23300-23000,NSE,INDIA_EQUITY,TRADE_ACTION,OPEN_SHORT,SINGLE_INSTRUMENT,,NIFTY,"[""NIFTY""]",,,,SHORT,50.0,MODEL_ALLOCATION,,EXPLICIT_PERCENT,[23585.0],23585.0,,"[23300.0, 23000.0]",23300.0,23000.0,False,False,False,True,0.97,False,CURATED_PILOT,ASSISTANT_CURATED_RULE_REVIEW,67125ff4c8540d76,2026-06-02T09:09:50.722Z
6a1e9df759359ea1faeeeba7,SELL INFY @1268 SL 1281 TGT 1230-1200,SELL INFY @1268 SL 1281 TGT 1230-1200,NSE,INDIA_EQUITY,TRADE_ACTION,OPEN_SHORT,SINGLE_INSTRUMENT,,INFY,"[""INFY""]",,,,SHORT,100.0,MODEL_ALLOCATION,,DEFAULT_FULL_ALLOCATION,[1268.0],1268.0,1281.0,"[1230.0, 1200.0]",1230.0,1200.0,False,False,False,True,0.96,False,CURATED_PILOT,ASSISTANT_CURATED_RULE_REVIEW,ff30567e74c4e963,2026-06-02T09:10:15.669Z
6a1e9e2059359ea1faeeebcc,SELL UNIONBANK @164 SL 167 TGT 161-160,SELL UNIONBANK @164 SL 167 TGT 161-160,NSE,INDIA_EQUITY,TRADE_ACTION,OPEN_SHORT,SINGLE_INSTRUMENT,,UNIONBANK,"[""UNIONBANK""]",,,,SHORT,100.0,MODEL_ALLOCATION,,DEFAULT_FULL_ALLOCATION,[164.0],164.0,167.0,"[161.0, 160.0]",161.0,160.0,False,False,False,True,0.96,False,AUTO_HIGH_CONFIDENCE,RULE_BASED_AND_CURATED,1a7b41ea9b47b3bf,2026-06-02T09:10:56.391Z
6a1e9e8959359ea1faeeec3c,SELL SBIN @962 SL 973 TGT 952-943,SELL SBIN @962 SL 973 TGT 952-943,NSE,INDIA_EQUITY,TRADE_ACTION,OPEN_SHORT,SINGLE_INSTRUMENT,,SBIN,"[""SBIN""]",,,,SHORT,100.0,MODEL_ALLOCATION,,DEFAULT_FULL_ALLOCATION,[962.0],962.0,973.0,"[952.0, 943.0]",952.0,943.0,False,False,False,True,0.96,False,AUTO_HIGH_CONFIDENCE,RULE_BASED_AND_CURATED,65a4c61b70dd8c97,2026-06-02T09:12:41.801Z
6a1ec90e59359ea1faeef61d,Full Profit book in copper@ 6.65,Full Profit book in copper @ 6.65,International Market,GLOBAL_COMMODITY,TRADE_ACTION,CLOSE_POSITION,SINGLE_INSTRUMENT,,COPPER,"[""COPPER""]",,,,,100.0,CURRENT_HOLDING,0.0,FULL_EXIT_RULE,[6.65],6.65,,[],,,False,False,False,True,0.99,False,AUTO_HIGH_CONFIDENCE,RULE_BASED_AND_CURATED,d7a42bbf48a0e79e,2026-06-02T12:14:06.107Z
6a1ed0f259359ea1faeef6b5,Intraday traders Full Profit book in Silver @270650,Intraday traders Full Profit book in Silver @270650,MCX,INDIA_COMMODITY,TRADE_ACTION,CLOSE_POSITION,SINGLE_INSTRUMENT,,SILVER,"[""SILVER""]",,,,,100.0,CURRENT_HOLDING,0.0,FULL_EXIT_RULE,[270650.0],270650.0,,[],,,False,False,False,True,0.99,False,AUTO_HIGH_CONFIDENCE,RULE_BASED_AND_CURATED,c21bad0e77ef9707,2026-06-02T12:47:46.354Z
6a1edb0659359ea1faeef810,Book 50% profit in SOXL @ 240.46,Book 50% profit in SOXL @ 240.46,International Market,GLOBAL_EQUITY,TRADE_ACTION,REDUCE_POSITION,SINGLE_INSTRUMENT,,SOXL,"[""SOXL""]",,,,,50.0,CURRENT_HOLDING,0.5,EXPLICIT_PERCENT,[240.46],240.46,,[],,,False,False,False,True,0.99,False,AUTO_HIGH_CONFIDENCE,RULE_BASED_AND_CURATED,0cceea0d8097728b,2026-06-02T13:30:46.556Z
6a1edb2559359ea1faeef81d,Book profit in AVGO @ 484,Book profit in AVGO @ 484,International Market,GLOBAL_EQUITY,TRADE_ACTION,CLOSE_POSITION,SINGLE_INSTRUMENT,,AVGO,"[""AVGO""]",,,,,100.0,CURRENT_HOLDING,0.0,FULL_EXIT_RULE,[484.0],484.0,,[],,,False,False,False,True,0.96,False,AUTO_HIGH_CONFIDENCE,RULE_BASED_AND_CURATED,ec6d78a890bf9dd5,2026-06-02T13:31:17.336Z
6a1edb3859359ea1faeef88c,Book 50% profit in BE @ 283.88,Book 50% profit in BE @ 283.88,International Market,GLOBAL_EQUITY,TRADE_ACTION,REDUCE_POSITION,SINGLE_INSTRUMENT,,BE,"[""BE""]",,,,,50.0,CURRENT_HOLDING,0.5,EXPLICIT_PERCENT,[283.88],283.88,,[],,,False,False,False,True,0.99,False,AUTO_HIGH_CONFIDENCE,RULE_BASED_AND_CURATED,b3aeec86eacc825a,2026-06-02T13:31:36.123Z
6a1edb5159359ea1faeef9ba,Book 50% profit in GEV @ 965.67,Book 50% profit in GEV @ 965.67,International Market,GLOBAL_EQUITY,TRADE_ACTION,REDUCE_POSITION,SINGLE_INSTRUMENT,,GEV,"[""GEV""]",,,,,50.0,CURRENT_HOLDING,0.5,EXPLICIT_PERCENT,[965.67],965.67,,[],,,False,False,False,True,0.99,False,AUTO_HIGH_CONFIDENCE,RULE_BASED_AND_CURATED,c0a3e784ae97e43a,2026-06-02T13:32:01.953Z
6a1edb7059359ea1faeefa0a,Book 50% profit in NVDA @ 227.00,Book 50% profit in NVDA @ 227.00,International Market,GLOBAL_EQUITY,TRADE_ACTION,REDUCE_POSITION,SINGLE_INSTRUMENT,,NVDA,"[""NVDA""]",,,,,50.0,CURRENT_HOLDING,0.5,EXPLICIT_PERCENT,[227.0],227.0,,[],,,False,False,False,True,0.99,False,AUTO_HIGH_CONFIDENCE,RULE_BASED_AND_CURATED,ff95a39614dca118,2026-06-02T13:32:32.560Z
6a1edc3159359ea1faeefb08,Book profit in MRVL @ 265,Book profit in MRVL @ 265,International Market,GLOBAL_EQUITY,TRADE_ACTION,CLOSE_POSITION,SINGLE_INSTRUMENT,,MRVL,"[""MRVL""]",,,,,100.0,CURRENT_HOLDING,0.0,FULL_EXIT_RULE,[265.0],265.0,,[],,,False,False,False,True,0.96,False,AUTO_HIGH_CONFIDENCE,RULE_BASED_AND_CURATED,efac7ce401edc839,2026-06-02T13:35:45.391Z
6a1ee6c859359ea1faeefcbd,Book 50% profit in MU @1060,Book 50% profit in MU @1060,International Market,GLOBAL_EQUITY,TRADE_ACTION,REDUCE_POSITION,SINGLE_INSTRUMENT,,MU,"[""MU""]",,,,,50.0,CURRENT_HOLDING,0.5,EXPLICIT_PERCENT,[1060.0],1060.0,,[],,,False,False,False,True,0.99,False,AUTO_HIGH_CONFIDENCE,RULE_BASED_AND_CURATED,6424ed5935825b60,2026-06-02T14:20:56.336Z
6a1ee6ef59359ea1faeefcd6,Buy HOOD @87.7 with SL 82 for target 95-100,Buy HOOD @87.7 with SL 82 for target 95-100,International Market,GLOBAL_EQUITY,TRADE_ACTION,OPEN_LONG,SINGLE_INSTRUMENT,,HOOD,"[""HOOD""]",,,,LONG,100.0,MODEL_ALLOCATION,,DEFAULT_FULL_ALLOCATION,[87.7],87.7,82.0,"[95.0, 100.0]",95.0,100.0,False,False,False,True,0.98,False,AUTO_HIGH_CONFIDENCE,RULE_BASED_AND_CURATED,26d405313d22441c,2026-06-02T14:21:35.736Z
6a1ee71a59359ea1faeefcf0,Buy amd @506 with SL 498 for target 520-530,Buy amd @506 with SL 498 for target 520-530,International Market,GLOBAL_EQUITY,TRADE_ACTION,OPEN_LONG,SINGLE_INSTRUMENT,,AMD,"[""AMD""]",,,,LONG,100.0,MODEL_ALLOCATION,,DEFAULT_FULL_ALLOCATION,[506.0],506.0,498.0,"[520.0, 530.0]",520.0,530.0,False,False,False,True,0.98,False,AUTO_HIGH_CONFIDENCE,RULE_BASED_AND_CURATED,848f61309f225950,2026-06-02T14:22:18.655Z
6a1ee73359359ea1faeefd09,Buy dell @455 with SL 444 for target 470-478,Buy dell @455 with SL 444 for target 470-478,International Market,GLOBAL_EQUITY,TRADE_ACTION,OPEN_LONG,SINGLE_INSTRUMENT,,DELL,"[""DELL""]",,,,LONG,100.0,MODEL_ALLOCATION,,DEFAULT_FULL_ALLOCATION,[455.0],455.0,444.0,"[470.0, 478.0]",470.0,478.0,False,False,False,True,0.98,False,AUTO_HIGH_CONFIDENCE,RULE_BASED_AND_CURATED,0f2ab84d97a4bce4,2026-06-02T14:22:43.752Z
6a1ee74659359ea1faeefd29,Book profit in BE @ 299.00,Book profit in BE @ 299.00,International Market,GLOBAL_EQUITY,TRADE_ACTION,CLOSE_POSITION,SINGLE_INSTRUMENT,,BE,"[""BE""]",,,,,100.0,CURRENT_HOLDING,0.0,FULL_EXIT_RULE,[299.0],299.0,,[],,,False,False,False,True,0.96,False,CURATED_PILOT,ASSISTANT_CURATED_RULE_REVIEW,1d4d9ca5a22e1148,2026-06-02T14:23:02.211Z
6a1ee76759359ea1faeefd7c,Buy crwd @758 with SL 748 for target 795-800,Buy crwd @758 with SL 748 for target 795-800,International Market,GLOBAL_EQUITY,TRADE_ACTION,OPEN_LONG,SINGLE_INSTRUMENT,,CRWD,"[""CRWD""]",,,,LONG,100.0,MODEL_ALLOCATION,,DEFAULT_FULL_ALLOCATION,[758.0],758.0,748.0,"[795.0, 800.0]",795.0,800.0,False,False,False,True,0.98,False,AUTO_HIGH_CONFIDENCE,RULE_BASED_AND_CURATED,62b4b2baa747c93f,2026-06-02T14:23:35.136Z
6a1ee7aa59359ea1faeefd8d,Buy 50% sndk @1735 for target 1779-1800,Buy 50% sndk @1735 for target 1779-1800,International Market,GLOBAL_EQUITY,TRADE_ACTION,OPEN_LONG,SINGLE_INSTRUMENT,,SNDK,"[""SNDK""]",,,,LONG,50.0,MODEL_ALLOCATION,,EXPLICIT_PERCENT,[1735.0],1735.0,,"[1779.0, 1800.0]",1779.0,1800.0,False,False,False,True,0.98,False,AUTO_HIGH_CONFIDENCE,RULE_BASED_AND_CURATED,139daf7430bb084a,2026-06-02T14:24:42.279Z
6a1ee7fe59359ea1faeefda6,Buy Russell @ 2920 & 2890 with SL 2880 for target 2940-2970.,Buy Russell @ 2920 & 2890 with SL 2880 for target 2940-2970.,International Market,GLOBAL_INDEX_OR_MACRO,TRADE_ACTION,OPEN_LONG,SINGLE_INSTRUMENT,,RUSSELL,"[""RUSSELL""]",,,,LONG,100.0,MODEL_ALLOCATION,,DEFAULT_FULL_ALLOCATION,"[2920.0, 2890.0]",2920.0,2880.0,"[2940.0, 2970.0]",2940.0,2970.0,False,False,False,True,0.98,False,CURATED_PILOT,ASSISTANT_CURATED_RULE_REVIEW,6bcc4051352e5279,2026-06-02T14:26:06.304Z
6a1ee8e459359ea1faeefdb5,Buy Dow @50968 with SL 50500 for target 51300-51400,Buy Dow @50968 with SL 50500 for target 51300-51400,International Market,GLOBAL_INDEX_OR_MACRO,TRADE_ACTION,OPEN_LONG,SINGLE_INSTRUMENT,,DOW,"[""DOW""]",,,,LONG,100.0,MODEL_ALLOCATION,,DEFAULT_FULL_ALLOCATION,[50968.0],50968.0,50500.0,"[51300.0, 51400.0]",51300.0,51400.0,False,False,False,True,0.98,False,AUTO_HIGH_CONFIDENCE,RULE_BASED_AND_CURATED,9b6696e3fd34f08b,2026-06-02T14:29:56.299Z
6a1ee91459359ea1faeefde7,Buy Nasdaq @30505 & 30200 with SL 30100 for target 30700-30900,Buy Nasdaq @30505 & 30200 with SL 30100 for target 30700-30900,International Market,GLOBAL_INDEX_OR_MACRO,TRADE_ACTION,OPEN_LONG,SINGLE_INSTRUMENT,,NASDAQ,"[""NASDAQ""]",,,,LONG,100.0,MODEL_ALLOCATION,,DEFAULT_FULL_ALLOCATION,"[30505.0, 30200.0]",30505.0,30100.0,"[30700.0, 30900.0]",30700.0,30900.0,False,False,False,True,0.98,False,CURATED_PILOT,ASSISTANT_CURATED_RULE_REVIEW,118cc020f1c1eca3,2026-06-02T14:30:44.022Z
6a1ee93659359ea1faeefe02,Buy s&p500 @ 7596 with SL 7550 for target 7640-7685,Buy s&p500 @ 7596 with SL 7550 for target 7640-7685,International Market,GLOBAL_INDEX_OR_MACRO,TRADE_ACTION,OPEN_LONG,SINGLE_INSTRUMENT,,SP500,"[""SP500""]",,,,LONG,100.0,MODEL_ALLOCATION,,DEFAULT_FULL_ALLOCATION,[7596.0],7596.0,7550.0,"[7640.0, 7685.0]",7640.0,7685.0,False,False,False,True,0.98,False,CURATED_PILOT,ASSISTANT_CURATED_RULE_REVIEW,2f1be27318aa2c69,2026-06-02T14:31:18.483Z
6a1ee99459359ea1faeefe42,Buy copper @1381 with SL 1370 for target 1400-1415,Buy copper @1381 with SL 1370 for target 1400-1415,MCX,INDIA_COMMODITY,TRADE_ACTION,OPEN_LONG,SINGLE_INSTRUMENT,,COPPER,"[""COPPER""]",,,,LONG,100.0,MODEL_ALLOCATION,,DEFAULT_FULL_ALLOCATION,[1381.0],1381.0,1370.0,"[1400.0, 1415.0]",1400.0,1415.0,False,False,False,True,0.98,False,AUTO_HIGH_CONFIDENCE,RULE_BASED_AND_CURATED,ad50c7eb3e1d5ce4,2026-06-02T14:32:52.234Z
6a1ee9ae59359ea1faeefe82,Buy copper @6.66 with SL 6.58 for target 6.75-6.90,Buy copper @6.66 with SL 6.58 for target 6.75-6.90,International Market,GLOBAL_COMMODITY,TRADE_ACTION,OPEN_LONG,SINGLE_INSTRUMENT,,COPPER,"[""COPPER""]",,,,LONG,100.0,MODEL_ALLOCATION,,DEFAULT_FULL_ALLOCATION,[6.66],6.66,6.58,"[6.75, 6.9]",6.75,6.9,False,False,False,True,0.98,False,AUTO_HIGH_CONFIDENCE,RULE_BASED_AND_CURATED,e1e767ab1b13b5d4,2026-06-02T14:33:18.260Z
6a1eea5b59359ea1faeefefb,Buy nvda @228 with SL 224 for target 233-240,Buy nvda @228 with SL 224 for target 233-240,International Market,GLOBAL_EQUITY,TRADE_ACTION,OPEN_LONG,SINGLE_INSTRUMENT,,NVDA,"[""NVDA""]",,,,LONG,100.0,MODEL_ALLOCATION,,DEFAULT_FULL_ALLOCATION,[228.0],228.0,224.0,"[233.0, 240.0]",233.0,240.0,False,False,False,True,0.98,False,AUTO_HIGH_CONFIDENCE,RULE_BASED_AND_CURATED,d16cce3658e209d4,2026-06-02T14:36:11.676Z
6a1ef1eb59359ea1faef004b,Buy 50% AMAT @ 483.40 for target 499-535,Buy 50% AMAT @ 483.40 for target 499-535,International Market,GLOBAL_EQUITY,TRADE_ACTION,OPEN_LONG,SINGLE_INSTRUMENT,,AMAT,"[""AMAT""]",,,,LONG,50.0,MODEL_ALLOCATION,,EXPLICIT_PERCENT,[483.4],483.4,,"[499.0, 535.0]",499.0,535.0,False,False,False,True,0.98,False,AUTO_HIGH_CONFIDENCE,RULE_BASED_AND_CURATED,09042efc034d288c,2026-06-02T15:08:27.909Z
6a1efcfe59359ea1faef00ef,50% Profit Book in AMD@ 515,50% Profit Book in AMD @ 515,International Market,GLOBAL_EQUITY,TRADE_ACTION,REDUCE_POSITION,SINGLE_INSTRUMENT,,AMD,"[""AMD""]",,,,,50.0,CURRENT_HOLDING,0.5,EXPLICIT_PERCENT,[515.0],515.0,,[],,,False,False,False,True,0.99,False,CURATED_PILOT,ASSISTANT_CURATED_RULE_REVIEW,5c63df296e884afb,2026-06-02T15:55:42.784Z
6a1f015e59359ea1faef0169,Sell crude @ 93&94.50 sl 95.60 tgt 90.50-88,Sell crude @ 93&94.50 sl 95.60 tgt 90.50-88,International Market,GLOBAL_COMMODITY,TRADE_ACTION,OPEN_SHORT,SINGLE_INSTRUMENT,,CRUDE,"[""CRUDE""]",,,,SHORT,100.0,MODEL_ALLOCATION,,DEFAULT_FULL_ALLOCATION,"[93.0, 94.5]",93.0,95.6,"[90.5, 88.0]",90.5,88.0,False,False,False,True,0.96,False,AUTO_HIGH_CONFIDENCE,RULE_BASED_AND_CURATED,5f79740626f3c7c3,2026-06-02T16:14:22.602Z
6a1f051959359ea1faef024e,Sell crude mini@ 8900 sl9100 tgt 8700-8600,Sell crude mini @ 8900 sl9100 tgt 8700-8600,MCX,INDIA_COMMODITY,TRADE_ACTION,OPEN_SHORT,SINGLE_INSTRUMENT,,CRUDE_MINI,"[""CRUDE_MINI""]",,,,SHORT,100.0,MODEL_ALLOCATION,,DEFAULT_FULL_ALLOCATION,[8900.0],8900.0,9100.0,"[8700.0, 8600.0]",8700.0,8600.0,False,False,False,True,0.96,False,AUTO_HIGH_CONFIDENCE,RULE_BASED_AND_CURATED,234a11b4fd3b9e6a,2026-06-02T16:30:17.969Z
6a1f347e59359ea1faef0470,Part Profit book in DOW@ 51364,Part Profit book in DOW @ 51364,International Market,GLOBAL_INDEX_OR_MACRO,TRADE_ACTION,REDUCE_POSITION,SINGLE_INSTRUMENT,,DOW,"[""DOW""]",,,,,25.0,CURRENT_HOLDING,0.75,PART_PROFIT_RULE,[51364.0],51364.0,,[],,,False,False,False,True,0.99,False,AUTO_HIGH_CONFIDENCE,RULE_BASED_AND_CURATED,c1189a1358ed280f,2026-06-02T19:52:30.958Z
6a1f354e59359ea1faef0497,Part Profit book in AMAT @ 491,Part Profit book in AMAT @ 491,International Market,GLOBAL_EQUITY,TRADE_ACTION,REDUCE_POSITION,SINGLE_INSTRUMENT,,AMAT,"[""AMAT""]",,,,,25.0,CURRENT_HOLDING,0.75,PART_PROFIT_RULE,[491.0],491.0,,[],,,False,False,False,True,0.99,False,AUTO_HIGH_CONFIDENCE,RULE_BASED_AND_CURATED,4e270788ee9408ba,2026-06-02T19:55:58.504Z
6a1f364759359ea1faef04be,50% Buy WDC@ 563 tgt 580,50% Buy WDC @ 563 tgt 580,International Market,GLOBAL_EQUITY,TRADE_ACTION,OPEN_LONG,SINGLE_INSTRUMENT,,WDC,"[""WDC""]",,,,LONG,50.0,MODEL_ALLOCATION,,EXPLICIT_PERCENT,[563.0],563.0,,[580.0],580.0,,False,False,False,True,0.98,False,AUTO_HIGH_CONFIDENCE,RULE_BASED_AND_CURATED,96a257292a6ee7fb,2026-06-02T20:00:07.075Z
6a1f856659359ea1faef05de,Part Profit book in NASDAQ @ 30650,Part Profit book in NASDAQ @ 30650,International Market,GLOBAL_INDEX_OR_MACRO,TRADE_ACTION,REDUCE_POSITION,SINGLE_INSTRUMENT,,NASDAQ,"[""NASDAQ""]",,,,,25.0,CURRENT_HOLDING,0.75,PART_PROFIT_RULE,[30650.0],30650.0,,[],,,False,False,False,True,0.99,False,AUTO_HIGH_CONFIDENCE,RULE_BASED_AND_CURATED,86f430510612dece,2026-06-03T01:37:42.284Z
6a1fa0c659359ea1faef06a6,BUY NG @302.90 SL 294 TGT 315-322,BUY NG @302.90 SL 294 TGT 315-322,MCX,INDIA_COMMODITY,TRADE_ACTION,OPEN_LONG,SINGLE_INSTRUMENT,,NATURAL_GAS,"[""NATURAL_GAS""]",,,,LONG,100.0,MODEL_ALLOCATION,,DEFAULT_FULL_ALLOCATION,[302.9],302.9,294.0,"[315.0, 322.0]",315.0,322.0,False,False,False,True,0.98,False,AUTO_HIGH_CONFIDENCE,RULE_BASED_AND_CURATED,c610137c0cf6a511,2026-06-03T03:34:30.234Z
6a1fa0d959359ea1faef06d5,Buy NG @ 3.15 & 3.08 with S/L 3.00 for target 3.30-3.45,Buy NG @ 3.15 & 3.08 with S/L 3.00 for target 3.30-3.45,International Market,GLOBAL_COMMODITY,TRADE_ACTION,OPEN_LONG,SINGLE_INSTRUMENT,,NATURAL_GAS,"[""NATURAL_GAS""]",,,,LONG,100.0,MODEL_ALLOCATION,,DEFAULT_FULL_ALLOCATION,"[3.15, 3.08]",3.15,3.0,"[3.3, 3.45]",3.3,3.45,False,False,False,True,0.98,False,CURATED_PILOT,ASSISTANT_CURATED_RULE_REVIEW,e7d534e0cbbee66f,2026-06-03T03:34:49.706Z
6a1fa36259359ea1faef08b3,50% PROFIT BOOK IN NIFTY @23420,50% PROFIT BOOK IN NIFTY @23420,NSE,INDIA_EQUITY,TRADE_ACTION,REDUCE_POSITION,SINGLE_INSTRUMENT,,NIFTY,"[""NIFTY""]",,,,,50.0,CURRENT_HOLDING,0.5,EXPLICIT_PERCENT,[23420.0],23420.0,,[],,,False,False,False,True,0.99,False,AUTO_HIGH_CONFIDENCE,RULE_BASED_AND_CURATED,b40ad02b50272422,2026-06-03T03:45:38.923Z
6a1fa37c59359ea1faef0903,50% PROFIT BOOK IN BANKNIFTY @53780,50% PROFIT BOOK IN BANKNIFTY @53780,NSE,INDIA_EQUITY,TRADE_ACTION,REDUCE_POSITION,SINGLE_INSTRUMENT,,BANKNIFTY,"[""BANKNIFTY""]",,,,,50.0,CURRENT_HOLDING,0.5,EXPLICIT_PERCENT,[53780.0],53780.0,,[],,,False,False,False,True,0.99,False,CURATED_PILOT,ASSISTANT_CURATED_RULE_REVIEW,3228bf95c3fdb630,2026-06-03T03:46:04.983Z
6a1fa38b59359ea1faef0985,50% PROFIT BOOK IN INFY @1242,50% PROFIT BOOK IN INFY @1242,NSE,INDIA_EQUITY,TRADE_ACTION,REDUCE_POSITION,SINGLE_INSTRUMENT,,INFY,"[""INFY""]",,,,,50.0,CURRENT_HOLDING,0.5,EXPLICIT_PERCENT,[1242.0],1242.0,,[],,,False,False,False,True,0.99,False,AUTO_HIGH_CONFIDENCE,RULE_BASED_AND_CURATED,7eaec411f716fb75,2026-06-03T03:46:19.194Z
6a1fa3ec59359ea1faef0a19,50% PROFIT BOOK IN SBIN @952,50% PROFIT BOOK IN SBIN @952,NSE,INDIA_EQUITY,TRADE_ACTION,REDUCE_POSITION,SINGLE_INSTRUMENT,,SBIN,"[""SBIN""]",,,,,50.0,CURRENT_HOLDING,0.5,EXPLICIT_PERCENT,[952.0],952.0,,[],,,False,False,False,True,0.99,False,AUTO_HIGH_CONFIDENCE,RULE_BASED_AND_CURATED,f487aa95b3b187ea,2026-06-03T03:47:56.964Z
6a1fa44859359ea1faef0a76,BUY ETERNAL @247.40 SL 244 TGT 253-257,BUY ETERNAL @247.40 SL 244 TGT 253-257,NSE,INDIA_EQUITY,TRADE_ACTION,OPEN_LONG,SINGLE_INSTRUMENT,,ETERNAL,"[""ETERNAL""]",,,,LONG,100.0,MODEL_ALLOCATION,,DEFAULT_FULL_ALLOCATION,[247.4],247.4,244.0,"[253.0, 257.0]",253.0,257.0,False,False,False,True,0.98,False,AUTO_HIGH_CONFIDENCE,RULE_BASED_AND_CURATED,77bc849e60193405,2026-06-03T03:49:28.645Z
6a1fa46859359ea1faef0a8c,50% PROFIT BOOK IN UNIONBANK @162.75,50% PROFIT BOOK IN UNIONBANK @162.75,NSE,INDIA_EQUITY,TRADE_ACTION,REDUCE_POSITION,SINGLE_INSTRUMENT,,UNIONBANK,"[""UNIONBANK""]",,,,,50.0,CURRENT_HOLDING,0.5,EXPLICIT_PERCENT,[162.75],162.75,,[],,,False,False,False,True,0.99,False,AUTO_HIGH_CONFIDENCE,RULE_BASED_AND_CURATED,7447dcbb41182289,2026-06-03T03:50:00.339Z
6a1fa71d59359ea1faef0afd,50% PROFIT BOOK IN COPPER @1387,50% PROFIT BOOK IN COPPER @1387,MCX,INDIA_COMMODITY,TRADE_ACTION,REDUCE_POSITION,SINGLE_INSTRUMENT,,COPPER,"[""COPPER""]",,,,,50.0,CURRENT_HOLDING,0.5,EXPLICIT_PERCENT,[1387.0],1387.0,,[],,,False,False,False,True,0.99,False,CURATED_PILOT,ASSISTANT_CURATED_RULE_REVIEW,53c782216d1b6eae,2026-06-03T04:01:33.734Z
6a1fa84659359ea1faef0bb5,INTRADAY FULL PROFIT BOOK IN INFY @1226,INTRADAY FULL PROFIT BOOK IN INFY @1226,NSE,INDIA_EQUITY,TRADE_ACTION,CLOSE_POSITION,SINGLE_INSTRUMENT,,INFY,"[""INFY""]",,,,,100.0,CURRENT_HOLDING,0.0,FULL_EXIT_RULE,[1226.0],1226.0,,[],,,False,False,False,True,0.99,False,CURATED_PILOT,ASSISTANT_CURATED_RULE_REVIEW,85045544797dca80,2026-06-03T04:06:30.062Z
6a1faa3159359ea1faef0cbc,AGAIN POSITIONAL SELL CRUDE MINI @9100 SL 9300 TGT 8700-8300,AGAIN POSITIONAL SELL CRUDE MINI @9100 SL 9300 TGT 8700-8300,MCX,INDIA_COMMODITY,TRADE_ACTION,OPEN_SHORT,SINGLE_INSTRUMENT,,CRUDE_MINI,"[""CRUDE_MINI""]",,,,SHORT,100.0,MODEL_ALLOCATION,,DEFAULT_FULL_ALLOCATION,[9100.0],9100.0,9300.0,"[8700.0, 8300.0]",8700.0,8300.0,False,False,False,True,0.96,False,CURATED_PILOT,ASSISTANT_CURATED_RULE_REVIEW,218d4d5761485da5,2026-06-03T04:14:41.434Z
6a1faae859359ea1faef0d23,50% PROFIT BOOK IN M&M @3048,50% PROFIT BOOK IN M&M @3048,NSE,INDIA_EQUITY,TRADE_ACTION,REDUCE_POSITION,SINGLE_INSTRUMENT,,M&M,"[""M&M""]",,,,,50.0,CURRENT_HOLDING,0.5,EXPLICIT_PERCENT,[3048.0],3048.0,,[],,,False,False,False,True,0.99,False,CURATED_PILOT,ASSISTANT_CURATED_RULE_REVIEW,da50989caceb732e,2026-06-03T04:17:44.252Z
6a1fb28759359ea1faef0e71,BUY KOTAKBANK @382 SL 378 TGT 388-390,BUY KOTAKBANK @382 SL 378 TGT 388-390,NSE,INDIA_EQUITY,TRADE_ACTION,OPEN_LONG,SINGLE_INSTRUMENT,,KOTAKBANK,"[""KOTAKBANK""]",,,,LONG,100.0,MODEL_ALLOCATION,,DEFAULT_FULL_ALLOCATION,[382.0],382.0,378.0,"[388.0, 390.0]",388.0,390.0,False,False,False,True,0.98,False,AUTO_HIGH_CONFIDENCE,RULE_BASED_AND_CURATED,a1c1b06d078db406,2026-06-03T04:50:15.716Z
6a1fb4f759359ea1faef0eab,BUY COPPER @1381.40 SL 1372 TGT 1387-1398,BUY COPPER @1381.40 SL 1372 TGT 1387-1398,MCX,INDIA_COMMODITY,TRADE_ACTION,OPEN_LONG,SINGLE_INSTRUMENT,,COPPER,"[""COPPER""]",,,,LONG,100.0,MODEL_ALLOCATION,,DEFAULT_FULL_ALLOCATION,[1381.4],1381.4,1372.0,"[1387.0, 1398.0]",1387.0,1398.0,False,False,False,True,0.98,False,AUTO_HIGH_CONFIDENCE,RULE_BASED_AND_CURATED,d8b1ae49ffd4a73a,2026-06-03T05:00:39.362Z
6a1fba3859359ea1faef0ffd,50% PROFIT BOOK IN ETERNAL @250.50,50% PROFIT BOOK IN ETERNAL @250.50,NSE,INDIA_EQUITY,TRADE_ACTION,REDUCE_POSITION,SINGLE_INSTRUMENT,,ETERNAL,"[""ETERNAL""]",,,,,50.0,CURRENT_HOLDING,0.5,EXPLICIT_PERCENT,[250.5],250.5,,[],,,False,False,False,True,0.99,False,AUTO_HIGH_CONFIDENCE,RULE_BASED_AND_CURATED,3b9c92ddd018c86a,2026-06-03T05:23:04.041Z
6a1fbaac59359ea1faef1030,FULL PROFIT BOOK IN SBIN @947,FULL PROFIT BOOK IN SBIN @947,NSE,INDIA_EQUITY,TRADE_ACTION,CLOSE_POSITION,SINGLE_INSTRUMENT,,SBIN,"[""SBIN""]",,,,,100.0,CURRENT_HOLDING,0.0,FULL_EXIT_RULE,[947.0],947.0,,[],,,False,False,False,True,0.99,False,AUTO_HIGH_CONFIDENCE,RULE_BASED_AND_CURATED,ac9e52cec77afe3a,2026-06-03T05:25:00.668Z
6a1fbf0c59359ea1faef10db,HOLD GOLD WITH SL 158450,HOLD GOLD WITH SL 158450,MCX,INDIA_COMMODITY,TRADE_UPDATE,UPDATE_STOP_LOSS,SINGLE_INSTRUMENT,,GOLD,"[""GOLD""]",,,,,,NONE,,NOT_APPLICABLE,[],,158450.0,[],,,False,False,False,True,0.99,False,AUTO_HIGH_CONFIDENCE,RULE_BASED_AND_CURATED,b10a032e37b3389b,2026-06-03T05:43:40.461Z
6a1fcac059359ea1faef1336,POSITIONAL TRADERS 50% PROFIT BOOK IN INFY @1215,POSITIONAL TRADERS 50% PROFIT BOOK IN INFY @1215,NSE,INDIA_EQUITY,TRADE_ACTION,REDUCE_POSITION,SINGLE_INSTRUMENT,,INFY,"[""INFY""]",,,,,50.0,CURRENT_HOLDING,0.5,EXPLICIT_PERCENT,[1215.0],1215.0,,[],,,False,False,False,True,0.99,False,AUTO_HIGH_CONFIDENCE,RULE_BASED_AND_CURATED,6c801f6afea047b8,2026-06-03T06:33:36.389Z
6a1fd19359359ea1faef13a9,50% PROFIT BOOK IN BANKNIFTY@53890,50% PROFIT BOOK IN BANKNIFTY @53890,NSE,INDIA_EQUITY,TRADE_ACTION,REDUCE_POSITION,SINGLE_INSTRUMENT,,BANKNIFTY,"[""BANKNIFTY""]",,,,,50.0,CURRENT_HOLDING,0.5,EXPLICIT_PERCENT,[53890.0],53890.0,,[],,,False,False,False,True,0.99,False,AUTO_HIGH_CONFIDENCE,RULE_BASED_AND_CURATED,57db9ebb2deceb38,2026-06-03T07:02:43.547Z
6a1fd27059359ea1faef1473,50% PROFIT BOOK IN NIFTY@23430,50% PROFIT BOOK IN NIFTY @23430,NSE,INDIA_EQUITY,TRADE_ACTION,REDUCE_POSITION,SINGLE_INSTRUMENT,,NIFTY,"[""NIFTY""]",,,,,50.0,CURRENT_HOLDING,0.5,EXPLICIT_PERCENT,[23430.0],23430.0,,[],,,False,False,False,True,0.99,False,AUTO_HIGH_CONFIDENCE,RULE_BASED_AND_CURATED,7a2165ae07bb861d,2026-06-03T07:06:24.207Z
6a1fe34259359ea1faef1613,FULL PROFIT BOOK IN BANKNIFTY @54260,FULL PROFIT BOOK IN BANKNIFTY @54260,NSE,INDIA_EQUITY,TRADE_ACTION,CLOSE_POSITION,SINGLE_INSTRUMENT,,BANKNIFTY,"[""BANKNIFTY""]",,,,,100.0,CURRENT_HOLDING,0.0,FULL_EXIT_RULE,[54260.0],54260.0,,[],,,False,False,False,True,0.99,False,AUTO_HIGH_CONFIDENCE,RULE_BASED_AND_CURATED,5572887488a8c012,2026-06-03T08:18:10.268Z
6a1fe38359359ea1faef1644,50% PROFIT BOOK IN KOTAKBANK @385,50% PROFIT BOOK IN KOTAKBANK @385,NSE,INDIA_EQUITY,TRADE_ACTION,REDUCE_POSITION,SINGLE_INSTRUMENT,,KOTAKBANK,"[""KOTAKBANK""]",,,,,50.0,CURRENT_HOLDING,0.5,EXPLICIT_PERCENT,[385.0],385.0,,[],,,False,False,False,True,0.99,False,AUTO_HIGH_CONFIDENCE,RULE_BASED_AND_CURATED,73eeb7cd73356608,2026-06-03T08:19:15.988Z
6a1fe3b659359ea1faef1662,FULL PROFIT BOOK IN NIFTY @23500,FULL PROFIT BOOK IN NIFTY @23500,NSE,INDIA_EQUITY,TRADE_ACTION,CLOSE_POSITION,SINGLE_INSTRUMENT,,NIFTY,"[""NIFTY""]",,,,,100.0,CURRENT_HOLDING,0.0,FULL_EXIT_RULE,[23500.0],23500.0,,[],,,False,False,False,True,0.99,False,AUTO_HIGH_CONFIDENCE,RULE_BASED_AND_CURATED,9dbd4df42bbebfe1,2026-06-03T08:20:06.747Z
6a1fe57b59359ea1faef174c,INTRADAY TRADERS 50% PROFIT BOOK IN NG @309.10,INTRADAY TRADERS 50% PROFIT BOOK IN NG @309.10,MCX,INDIA_COMMODITY,TRADE_ACTION,REDUCE_POSITION,SINGLE_INSTRUMENT,,NATURAL_GAS,"[""NATURAL_GAS""]",,,,,50.0,CURRENT_HOLDING,0.5,EXPLICIT_PERCENT,[309.1],309.1,,[],,,False,False,False,True,0.99,False,AUTO_HIGH_CONFIDENCE,RULE_BASED_AND_CURATED,0f65ecb5cbbabc69,2026-06-03T08:27:39.233Z
6a1feae359359ea1faef1837,50% PROFIT BOOK IN BHARATFORG @1959,50% PROFIT BOOK IN BHARATFORG @1959,NSE,INDIA_EQUITY,TRADE_ACTION,REDUCE_POSITION,SINGLE_INSTRUMENT,,BHARATFORG,"[""BHARATFORG""]",,,,,50.0,CURRENT_HOLDING,0.5,EXPLICIT_PERCENT,[1959.0],1959.0,,[],,,False,False,False,True,0.99,False,CURATED_PILOT,ASSISTANT_CURATED_RULE_REVIEW,560f2345728cebec,2026-06-03T08:50:43.775Z
6a1feebb59359ea1faef19b7,SELL TMPV @399 SL 412 TGT 385-380,SELL TMPV @399 SL 412 TGT 385-380,NSE,INDIA_EQUITY,TRADE_ACTION,OPEN_SHORT,SINGLE_INSTRUMENT,,TMPV,"[""TMPV""]",,,,SHORT,100.0,MODEL_ALLOCATION,,DEFAULT_FULL_ALLOCATION,[399.0],399.0,412.0,"[385.0, 380.0]",385.0,380.0,False,False,False,True,0.96,False,CURATED_PILOT,ASSISTANT_CURATED_RULE_REVIEW,662714b23551d56a,2026-06-03T09:07:07.683Z
6a1ff5d159359ea1faef1a3e,SELL SBIN @979 SL 988 TGT 952- 942,SELL SBIN @979 SL 988 TGT 952- 942,NSE,INDIA_EQUITY,TRADE_ACTION,OPEN_SHORT,SINGLE_INSTRUMENT,,SBIN,"[""SBIN""]",,,,SHORT,100.0,MODEL_ALLOCATION,,DEFAULT_FULL_ALLOCATION,[979.0],979.0,988.0,"[952.0, 942.0]",952.0,942.0,False,False,False,True,0.96,False,CURATED_PILOT,ASSISTANT_CURATED_RULE_REVIEW,dc8925775b295a81,2026-06-03T09:37:21.168Z
6a1ff5df59359ea1faef1a59,SELL UNIONBANK @168 SL 172 TGT 162-158,SELL UNIONBANK @168 SL 172 TGT 162-158,NSE,INDIA_EQUITY,TRADE_ACTION,OPEN_SHORT,SINGLE_INSTRUMENT,,UNIONBANK,"[""UNIONBANK""]",,,,SHORT,100.0,MODEL_ALLOCATION,,DEFAULT_FULL_ALLOCATION,[168.0],168.0,172.0,"[162.0, 158.0]",162.0,158.0,False,False,False,True,0.96,False,AUTO_HIGH_CONFIDENCE,RULE_BASED_AND_CURATED,63db64f1526210ce,2026-06-03T09:37:35.282Z
6a1ff85f59359ea1faef1aa6,Part Profit book in NG@ 3.24,Part Profit book in NG @ 3.24,International Market,GLOBAL_COMMODITY,TRADE_ACTION,REDUCE_POSITION,SINGLE_INSTRUMENT,,NATURAL_GAS,"[""NATURAL_GAS""]",,,,,25.0,CURRENT_HOLDING,0.75,PART_PROFIT_RULE,[3.24],3.24,,[],,,False,False,False,True,0.99,False,AUTO_HIGH_CONFIDENCE,RULE_BASED_AND_CURATED,f238a8c885656db6,2026-06-03T09:48:15.106Z
6a202ca859359ea1faef1e59,Book profit in soxl @280,Book profit in soxl @280,International Market,GLOBAL_EQUITY,TRADE_ACTION,CLOSE_POSITION,SINGLE_INSTRUMENT,,SOXL,"[""SOXL""]",,,,,100.0,CURRENT_HOLDING,0.0,FULL_EXIT_RULE,[280.0],280.0,,[],,,False,False,False,True,0.96,False,CURATED_PILOT,ASSISTANT_CURATED_RULE_REVIEW,1f5d6b337da69823,2026-06-03T13:31:20.740Z
6a202cee59359ea1faef1e89,Book profit in AMD @538,Book profit in AMD @538,International Market,GLOBAL_EQUITY,TRADE_ACTION,CLOSE_POSITION,SINGLE_INSTRUMENT,,AMD,"[""AMD""]",,,,,100.0,CURRENT_HOLDING,0.0,FULL_EXIT_RULE,[538.0],538.0,,[],,,False,False,False,True,0.96,False,AUTO_HIGH_CONFIDENCE,RULE_BASED_AND_CURATED,c5d0317823a4e363,2026-06-03T13:32:30.447Z
6a202d3359359ea1faef1e96,Book 50% profit in wdc @593.50,Book 50% profit in wdc @593.50,International Market,GLOBAL_EQUITY,TRADE_ACTION,REDUCE_POSITION,SINGLE_INSTRUMENT,,WDC,"[""WDC""]",,,,,50.0,CURRENT_HOLDING,0.5,EXPLICIT_PERCENT,[593.5],593.5,,[],,,False,False,False,True,0.99,False,AUTO_HIGH_CONFIDENCE,RULE_BASED_AND_CURATED,fc4cb01f6d8d7e5d,2026-06-03T13:33:39.593Z
6a202ef859359ea1faef1ebe,Buy 50% dell @ 425 for target 460-490,Buy 50% dell @ 425 for target 460-490,International Market,GLOBAL_EQUITY,TRADE_ACTION,OPEN_LONG,SINGLE_INSTRUMENT,,DELL,"[""DELL""]",,,,LONG,50.0,MODEL_ALLOCATION,,EXPLICIT_PERCENT,[425.0],425.0,,"[460.0, 490.0]",460.0,490.0,False,False,False,True,0.98,False,AUTO_HIGH_CONFIDENCE,RULE_BASED_AND_CURATED,7dd1798c95568c2a,2026-06-03T13:41:12.193Z
6a20330559359ea1faef1f1d,Intraday sl touched in silver july.,Intraday sl touched in silver july.,International Market,GLOBAL_COMMODITY,TRADE_ACTION,CLOSE_POSITION,SINGLE_INSTRUMENT,,SILVER,"[""SILVER""]",JUL,,,,100.0,CURRENT_HOLDING,0.0,FULL_EXIT_RULE,[],,,[],,,False,False,False,True,0.99,False,AUTO_HIGH_CONFIDENCE,RULE_BASED_AND_CURATED,3ad5d1e53a17b8ef,2026-06-03T13:58:29.358Z
6a20333259359ea1faef1f82,SL TOUCHED IN SILVER.,SL TOUCHED IN SILVER.,MCX,INDIA_COMMODITY,TRADE_ACTION,CLOSE_POSITION,SINGLE_INSTRUMENT,,SILVER,"[""SILVER""]",,,,,100.0,CURRENT_HOLDING,0.0,FULL_EXIT_RULE,[],,,[],,,False,False,False,True,0.99,False,AUTO_HIGH_CONFIDENCE,RULE_BASED_AND_CURATED,2143eef02474fb22,2026-06-03T13:59:14.726Z
6a2033b159359ea1faef1fa1,Positional buy 50% Copper @ 6.50 for target 6.95-7.00,Positional buy 50% Copper @ 6.50 for target 6.95-7.00,International Market,GLOBAL_COMMODITY,TRADE_ACTION,OPEN_LONG,SINGLE_INSTRUMENT,,COPPER,"[""COPPER""]",,,,LONG,50.0,MODEL_ALLOCATION,,EXPLICIT_PERCENT,[6.5],6.5,,"[6.95, 7.0]",6.95,7.0,False,False,False,True,0.98,False,CURATED_PILOT,ASSISTANT_CURATED_RULE_REVIEW,727304ed842c9207,2026-06-03T14:01:21.033Z
6a2034aa59359ea1faef203d,Buy 50% Dow @ 51000 with S/L 50500 for target 51500-51800,Buy 50% Dow @ 51000 with S/L 50500 for target 51500-51800,International Market,GLOBAL_INDEX_OR_MACRO,TRADE_ACTION,OPEN_LONG,SINGLE_INSTRUMENT,,DOW,"[""DOW""]",,,,LONG,50.0,MODEL_ALLOCATION,,EXPLICIT_PERCENT,[51000.0],51000.0,50500.0,"[51500.0, 51800.0]",51500.0,51800.0,False,False,False,True,0.98,False,CURATED_PILOT,ASSISTANT_CURATED_RULE_REVIEW,e93271e2c7ef7ce1,2026-06-03T14:05:30.280Z
6a20361559359ea1faef20d6,Positional buy NVDA @ 216 sl 205 tgt 226-238,Positional buy NVDA @ 216 sl 205 tgt 226-238,International Market,GLOBAL_EQUITY,TRADE_ACTION,OPEN_LONG,SINGLE_INSTRUMENT,,NVDA,"[""NVDA""]",,,,LONG,100.0,MODEL_ALLOCATION,,DEFAULT_FULL_ALLOCATION,[216.0],216.0,205.0,"[226.0, 238.0]",226.0,238.0,False,False,False,True,0.98,False,AUTO_HIGH_CONFIDENCE,RULE_BASED_AND_CURATED,95e5c218b570ffff,2026-06-03T14:11:33.087Z
6a203e3059359ea1faef2185,Book 50% profit in SNDK @ 1788,Book 50% profit in SNDK @ 1788,International Market,GLOBAL_EQUITY,TRADE_ACTION,REDUCE_POSITION,SINGLE_INSTRUMENT,,SNDK,"[""SNDK""]",,,,,50.0,CURRENT_HOLDING,0.5,EXPLICIT_PERCENT,[1788.0],1788.0,,[],,,False,False,False,True,0.99,False,CURATED_PILOT,ASSISTANT_CURATED_RULE_REVIEW,6e62f95b945f2dd7,2026-06-03T14:46:08.798Z
6a20473359359ea1faef22e4,Buy s&p500 @7570 with SL 7550 for target 7615-7645,Buy s&p500 @7570 with SL 7550 for target 7615-7645,International Market,GLOBAL_INDEX_OR_MACRO,TRADE_ACTION,OPEN_LONG,SINGLE_INSTRUMENT,,SP500,"[""SP500""]",,,,LONG,100.0,MODEL_ALLOCATION,,DEFAULT_FULL_ALLOCATION,[7570.0],7570.0,7550.0,"[7615.0, 7645.0]",7615.0,7645.0,False,False,False,True,0.98,False,AUTO_HIGH_CONFIDENCE,RULE_BASED_AND_CURATED,7449b3523b760799,2026-06-03T15:24:35.662Z
6a20495d59359ea1faef2345,Buy 50% pltr @144.90 with SL 138 for target 154-160,Buy 50% pltr @144.90 with SL 138 for target 154-160,International Market,GLOBAL_EQUITY,TRADE_ACTION,OPEN_LONG,SINGLE_INSTRUMENT,,PLTR,"[""PLTR""]",,,,LONG,50.0,MODEL_ALLOCATION,,EXPLICIT_PERCENT,[144.9],144.9,138.0,"[154.0, 160.0]",154.0,160.0,False,False,False,True,0.98,False,AUTO_HIGH_CONFIDENCE,RULE_BASED_AND_CURATED,4e6b2c00795ff863,2026-06-03T15:33:49.738Z
6a2055c559359ea1faef242d,Buy nasdaq @ 30493 with SL 30100 for target 30800-31100,Buy nasdaq @ 30493 with SL 30100 for target 30800-31100,International Market,GLOBAL_INDEX_OR_MACRO,TRADE_ACTION,OPEN_LONG,SINGLE_INSTRUMENT,,NASDAQ,"[""NASDAQ""]",,,,LONG,100.0,MODEL_ALLOCATION,,DEFAULT_FULL_ALLOCATION,[30493.0],30493.0,30100.0,"[30800.0, 31100.0]",30800.0,31100.0,False,False,False,True,0.98,False,AUTO_HIGH_CONFIDENCE,RULE_BASED_AND_CURATED,404113f80b044abe,2026-06-03T16:26:45.018Z
6a20599459359ea1faef24e4,Hold s&p500 with SL 7520,Hold s&p500 with SL 7520,International Market,GLOBAL_INDEX_OR_MACRO,TRADE_UPDATE,UPDATE_STOP_LOSS,SINGLE_INSTRUMENT,,SP500,"[""SP500""]",,,,,,NONE,,NOT_APPLICABLE,[],,7520.0,[],,,False,False,False,True,0.99,False,AUTO_HIGH_CONFIDENCE,RULE_BASED_AND_CURATED,c45692dd29ba80b8,2026-06-03T16:43:00.541Z
6a20691f59359ea1faef259a,Full Profit book in SNDK @ 1837,Full Profit book in SNDK @ 1837,International Market,GLOBAL_EQUITY,TRADE_ACTION,CLOSE_POSITION,SINGLE_INSTRUMENT,,SNDK,"[""SNDK""]",,,,,100.0,CURRENT_HOLDING,0.0,FULL_EXIT_RULE,[1837.0],1837.0,,[],,,False,False,False,True,0.99,False,AUTO_HIGH_CONFIDENCE,RULE_BASED_AND_CURATED,f7fe25c8188612de,2026-06-03T17:49:19.210Z
6a2069a559359ea1faef25c2,50% Buy AVGO @ 485 sl 470 tgt 504-525,50% Buy AVGO @ 485 sl 470 tgt 504-525,International Market,GLOBAL_EQUITY,TRADE_ACTION,OPEN_LONG,SINGLE_INSTRUMENT,,AVGO,"[""AVGO""]",,,,LONG,50.0,MODEL_ALLOCATION,,EXPLICIT_PERCENT,[485.0],485.0,470.0,"[504.0, 525.0]",504.0,525.0,False,False,False,True,0.98,False,CURATED_PILOT,ASSISTANT_CURATED_RULE_REVIEW,b3092d5fc5e5e2fb,2026-06-03T17:51:33.885Z
6a20c49359359ea1faef26ef,Market is expected to move higher in today's session. Buy s&p500 @ 7530 with S/L 7500 for target 7600,Market is expected to move higher in today's session. Buy s&p500 @ 7530 with S/L 7500 for target 7600,International Market,GLOBAL_INDEX_OR_MACRO,TRADE_ACTION,OPEN_LONG,SINGLE_INSTRUMENT,,SP500,"[""SP500""]",,,,LONG,100.0,MODEL_ALLOCATION,,DEFAULT_FULL_ALLOCATION,[7530.0],7530.0,7500.0,[7600.0],7600.0,,False,False,False,True,0.98,False,CURATED_PILOT,ASSISTANT_CURATED_RULE_REVIEW,df12608cdd3a3960,2026-06-04T00:19:31.926Z
6a20c4ba59359ea1faef2727,CMP of S&P500^ 7528*,CMP of S&P500^ 7528*,International Market,GLOBAL_EQUITY,NON_TRADE,MARKET_COMMENTARY,NONE,,,[],,,,,,NONE,,NOT_APPLICABLE,[],,,[],,,False,False,False,False,0.92,False,CURATED_PILOT,ASSISTANT_CURATED_RULE_REVIEW,ce6ba13b9996e2af,2026-06-04T00:20:10.114Z
6a20f4ec59359ea1faef29e3,50% PROFIT BOOK IN TMPV @394,50% PROFIT BOOK IN TMPV @394,NSE,INDIA_EQUITY,TRADE_ACTION,REDUCE_POSITION,SINGLE_INSTRUMENT,,TMPV,"[""TMPV""]",,,,,50.0,CURRENT_HOLDING,0.5,EXPLICIT_PERCENT,[394.0],394.0,,[],,,False,False,False,True,0.99,False,AUTO_HIGH_CONFIDENCE,RULE_BASED_AND_CURATED,d8f1cafec4cfd934,2026-06-04T03:45:48.347Z
6a20f51459359ea1faef2a35,50% PROFIT BOOK IN SBIN @972,50% PROFIT BOOK IN SBIN @972,NSE,INDIA_EQUITY,TRADE_ACTION,REDUCE_POSITION,SINGLE_INSTRUMENT,,SBIN,"[""SBIN""]",,,,,50.0,CURRENT_HOLDING,0.5,EXPLICIT_PERCENT,[972.0],972.0,,[],,,False,False,False,True,0.99,False,AUTO_HIGH_CONFIDENCE,RULE_BASED_AND_CURATED,c2d3ab4c98053a29,2026-06-04T03:46:28.555Z
6a20f59559359ea1faef2a9c,50% PROFIT BOOK IN HINDPETRO @390.50,50% PROFIT BOOK IN HINDPETRO @390.50,NSE,INDIA_EQUITY,TRADE_ACTION,REDUCE_POSITION,SINGLE_INSTRUMENT,,HINDPETRO,"[""HINDPETRO""]",,,,,50.0,CURRENT_HOLDING,0.5,EXPLICIT_PERCENT,[390.5],390.5,,[],,,False,False,False,True,0.99,False,AUTO_HIGH_CONFIDENCE,RULE_BASED_AND_CURATED,47354b98dd6b3fbb,2026-06-04T03:48:37.771Z
6a20f5aa59359ea1faef2ac3,FULL PROFIT BOOK IN BHARATFORG@1965,FULL PROFIT BOOK IN BHARATFORG @1965,NSE,INDIA_EQUITY,TRADE_ACTION,CLOSE_POSITION,SINGLE_INSTRUMENT,,BHARATFORG,"[""BHARATFORG""]",,,,,100.0,CURRENT_HOLDING,0.0,FULL_EXIT_RULE,[1965.0],1965.0,,[],,,False,False,False,True,0.99,False,AUTO_HIGH_CONFIDENCE,RULE_BASED_AND_CURATED,22542b3f49194623,2026-06-04T03:48:58.474Z
6a20f5ba59359ea1faef2ad7,50% PROFIT BOOK IN HINDALCO @1137,50% PROFIT BOOK IN HINDALCO @1137,NSE,INDIA_EQUITY,TRADE_ACTION,REDUCE_POSITION,SINGLE_INSTRUMENT,,HINDALCO,"[""HINDALCO""]",,,,,50.0,CURRENT_HOLDING,0.5,EXPLICIT_PERCENT,[1137.0],1137.0,,[],,,False,False,False,True,0.99,False,AUTO_HIGH_CONFIDENCE,RULE_BASED_AND_CURATED,16290ee5cd52ce18,2026-06-04T03:49:14.327Z
6a20f5ea59359ea1faef2afc,BUY RELIANCE @1311 SL 1280 TGT 1350-1400,BUY RELIANCE @1311 SL 1280 TGT 1350-1400,NSE,INDIA_EQUITY,TRADE_ACTION,OPEN_LONG,SINGLE_INSTRUMENT,,RELIANCE,"[""RELIANCE""]",,,,LONG,100.0,MODEL_ALLOCATION,,DEFAULT_FULL_ALLOCATION,[1311.0],1311.0,1280.0,"[1350.0, 1400.0]",1350.0,1400.0,False,False,False,True,0.98,False,CURATED_PILOT,ASSISTANT_CURATED_RULE_REVIEW,2eaeea396b3d18b7,2026-06-04T03:50:02.990Z
6a20f63959359ea1faef2b37,DELIVERY : BUY SILVERBEES @245 TGT 275-350,DELIVERY : BUY SILVERBEES @245 TGT 275-350,NSE,INDIA_EQUITY,TRADE_ACTION,OPEN_LONG,SINGLE_INSTRUMENT,,SILVERBEES,"[""SILVERBEES""]",,,,LONG,100.0,MODEL_ALLOCATION,,DEFAULT_FULL_ALLOCATION,[245.0],245.0,,"[275.0, 350.0]",275.0,350.0,False,False,False,True,0.98,False,AUTO_HIGH_CONFIDENCE,RULE_BASED_AND_CURATED,bd6e369012adbc40,2026-06-04T03:51:21.824Z
6a20f67a59359ea1faef2b4b,BUY KOTAKBANK @381.70 SL 377 TGT 386-390,BUY KOTAKBANK @381.70 SL 377 TGT 386-390,NSE,INDIA_EQUITY,TRADE_ACTION,OPEN_LONG,SINGLE_INSTRUMENT,,KOTAKBANK,"[""KOTAKBANK""]",,,,LONG,100.0,MODEL_ALLOCATION,,DEFAULT_FULL_ALLOCATION,[381.7],381.7,377.0,"[386.0, 390.0]",386.0,390.0,False,False,False,True,0.98,False,CURATED_PILOT,ASSISTANT_CURATED_RULE_REVIEW,c72fa6fa6efe8632,2026-06-04T03:52:26.135Z
6a20f69759359ea1faef2ba4,FULL PROFIT BOOK IN HINDPETRO @393,FULL PROFIT BOOK IN HINDPETRO @393,NSE,INDIA_EQUITY,TRADE_ACTION,CLOSE_POSITION,SINGLE_INSTRUMENT,,HINDPETRO,"[""HINDPETRO""]",,,,,100.0,CURRENT_HOLDING,0.0,FULL_EXIT_RULE,[393.0],393.0,,[],,,False,False,False,True,0.99,False,AUTO_HIGH_CONFIDENCE,RULE_BASED_AND_CURATED,3acb1c059144d947,2026-06-04T03:52:55.214Z
6a20f73359359ea1faef2cbc,POSITIONAL FULL PROFIT BOOK IN INFY @1209,POSITIONAL FULL PROFIT BOOK IN INFY @1209,NSE,INDIA_EQUITY,TRADE_ACTION,CLOSE_POSITION,SINGLE_INSTRUMENT,,INFY,"[""INFY""]",,,,,100.0,CURRENT_HOLDING,0.0,FULL_EXIT_RULE,[1209.0],1209.0,,[],,,False,False,False,True,0.99,False,AUTO_HIGH_CONFIDENCE,RULE_BASED_AND_CURATED,a4448c198db7bc84,2026-06-04T03:55:31.123Z
6a20f7ae59359ea1faef2d2d,BUY IEX @125 SL 122 TGT 128-130,BUY IEX @125 SL 122 TGT 128-130,NSE,INDIA_EQUITY,TRADE_ACTION,OPEN_LONG,SINGLE_INSTRUMENT,,IEX,"[""IEX""]",,,,LONG,100.0,MODEL_ALLOCATION,,DEFAULT_FULL_ALLOCATION,[125.0],125.0,122.0,"[128.0, 130.0]",128.0,130.0,False,False,False,True,0.98,False,AUTO_HIGH_CONFIDENCE,RULE_BASED_AND_CURATED,22a0f41d27d94977,2026-06-04T03:57:34.971Z
6a20f90559359ea1faef2da0,BUY HDFCLIFE @574 SL 560 TGT 600-620,BUY HDFCLIFE @574 SL 560 TGT 600-620,NSE,INDIA_EQUITY,TRADE_ACTION,OPEN_LONG,SINGLE_INSTRUMENT,,HDFCLIFE,"[""HDFCLIFE""]",,,,LONG,100.0,MODEL_ALLOCATION,,DEFAULT_FULL_ALLOCATION,[574.0],574.0,560.0,"[600.0, 620.0]",600.0,620.0,False,False,False,True,0.98,False,AUTO_HIGH_CONFIDENCE,RULE_BASED_AND_CURATED,cb8e8ca7f6112483,2026-06-04T04:03:17.433Z
6a20fa6159359ea1faef2f74,FULL PROFIT BOOK IN ETERNAL @253.50,FULL PROFIT BOOK IN ETERNAL @253.50,NSE,INDIA_EQUITY,TRADE_ACTION,CLOSE_POSITION,SINGLE_INSTRUMENT,,ETERNAL,"[""ETERNAL""]",,,,,100.0,CURRENT_HOLDING,0.0,FULL_EXIT_RULE,[253.5],253.5,,[],,,False,False,False,True,0.99,False,AUTO_HIGH_CONFIDENCE,RULE_BASED_AND_CURATED,421b5bfc3d9465b7,2026-06-04T04:09:05.007Z
6a20fe4e59359ea1faef31a1,"Sun Sign: Reflects your core identity, ego, and life purpose","Sun Sign: Reflects your core identity, ego, and life purpose",Astrology Guide,ASTROLOGY,NON_TRADE,ASTROLOGY_CONTENT,NONE,,,[],,,,,,NONE,,NOT_APPLICABLE,[],,,[],,,False,False,False,False,0.99,False,CURATED_PILOT,ASSISTANT_CURATED_RULE_REVIEW,5ed72241cbf95e84,2026-06-04T04:25:50.193Z
6a20fe6959359ea1faef31ae,"Moon Sign: Represents your emotional nature, mind, and inner feelings","Moon Sign: Represents your emotional nature, mind, and inner feelings",Astrology Guide,ASTROLOGY,NON_TRADE,ASTROLOGY_CONTENT,NONE,,,[],,,,,,NONE,,NOT_APPLICABLE,[],,,[],,,False,False,False,False,0.99,False,CURATED_PILOT,ASSISTANT_CURATED_RULE_REVIEW,8f772eff964f873c,2026-06-04T04:26:17.787Z
6a20fe7759359ea1faef31bb,"Houses: The 12 segments of your chart, each governing specific life areas.","Houses: The 12 segments of your chart, each governing specific life areas.",Astrology Guide,ASTROLOGY,NON_TRADE,ASTROLOGY_CONTENT,NONE,,,[],,,,,,NONE,,NOT_APPLICABLE,[],,,[],,,False,False,False,False,0.99,False,CURATED_PILOT,ASSISTANT_CURATED_RULE_REVIEW,f3ee08abd69df0b8,2026-06-04T04:26:31.399Z
6a20fe8259359ea1faef31c8,Planets: Celestial bodies that act as active energies in various life houses.,Planets: Celestial bodies that act as active energies in various life houses.,Astrology Guide,ASTROLOGY,NON_TRADE,ASTROLOGY_CONTENT,NONE,,,[],,,,,,NONE,,NOT_APPLICABLE,[],,,[],,,False,False,False,False,0.99,False,CURATED_PILOT,ASSISTANT_CURATED_RULE_REVIEW,904871040beb712d,2026-06-04T04:26:42.672Z
6a20fe9559359ea1faef31d5,"Nakshatras: The 27 lunar constellations that provide deeper, micro-level predictions for your soul.","Nakshatras: The 27 lunar constellations that provide deeper, micro-level predictions for your soul.",Astrology Guide,ASTROLOGY,NON_TRADE,ASTROLOGY_CONTENT,NONE,,,[],,,,,,NONE,,NOT_APPLICABLE,[],,,[],,,False,False,False,False,0.99,False,CURATED_PILOT,ASSISTANT_CURATED_RULE_REVIEW,d3ee82b10edeae22,2026-06-04T04:27:01.711Z
6a20ff5259359ea1faef31e2,SELL SBIN @983.50 SL 992 TGT 973-963,SELL SBIN @983.50 SL 992 TGT 973-963,NSE,INDIA_EQUITY,TRADE_ACTION,OPEN_SHORT,SINGLE_INSTRUMENT,,SBIN,"[""SBIN""]",,,,SHORT,100.0,MODEL_ALLOCATION,,DEFAULT_FULL_ALLOCATION,[983.5],983.5,992.0,"[973.0, 963.0]",973.0,963.0,False,False,False,True,0.96,False,AUTO_HIGH_CONFIDENCE,RULE_BASED_AND_CURATED,c0a42b5ce43242c2,2026-06-04T04:30:10.450Z
6a211cc959359ea1faef343e,BUY WIPRO @182.60 SL 178 TGT 188-194,BUY WIPRO @182.60 SL 178 TGT 188-194,NSE,INDIA_EQUITY,TRADE_ACTION,OPEN_LONG,SINGLE_INSTRUMENT,,WIPRO,"[""WIPRO""]",,,,LONG,100.0,MODEL_ALLOCATION,,DEFAULT_FULL_ALLOCATION,[182.6],182.6,178.0,"[188.0, 194.0]",188.0,194.0,False,False,False,True,0.98,False,CURATED_PILOT,ASSISTANT_CURATED_RULE_REVIEW,2d3659441eca5402,2026-06-04T06:35:53.919Z
6a21206559359ea1faef34da,POSITIONAL BUY COPPER @1362 SL 1354 TGT 1381-1392,POSITIONAL BUY COPPER @1362 SL 1354 TGT 1381-1392,MCX,INDIA_COMMODITY,TRADE_ACTION,OPEN_LONG,SINGLE_INSTRUMENT,,COPPER,"[""COPPER""]",,,,LONG,100.0,MODEL_ALLOCATION,,DEFAULT_FULL_ALLOCATION,[1362.0],1362.0,1354.0,"[1381.0, 1392.0]",1381.0,1392.0,False,False,False,True,0.98,False,AUTO_HIGH_CONFIDENCE,RULE_BASED_AND_CURATED,7436bdd6c4de3758,2026-06-04T06:51:17.752Z
6a21392a59359ea1faef36be,SELL TMPV @400 SL 412 TGT 392-382,SELL TMPV @400 SL 412 TGT 392-382,NSE,INDIA_EQUITY,TRADE_ACTION,OPEN_SHORT,SINGLE_INSTRUMENT,,TMPV,"[""TMPV""]",,,,SHORT,100.0,MODEL_ALLOCATION,,DEFAULT_FULL_ALLOCATION,[400.0],400.0,412.0,"[392.0, 382.0]",392.0,382.0,False,False,False,True,0.96,False,AUTO_HIGH_CONFIDENCE,RULE_BASED_AND_CURATED,0a08746d9e5612b9,2026-06-04T08:36:58.358Z
6a21404959359ea1faef378a,INTRADAY 50% PROFIT BOOK IN COPPER @1369.50,INTRADAY 50% PROFIT BOOK IN COPPER @1369.50,MCX,INDIA_COMMODITY,TRADE_ACTION,REDUCE_POSITION,SINGLE_INSTRUMENT,,COPPER,"[""COPPER""]",,,,,50.0,CURRENT_HOLDING,0.5,EXPLICIT_PERCENT,[1369.5],1369.5,,[],,,False,False,False,True,0.99,False,AUTO_HIGH_CONFIDENCE,RULE_BASED_AND_CURATED,790ead988380738b,2026-06-04T09:07:21.313Z
6a21406559359ea1faef37cc,50% PROFIT BOOK IN COALINDIA @488,50% PROFIT BOOK IN COALINDIA @488,NSE,INDIA_EQUITY,TRADE_ACTION,REDUCE_POSITION,SINGLE_INSTRUMENT,,COALINDIA,"[""COALINDIA""]",,,,,50.0,CURRENT_HOLDING,0.5,EXPLICIT_PERCENT,[488.0],488.0,,[],,,False,False,False,True,0.99,False,AUTO_HIGH_CONFIDENCE,RULE_BASED_AND_CURATED,8600450df601b267,2026-06-04T09:07:49.768Z
6a21490459359ea1faef3963,50% PROFIT BOOK IN WIPRO @183.95,50% PROFIT BOOK IN WIPRO @183.95,NSE,INDIA_EQUITY,TRADE_ACTION,REDUCE_POSITION,SINGLE_INSTRUMENT,,WIPRO,"[""WIPRO""]",,,,,50.0,CURRENT_HOLDING,0.5,EXPLICIT_PERCENT,[183.95],183.95,,[],,,False,False,False,True,0.99,False,AUTO_HIGH_CONFIDENCE,RULE_BASED_AND_CURATED,4810ce757c7e05ed,2026-06-04T09:44:36.018Z
6a216753109e0591bbf6d472,Day traders Part Profit book in gold@ 160200,Day traders Part Profit book in gold @ 160200,MCX,INDIA_COMMODITY,TRADE_ACTION,REDUCE_POSITION,SINGLE_INSTRUMENT,,GOLD,"[""GOLD""]",,,,,25.0,CURRENT_HOLDING,0.75,PART_PROFIT_RULE,[160200.0],160200.0,,[],,,False,False,False,True,0.99,False,AUTO_HIGH_CONFIDENCE,RULE_BASED_AND_CURATED,4ce528331a629bf5,2026-06-04T11:53:55.051Z
6a21679d109e0591bbf6d56e,Day traders Part Profit book in gold aug@ 4532,Day traders Part Profit book in gold aug @ 4532,International Market,GLOBAL_COMMODITY,TRADE_ACTION,REDUCE_POSITION,SINGLE_INSTRUMENT,,GOLD,"[""GOLD""]",AUG,,,,25.0,CURRENT_HOLDING,0.75,PART_PROFIT_RULE,[4532.0],4532.0,,[],,,False,False,False,True,0.99,False,AUTO_HIGH_CONFIDENCE,RULE_BASED_AND_CURATED,eb220d413e484f2b,2026-06-04T11:55:09.953Z
6a21687d109e0591bbf6d5a5,Part Profit book in crude@ 42.48,Part Profit book in crude @ 42.48,International Market,GLOBAL_COMMODITY,TRADE_ACTION,REDUCE_POSITION,SINGLE_INSTRUMENT,,CRUDE,"[""CRUDE""]",,,,,25.0,CURRENT_HOLDING,0.75,PART_PROFIT_RULE,[42.48],42.48,,[],,,False,False,False,True,0.99,False,AUTO_HIGH_CONFIDENCE,RULE_BASED_AND_CURATED,7f5e4816307f6af8,2026-06-04T11:58:53.083Z
6a2168db109e0591bbf6d5d9,Part Profit book in crude @8850,Part Profit book in crude @8850,MCX,INDIA_COMMODITY,TRADE_ACTION,REDUCE_POSITION,SINGLE_INSTRUMENT,,CRUDE,"[""CRUDE""]",,,,,25.0,CURRENT_HOLDING,0.75,PART_PROFIT_RULE,[8850.0],8850.0,,[],,,False,False,False,True,0.99,False,CURATED_PILOT,ASSISTANT_CURATED_RULE_REVIEW,853480c5638c6ec0,2026-06-04T12:00:27.927Z
6a216979109e0591bbf6d5f6,Day traders full Profit book in copper @ 1375,Day traders full Profit book in copper @ 1375,MCX,INDIA_COMMODITY,TRADE_ACTION,CLOSE_POSITION,SINGLE_INSTRUMENT,,COPPER,"[""COPPER""]",,,,,100.0,CURRENT_HOLDING,0.0,FULL_EXIT_RULE,[1375.0],1375.0,,[],,,False,False,False,True,0.99,False,AUTO_HIGH_CONFIDENCE,RULE_BASED_AND_CURATED,d3b82fe6f5aaf4a5,2026-06-04T12:03:05.231Z
6a217fba109e0591bbf6d757,Day traders book part profit in silver July @75.07,Day traders book part profit in silver July @75.07,International Market,GLOBAL_COMMODITY,TRADE_ACTION,REDUCE_POSITION,SINGLE_INSTRUMENT,,SILVER,"[""SILVER""]",JUL,,,,25.0,CURRENT_HOLDING,0.75,PART_PROFIT_RULE,[75.07],75.07,,[],,,False,False,False,True,0.99,False,CURATED_PILOT,ASSISTANT_CURATED_RULE_REVIEW,0f2cd886f657f11a,2026-06-04T13:38:02.227Z
6a217feb109e0591bbf6d7ad,Day traders book 50% profit in silver @267000,Day traders book 50% profit in silver @267000,MCX,INDIA_COMMODITY,TRADE_ACTION,REDUCE_POSITION,SINGLE_INSTRUMENT,,SILVER,"[""SILVER""]",,,,,50.0,CURRENT_HOLDING,0.5,EXPLICIT_PERCENT,[267000.0],267000.0,,[],,,False,False,False,True,0.99,False,AUTO_HIGH_CONFIDENCE,RULE_BASED_AND_CURATED,9e4aed109c763d0a,2026-06-04T13:38:51.122Z
6a21806e109e0591bbf6d848,Buy aluminium @ 389.40 with SL 387 for target 392-394,Buy aluminium @ 389.40 with SL 387 for target 392-394,MCX,INDIA_COMMODITY,TRADE_ACTION,OPEN_LONG,SINGLE_INSTRUMENT,,ALUMINIUM,"[""ALUMINIUM""]",,,,LONG,100.0,MODEL_ALLOCATION,,DEFAULT_FULL_ALLOCATION,[389.4],389.4,387.0,"[392.0, 394.0]",392.0,394.0,False,False,False,True,0.98,False,AUTO_HIGH_CONFIDENCE,RULE_BASED_AND_CURATED,4512190fc0db1a68,2026-06-04T13:41:02.913Z
6a218094109e0591bbf6d86c,Book 50% profit in ng @3.31,Book 50% profit in ng @3.31,MCX,INDIA_COMMODITY,TRADE_ACTION,REDUCE_POSITION,SINGLE_INSTRUMENT,,NATURAL_GAS,"[""NATURAL_GAS""]",,,,,50.0,CURRENT_HOLDING,0.5,EXPLICIT_PERCENT,[3.31],3.31,,[],,,False,False,False,True,0.99,False,AUTO_HIGH_CONFIDENCE,RULE_BASED_AND_CURATED,2332595e0743b57d,2026-06-04T13:41:40.179Z
6a2180a9109e0591bbf6d888,Ignore last msg,Ignore last msg,MCX,INDIA_COMMODITY,TRADE_CONTROL,CANCEL_PREVIOUS,NONE,,,[],,,,,,NONE,,NOT_APPLICABLE,[],,,[],,,False,False,True,False,0.98,False,CURATED_PILOT,ASSISTANT_CURATED_RULE_REVIEW,1aff700f4d9d5eb9,2026-06-04T13:42:01.965Z
6a2180b2109e0591bbf6d8a4,Book 50% profit in ng @318,Book 50% profit in ng @318,MCX,INDIA_COMMODITY,TRADE_ACTION,REDUCE_POSITION,SINGLE_INSTRUMENT,,NATURAL_GAS,"[""NATURAL_GAS""]",,,,,50.0,CURRENT_HOLDING,0.5,EXPLICIT_PERCENT,[318.0],318.0,,[],,,False,False,False,True,0.99,False,AUTO_HIGH_CONFIDENCE,RULE_BASED_AND_CURATED,8512cda60d4de414,2026-06-04T13:42:10.640Z
6a2180f4109e0591bbf6d8f1,Book part profit in copper July @6.55,Book part profit in copper July @6.55,International Market,GLOBAL_COMMODITY,TRADE_ACTION,REDUCE_POSITION,SINGLE_INSTRUMENT,,COPPER,"[""COPPER""]",JUL,,,,25.0,CURRENT_HOLDING,0.75,PART_PROFIT_RULE,[6.55],6.55,,[],,,False,False,False,True,0.99,False,CURATED_PILOT,ASSISTANT_CURATED_RULE_REVIEW,3133d82d027dea85,2026-06-04T13:43:16.341Z
6a21811e109e0591bbf6d919,Book 50% profit in Dow @51318,Book 50% profit in Dow @51318,International Market,GLOBAL_INDEX_OR_MACRO,TRADE_ACTION,REDUCE_POSITION,SINGLE_INSTRUMENT,,DOW,"[""DOW""]",,,,,50.0,CURRENT_HOLDING,0.5,EXPLICIT_PERCENT,[51318.0],51318.0,,[],,,False,False,False,True,0.99,False,AUTO_HIGH_CONFIDENCE,RULE_BASED_AND_CURATED,972b2b8f32042b9a,2026-06-04T13:43:58.847Z
6a218187109e0591bbf6d990,Buy 50% sndk @1765 for target 1850,Buy 50% sndk @1765 for target 1850,International Market,GLOBAL_EQUITY,TRADE_ACTION,OPEN_LONG,SINGLE_INSTRUMENT,,SNDK,"[""SNDK""]",,,,LONG,50.0,MODEL_ALLOCATION,,EXPLICIT_PERCENT,[1765.0],1765.0,,[1850.0],1850.0,,False,False,False,True,0.98,False,CURATED_PILOT,ASSISTANT_CURATED_RULE_REVIEW,45ca237c23dc7933,2026-06-04T13:45:43.872Z
6a2181b4109e0591bbf6d9c5,Buy amd @505 with SL 490 for target 530-540,Buy amd @505 with SL 490 for target 530-540,International Market,GLOBAL_EQUITY,TRADE_ACTION,OPEN_LONG,SINGLE_INSTRUMENT,,AMD,"[""AMD""]",,,,LONG,100.0,MODEL_ALLOCATION,,DEFAULT_FULL_ALLOCATION,[505.0],505.0,490.0,"[530.0, 540.0]",530.0,540.0,False,False,False,True,0.98,False,AUTO_HIGH_CONFIDENCE,RULE_BASED_AND_CURATED,de3bfb3bab9644ac,2026-06-04T13:46:28.409Z
6a2181db109e0591bbf6d9de,Buy 50% MU @ 993 for target 1040-1060,Buy 50% MU @ 993 for target 1040-1060,International Market,GLOBAL_EQUITY,TRADE_ACTION,OPEN_LONG,SINGLE_INSTRUMENT,,MU,"[""MU""]",,,,LONG,50.0,MODEL_ALLOCATION,,EXPLICIT_PERCENT,[993.0],993.0,,"[1040.0, 1060.0]",1040.0,1060.0,False,False,False,True,0.98,False,CURATED_PILOT,ASSISTANT_CURATED_RULE_REVIEW,d8c89620dc88e86c,2026-06-04T13:47:07.694Z
6a218ab0109e0591bbf6daf2,Book 50% profit in Russell @2920,Book 50% profit in Russell @2920,International Market,GLOBAL_INDEX_OR_MACRO,TRADE_ACTION,REDUCE_POSITION,SINGLE_INSTRUMENT,,RUSSELL,"[""RUSSELL""]",,,,,50.0,CURRENT_HOLDING,0.5,EXPLICIT_PERCENT,[2920.0],2920.0,,[],,,False,False,False,True,0.99,False,CURATED_PILOT,ASSISTANT_CURATED_RULE_REVIEW,c971777a858f3f77,2026-06-04T14:24:48.400Z
6a2196c3109e0591bbf6dc2a,Book 50% profit in s&p500 @ 7572,Book 50% profit in s&p500 @ 7572,International Market,GLOBAL_INDEX_OR_MACRO,TRADE_ACTION,REDUCE_POSITION,SINGLE_INSTRUMENT,,SP500,"[""SP500""]",,,,,50.0,CURRENT_HOLDING,0.5,EXPLICIT_PERCENT,[7572.0],7572.0,,[],,,False,False,False,True,0.99,False,CURATED_PILOT,ASSISTANT_CURATED_RULE_REVIEW,536c7907b41ecf08,2026-06-04T15:16:19.650Z
6a219b1f109e0591bbf6dcae,Book 50% profit in AMD @524,Book 50% profit in AMD @524,International Market,GLOBAL_EQUITY,TRADE_ACTION,REDUCE_POSITION,SINGLE_INSTRUMENT,,AMD,"[""AMD""]",,,,,50.0,CURRENT_HOLDING,0.5,EXPLICIT_PERCENT,[524.0],524.0,,[],,,False,False,False,True,0.99,False,AUTO_HIGH_CONFIDENCE,RULE_BASED_AND_CURATED,94e981806306c15f,2026-06-04T15:34:55.452Z
6a219b51109e0591bbf6dcbb,Buy avgo @413 with SL 399 for target 440-460,Buy avgo @413 with SL 399 for target 440-460,International Market,GLOBAL_EQUITY,TRADE_ACTION,OPEN_LONG,SINGLE_INSTRUMENT,,AVGO,"[""AVGO""]",,,,LONG,100.0,MODEL_ALLOCATION,,DEFAULT_FULL_ALLOCATION,[413.0],413.0,399.0,"[440.0, 460.0]",440.0,460.0,False,False,False,True,0.98,False,CURATED_PILOT,ASSISTANT_CURATED_RULE_REVIEW,8b602bd2a73e7b82,2026-06-04T15:35:45.949Z
6a21bc80109e0591bbf6de0a,Book part profit in nasdaq @30500,Book part profit in nasdaq @30500,International Market,GLOBAL_INDEX_OR_MACRO,TRADE_ACTION,REDUCE_POSITION,SINGLE_INSTRUMENT,,NASDAQ,"[""NASDAQ""]",,,,,25.0,CURRENT_HOLDING,0.75,PART_PROFIT_RULE,[30500.0],30500.0,,[],,,False,False,False,True,0.99,False,CURATED_PILOT,ASSISTANT_CURATED_RULE_REVIEW,9076ee7159289d46,2026-06-04T17:57:20.204Z
6a21c38c109e0591bbf6dea8,Book 50% profit in MU @1032,Book 50% profit in MU @1032,International Market,GLOBAL_EQUITY,TRADE_ACTION,REDUCE_POSITION,SINGLE_INSTRUMENT,,MU,"[""MU""]",,,,,50.0,CURRENT_HOLDING,0.5,EXPLICIT_PERCENT,[1032.0],1032.0,,[],,,False,False,False,True,0.99,False,AUTO_HIGH_CONFIDENCE,RULE_BASED_AND_CURATED,acc8e6d0013291a5,2026-06-04T18:27:24.432Z
6a21c3cc109e0591bbf6deb5,Book 50% profit in sndk @1807,Book 50% profit in sndk @1807,International Market,GLOBAL_EQUITY,TRADE_ACTION,REDUCE_POSITION,SINGLE_INSTRUMENT,,SNDK,"[""SNDK""]",,,,,50.0,CURRENT_HOLDING,0.5,EXPLICIT_PERCENT,[1807.0],1807.0,,[],,,False,False,False,True,0.99,False,AUTO_HIGH_CONFIDENCE,RULE_BASED_AND_CURATED,2d266e29275ad8f9,2026-06-04T18:28:28.491Z
6a21c419109e0591bbf6dec2,Book part profit in nasdaq @30531,Book part profit in nasdaq @30531,International Market,GLOBAL_INDEX_OR_MACRO,TRADE_ACTION,REDUCE_POSITION,SINGLE_INSTRUMENT,,NASDAQ,"[""NASDAQ""]",,,,,25.0,CURRENT_HOLDING,0.75,PART_PROFIT_RULE,[30531.0],30531.0,,[],,,False,False,False,True,0.99,False,CURATED_PILOT,ASSISTANT_CURATED_RULE_REVIEW,d6801140d59da479,2026-06-04T18:29:45.773Z
6a21c486109e0591bbf6deea,Book profit in Russell @2942,Book profit in Russell @2942,International Market,GLOBAL_INDEX_OR_MACRO,TRADE_ACTION,CLOSE_POSITION,SINGLE_INSTRUMENT,,RUSSELL,"[""RUSSELL""]",,,,,100.0,CURRENT_HOLDING,0.0,FULL_EXIT_RULE,[2942.0],2942.0,,[],,,False,False,False,True,0.96,False,AUTO_HIGH_CONFIDENCE,RULE_BASED_AND_CURATED,21dde99a519278e5,2026-06-04T18:31:34.194Z
6a21c5d2109e0591bbf6df18,50% Profit Book in NVDA@420,50% Profit Book in NVDA @420,International Market,GLOBAL_EQUITY,TRADE_ACTION,REDUCE_POSITION,SINGLE_INSTRUMENT,,NVDA,"[""NVDA""]",,,,,50.0,CURRENT_HOLDING,0.5,EXPLICIT_PERCENT,[420.0],420.0,,[],,,False,False,False,True,0.99,False,AUTO_HIGH_CONFIDENCE,RULE_BASED_AND_CURATED,c27393aed1fe6443,2026-06-04T18:37:06.432Z
6a21c658109e0591bbf6df4c,Full Profit book in DOW@ 51570,Full Profit book in DOW @ 51570,International Market,GLOBAL_INDEX_OR_MACRO,TRADE_ACTION,CLOSE_POSITION,SINGLE_INSTRUMENT,,DOW,"[""DOW""]",,,,,100.0,CURRENT_HOLDING,0.0,FULL_EXIT_RULE,[51570.0],51570.0,,[],,,False,False,False,True,0.99,False,AUTO_HIGH_CONFIDENCE,RULE_BASED_AND_CURATED,a1680808ff07db2d,2026-06-04T18:39:20.148Z
6a21c6f5109e0591bbf6df59,Book profit in AMAT @506,Book profit in AMAT @506,International Market,GLOBAL_EQUITY,TRADE_ACTION,CLOSE_POSITION,SINGLE_INSTRUMENT,,AMAT,"[""AMAT""]",,,,,100.0,CURRENT_HOLDING,0.0,FULL_EXIT_RULE,[506.0],506.0,,[],,,False,False,False,True,0.96,False,AUTO_HIGH_CONFIDENCE,RULE_BASED_AND_CURATED,e87c91faa44d201e,2026-06-04T18:41:57.751Z
6a22327b109e0591bbf6e063,50% Buy Nasdaq @ 30155 sl 29800 tgt 30500-30600,50% Buy Nasdaq @ 30155 sl 29800 tgt 30500-30600,International Market,GLOBAL_INDEX_OR_MACRO,TRADE_ACTION,OPEN_LONG,SINGLE_INSTRUMENT,,NASDAQ,"[""NASDAQ""]",,,,LONG,50.0,MODEL_ALLOCATION,,EXPLICIT_PERCENT,[30155.0],30155.0,29800.0,"[30500.0, 30600.0]",30500.0,30600.0,False,False,False,True,0.98,False,AUTO_HIGH_CONFIDENCE,RULE_BASED_AND_CURATED,3e1070f9ade05091,2026-06-05T02:20:43.480Z
6a2232c0109e0591bbf6e070,Buy gold aug@ 4474 & 4448 sl 4815 tgt 4520-4550 Positional tgt 4750,Buy gold aug @ 4474 & 4448 sl 4815 tgt 4520-4550 Positional tgt 4750,International Market,GLOBAL_COMMODITY,TRADE_ACTION,OPEN_LONG,SINGLE_INSTRUMENT,,GOLD,"[""GOLD""]",AUG,,,LONG,100.0,MODEL_ALLOCATION,,DEFAULT_FULL_ALLOCATION,"[4474.0, 4448.0]",4474.0,4815.0,"[4520.0, 4550.0]",4520.0,4550.0,False,False,False,True,0.98,False,CURATED_PILOT,ASSISTANT_CURATED_RULE_REVIEW,b84cc082f72b2d92,2026-06-05T02:21:52.713Z
6a2232f9109e0591bbf6e07d,Buy Silver july@ 73 & 72 SL 70 tgt 75-76 Positional tgt 82,Buy Silver july @ 73 & 72 SL 70 tgt 75-76 Positional tgt 82,International Market,GLOBAL_COMMODITY,TRADE_ACTION,OPEN_LONG,SINGLE_INSTRUMENT,,SILVER,"[""SILVER""]",JUL,,,LONG,100.0,MODEL_ALLOCATION,,DEFAULT_FULL_ALLOCATION,"[73.0, 72.0]",73.0,70.0,"[75.0, 76.0]",75.0,76.0,False,False,False,True,0.98,False,AUTO_HIGH_CONFIDENCE,RULE_BASED_AND_CURATED,3b52971811b03ed0,2026-06-05T02:22:49.371Z
6a2244c2109e0591bbf6e183,BUY COPPER @1363 SL 1354 TGT 1372-1377,BUY COPPER @1363 SL 1354 TGT 1372-1377,MCX,INDIA_COMMODITY,TRADE_ACTION,OPEN_LONG,SINGLE_INSTRUMENT,,COPPER,"[""COPPER""]",,,,LONG,100.0,MODEL_ALLOCATION,,DEFAULT_FULL_ALLOCATION,[1363.0],1363.0,1354.0,"[1372.0, 1377.0]",1372.0,1377.0,False,False,False,True,0.98,False,AUTO_HIGH_CONFIDENCE,RULE_BASED_AND_CURATED,d4b1ca7c6d0da4ee,2026-06-05T03:38:42.018Z
6a224736109e0591bbf6e2ac,FULL PROFIT BOOK IN WIPRO @187,FULL PROFIT BOOK IN WIPRO @187,NSE,INDIA_EQUITY,TRADE_ACTION,CLOSE_POSITION,SINGLE_INSTRUMENT,,WIPRO,"[""WIPRO""]",,,,,100.0,CURRENT_HOLDING,0.0,FULL_EXIT_RULE,[187.0],187.0,,[],,,False,False,False,True,0.99,False,AUTO_HIGH_CONFIDENCE,RULE_BASED_AND_CURATED,74c22c98c46ea8e1,2026-06-05T03:49:10.077Z
6a22475e109e0591bbf6e301,50% PROFIT BOOK IN HDFCLIFE @583,50% PROFIT BOOK IN HDFCLIFE @583,NSE,INDIA_EQUITY,TRADE_ACTION,REDUCE_POSITION,SINGLE_INSTRUMENT,,HDFCLIFE,"[""HDFCLIFE""]",,,,,50.0,CURRENT_HOLDING,0.5,EXPLICIT_PERCENT,[583.0],583.0,,[],,,False,False,False,True,0.99,False,AUTO_HIGH_CONFIDENCE,RULE_BASED_AND_CURATED,6eefe83eb03cb28f,2026-06-05T03:49:50.081Z
6a2247be109e0591bbf6e38a,BUY LAURUSLABS @1450 SL 1420 TGT 1475-1495,BUY LAURUSLABS @1450 SL 1420 TGT 1475-1495,NSE,INDIA_EQUITY,TRADE_ACTION,OPEN_LONG,SINGLE_INSTRUMENT,,LAURUSLABS,"[""LAURUSLABS""]",,,,LONG,100.0,MODEL_ALLOCATION,,DEFAULT_FULL_ALLOCATION,[1450.0],1450.0,1420.0,"[1475.0, 1495.0]",1475.0,1495.0,False,False,False,True,0.98,False,AUTO_HIGH_CONFIDENCE,RULE_BASED_AND_CURATED,d94e641b08dc4921,2026-06-05T03:51:26.049Z
6a224a11109e0591bbf6e7f0,SELL SBIN @994 SL 1006 TGT 982-972,SELL SBIN @994 SL 1006 TGT 982-972,NSE,INDIA_EQUITY,TRADE_ACTION,OPEN_SHORT,SINGLE_INSTRUMENT,,SBIN,"[""SBIN""]",,,,SHORT,100.0,MODEL_ALLOCATION,,DEFAULT_FULL_ALLOCATION,[994.0],994.0,1006.0,"[982.0, 972.0]",982.0,972.0,False,False,False,True,0.96,False,CURATED_PILOT,ASSISTANT_CURATED_RULE_REVIEW,2081aa7fcd5fd3bd,2026-06-05T04:01:21.191Z
6a2250a5109e0591bbf6e93a,FULL PROFIT BOOK IN HINDALCO @1111,FULL PROFIT BOOK IN HINDALCO @1111,NSE,INDIA_EQUITY,TRADE_ACTION,CLOSE_POSITION,SINGLE_INSTRUMENT,,HINDALCO,"[""HINDALCO""]",,,,,100.0,CURRENT_HOLDING,0.0,FULL_EXIT_RULE,[1111.0],1111.0,,[],,,False,False,False,True,0.99,False,AUTO_HIGH_CONFIDENCE,RULE_BASED_AND_CURATED,1cdd1f311b312251,2026-06-05T04:29:25.275Z
6a225223109e0591bbf6ea3e,FULL PROFIT BOOK IN NG @322,FULL PROFIT BOOK IN NG @322,MCX,INDIA_COMMODITY,TRADE_ACTION,CLOSE_POSITION,SINGLE_INSTRUMENT,,NATURAL_GAS,"[""NATURAL_GAS""]",,,,,100.0,CURRENT_HOLDING,0.0,FULL_EXIT_RULE,[322.0],322.0,,[],,,False,False,False,True,0.99,False,CURATED_PILOT,ASSISTANT_CURATED_RULE_REVIEW,7a5b43bc3833c942,2026-06-05T04:35:47.071Z
6a2253ba109e0591bbf6eace,FULL  PROFIT BOOK IN KOTAKBANK @384,FULL PROFIT BOOK IN KOTAKBANK @384,NSE,INDIA_EQUITY,TRADE_ACTION,CLOSE_POSITION,SINGLE_INSTRUMENT,,KOTAKBANK,"[""KOTAKBANK""]",,,,,100.0,CURRENT_HOLDING,0.0,FULL_EXIT_RULE,[384.0],384.0,,[],,,False,False,False,True,0.99,False,AUTO_HIGH_CONFIDENCE,RULE_BASED_AND_CURATED,6b9a37705b72078d,2026-06-05T04:42:34.228Z
6a2256d7109e0591bbf6eb5d,50% SELL BANKNIFTY @55045 SL 55500 TGT 54500-54000,50% SELL BANKNIFTY @55045 SL 55500 TGT 54500-54000,Indian Indices,INDIA_INDEX,TRADE_ACTION,OPEN_SHORT,SINGLE_INSTRUMENT,,BANKNIFTY,"[""BANKNIFTY""]",,,,SHORT,50.0,MODEL_ALLOCATION,,EXPLICIT_PERCENT,[55045.0],55045.0,55500.0,"[54500.0, 54000.0]",54500.0,54000.0,False,False,False,True,0.97,False,CURATED_PILOT,ASSISTANT_CURATED_RULE_REVIEW,ebbafb053844e2c7,2026-06-05T04:55:51.528Z
6a2256fd109e0591bbf6ebbb,50% PROFIT BOOK IN ICICIBANK @1268.50,50% PROFIT BOOK IN ICICIBANK @1268.50,NSE,INDIA_EQUITY,TRADE_ACTION,REDUCE_POSITION,SINGLE_INSTRUMENT,,ICICIBANK,"[""ICICIBANK""]",,,,,50.0,CURRENT_HOLDING,0.5,EXPLICIT_PERCENT,[1268.5],1268.5,,[],,,False,False,False,True,0.99,False,AUTO_HIGH_CONFIDENCE,RULE_BASED_AND_CURATED,d9168e4ac96fa8cb,2026-06-05T04:56:29.712Z
6a225a57109e0591bbf6ed38,50% PROFIT BOOK IN NIFTY @23410,50% PROFIT BOOK IN NIFTY @23410,Indian Indices,INDIA_INDEX,TRADE_ACTION,REDUCE_POSITION,SINGLE_INSTRUMENT,,NIFTY,"[""NIFTY""]",,,,,50.0,CURRENT_HOLDING,0.5,EXPLICIT_PERCENT,[23410.0],23410.0,,[],,,False,False,False,True,0.99,False,AUTO_HIGH_CONFIDENCE,RULE_BASED_AND_CURATED,8cc65f4c71f9e1ab,2026-06-05T05:10:47.872Z
6a225a72109e0591bbf6ed53,50% PROFIT BOOK IN BANKNIFTY @54600,50% PROFIT BOOK IN BANKNIFTY @54600,Indian Indices,INDIA_INDEX,TRADE_ACTION,REDUCE_POSITION,SINGLE_INSTRUMENT,,BANKNIFTY,"[""BANKNIFTY""]",,,,,50.0,CURRENT_HOLDING,0.5,EXPLICIT_PERCENT,[54600.0],54600.0,,[],,,False,False,False,True,0.99,False,AUTO_HIGH_CONFIDENCE,RULE_BASED_AND_CURATED,05c4ab3f55266b31,2026-06-05T05:11:14.498Z
6a225a83109e0591bbf6ed72,50% PROFIT BOOK IN SBIN @983,50% PROFIT BOOK IN SBIN @983,NSE,INDIA_EQUITY,TRADE_ACTION,REDUCE_POSITION,SINGLE_INSTRUMENT,,SBIN,"[""SBIN""]",,,,,50.0,CURRENT_HOLDING,0.5,EXPLICIT_PERCENT,[983.0],983.0,,[],,,False,False,False,True,0.99,False,CURATED_PILOT,ASSISTANT_CURATED_RULE_REVIEW,c0328dc92d15b61b,2026-06-05T05:11:31.241Z
6a225aa4109e0591bbf6eda5,50% PROFIT BOOK IN TMPV @394.50,50% PROFIT BOOK IN TMPV @394.50,NSE,INDIA_EQUITY,TRADE_ACTION,REDUCE_POSITION,SINGLE_INSTRUMENT,,TMPV,"[""TMPV""]",,,,,50.0,CURRENT_HOLDING,0.5,EXPLICIT_PERCENT,[394.5],394.5,,[],,,False,False,False,True,0.99,False,AUTO_HIGH_CONFIDENCE,RULE_BASED_AND_CURATED,771c6588e718a5e6,2026-06-05T05:12:04.293Z
6a22601e109e0591bbf6eec9,50% SELL BANKNIFTY @54950 TGT 54000-53600,50% SELL BANKNIFTY @54950 TGT 54000-53600,Indian Indices,INDIA_INDEX,TRADE_ACTION,OPEN_SHORT,SINGLE_INSTRUMENT,,BANKNIFTY,"[""BANKNIFTY""]",,,,SHORT,50.0,MODEL_ALLOCATION,,EXPLICIT_PERCENT,[54950.0],54950.0,,"[54000.0, 53600.0]",54000.0,53600.0,False,False,False,True,0.97,False,AUTO_HIGH_CONFIDENCE,RULE_BASED_AND_CURATED,878bae6de009b703,2026-06-05T05:35:26.372Z
6a226044109e0591bbf6ef03,50% SELL NIFTY @23540  TGT 23400-23300,50% SELL NIFTY @23540 TGT 23400-23300,Indian Indices,INDIA_INDEX,TRADE_ACTION,OPEN_SHORT,SINGLE_INSTRUMENT,,NIFTY,"[""NIFTY""]",,,,SHORT,50.0,MODEL_ALLOCATION,,EXPLICIT_PERCENT,[23540.0],23540.0,,"[23400.0, 23300.0]",23400.0,23300.0,False,False,False,True,0.97,False,CURATED_PILOT,ASSISTANT_CURATED_RULE_REVIEW,a4cfb8d1f79bc229,2026-06-05T05:36:04.748Z
6a22606b109e0591bbf6ef1b,SELL SBIN @995 SL 1022 TGT 982-963,SELL SBIN @995 SL 1022 TGT 982-963,NSE,INDIA_EQUITY,TRADE_ACTION,OPEN_SHORT,SINGLE_INSTRUMENT,,SBIN,"[""SBIN""]",,,,SHORT,100.0,MODEL_ALLOCATION,,DEFAULT_FULL_ALLOCATION,[995.0],995.0,1022.0,"[982.0, 963.0]",982.0,963.0,False,False,False,True,0.96,False,AUTO_HIGH_CONFIDENCE,RULE_BASED_AND_CURATED,373d3be23d911a39,2026-06-05T05:36:43.556Z
6a2267a9109e0591bbf6efdb,POSITIONAL TRADERS HOLD SILVER WITH SL 254000,POSITIONAL TRADERS HOLD SILVER WITH SL 254000,MCX,INDIA_COMMODITY,TRADE_UPDATE,UPDATE_STOP_LOSS,SINGLE_INSTRUMENT,,SILVER,"[""SILVER""]",,,,,,NONE,,NOT_APPLICABLE,[],,254000.0,[],,,False,False,False,True,0.99,False,AUTO_HIGH_CONFIDENCE,RULE_BASED_AND_CURATED,9c8026351d699ebd,2026-06-05T06:07:37.166Z
6a226927109e0591bbf6f033,HOLD COPPER WITH SL 1351,HOLD COPPER WITH SL 1351,MCX,INDIA_COMMODITY,TRADE_UPDATE,UPDATE_STOP_LOSS,SINGLE_INSTRUMENT,,COPPER,"[""COPPER""]",,,,,,NONE,,NOT_APPLICABLE,[],,1351.0,[],,,False,False,False,True,0.99,False,CURATED_PILOT,ASSISTANT_CURATED_RULE_REVIEW,dcc21d092fde7d59,2026-06-05T06:13:59.036Z
6a2269f4109e0591bbf6f0a3,HOLD ALUMINI WITH SL 385,HOLD ALUMINI WITH SL 385,MCX,INDIA_COMMODITY,TRADE_UPDATE,UPDATE_STOP_LOSS,SINGLE_INSTRUMENT,,ALUMINIUM,"[""ALUMINIUM""]",,,,,,NONE,,NOT_APPLICABLE,[],,385.0,[],,,False,False,False,True,0.99,False,AUTO_HIGH_CONFIDENCE,RULE_BASED_AND_CURATED,143bda986b65720e,2026-06-05T06:17:24.147Z
6a226d69109e0591bbf6f18a,SELL TMPV @400 SL 412 TGT 393-381,SELL TMPV @400 SL 412 TGT 393-381,NSE,INDIA_EQUITY,TRADE_ACTION,OPEN_SHORT,SINGLE_INSTRUMENT,,TMPV,"[""TMPV""]",,,,SHORT,100.0,MODEL_ALLOCATION,,DEFAULT_FULL_ALLOCATION,[400.0],400.0,412.0,"[393.0, 381.0]",393.0,381.0,False,False,False,True,0.96,False,AUTO_HIGH_CONFIDENCE,RULE_BASED_AND_CURATED,f83af13d19a30d16,2026-06-05T06:32:09.273Z
6a226f45109e0591bbf6f20a,POSITIONAL 50% BUY MCX @2909  TGT 3100- 3200,POSITIONAL 50% BUY MCX @2909 TGT 3100- 3200,NSE,INDIA_EQUITY,TRADE_ACTION,OPEN_LONG,SINGLE_INSTRUMENT,,MCX,"[""MCX""]",,,,LONG,50.0,MODEL_ALLOCATION,,EXPLICIT_PERCENT,[2909.0],2909.0,,"[3100.0, 3200.0]",3100.0,3200.0,False,False,False,True,0.98,False,CURATED_PILOT,ASSISTANT_CURATED_RULE_REVIEW,be80487c20596b6e,2026-06-05T06:40:05.729Z
6a22731c109e0591bbf6f374,INTRADAY TRADERS FULL PROFIT BOOK IN ICICIBANK@1271,INTRADAY TRADERS FULL PROFIT BOOK IN ICICIBANK @1271,NSE,INDIA_EQUITY,TRADE_ACTION,CLOSE_POSITION,SINGLE_INSTRUMENT,,ICICIBANK,"[""ICICIBANK""]",,,,,100.0,CURRENT_HOLDING,0.0,FULL_EXIT_RULE,[1271.0],1271.0,,[],,,False,False,False,True,0.99,False,CURATED_PILOT,ASSISTANT_CURATED_RULE_REVIEW,036a73d8f2a2f9b8,2026-06-05T06:56:28.906Z
6a2278bd109e0591bbf6f459,PART PROFIT BOOK IN NIFTY @23431,PART PROFIT BOOK IN NIFTY @23431,Indian Indices,INDIA_INDEX,TRADE_ACTION,REDUCE_POSITION,SINGLE_INSTRUMENT,,NIFTY,"[""NIFTY""]",,,,,25.0,CURRENT_HOLDING,0.75,PART_PROFIT_RULE,[23431.0],23431.0,,[],,,False,False,False,True,0.99,False,CURATED_PILOT,ASSISTANT_CURATED_RULE_REVIEW,bcec6496af95c532,2026-06-05T07:20:29.924Z
6a227e72109e0591bbf6f579,50% PROFIT BOOK IN SBIN @985.60,50% PROFIT BOOK IN SBIN @985.60,NSE,INDIA_EQUITY,TRADE_ACTION,REDUCE_POSITION,SINGLE_INSTRUMENT,,SBIN,"[""SBIN""]",,,,,50.0,CURRENT_HOLDING,0.5,EXPLICIT_PERCENT,[985.6],985.6,,[],,,False,False,False,True,0.99,False,CURATED_PILOT,ASSISTANT_CURATED_RULE_REVIEW,5d1c3165f99ff048,2026-06-05T07:44:50.575Z
6a2281be109e0591bbf6f632,PART PROFIT BOOK IN BANKNIFTY @54550,PART PROFIT BOOK IN BANKNIFTY @54550,Indian Indices,INDIA_INDEX,TRADE_ACTION,REDUCE_POSITION,SINGLE_INSTRUMENT,,BANKNIFTY,"[""BANKNIFTY""]",,,,,25.0,CURRENT_HOLDING,0.75,PART_PROFIT_RULE,[54550.0],54550.0,,[],,,False,False,False,True,0.99,False,AUTO_HIGH_CONFIDENCE,RULE_BASED_AND_CURATED,bfd7151ef80af066,2026-06-05T07:58:54.206Z
6a22859f109e0591bbf6f7d3,25% PROFIT BOOK IN NIFTY @23355,25% PROFIT BOOK IN NIFTY @23355,Indian Indices,INDIA_INDEX,TRADE_ACTION,REDUCE_POSITION,SINGLE_INSTRUMENT,,NIFTY,"[""NIFTY""]",,,,,25.0,CURRENT_HOLDING,0.75,EXPLICIT_PERCENT,[23355.0],23355.0,,[],,,False,False,False,True,0.99,False,AUTO_HIGH_CONFIDENCE,RULE_BASED_AND_CURATED,5ecc7438431fd4e9,2026-06-05T08:15:27.561Z
6a228abf109e0591bbf6f9f3,BUY BHARTIARTL @1810 SL 1778 TGT 1845-1895,BUY BHARTIARTL @1810 SL 1778 TGT 1845-1895,NSE,INDIA_EQUITY,TRADE_ACTION,OPEN_LONG,SINGLE_INSTRUMENT,,BHARTIARTL,"[""BHARTIARTL""]",,,,LONG,100.0,MODEL_ALLOCATION,,DEFAULT_FULL_ALLOCATION,[1810.0],1810.0,1778.0,"[1845.0, 1895.0]",1845.0,1895.0,False,False,False,True,0.98,False,AUTO_HIGH_CONFIDENCE,RULE_BASED_AND_CURATED,ad58964b93c76c44,2026-06-05T08:37:19.552Z
6a2294f8109e0591bbf6fbd4,SELL TMPV @398 SL 410 TGT 390-385,SELL TMPV @398 SL 410 TGT 390-385,NSE,INDIA_EQUITY,TRADE_ACTION,OPEN_SHORT,SINGLE_INSTRUMENT,,TMPV,"[""TMPV""]",,,,SHORT,100.0,MODEL_ALLOCATION,,DEFAULT_FULL_ALLOCATION,[398.0],398.0,410.0,"[390.0, 385.0]",390.0,385.0,False,False,False,True,0.96,False,AUTO_HIGH_CONFIDENCE,RULE_BASED_AND_CURATED,1c65412ec9436058,2026-06-05T09:20:56.497Z
6a22993d109e0591bbf6fc52,BUY HDFCLIFE @576 SL 563 TGT 590-620,BUY HDFCLIFE @576 SL 563 TGT 590-620,NSE,INDIA_EQUITY,TRADE_ACTION,OPEN_LONG,SINGLE_INSTRUMENT,,HDFCLIFE,"[""HDFCLIFE""]",,,,LONG,100.0,MODEL_ALLOCATION,,DEFAULT_FULL_ALLOCATION,[576.0],576.0,563.0,"[590.0, 620.0]",590.0,620.0,False,False,False,True,0.98,False,AUTO_HIGH_CONFIDENCE,RULE_BASED_AND_CURATED,66ce965e2847f10b,2026-06-05T09:39:09.389Z
6a229989109e0591bbf6fc89,POSITIONAL TRADERS HOLD GOLD WITH SL 156400,POSITIONAL TRADERS HOLD GOLD WITH SL 156400,MCX,INDIA_COMMODITY,TRADE_UPDATE,UPDATE_STOP_LOSS,SINGLE_INSTRUMENT,,GOLD,"[""GOLD""]",,,,,,NONE,,NOT_APPLICABLE,[],,156400.0,[],,,False,False,False,True,0.99,False,CURATED_PILOT,ASSISTANT_CURATED_RULE_REVIEW,a0ee373a46a47bbb,2026-06-05T09:40:25.216Z
6a22c6f0109e0591bbf70232,Buy 50% silver July @72.24 with SL 70 for target 77-81,Buy 50% silver July @72.24 with SL 70 for target 77-81,International Market,GLOBAL_COMMODITY,TRADE_ACTION,OPEN_LONG,SINGLE_INSTRUMENT,,SILVER,"[""SILVER""]",JUL,,,LONG,50.0,MODEL_ALLOCATION,,EXPLICIT_PERCENT,[72.24],72.24,70.0,"[77.0, 81.0]",77.0,81.0,False,False,False,True,0.98,False,CURATED_PILOT,ASSISTANT_CURATED_RULE_REVIEW,9980cfcdf5aaa045,2026-06-05T12:54:08.736Z
6a22c729109e0591bbf7023f,Buy 50% gold aug @4447 with SL 4400 for target 4550 / positional target 4750.,Buy 50% gold aug @4447 with SL 4400 for target 4550 / positional target 4750.,International Market,GLOBAL_COMMODITY,TRADE_ACTION,OPEN_LONG,SINGLE_INSTRUMENT,,GOLD,"[""GOLD""]",AUG,,,LONG,50.0,MODEL_ALLOCATION,,EXPLICIT_PERCENT,[4447.0],4447.0,4400.0,[4550.0],4550.0,,False,False,False,True,0.98,False,AUTO_HIGH_CONFIDENCE,RULE_BASED_AND_CURATED,38dace210501125f,2026-06-05T12:55:05.005Z
6a22c75e109e0591bbf70258,Buy nasdaq @30000 with SL 29750 for target 30400-30500,Buy nasdaq @30000 with SL 29750 for target 30400-30500,International Market,GLOBAL_INDEX_OR_MACRO,TRADE_ACTION,OPEN_LONG,SINGLE_INSTRUMENT,,NASDAQ,"[""NASDAQ""]",,,,LONG,100.0,MODEL_ALLOCATION,,DEFAULT_FULL_ALLOCATION,[30000.0],30000.0,29750.0,"[30400.0, 30500.0]",30400.0,30500.0,False,False,False,True,0.98,False,AUTO_HIGH_CONFIDENCE,RULE_BASED_AND_CURATED,6d527bc1a177a020,2026-06-05T12:55:58.445Z
6a22c775109e0591bbf70278,Buy s&p500 @7535 with SL 7478 for target 7580-7610,Buy s&p500 @7535 with SL 7478 for target 7580-7610,International Market,GLOBAL_INDEX_OR_MACRO,TRADE_ACTION,OPEN_LONG,SINGLE_INSTRUMENT,,SP500,"[""SP500""]",,,,LONG,100.0,MODEL_ALLOCATION,,DEFAULT_FULL_ALLOCATION,[7535.0],7535.0,7478.0,"[7580.0, 7610.0]",7580.0,7610.0,False,False,False,True,0.98,False,AUTO_HIGH_CONFIDENCE,RULE_BASED_AND_CURATED,c760be8d869285f7,2026-06-05T12:56:21.586Z
6a22cafd109e0591bbf70450,Full Profit book in crude@8757,Full Profit book in crude @8757,MCX,INDIA_COMMODITY,TRADE_ACTION,CLOSE_POSITION,SINGLE_INSTRUMENT,,CRUDE,"[""CRUDE""]",,,,,100.0,CURRENT_HOLDING,0.0,FULL_EXIT_RULE,[8757.0],8757.0,,[],,,False,False,False,True,0.99,False,CURATED_PILOT,ASSISTANT_CURATED_RULE_REVIEW,eb950e5a33a03723,2026-06-05T13:11:25.198Z
6a22cfe4109e0591bbf70564,Positional buy 50% soxl @ 232 for target 260-280,Positional buy 50% soxl @ 232 for target 260-280,International Market,GLOBAL_EQUITY,TRADE_ACTION,OPEN_LONG,SINGLE_INSTRUMENT,,SOXL,"[""SOXL""]",,,,LONG,50.0,MODEL_ALLOCATION,,EXPLICIT_PERCENT,[232.0],232.0,,"[260.0, 280.0]",260.0,280.0,False,False,False,True,0.98,False,AUTO_HIGH_CONFIDENCE,RULE_BASED_AND_CURATED,f2e5c1f2688660c5,2026-06-05T13:32:20.895Z
6a22d00d109e0591bbf70575,Buy 50% MU @ 956 for target 1000-1040,Buy 50% MU @ 956 for target 1000-1040,International Market,GLOBAL_EQUITY,TRADE_ACTION,OPEN_LONG,SINGLE_INSTRUMENT,,MU,"[""MU""]",,,,LONG,50.0,MODEL_ALLOCATION,,EXPLICIT_PERCENT,[956.0],956.0,,"[1000.0, 1040.0]",1000.0,1040.0,False,False,False,True,0.98,False,AUTO_HIGH_CONFIDENCE,RULE_BASED_AND_CURATED,868224562d7fbc19,2026-06-05T13:33:01.563Z
6a22d018109e0591bbf70586,Buy 50% sndk @1668 for target 1800,Buy 50% sndk @1668 for target 1800,International Market,GLOBAL_EQUITY,TRADE_ACTION,OPEN_LONG,SINGLE_INSTRUMENT,,SNDK,"[""SNDK""]",,,,LONG,50.0,MODEL_ALLOCATION,,EXPLICIT_PERCENT,[1668.0],1668.0,,[1800.0],1800.0,,False,False,False,True,0.98,False,AUTO_HIGH_CONFIDENCE,RULE_BASED_AND_CURATED,b6170428f7cd004b,2026-06-05T13:33:12.418Z
6a22d032109e0591bbf70593,Buy 50% amd @504 with SL 490 for target 524-540,Buy 50% amd @504 with SL 490 for target 524-540,International Market,GLOBAL_EQUITY,TRADE_ACTION,OPEN_LONG,SINGLE_INSTRUMENT,,AMD,"[""AMD""]",,,,LONG,50.0,MODEL_ALLOCATION,,EXPLICIT_PERCENT,[504.0],504.0,490.0,"[524.0, 540.0]",524.0,540.0,False,False,False,True,0.98,False,AUTO_HIGH_CONFIDENCE,RULE_BASED_AND_CURATED,f1be2f9b4cab0560,2026-06-05T13:33:38.362Z
6a22d1d7109e0591bbf705bc,Buy Russell @2895 with SL 2878 for target 2930,Buy Russell @2895 with SL 2878 for target 2930,International Market,GLOBAL_INDEX_OR_MACRO,TRADE_ACTION,OPEN_LONG,SINGLE_INSTRUMENT,,RUSSELL,"[""RUSSELL""]",,,,LONG,100.0,MODEL_ALLOCATION,,DEFAULT_FULL_ALLOCATION,[2895.0],2895.0,2878.0,[2930.0],2930.0,,False,False,False,True,0.98,False,AUTO_HIGH_CONFIDENCE,RULE_BASED_AND_CURATED,3b976179a2db4699,2026-06-05T13:40:39.037Z
6a22d3d1109e0591bbf706e8,Positional traders hold amd for next week,Positional traders hold amd for next week,International Market,GLOBAL_EQUITY,TRADE_UPDATE,HOLD_POSITION,SINGLE_INSTRUMENT,,AMD,"[""AMD""]",,,,,,NONE,,NOT_APPLICABLE,[],,,[],,,False,False,False,True,0.97,False,CURATED_PILOT,ASSISTANT_CURATED_RULE_REVIEW,b4ee4a3d56bb38a4,2026-06-05T13:49:05.412Z
6a22d433109e0591bbf70729,Positional traders hold nasdaq with SL 29700,Positional traders hold nasdaq with SL 29700,International Market,GLOBAL_INDEX_OR_MACRO,TRADE_UPDATE,UPDATE_STOP_LOSS,SINGLE_INSTRUMENT,,NASDAQ,"[""NASDAQ""]",,,,,,NONE,,NOT_APPLICABLE,[],,29700.0,[],,,False,False,False,True,0.99,False,AUTO_HIGH_CONFIDENCE,RULE_BASED_AND_CURATED,03a48500ebdc24bf,2026-06-05T13:50:43.272Z
6a22d443109e0591bbf70736,Positional traders hold Russell with SL 2870,Positional traders hold Russell with SL 2870,International Market,GLOBAL_INDEX_OR_MACRO,TRADE_UPDATE,UPDATE_STOP_LOSS,SINGLE_INSTRUMENT,,RUSSELL,"[""RUSSELL""]",,,,,,NONE,,NOT_APPLICABLE,[],,2870.0,[],,,False,False,False,True,0.99,False,AUTO_HIGH_CONFIDENCE,RULE_BASED_AND_CURATED,ee1286606942574d,2026-06-05T13:50:59.626Z
6a22d776109e0591bbf707d4,Book part profit in crude @90.70,Book part profit in crude @90.70,International Market,GLOBAL_COMMODITY,TRADE_ACTION,REDUCE_POSITION,SINGLE_INSTRUMENT,,CRUDE,"[""CRUDE""]",,,,,25.0,CURRENT_HOLDING,0.75,PART_PROFIT_RULE,[90.7],90.7,,[],,,False,False,False,True,0.99,False,AUTO_HIGH_CONFIDENCE,RULE_BASED_AND_CURATED,f73bcdbc6098d6bc,2026-06-05T14:04:38.666Z
6a22e7ae109e0591bbf70ac3,Positional traders hold nasdaq with SL 29500,Positional traders hold nasdaq with SL 29500,International Market,GLOBAL_INDEX_OR_MACRO,TRADE_UPDATE,UPDATE_STOP_LOSS,SINGLE_INSTRUMENT,,NASDAQ,"[""NASDAQ""]",,,,,,NONE,,NOT_APPLICABLE,[],,29500.0,[],,,False,False,False,True,0.99,False,AUTO_HIGH_CONFIDENCE,RULE_BASED_AND_CURATED,275a6d960c97b4cd,2026-06-05T15:13:50.776Z
6a22f115109e0591bbf70caf,Buy NVDA @ 208.84 & 201 with S/L 195 for target 220-230,Buy NVDA @ 208.84 & 201 with S/L 195 for target 220-230,International Market,GLOBAL_EQUITY,TRADE_ACTION,OPEN_LONG,SINGLE_INSTRUMENT,,NVDA,"[""NVDA""]",,,,LONG,100.0,MODEL_ALLOCATION,,DEFAULT_FULL_ALLOCATION,"[208.84, 201.0]",208.84,195.0,"[220.0, 230.0]",220.0,230.0,False,False,False,True,0.98,False,CURATED_PILOT,ASSISTANT_CURATED_RULE_REVIEW,14144c2b5ed54717,2026-06-05T15:53:57.588Z
6a2610ea109e0591bbf71767,Buy copper @6.28 with SL 6.20 for target 6.40-6.50,Buy copper @6.28 with SL 6.20 for target 6.40-6.50,International Market,GLOBAL_COMMODITY,TRADE_ACTION,OPEN_LONG,SINGLE_INSTRUMENT,,COPPER,"[""COPPER""]",,,,LONG,100.0,MODEL_ALLOCATION,,DEFAULT_FULL_ALLOCATION,[6.28],6.28,6.2,"[6.4, 6.5]",6.4,6.5,False,False,False,True,0.98,False,AUTO_HIGH_CONFIDENCE,RULE_BASED_AND_CURATED,589b68d4ce1d6196,2026-06-08T00:46:34.294Z
6a261110109e0591bbf71774,Sell crude @ 92.55 & 94.50 with SL 95.60 for target 90.50/89.50,Sell crude @ 92.55 & 94.50 with SL 95.60 for target 90.50/89.50,International Market,GLOBAL_COMMODITY,TRADE_ACTION,OPEN_SHORT,SINGLE_INSTRUMENT,,CRUDE,"[""CRUDE""]",,,,SHORT,100.0,MODEL_ALLOCATION,,DEFAULT_FULL_ALLOCATION,"[92.55, 94.5]",92.55,95.6,"[90.5, 89.5]",90.5,89.5,False,False,False,True,0.96,False,CURATED_PILOT,ASSISTANT_CURATED_RULE_REVIEW,3f0c45dc1b450668,2026-06-08T00:47:12.129Z
6a261127109e0591bbf71782,Buy NG @ 3.18 with SL 3.00 for target 3.40,Buy NG @ 3.18 with SL 3.00 for target 3.40,International Market,GLOBAL_COMMODITY,TRADE_ACTION,OPEN_LONG,SINGLE_INSTRUMENT,,NATURAL_GAS,"[""NATURAL_GAS""]",,,,LONG,100.0,MODEL_ALLOCATION,,DEFAULT_FULL_ALLOCATION,[3.18],3.18,3.0,[3.4],3.4,,False,False,False,True,0.98,False,AUTO_HIGH_CONFIDENCE,RULE_BASED_AND_CURATED,34f08b1de17fb0be,2026-06-08T00:47:35.700Z
6a263850109e0591bbf718d3,buy copper @1334 sl 1324 tgt 1345-1355,buy copper @1334 sl 1324 tgt 1345-1355,MCX,INDIA_COMMODITY,TRADE_ACTION,OPEN_LONG,SINGLE_INSTRUMENT,,COPPER,"[""COPPER""]",,,,LONG,100.0,MODEL_ALLOCATION,,DEFAULT_FULL_ALLOCATION,[1334.0],1334.0,1324.0,"[1345.0, 1355.0]",1345.0,1355.0,False,False,False,True,0.98,False,CURATED_PILOT,ASSISTANT_CURATED_RULE_REVIEW,3d3d111c337cb0c5,2026-06-08T03:34:40.880Z
6a263897109e0591bbf7194d,50% sell crude M @8920 sl 9100 tgt 8650-8550,50% sell crude M @8920 sl 9100 tgt 8650-8550,MCX,INDIA_COMMODITY,TRADE_ACTION,OPEN_SHORT,SINGLE_INSTRUMENT,,CRUDE_MINI,"[""CRUDE_MINI""]",,,,SHORT,50.0,MODEL_ALLOCATION,,EXPLICIT_PERCENT,[8920.0],8920.0,9100.0,"[8650.0, 8550.0]",8650.0,8550.0,False,False,False,True,0.97,False,CURATED_PILOT,ASSISTANT_CURATED_RULE_REVIEW,32c91f54b998e497,2026-06-08T03:35:51.643Z
6a2638bf109e0591bbf7198f,BUY NG @303.20 SL 294 TGT 310-320,BUY NG @303.20 SL 294 TGT 310-320,MCX,INDIA_COMMODITY,TRADE_ACTION,OPEN_LONG,SINGLE_INSTRUMENT,,NATURAL_GAS,"[""NATURAL_GAS""]",,,,LONG,100.0,MODEL_ALLOCATION,,DEFAULT_FULL_ALLOCATION,[303.2],303.2,294.0,"[310.0, 320.0]",310.0,320.0,False,False,False,True,0.98,False,AUTO_HIGH_CONFIDENCE,RULE_BASED_AND_CURATED,eeddcb34f5586ad8,2026-06-08T03:36:31.478Z
6a263adf109e0591bbf71ab1,50% PROFIT BOOK IN SBIN @970,50% PROFIT BOOK IN SBIN @970,NSE,INDIA_EQUITY,TRADE_ACTION,REDUCE_POSITION,SINGLE_INSTRUMENT,,SBIN,"[""SBIN""]",,,,,50.0,CURRENT_HOLDING,0.5,EXPLICIT_PERCENT,[970.0],970.0,,[],,,False,False,False,True,0.99,False,AUTO_HIGH_CONFIDENCE,RULE_BASED_AND_CURATED,0129864a887213c6,2026-06-08T03:45:35.137Z
6a263af1109e0591bbf71b21,50% PROFIT BOOK IN UNIONBANK @165,50% PROFIT BOOK IN UNIONBANK @165,NSE,INDIA_EQUITY,TRADE_ACTION,REDUCE_POSITION,SINGLE_INSTRUMENT,,UNIONBANK,"[""UNIONBANK""]",,,,,50.0,CURRENT_HOLDING,0.5,EXPLICIT_PERCENT,[165.0],165.0,,[],,,False,False,False,True,0.99,False,AUTO_HIGH_CONFIDENCE,RULE_BASED_AND_CURATED,99f513bc491eb1f0,2026-06-08T03:45:53.042Z
6a263b03109e0591bbf71bb3,50% PROFIT BOOK IN TMPV @388,50% PROFIT BOOK IN TMPV @388,NSE,INDIA_EQUITY,TRADE_ACTION,REDUCE_POSITION,SINGLE_INSTRUMENT,,TMPV,"[""TMPV""]",,,,,50.0,CURRENT_HOLDING,0.5,EXPLICIT_PERCENT,[388.0],388.0,,[],,,False,False,False,True,0.99,False,AUTO_HIGH_CONFIDENCE,RULE_BASED_AND_CURATED,4f77b2f800b99bec,2026-06-08T03:46:11.394Z
6a263be6109e0591bbf71db2,BUY LT @3916 SL 3840 TGT 4000,BUY LT @3916 SL 3840 TGT 4000,NSE,INDIA_EQUITY,TRADE_ACTION,OPEN_LONG,SINGLE_INSTRUMENT,,LT,"[""LT""]",,,,LONG,100.0,MODEL_ALLOCATION,,DEFAULT_FULL_ALLOCATION,[3916.0],3916.0,3840.0,[4000.0],4000.0,,False,False,False,True,0.98,False,AUTO_HIGH_CONFIDENCE,RULE_BASED_AND_CURATED,250b7e5712ceafae,2026-06-08T03:49:58.303Z
6a263c94109e0591bbf71e34,BUY IDFCFIRSTB@72.65 SL 71 TGT 75-77.50,BUY IDFCFIRSTB @72.65 SL 71 TGT 75-77.50,NSE,INDIA_EQUITY,TRADE_ACTION,OPEN_LONG,SINGLE_INSTRUMENT,,IDFCFIRSTB,"[""IDFCFIRSTB""]",,,,LONG,100.0,MODEL_ALLOCATION,,DEFAULT_FULL_ALLOCATION,[72.65],72.65,71.0,"[75.0, 77.5]",75.0,77.5,False,False,False,True,0.98,False,CURATED_PILOT,ASSISTANT_CURATED_RULE_REVIEW,4744d879115b9c33,2026-06-08T03:52:52.679Z
6a263d5c109e0591bbf71e4e,BUY KOTAKBANK @377.35 SL 371 TGT 385-388,BUY KOTAKBANK @377.35 SL 371 TGT 385-388,NSE,INDIA_EQUITY,TRADE_ACTION,OPEN_LONG,SINGLE_INSTRUMENT,,KOTAKBANK,"[""KOTAKBANK""]",,,,LONG,100.0,MODEL_ALLOCATION,,DEFAULT_FULL_ALLOCATION,[377.35],377.35,371.0,"[385.0, 388.0]",385.0,388.0,False,False,False,True,0.98,False,AUTO_HIGH_CONFIDENCE,RULE_BASED_AND_CURATED,f6f2b7f7e75f9cc8,2026-06-08T03:56:12.816Z
6a264a8d109e0591bbf722ab,FULL PROFIT BOOK IN UNIONBANK @165.35,FULL PROFIT BOOK IN UNIONBANK @165.35,NSE,INDIA_EQUITY,TRADE_ACTION,CLOSE_POSITION,SINGLE_INSTRUMENT,,UNIONBANK,"[""UNIONBANK""]",,,,,100.0,CURRENT_HOLDING,0.0,FULL_EXIT_RULE,[165.35],165.35,,[],,,False,False,False,True,0.99,False,AUTO_HIGH_CONFIDENCE,RULE_BASED_AND_CURATED,9325b91d08eb927a,2026-06-08T04:52:29.400Z
6a264b1f109e0591bbf722e9,HOLD COPPER WITH SL 1320,HOLD COPPER WITH SL 1320,MCX,INDIA_COMMODITY,TRADE_UPDATE,UPDATE_STOP_LOSS,SINGLE_INSTRUMENT,,COPPER,"[""COPPER""]",,,,,,NONE,,NOT_APPLICABLE,[],,1320.0,[],,,False,False,False,True,0.99,False,CURATED_PILOT,ASSISTANT_CURATED_RULE_REVIEW,b3c8c2d8090d536a,2026-06-08T04:54:55.410Z
6a2653e6109e0591bbf7247f,HOLD SILVER WITH SL 240000,HOLD SILVER WITH SL 240000,MCX,INDIA_COMMODITY,TRADE_UPDATE,UPDATE_STOP_LOSS,SINGLE_INSTRUMENT,,SILVER,"[""SILVER""]",,,,,,NONE,,NOT_APPLICABLE,[],,240000.0,[],,,False,False,False,True,0.99,False,CURATED_PILOT,ASSISTANT_CURATED_RULE_REVIEW,c9d56149b14c8a8c,2026-06-08T05:32:22.947Z
6a266460109e0591bbf727d8,BUY TMPV @389 SL 385 TGT 395-400,BUY TMPV @389 SL 385 TGT 395-400,NSE,INDIA_EQUITY,TRADE_ACTION,OPEN_LONG,SINGLE_INSTRUMENT,,TMPV,"[""TMPV""]",,,,LONG,100.0,MODEL_ALLOCATION,,DEFAULT_FULL_ALLOCATION,[389.0],389.0,385.0,"[395.0, 400.0]",395.0,400.0,False,False,False,True,0.98,False,AUTO_HIGH_CONFIDENCE,RULE_BASED_AND_CURATED,a959138cf79b58ad,2026-06-08T06:42:40.546Z
6a2668c9109e0591bbf728a6,Buy s&p500 @7394 with SL 7319 for target 745017490,Buy s&p500 @7394 with SL 7319 for target 745017490,International Market,GLOBAL_INDEX_OR_MACRO,TRADE_ACTION,OPEN_LONG,SINGLE_INSTRUMENT,,SP500,"[""SP500""]",,,,LONG,100.0,MODEL_ALLOCATION,,DEFAULT_FULL_ALLOCATION,[7394.0],7394.0,7319.0,[745017490.0],745017490.0,,False,False,False,True,0.98,False,AUTO_HIGH_CONFIDENCE,RULE_BASED_AND_CURATED,23d5b9dd09f338e1,2026-06-08T07:01:29.799Z
6a2668e3109e0591bbf728b3,Buy nasdaq @29060 with SL 28700 for target 29300-29500,Buy nasdaq @29060 with SL 28700 for target 29300-29500,International Market,GLOBAL_INDEX_OR_MACRO,TRADE_ACTION,OPEN_LONG,SINGLE_INSTRUMENT,,NASDAQ,"[""NASDAQ""]",,,,LONG,100.0,MODEL_ALLOCATION,,DEFAULT_FULL_ALLOCATION,[29060.0],29060.0,28700.0,"[29300.0, 29500.0]",29300.0,29500.0,False,False,False,True,0.98,False,AUTO_HIGH_CONFIDENCE,RULE_BASED_AND_CURATED,6c36e13500fa5d29,2026-06-08T07:01:55.252Z
6a2668fc109e0591bbf728ef,Buy Russell @2833 with SL 2790 for target 2870-2895,Buy Russell @2833 with SL 2790 for target 2870-2895,International Market,GLOBAL_INDEX_OR_MACRO,TRADE_ACTION,OPEN_LONG,SINGLE_INSTRUMENT,,RUSSELL,"[""RUSSELL""]",,,,LONG,100.0,MODEL_ALLOCATION,,DEFAULT_FULL_ALLOCATION,[2833.0],2833.0,2790.0,"[2870.0, 2895.0]",2870.0,2895.0,False,False,False,True,0.98,False,AUTO_HIGH_CONFIDENCE,RULE_BASED_AND_CURATED,2031962a1764f2ce,2026-06-08T07:02:20.657Z
6a266917109e0591bbf72903,Buy Dow @ 50695 with SL 50300 for target 51200,Buy Dow @ 50695 with SL 50300 for target 51200,International Market,GLOBAL_INDEX_OR_MACRO,TRADE_ACTION,OPEN_LONG,SINGLE_INSTRUMENT,,DOW,"[""DOW""]",,,,LONG,100.0,MODEL_ALLOCATION,,DEFAULT_FULL_ALLOCATION,[50695.0],50695.0,50300.0,[51200.0],51200.0,,False,False,False,True,0.98,False,AUTO_HIGH_CONFIDENCE,RULE_BASED_AND_CURATED,9c0aa1924aafef35,2026-06-08T07:02:47.201Z
6a266b5f109e0591bbf7299e,50% PROFIT BOOK IN BEL@416,50% PROFIT BOOK IN BEL @416,NSE,INDIA_EQUITY,TRADE_ACTION,REDUCE_POSITION,SINGLE_INSTRUMENT,,BEL,"[""BEL""]",,,,,50.0,CURRENT_HOLDING,0.5,EXPLICIT_PERCENT,[416.0],416.0,,[],,,False,False,False,True,0.99,False,AUTO_HIGH_CONFIDENCE,RULE_BASED_AND_CURATED,eb0e05983ec14ef5,2026-06-08T07:12:31.411Z
6a2679f6109e0591bbf72b55,50% SELL CRUDEMINI @9100 SL 9200 TGT 8800-8600,50% SELL CRUDEMINI @9100 SL 9200 TGT 8800-8600,MCX,INDIA_COMMODITY,TRADE_ACTION,OPEN_SHORT,SINGLE_INSTRUMENT,,CRUDE_MINI,"[""CRUDE_MINI""]",,,,SHORT,50.0,MODEL_ALLOCATION,,EXPLICIT_PERCENT,[9100.0],9100.0,9200.0,"[8800.0, 8600.0]",8800.0,8600.0,False,False,False,True,0.97,False,CURATED_PILOT,ASSISTANT_CURATED_RULE_REVIEW,ff85e43ea14d6670,2026-06-08T08:14:46.339Z
6a269223109e0591bbf72f00,AGAIN  BUY NIFTY @23145 SL 23000 TGT 23350-23450,AGAIN BUY NIFTY @23145 SL 23000 TGT 23350-23450,Indian Indices,INDIA_INDEX,TRADE_ACTION,ADD_LONG,SINGLE_INSTRUMENT,,NIFTY,"[""NIFTY""]",,,,LONG,100.0,MODEL_ALLOCATION,,DEFAULT_FULL_ALLOCATION,[23145.0],23145.0,23000.0,"[23350.0, 23450.0]",23350.0,23450.0,False,False,False,True,0.97,False,CURATED_PILOT,ASSISTANT_CURATED_RULE_REVIEW,bce9cb1e505921c5,2026-06-08T09:57:55.334Z
6a269ee8109e0591bbf730ec,50% Profit Book in copper @ 1335,50% Profit Book in copper @ 1335,MCX,INDIA_COMMODITY,TRADE_ACTION,REDUCE_POSITION,SINGLE_INSTRUMENT,,COPPER,"[""COPPER""]",,,,,50.0,CURRENT_HOLDING,0.5,EXPLICIT_PERCENT,[1335.0],1335.0,,[],,,False,False,False,True,0.99,False,AUTO_HIGH_CONFIDENCE,RULE_BASED_AND_CURATED,6c226cc108672031,2026-06-08T10:52:24.017Z
6a269f18109e0591bbf731a8,50% Profit Book in copper @ 6.35,50% Profit Book in copper @ 6.35,International Market,GLOBAL_COMMODITY,TRADE_ACTION,REDUCE_POSITION,SINGLE_INSTRUMENT,,COPPER,"[""COPPER""]",,,,,50.0,CURRENT_HOLDING,0.5,EXPLICIT_PERCENT,[6.35],6.35,,[],,,False,False,False,True,0.99,False,AUTO_HIGH_CONFIDENCE,RULE_BASED_AND_CURATED,312a9ccb1233fdb4,2026-06-08T10:53:12.298Z
6a269fee109e0591bbf73226,Part Profit book in crude@8986,Part Profit book in crude @8986,MCX,INDIA_COMMODITY,TRADE_ACTION,REDUCE_POSITION,SINGLE_INSTRUMENT,,CRUDE,"[""CRUDE""]",,,,,25.0,CURRENT_HOLDING,0.75,PART_PROFIT_RULE,[8986.0],8986.0,,[],,,False,False,False,True,0.99,False,AUTO_HIGH_CONFIDENCE,RULE_BASED_AND_CURATED,aa006a3113cebb1c,2026-06-08T10:56:46.327Z
6a26a468109e0591bbf73325,50% Profit Book in crude@8843,50% Profit Book in crude @8843,MCX,INDIA_COMMODITY,TRADE_ACTION,REDUCE_POSITION,SINGLE_INSTRUMENT,,CRUDE,"[""CRUDE""]",,,,,50.0,CURRENT_HOLDING,0.5,EXPLICIT_PERCENT,[8843.0],8843.0,,[],,,False,False,False,True,0.99,False,CURATED_PILOT,ASSISTANT_CURATED_RULE_REVIEW,ce8e3fe8dcd8c548,2026-06-08T11:15:52.442Z
6a26a4ad109e0591bbf73365,50% Profit Book in crude@92.26,50% Profit Book in crude @92.26,International Market,GLOBAL_COMMODITY,TRADE_ACTION,REDUCE_POSITION,SINGLE_INSTRUMENT,,CRUDE,"[""CRUDE""]",,,,,50.0,CURRENT_HOLDING,0.5,EXPLICIT_PERCENT,[92.26],92.26,,[],,,False,False,False,True,0.99,False,CURATED_PILOT,ASSISTANT_CURATED_RULE_REVIEW,01d15257b9969bef,2026-06-08T11:17:01.133Z
6a26c50d109e0591bbf73873,Book 50% profit in nvda @208.50,Book 50% profit in nvda @208.50,International Market,GLOBAL_EQUITY,TRADE_ACTION,REDUCE_POSITION,SINGLE_INSTRUMENT,,NVDA,"[""NVDA""]",,,,,50.0,CURRENT_HOLDING,0.5,EXPLICIT_PERCENT,[208.5],208.5,,[],,,False,False,False,True,0.99,False,AUTO_HIGH_CONFIDENCE,RULE_BASED_AND_CURATED,8a9b4a75ed412ccc,2026-06-08T13:35:09.292Z
6a26c5c0109e0591bbf73882,Book profit in crude @90.60,Book profit in crude @90.60,International Market,GLOBAL_COMMODITY,TRADE_ACTION,CLOSE_POSITION,SINGLE_INSTRUMENT,,CRUDE,"[""CRUDE""]",,,,,100.0,CURRENT_HOLDING,0.0,FULL_EXIT_RULE,[90.6],90.6,,[],,,False,False,False,True,0.96,False,CURATED_PILOT,ASSISTANT_CURATED_RULE_REVIEW,2d5751d77bce67e5,2026-06-08T13:38:08.344Z
6a26c5df109e0591bbf73893,Book full profit in crude @8668,Book full profit in crude @8668,MCX,INDIA_COMMODITY,TRADE_ACTION,CLOSE_POSITION,SINGLE_INSTRUMENT,,CRUDE,"[""CRUDE""]",,,,,100.0,CURRENT_HOLDING,0.0,FULL_EXIT_RULE,[8668.0],8668.0,,[],,,False,False,False,True,0.99,False,AUTO_HIGH_CONFIDENCE,RULE_BASED_AND_CURATED,69baafa5472aa19c,2026-06-08T13:38:39.626Z
6a26cd07109e0591bbf73b29,Buy meta @ 589 with SL 578 for target 620-645,Buy meta @ 589 with SL 578 for target 620-645,International Market,GLOBAL_EQUITY,TRADE_ACTION,OPEN_LONG,SINGLE_INSTRUMENT,,META,"[""META""]",,,,LONG,100.0,MODEL_ALLOCATION,,DEFAULT_FULL_ALLOCATION,[589.0],589.0,578.0,"[620.0, 645.0]",620.0,645.0,False,False,False,True,0.98,False,CURATED_PILOT,ASSISTANT_CURATED_RULE_REVIEW,e34b3323b55f7b8c,2026-06-08T14:09:11.007Z
6a26cd7e109e0591bbf73b58,Buy amd @484.5 with SL 475 for target 515-520,Buy amd @484.5 with SL 475 for target 515-520,International Market,GLOBAL_EQUITY,TRADE_ACTION,OPEN_LONG,SINGLE_INSTRUMENT,,AMD,"[""AMD""]",,,,LONG,100.0,MODEL_ALLOCATION,,DEFAULT_FULL_ALLOCATION,[484.5],484.5,475.0,"[515.0, 520.0]",515.0,520.0,False,False,False,True,0.98,False,AUTO_HIGH_CONFIDENCE,RULE_BASED_AND_CURATED,3859d6b65f5a02ab,2026-06-08T14:11:10.205Z
6a26d323109e0591bbf73caa,Buy orcl @ 213 with SL 205 for target 225-240,Buy orcl @ 213 with SL 205 for target 225-240,International Market,GLOBAL_EQUITY,TRADE_ACTION,OPEN_LONG,SINGLE_INSTRUMENT,,ORCL,"[""ORCL""]",,,,LONG,100.0,MODEL_ALLOCATION,,DEFAULT_FULL_ALLOCATION,[213.0],213.0,205.0,"[225.0, 240.0]",225.0,240.0,False,False,False,True,0.98,False,AUTO_HIGH_CONFIDENCE,RULE_BASED_AND_CURATED,13465058004abd38,2026-06-08T14:35:15.130Z
6a26de3c109e0591bbf73e4c,Book part profit in amd @ 493,Book part profit in amd @ 493,International Market,GLOBAL_EQUITY,TRADE_ACTION,REDUCE_POSITION,SINGLE_INSTRUMENT,,AMD,"[""AMD""]",,,,,25.0,CURRENT_HOLDING,0.75,PART_PROFIT_RULE,[493.0],493.0,,[],,,False,False,False,True,0.99,False,AUTO_HIGH_CONFIDENCE,RULE_BASED_AND_CURATED,4bcf169aab0e03de,2026-06-08T15:22:36.791Z
6a26de83109e0591bbf73eb9,Book 50% profit in dollar index @99.65,Book 50% profit in dollar index @99.65,International Market,GLOBAL_INDEX_OR_MACRO,TRADE_ACTION,REDUCE_POSITION,SINGLE_INSTRUMENT,,DOLLAR_INDEX,"[""DOLLAR_INDEX""]",,,,,50.0,CURRENT_HOLDING,0.5,EXPLICIT_PERCENT,[99.65],99.65,,[],,,False,False,False,True,0.99,False,CURATED_PILOT,ASSISTANT_CURATED_RULE_REVIEW,f5edf4051499e200,2026-06-08T15:23:47.343Z
6a26df19109e0591bbf73f03,Book 50% profit in MRVL @ 300 (buying was suggested at 214 on 26 May 2026),Book 50% profit in MRVL @ 300 (buying was suggested at 214 on 26 May 2026),International Market,GLOBAL_EQUITY,TRADE_ACTION,REDUCE_POSITION,SINGLE_INSTRUMENT,,MRVL,"[""MRVL""]",MAY,,,,50.0,CURRENT_HOLDING,0.5,EXPLICIT_PERCENT,[300.0],300.0,,[],,,False,False,False,True,0.99,False,AUTO_HIGH_CONFIDENCE,RULE_BASED_AND_CURATED,8871018c62286376,2026-06-08T15:26:17.245Z
6a26e51c109e0591bbf73fc7,Profit book in RKLB@ 115,Profit book in RKLB @ 115,International Market,GLOBAL_EQUITY,TRADE_ACTION,CLOSE_POSITION,SINGLE_INSTRUMENT,,RKLB,"[""RKLB""]",,,,,100.0,CURRENT_HOLDING,0.0,FULL_EXIT_RULE,[115.0],115.0,,[],,,False,False,False,True,0.96,False,CURATED_PILOT,ASSISTANT_CURATED_RULE_REVIEW,3f97dc193df9cb54,2026-06-08T15:51:56.607Z
6a27609e109e0591bbf743b2,Buy crude @ 90.90 with S/L 89.00 for target 93.50,Buy crude @ 90.90 with S/L 89.00 for target 93.50,International Market,GLOBAL_COMMODITY,TRADE_ACTION,OPEN_LONG,SINGLE_INSTRUMENT,,CRUDE,"[""CRUDE""]",,,,LONG,100.0,MODEL_ALLOCATION,,DEFAULT_FULL_ALLOCATION,[90.9],90.9,89.0,[93.5],93.5,,False,False,False,True,0.98,False,AUTO_HIGH_CONFIDENCE,RULE_BASED_AND_CURATED,40076b1bf41a32e3,2026-06-09T00:38:54.530Z
6a2760d6109e0591bbf743bf,Buy Dow @ 50649 with S/L 50300 for target 51200,Buy Dow @ 50649 with S/L 50300 for target 51200,International Market,GLOBAL_INDEX_OR_MACRO,TRADE_ACTION,OPEN_LONG,SINGLE_INSTRUMENT,,DOW,"[""DOW""]",,,,LONG,100.0,MODEL_ALLOCATION,,DEFAULT_FULL_ALLOCATION,[50649.0],50649.0,50300.0,[51200.0],51200.0,,False,False,False,True,0.98,False,AUTO_HIGH_CONFIDENCE,RULE_BASED_AND_CURATED,ace1858ccf082751,2026-06-09T00:39:50.556Z
6a2760e4109e0591bbf743cc,Buy S&P500 @ 7381 with S/L 7330 for target 7440,Buy S&P500 @ 7381 with S/L 7330 for target 7440,International Market,GLOBAL_INDEX_OR_MACRO,TRADE_ACTION,OPEN_LONG,SINGLE_INSTRUMENT,,SP500,"[""SP500""]",,,,LONG,100.0,MODEL_ALLOCATION,,DEFAULT_FULL_ALLOCATION,[7381.0],7381.0,7330.0,[7440.0],7440.0,,False,False,False,True,0.98,False,AUTO_HIGH_CONFIDENCE,RULE_BASED_AND_CURATED,8cef4555c0b756b4,2026-06-09T00:40:04.959Z
6a276106109e0591bbf743d9,Buy Nasdaq @ 29290 & 29000 with S/L 28800 for target 29500-29700,Buy Nasdaq @ 29290 & 29000 with S/L 28800 for target 29500-29700,International Market,GLOBAL_INDEX_OR_MACRO,TRADE_ACTION,OPEN_LONG,SINGLE_INSTRUMENT,,NASDAQ,"[""NASDAQ""]",,,,LONG,100.0,MODEL_ALLOCATION,,DEFAULT_FULL_ALLOCATION,"[29290.0, 29000.0]",29290.0,28800.0,"[29500.0, 29700.0]",29500.0,29700.0,False,False,False,True,0.98,False,AUTO_HIGH_CONFIDENCE,RULE_BASED_AND_CURATED,3b2e3764d8edff5e,2026-06-09T00:40:38.196Z
6a276116109e0591bbf743e6,Buy Russell @ 2854 & 2820 with S/L 2790 for target 2880,Buy Russell @ 2854 & 2820 with S/L 2790 for target 2880,International Market,GLOBAL_INDEX_OR_MACRO,TRADE_ACTION,OPEN_LONG,SINGLE_INSTRUMENT,,RUSSELL,"[""RUSSELL""]",,,,LONG,100.0,MODEL_ALLOCATION,,DEFAULT_FULL_ALLOCATION,"[2854.0, 2820.0]",2854.0,2790.0,[2880.0],2880.0,,False,False,False,True,0.98,False,AUTO_HIGH_CONFIDENCE,RULE_BASED_AND_CURATED,3cafe384a695c465,2026-06-09T00:40:54.260Z
6a27891e109e0591bbf74570,buy crudemini @8635 sl 8540 tgt 8800,buy crudemini @8635 sl 8540 tgt 8800,MCX,INDIA_COMMODITY,TRADE_ACTION,OPEN_LONG,SINGLE_INSTRUMENT,,CRUDE_MINI,"[""CRUDE_MINI""]",,,,LONG,100.0,MODEL_ALLOCATION,,DEFAULT_FULL_ALLOCATION,[8635.0],8635.0,8540.0,[8800.0],8800.0,,False,False,False,True,0.98,False,AUTO_HIGH_CONFIDENCE,RULE_BASED_AND_CURATED,c3906c5a3a15025c,2026-06-09T03:31:42.286Z
6a278c52109e0591bbf746ae,50% PROFIT BOOK IN NIFTY @23242,50% PROFIT BOOK IN NIFTY @23242,Indian Indices,INDIA_INDEX,TRADE_ACTION,REDUCE_POSITION,SINGLE_INSTRUMENT,,NIFTY,"[""NIFTY""]",,,,,50.0,CURRENT_HOLDING,0.5,EXPLICIT_PERCENT,[23242.0],23242.0,,[],,,False,False,False,True,0.99,False,AUTO_HIGH_CONFIDENCE,RULE_BASED_AND_CURATED,ec5eabf5f6e17278,2026-06-09T03:45:22.856Z
6a278c6e109e0591bbf746e8,50% PROFIT BOOK IN TMPV @393,50% PROFIT BOOK IN TMPV @393,NSE,INDIA_EQUITY,TRADE_ACTION,REDUCE_POSITION,SINGLE_INSTRUMENT,,TMPV,"[""TMPV""]",,,,,50.0,CURRENT_HOLDING,0.5,EXPLICIT_PERCENT,[393.0],393.0,,[],,,False,False,False,True,0.99,False,AUTO_HIGH_CONFIDENCE,RULE_BASED_AND_CURATED,0d442e564a0482ba,2026-06-09T03:45:50.268Z
6a278c8b109e0591bbf7471b,DELIVERY : BUY DIACABS @199 SL 180 TGT 240-250,DELIVERY : BUY DIACABS @199 SL 180 TGT 240-250,NSE,INDIA_EQUITY,TRADE_ACTION,OPEN_LONG,SINGLE_INSTRUMENT,,DIACABS,"[""DIACABS""]",,,,LONG,100.0,MODEL_ALLOCATION,,DEFAULT_FULL_ALLOCATION,[199.0],199.0,180.0,"[240.0, 250.0]",240.0,250.0,False,False,False,True,0.98,False,AUTO_HIGH_CONFIDENCE,RULE_BASED_AND_CURATED,964bc7c11680110a,2026-06-09T03:46:19.151Z
6a278cb5109e0591bbf74781,50% PROFIT BOOK IN BHARTIARTL @1831,50% PROFIT BOOK IN BHARTIARTL @1831,NSE,INDIA_EQUITY,TRADE_ACTION,REDUCE_POSITION,SINGLE_INSTRUMENT,,BHARTIARTL,"[""BHARTIARTL""]",,,,,50.0,CURRENT_HOLDING,0.5,EXPLICIT_PERCENT,[1831.0],1831.0,,[],,,False,False,False,True,0.99,False,AUTO_HIGH_CONFIDENCE,RULE_BASED_AND_CURATED,2184670d594bdc11,2026-06-09T03:47:01.012Z
6a278cd3109e0591bbf74795,BUY ADANIPORTS @1806 SL 1778 TGT 1840-1870,BUY ADANIPORTS @1806 SL 1778 TGT 1840-1870,NSE,INDIA_EQUITY,TRADE_ACTION,OPEN_LONG,SINGLE_INSTRUMENT,,ADANIPORTS,"[""ADANIPORTS""]",,,,LONG,100.0,MODEL_ALLOCATION,,DEFAULT_FULL_ALLOCATION,[1806.0],1806.0,1778.0,"[1840.0, 1870.0]",1840.0,1870.0,False,False,False,True,0.98,False,AUTO_HIGH_CONFIDENCE,RULE_BASED_AND_CURATED,4c1a0259e5dd09ab,2026-06-09T03:47:31.628Z
6a278ce5109e0591bbf747a9,BUY ADANIENT @2978 SL 2930 TGT 3040-3090,BUY ADANIENT @2978 SL 2930 TGT 3040-3090,NSE,INDIA_EQUITY,TRADE_ACTION,OPEN_LONG,SINGLE_INSTRUMENT,,ADANIENT,"[""ADANIENT""]",,,,LONG,100.0,MODEL_ALLOCATION,,DEFAULT_FULL_ALLOCATION,[2978.0],2978.0,2930.0,"[3040.0, 3090.0]",3040.0,3090.0,False,False,False,True,0.98,False,AUTO_HIGH_CONFIDENCE,RULE_BASED_AND_CURATED,f4b2446d2effed76,2026-06-09T03:47:49.802Z
6a278d58109e0591bbf747bd,50% PROFIT BOOK IN IDFCFIRSTB@73.50,50% PROFIT BOOK IN IDFCFIRSTB @73.50,NSE,INDIA_EQUITY,TRADE_ACTION,REDUCE_POSITION,SINGLE_INSTRUMENT,,IDFCFIRSTB,"[""IDFCFIRSTB""]",,,,,50.0,CURRENT_HOLDING,0.5,EXPLICIT_PERCENT,[73.5],73.5,,[],,,False,False,False,True,0.99,False,AUTO_HIGH_CONFIDENCE,RULE_BASED_AND_CURATED,2511752a6fc99b10,2026-06-09T03:49:44.559Z
6a278da0109e0591bbf747d9,50% PROFIT BOOK IN KOTAKBANK @381,50% PROFIT BOOK IN KOTAKBANK @381,NSE,INDIA_EQUITY,TRADE_ACTION,REDUCE_POSITION,SINGLE_INSTRUMENT,,KOTAKBANK,"[""KOTAKBANK""]",,,,,50.0,CURRENT_HOLDING,0.5,EXPLICIT_PERCENT,[381.0],381.0,,[],,,False,False,False,True,0.99,False,CURATED_PILOT,ASSISTANT_CURATED_RULE_REVIEW,197184c44818ef13,2026-06-09T03:50:56.953Z
6a278de3109e0591bbf74882,SELL SBIN @994 SL 1012 TGT 973,SELL SBIN @994 SL 1012 TGT 973,NSE,INDIA_EQUITY,TRADE_ACTION,OPEN_SHORT,SINGLE_INSTRUMENT,,SBIN,"[""SBIN""]",,,,SHORT,100.0,MODEL_ALLOCATION,,DEFAULT_FULL_ALLOCATION,[994.0],994.0,1012.0,[973.0],973.0,,False,False,False,True,0.96,False,CURATED_PILOT,ASSISTANT_CURATED_RULE_REVIEW,b679a92f04661630,2026-06-09T03:52:03.653Z
6a278ec1109e0591bbf7490e,50% SELL BANKNIFTY @54800 SL 55600 TGT 54200-53600,50% SELL BANKNIFTY @54800 SL 55600 TGT 54200-53600,Indian Indices,INDIA_INDEX,TRADE_ACTION,OPEN_SHORT,SINGLE_INSTRUMENT,,BANKNIFTY,"[""BANKNIFTY""]",,,,SHORT,50.0,MODEL_ALLOCATION,,EXPLICIT_PERCENT,[54800.0],54800.0,55600.0,"[54200.0, 53600.0]",54200.0,53600.0,False,False,False,True,0.97,False,CURATED_PILOT,ASSISTANT_CURATED_RULE_REVIEW,994222532f096564,2026-06-09T03:55:45.149Z
6a279158109e0591bbf74a38,FULL PROFIT BOOK IN ICICIBANK @1277,FULL PROFIT BOOK IN ICICIBANK @1277,NSE,INDIA_EQUITY,TRADE_ACTION,CLOSE_POSITION,SINGLE_INSTRUMENT,,ICICIBANK,"[""ICICIBANK""]",,,,,100.0,CURRENT_HOLDING,0.0,FULL_EXIT_RULE,[1277.0],1277.0,,[],,,False,False,False,True,0.99,False,AUTO_HIGH_CONFIDENCE,RULE_BASED_AND_CURATED,7544fbb19c23af79,2026-06-09T04:06:48.338Z
6a2791c1109e0591bbf74a6e,FULL PROFIT BOOK IN IDFCFIRSTB@74.45,FULL PROFIT BOOK IN IDFCFIRSTB @74.45,NSE,INDIA_EQUITY,TRADE_ACTION,CLOSE_POSITION,SINGLE_INSTRUMENT,,IDFCFIRSTB,"[""IDFCFIRSTB""]",,,,,100.0,CURRENT_HOLDING,0.0,FULL_EXIT_RULE,[74.45],74.45,,[],,,False,False,False,True,0.99,False,AUTO_HIGH_CONFIDENCE,RULE_BASED_AND_CURATED,8c3d6448214207f0,2026-06-09T04:08:33.217Z
6a27a7cd109e0591bbf74e8d,FULL PROFIT BOOK IN COPPER @1340.50,FULL PROFIT BOOK IN COPPER @1340.50,MCX,INDIA_COMMODITY,TRADE_ACTION,CLOSE_POSITION,SINGLE_INSTRUMENT,,COPPER,"[""COPPER""]",,,,,100.0,CURRENT_HOLDING,0.0,FULL_EXIT_RULE,[1340.5],1340.5,,[],,,False,False,False,True,0.99,False,AUTO_HIGH_CONFIDENCE,RULE_BASED_AND_CURATED,3d8d3d1063f5c77f,2026-06-09T05:42:37.733Z
6a27aa94109e0591bbf74ef9,50% BUY NIFTY @23151 SL 23000 TGT 23300-23500,50% BUY NIFTY @23151 SL 23000 TGT 23300-23500,Indian Indices,INDIA_INDEX,TRADE_ACTION,OPEN_LONG,SINGLE_INSTRUMENT,,NIFTY,"[""NIFTY""]",,,,LONG,50.0,MODEL_ALLOCATION,,EXPLICIT_PERCENT,[23151.0],23151.0,23000.0,"[23300.0, 23500.0]",23300.0,23500.0,False,False,False,True,0.98,False,AUTO_HIGH_CONFIDENCE,RULE_BASED_AND_CURATED,660c8b98a8f3d1b2,2026-06-09T05:54:28.954Z
6a27b328109e0591bbf752f8,50% PROFIT BOOK IN NIFTY @23240,50% PROFIT BOOK IN NIFTY @23240,Indian Indices,INDIA_INDEX,TRADE_ACTION,REDUCE_POSITION,SINGLE_INSTRUMENT,,NIFTY,"[""NIFTY""]",,,,,50.0,CURRENT_HOLDING,0.5,EXPLICIT_PERCENT,[23240.0],23240.0,,[],,,False,False,False,True,0.99,False,AUTO_HIGH_CONFIDENCE,RULE_BASED_AND_CURATED,2313c0299f349e19,2026-06-09T06:31:04.903Z
6a27b467109e0591bbf7534a,INTRADAY 50% PROFIT BOOK IN ADANIENT @3005,INTRADAY 50% PROFIT BOOK IN ADANIENT @3005,NSE,INDIA_EQUITY,TRADE_ACTION,REDUCE_POSITION,SINGLE_INSTRUMENT,,ADANIENT,"[""ADANIENT""]",,,,,50.0,CURRENT_HOLDING,0.5,EXPLICIT_PERCENT,[3005.0],3005.0,,[],,,False,False,False,True,0.99,False,AUTO_HIGH_CONFIDENCE,RULE_BASED_AND_CURATED,79a2a12246cb363a,2026-06-09T06:36:23.222Z
6a27c216109e0591bbf7542a,Crude hold with sl 8500,Crude hold with sl 8500,MCX,INDIA_COMMODITY,TRADE_UPDATE,UPDATE_STOP_LOSS,SINGLE_INSTRUMENT,,CRUDE,"[""CRUDE""]",,,,,,NONE,,NOT_APPLICABLE,[],,8500.0,[],,,False,False,False,True,0.99,False,AUTO_HIGH_CONFIDENCE,RULE_BASED_AND_CURATED,2e6df9930e01fcc6,2026-06-09T07:34:46.379Z
6a27c818109e0591bbf7561d,BUY ADANIENT @2967 SL 2930 TGT 3030-3080,BUY ADANIENT @2967 SL 2930 TGT 3030-3080,NSE,INDIA_EQUITY,TRADE_ACTION,OPEN_LONG,SINGLE_INSTRUMENT,,ADANIENT,"[""ADANIENT""]",,,,LONG,100.0,MODEL_ALLOCATION,,DEFAULT_FULL_ALLOCATION,[2967.0],2967.0,2930.0,"[3030.0, 3080.0]",3030.0,3080.0,False,False,False,True,0.98,False,CURATED_PILOT,ASSISTANT_CURATED_RULE_REVIEW,275361281eb0c196,2026-06-09T08:00:24.256Z
6a27cb9a109e0591bbf75847,50% Profit Book in copper @6.41,50% Profit Book in copper @6.41,International Market,GLOBAL_COMMODITY,TRADE_ACTION,REDUCE_POSITION,SINGLE_INSTRUMENT,,COPPER,"[""COPPER""]",,,,,50.0,CURRENT_HOLDING,0.5,EXPLICIT_PERCENT,[6.41],6.41,,[],,,False,False,False,True,0.99,False,AUTO_HIGH_CONFIDENCE,RULE_BASED_AND_CURATED,19777edd5c809e32,2026-06-09T08:15:22.216Z
6a27cf70109e0591bbf7588c,INTRADAY 50% PROFIT BOOK IN ADANIPORTS @1815,INTRADAY 50% PROFIT BOOK IN ADANIPORTS @1815,NSE,INDIA_EQUITY,TRADE_ACTION,REDUCE_POSITION,SINGLE_INSTRUMENT,,ADANIPORTS,"[""ADANIPORTS""]",,,,,50.0,CURRENT_HOLDING,0.5,EXPLICIT_PERCENT,[1815.0],1815.0,,[],,,False,False,False,True,0.99,False,AUTO_HIGH_CONFIDENCE,RULE_BASED_AND_CURATED,cce10de6a9eb4c91,2026-06-09T08:31:44.866Z
6a27cfbc109e0591bbf758f4,HOLD CRUDEOIL MINI WITH SL 8480,HOLD CRUDEOIL MINI WITH SL 8480,MCX,INDIA_COMMODITY,TRADE_UPDATE,UPDATE_STOP_LOSS,SINGLE_INSTRUMENT,,CRUDE_MINI,"[""CRUDE_MINI""]",,,,,,NONE,,NOT_APPLICABLE,[],,8480.0,[],,,False,False,False,True,0.99,False,AUTO_HIGH_CONFIDENCE,RULE_BASED_AND_CURATED,0c193d95a2b96456,2026-06-09T08:33:00.721Z
6a27d1d2109e0591bbf75983,Book 50% profit in Russell @2879,Book 50% profit in Russell @2879,International Market,GLOBAL_INDEX_OR_MACRO,TRADE_ACTION,REDUCE_POSITION,SINGLE_INSTRUMENT,,RUSSELL,"[""RUSSELL""]",,,,,50.0,CURRENT_HOLDING,0.5,EXPLICIT_PERCENT,[2879.0],2879.0,,[],,,False,False,False,True,0.99,False,AUTO_HIGH_CONFIDENCE,RULE_BASED_AND_CURATED,aaccbb2b290e70dd,2026-06-09T08:41:54.254Z
6a27d221109e0591bbf75994,SL touched in crude. Exit.,SL touched in crude. Exit.,International Market,GLOBAL_COMMODITY,TRADE_ACTION,CLOSE_POSITION,SINGLE_INSTRUMENT,,CRUDE,"[""CRUDE""]",,,,,100.0,CURRENT_HOLDING,0.0,FULL_EXIT_RULE,[],,,[],,,False,False,False,True,0.99,False,CURATED_PILOT,ASSISTANT_CURATED_RULE_REVIEW,e999248acee2e36f,2026-06-09T08:43:13.554Z
6a27d272109e0591bbf759a5,SL TOUCH IN CRUDE MINI,SL TOUCH IN CRUDE MINI,MCX,INDIA_COMMODITY,TRADE_ACTION,CLOSE_POSITION,SINGLE_INSTRUMENT,,CRUDE_MINI,"[""CRUDE_MINI""]",,,,,100.0,CURRENT_HOLDING,0.0,FULL_EXIT_RULE,[],,,[],,,False,False,False,True,0.99,False,AUTO_HIGH_CONFIDENCE,RULE_BASED_AND_CURATED,308da1aaf66dce34,2026-06-09T08:44:34.705Z
6a27d329109e0591bbf75a65,Book 50% profit in nasdaq @29640,Book 50% profit in nasdaq @29640,International Market,GLOBAL_INDEX_OR_MACRO,TRADE_ACTION,REDUCE_POSITION,SINGLE_INSTRUMENT,,NASDAQ,"[""NASDAQ""]",,,,,50.0,CURRENT_HOLDING,0.5,EXPLICIT_PERCENT,[29640.0],29640.0,,[],,,False,False,False,True,0.99,False,AUTO_HIGH_CONFIDENCE,RULE_BASED_AND_CURATED,29a80a429392b06d,2026-06-09T08:47:37.734Z
6a27d3b0109e0591bbf75a87,DAY TRADERS FULL PROFIT BOOK IN ADANIPORTS @1830,DAY TRADERS FULL PROFIT BOOK IN ADANIPORTS @1830,NSE,INDIA_EQUITY,TRADE_ACTION,CLOSE_POSITION,SINGLE_INSTRUMENT,,ADANIPORTS,"[""ADANIPORTS""]",,,,,100.0,CURRENT_HOLDING,0.0,FULL_EXIT_RULE,[1830.0],1830.0,,[],,,False,False,False,True,0.99,False,AUTO_HIGH_CONFIDENCE,RULE_BASED_AND_CURATED,cc3d17f35847c259,2026-06-09T08:49:52.117Z
6a27d41e109e0591bbf75ac8,Buy crude @89.30 with SL 88.00 for target 91-93,Buy crude @89.30 with SL 88.00 for target 91-93,International Market,GLOBAL_COMMODITY,TRADE_ACTION,OPEN_LONG,SINGLE_INSTRUMENT,,CRUDE,"[""CRUDE""]",,,,LONG,100.0,MODEL_ALLOCATION,,DEFAULT_FULL_ALLOCATION,[89.3],89.3,88.0,"[91.0, 93.0]",91.0,93.0,False,False,False,True,0.98,False,AUTO_HIGH_CONFIDENCE,RULE_BASED_AND_CURATED,c7f798d1f519670c,2026-06-09T08:51:42.485Z
6a27d43d109e0591bbf75ad9,BUY CRUDE OIL MINI @8515 SL 8440 TGT 8700-8800,BUY CRUDE OIL MINI @8515 SL 8440 TGT 8700-8800,MCX,INDIA_COMMODITY,TRADE_ACTION,OPEN_LONG,SINGLE_INSTRUMENT,,CRUDE_MINI,"[""CRUDE_MINI""]",,,,LONG,100.0,MODEL_ALLOCATION,,DEFAULT_FULL_ALLOCATION,[8515.0],8515.0,8440.0,"[8700.0, 8800.0]",8700.0,8800.0,False,False,False,True,0.98,False,AUTO_HIGH_CONFIDENCE,RULE_BASED_AND_CURATED,42a758bcd5dc721e,2026-06-09T08:52:13.631Z
6a27d4b6109e0591bbf75b5f,BUY GLENMARK @2227 SL 2200 TGT 2250-2290,BUY GLENMARK @2227 SL 2200 TGT 2250-2290,NSE,INDIA_EQUITY,TRADE_ACTION,OPEN_LONG,SINGLE_INSTRUMENT,,GLENMARK,"[""GLENMARK""]",,,,LONG,100.0,MODEL_ALLOCATION,,DEFAULT_FULL_ALLOCATION,[2227.0],2227.0,2200.0,"[2250.0, 2290.0]",2250.0,2290.0,False,False,False,True,0.98,False,AUTO_HIGH_CONFIDENCE,RULE_BASED_AND_CURATED,33977c019b632f10,2026-06-09T08:54:14.541Z
6a27d871109e0591bbf75cad,AGAIN 25% PROFIT BOOK IN NIFTY @23299,AGAIN 25% PROFIT BOOK IN NIFTY @23299,Indian Indices,INDIA_INDEX,TRADE_ACTION,REDUCE_POSITION,SINGLE_INSTRUMENT,,NIFTY,"[""NIFTY""]",,,,,25.0,CURRENT_HOLDING,0.75,EXPLICIT_PERCENT,[23299.0],23299.0,,[],,,False,False,False,True,0.99,False,AUTO_HIGH_CONFIDENCE,RULE_BASED_AND_CURATED,81098a3f211bef1c,2026-06-09T09:10:09.595Z
6a27d8ed109e0591bbf75ce7,INTRADAY 50% PROFIT BOOK IN ADANIENT @2990,INTRADAY 50% PROFIT BOOK IN ADANIENT @2990,NSE,INDIA_EQUITY,TRADE_ACTION,REDUCE_POSITION,SINGLE_INSTRUMENT,,ADANIENT,"[""ADANIENT""]",,,,,50.0,CURRENT_HOLDING,0.5,EXPLICIT_PERCENT,[2990.0],2990.0,,[],,,False,False,False,True,0.99,False,AUTO_HIGH_CONFIDENCE,RULE_BASED_AND_CURATED,731219e0b76f9cfd,2026-06-09T09:12:13.174Z
6a27d93a109e0591bbf75d21,AGAIN SELL BANKNNIFTY @55440 SL 55860 TGT 54500-53800,AGAIN SELL BANKNNIFTY @55440 SL 55860 TGT 54500-53800,Indian Indices,INDIA_INDEX,TRADE_ACTION,OPEN_SHORT,SINGLE_INSTRUMENT,,BANKNNIFTY,"[""BANKNNIFTY""]",,,,SHORT,100.0,MODEL_ALLOCATION,,DEFAULT_FULL_ALLOCATION,[55440.0],55440.0,55860.0,"[54500.0, 53800.0]",54500.0,53800.0,False,False,False,True,0.96,False,AUTO_HIGH_CONFIDENCE,RULE_BASED_AND_CURATED,f9dcd6eedf846b7a,2026-06-09T09:13:30.369Z
6a27d9f4109e0591bbf75d63,HOLD SBIN WITH SL 1023,HOLD SBIN WITH SL 1023,NSE,INDIA_EQUITY,TRADE_UPDATE,UPDATE_STOP_LOSS,SINGLE_INSTRUMENT,,SBIN,"[""SBIN""]",,,,,,NONE,,NOT_APPLICABLE,[],,1023.0,[],,,False,False,False,True,0.99,False,AUTO_HIGH_CONFIDENCE,RULE_BASED_AND_CURATED,f617913a13e95016,2026-06-09T09:16:36.660Z
6a27da1a109e0591bbf75d84,SELL SBIN @1012.75 SL 1023 TGT 983-975,SELL SBIN @1012.75 SL 1023 TGT 983-975,NSE,INDIA_EQUITY,TRADE_ACTION,OPEN_SHORT,SINGLE_INSTRUMENT,,SBIN,"[""SBIN""]",,,,SHORT,100.0,MODEL_ALLOCATION,,DEFAULT_FULL_ALLOCATION,[1012.75],1012.75,1023.0,"[983.0, 975.0]",983.0,975.0,False,False,False,True,0.96,False,CURATED_PILOT,ASSISTANT_CURATED_RULE_REVIEW,f383c92b5fadda8e,2026-06-09T09:17:14.565Z
6a27e2a9109e0591bbf75f79,SELL UNIONBANK @170.35 SL 173 TGT 165,SELL UNIONBANK @170.35 SL 173 TGT 165,NSE,INDIA_EQUITY,TRADE_ACTION,OPEN_SHORT,SINGLE_INSTRUMENT,,UNIONBANK,"[""UNIONBANK""]",,,,SHORT,100.0,MODEL_ALLOCATION,,DEFAULT_FULL_ALLOCATION,[170.35],170.35,173.0,[165.0],165.0,,False,False,False,True,0.96,False,AUTO_HIGH_CONFIDENCE,RULE_BASED_AND_CURATED,937aaa9987991f7b,2026-06-09T09:53:45.601Z
6a27e7e9109e0591bbf76129,Book 50% profit in s&p500 @ 7440,Book 50% profit in s&p500 @ 7440,International Market,GLOBAL_INDEX_OR_MACRO,TRADE_ACTION,REDUCE_POSITION,SINGLE_INSTRUMENT,,SP500,"[""SP500""]",,,,,50.0,CURRENT_HOLDING,0.5,EXPLICIT_PERCENT,[7440.0],7440.0,,[],,,False,False,False,True,0.99,False,CURATED_PILOT,ASSISTANT_CURATED_RULE_REVIEW,bdbb3f205d86597f,2026-06-09T10:16:09.203Z
6a280857109e0591bbf76494,50% Profit Book in EUR/USD@ 1.1575,50% Profit Book in EUR/USD @ 1.1575,International Market,FX_OR_CRYPTO,TRADE_ACTION,REDUCE_POSITION,SINGLE_INSTRUMENT,,EURUSD,"[""EURUSD""]",,,,,50.0,CURRENT_HOLDING,0.5,EXPLICIT_PERCENT,[1.1575],1.1575,,[],,,False,False,False,True,0.99,False,AUTO_HIGH_CONFIDENCE,RULE_BASED_AND_CURATED,5e5d5d7bf536825c,2026-06-09T12:34:31.925Z
6a280b4d109e0591bbf764ea,Book 50% profit in silver @247300,Book 50% profit in silver @247300,MCX,INDIA_COMMODITY,TRADE_ACTION,REDUCE_POSITION,SINGLE_INSTRUMENT,,SILVER,"[""SILVER""]",,,,,50.0,CURRENT_HOLDING,0.5,EXPLICIT_PERCENT,[247300.0],247300.0,,[],,,False,False,False,True,0.99,False,AUTO_HIGH_CONFIDENCE,RULE_BASED_AND_CURATED,fe211ff34b39dcb1,2026-06-09T12:47:09.245Z
6a2815fd109e0591bbf76771,Book 50% profit in sndk @1710,Book 50% profit in sndk @1710,International Market,GLOBAL_EQUITY,TRADE_ACTION,REDUCE_POSITION,SINGLE_INSTRUMENT,,SNDK,"[""SNDK""]",,,,,50.0,CURRENT_HOLDING,0.5,EXPLICIT_PERCENT,[1710.0],1710.0,,[],,,False,False,False,True,0.99,False,AUTO_HIGH_CONFIDENCE,RULE_BASED_AND_CURATED,b82149ee5ed08ea5,2026-06-09T13:32:45.930Z
6a28162a109e0591bbf767c9,Book 50% profit in MU @983,Book 50% profit in MU @983,International Market,GLOBAL_EQUITY,TRADE_ACTION,REDUCE_POSITION,SINGLE_INSTRUMENT,,MU,"[""MU""]",,,,,50.0,CURRENT_HOLDING,0.5,EXPLICIT_PERCENT,[983.0],983.0,,[],,,False,False,False,True,0.99,False,CURATED_PILOT,ASSISTANT_CURATED_RULE_REVIEW,cf6010704fe53c70,2026-06-09T13:33:30.995Z
6a28172f109e0591bbf76835,Book 50% profit in Dow @51110,Book 50% profit in Dow @51110,International Market,GLOBAL_INDEX_OR_MACRO,TRADE_ACTION,REDUCE_POSITION,SINGLE_INSTRUMENT,,DOW,"[""DOW""]",,,,,50.0,CURRENT_HOLDING,0.5,EXPLICIT_PERCENT,[51110.0],51110.0,,[],,,False,False,False,True,0.99,False,AUTO_HIGH_CONFIDENCE,RULE_BASED_AND_CURATED,1573e219e7d75297,2026-06-09T13:37:51.561Z
6a281c11109e0591bbf76cfb,Day traders Book profit in sndk @1764,Day traders Book profit in sndk @1764,International Market,GLOBAL_EQUITY,TRADE_ACTION,CLOSE_POSITION,SINGLE_INSTRUMENT,,SNDK,"[""SNDK""]",,,,,100.0,CURRENT_HOLDING,0.0,FULL_EXIT_RULE,[1764.0],1764.0,,[],,,False,False,False,True,0.96,False,AUTO_HIGH_CONFIDENCE,RULE_BASED_AND_CURATED,585dd395b8633a9d,2026-06-09T13:58:41.965Z
6a281ca2109e0591bbf76d38,We are anticipating a downtrend in equity market over Wednesday-Thursday. It is suggested to book profit in indices and stocks.,We are anticipating a downtrend in equity market over Wednesday-Thursday. It is suggested to book profit in indices and stocks.,International Market,GLOBAL_EQUITY,NON_TRADE,MARKET_COMMENTARY,NONE,,,[],,,,,,NONE,,NOT_APPLICABLE,[],,,[],,,False,False,False,False,0.92,False,CURATED_PILOT,ASSISTANT_CURATED_RULE_REVIEW,4fc5fe3eb0e462f9,2026-06-09T14:01:06.076Z
6a281d6d109e0591bbf76d64,Book profit in LRCX @347 (buying was suggested at 260),Book profit in LRCX @347 (buying was suggested at 260),International Market,GLOBAL_EQUITY,TRADE_ACTION,CLOSE_POSITION,SINGLE_INSTRUMENT,,LRCX,"[""LRCX""]",,,,,100.0,CURRENT_HOLDING,0.0,FULL_EXIT_RULE,[347.0],347.0,,[],,,False,False,False,True,0.96,False,AUTO_HIGH_CONFIDENCE,RULE_BASED_AND_CURATED,8d9a974ad9aa3065,2026-06-09T14:04:29.736Z
6a281f00109e0591bbf76d88,Buy VX @ 18.02 with SL 17.00 for target 19.50-20.00,Buy VX @ 18.02 with SL 17.00 for target 19.50-20.00,International Market,GLOBAL_INDEX_OR_MACRO,TRADE_ACTION,OPEN_LONG,SINGLE_INSTRUMENT,,VIX,"[""VIX""]",,,,LONG,100.0,MODEL_ALLOCATION,,DEFAULT_FULL_ALLOCATION,[18.02],18.02,17.0,"[19.5, 20.0]",19.5,20.0,False,False,False,True,0.98,False,CURATED_PILOT,ASSISTANT_CURATED_RULE_REVIEW,61f8b36868c9d217,2026-06-09T14:11:12.585Z
6a282113109e0591bbf76e61,Book 50% profit in VX @ 18.50,Book 50% profit in VX @ 18.50,International Market,GLOBAL_INDEX_OR_MACRO,TRADE_ACTION,REDUCE_POSITION,SINGLE_INSTRUMENT,,VIX,"[""VIX""]",,,,,50.0,CURRENT_HOLDING,0.5,EXPLICIT_PERCENT,[18.5],18.5,,[],,,False,False,False,True,0.99,False,AUTO_HIGH_CONFIDENCE,RULE_BASED_AND_CURATED,0dc3e400f76994e3,2026-06-09T14:20:03.541Z
6a282837109e0591bbf7701c,Book profit in VX @ 19.10,Book profit in VX @ 19.10,International Market,GLOBAL_INDEX_OR_MACRO,TRADE_ACTION,CLOSE_POSITION,SINGLE_INSTRUMENT,,VIX,"[""VIX""]",,,,,100.0,CURRENT_HOLDING,0.0,FULL_EXIT_RULE,[19.1],19.1,,[],,,False,False,False,True,0.96,False,CURATED_PILOT,ASSISTANT_CURATED_RULE_REVIEW,990e788e81cc9d39,2026-06-09T14:50:31.588Z
6a283322109e0591bbf7728a,Buy s&p500 @7325 with SL 7298 for target 7400,Buy s&p500 @7325 with SL 7298 for target 7400,International Market,GLOBAL_INDEX_OR_MACRO,TRADE_ACTION,OPEN_LONG,SINGLE_INSTRUMENT,,SP500,"[""SP500""]",,,,LONG,100.0,MODEL_ALLOCATION,,DEFAULT_FULL_ALLOCATION,[7325.0],7325.0,7298.0,[7400.0],7400.0,,False,False,False,True,0.98,False,AUTO_HIGH_CONFIDENCE,RULE_BASED_AND_CURATED,d0159626b027c8c6,2026-06-09T15:37:06.706Z
6a283358109e0591bbf7729e,Buy 50% nasdaq @ 28800 with SL 28490 for target 29200-29600,Buy 50% nasdaq @ 28800 with SL 28490 for target 29200-29600,International Market,GLOBAL_INDEX_OR_MACRO,TRADE_ACTION,OPEN_LONG,SINGLE_INSTRUMENT,,NASDAQ,"[""NASDAQ""]",,,,LONG,50.0,MODEL_ALLOCATION,,EXPLICIT_PERCENT,[28800.0],28800.0,28490.0,"[29200.0, 29600.0]",29200.0,29600.0,False,False,False,True,0.98,False,AUTO_HIGH_CONFIDENCE,RULE_BASED_AND_CURATED,467fa842940a387e,2026-06-09T15:38:00.734Z
6a283372109e0591bbf772b2,Buy 50% Russell @ 2836 with SL 2790 for target 2880-2900,Buy 50% Russell @ 2836 with SL 2790 for target 2880-2900,International Market,GLOBAL_INDEX_OR_MACRO,TRADE_ACTION,OPEN_LONG,SINGLE_INSTRUMENT,,RUSSELL,"[""RUSSELL""]",,,,LONG,50.0,MODEL_ALLOCATION,,EXPLICIT_PERCENT,[2836.0],2836.0,2790.0,"[2880.0, 2900.0]",2880.0,2900.0,False,False,False,True,0.98,False,AUTO_HIGH_CONFIDENCE,RULE_BASED_AND_CURATED,6974b342b8576fa9,2026-06-09T15:38:26.503Z
6a28338a109e0591bbf772d3,Buy 50% dow @50470 with SL 49900 for target 51000,Buy 50% dow @50470 with SL 49900 for target 51000,International Market,GLOBAL_INDEX_OR_MACRO,TRADE_ACTION,OPEN_LONG,SINGLE_INSTRUMENT,,DOW,"[""DOW""]",,,,LONG,50.0,MODEL_ALLOCATION,,EXPLICIT_PERCENT,[50470.0],50470.0,49900.0,[51000.0],51000.0,,False,False,False,True,0.98,False,AUTO_HIGH_CONFIDENCE,RULE_BASED_AND_CURATED,52cb892c6b9c21b9,2026-06-09T15:38:50.850Z
6a283a77109e0591bbf7743b,Hold s&p500 with SL 7290,Hold s&p500 with SL 7290,International Market,GLOBAL_INDEX_OR_MACRO,TRADE_UPDATE,UPDATE_STOP_LOSS,SINGLE_INSTRUMENT,,SP500,"[""SP500""]",,,,,,NONE,,NOT_APPLICABLE,[],,7290.0,[],,,False,False,False,True,0.99,False,CURATED_PILOT,ASSISTANT_CURATED_RULE_REVIEW,c78fa5f4c9cdc6ef,2026-06-09T16:08:23.817Z
6a283acb109e0591bbf77450,Follow stop loss strictly across indices.,Follow stop loss strictly across indices.,International Market,GLOBAL_EQUITY,NON_TRADE,MARKET_COMMENTARY,NONE,,,[],,,,,,NONE,,NOT_APPLICABLE,[],,,[],,,False,False,False,False,0.92,False,CURATED_PILOT,ASSISTANT_CURATED_RULE_REVIEW,a9989c961077e860,2026-06-09T16:09:47.344Z
6a283ae0109e0591bbf77486,Buying was suggested in indices only for a technical bounce. Kindly exercise stop loss strictly.,Buying was suggested in indices only for a technical bounce. Kindly exercise stop loss strictly.,International Market,GLOBAL_EQUITY,NON_TRADE,MARKET_COMMENTARY,NONE,,,[],,,,,,NONE,,NOT_APPLICABLE,[],,,[],,,False,False,False,False,0.92,False,CURATED_PILOT,ASSISTANT_CURATED_RULE_REVIEW,45b5a61a0a94261e,2026-06-09T16:10:08.817Z
6a283c5f109e0591bbf77543,Wait for Friday to take fresh positions in indices.,Wait for Friday to take fresh positions in indices.,International Market,GLOBAL_EQUITY,NON_TRADE,WAIT_NO_ACTION,NONE,,,[],,,,,,NONE,,NOT_APPLICABLE,[],,,[],,,False,False,False,False,0.95,False,CURATED_PILOT,ASSISTANT_CURATED_RULE_REVIEW,2769c6ebf73cd69d,2026-06-09T16:16:31.357Z
6a28db7f109e0591bbf7796a,buy copper 6.31 &6.25 sl 6.19 tgt 6.45-6.60,buy copper 6.31 &6.25 sl 6.19 tgt 6.45-6.60,International Market,GLOBAL_COMMODITY,TRADE_ACTION,OPEN_LONG,SINGLE_INSTRUMENT,,COPPER,"[""COPPER""]",,,,LONG,100.0,MODEL_ALLOCATION,,DEFAULT_FULL_ALLOCATION,"[6.31, 6.25]",6.31,6.19,"[6.45, 6.6]",6.45,6.6,False,False,False,True,0.98,False,CURATED_PILOT,ASSISTANT_CURATED_RULE_REVIEW,74a3f527a442d94c,2026-06-10T03:35:27.933Z
6a28de83109e0591bbf77be4,FULL PROFIT BOOK IN KOTAKBANK @385.50,FULL PROFIT BOOK IN KOTAKBANK @385.50,NSE,INDIA_EQUITY,TRADE_ACTION,CLOSE_POSITION,SINGLE_INSTRUMENT,,KOTAKBANK,"[""KOTAKBANK""]",,,,,100.0,CURRENT_HOLDING,0.0,FULL_EXIT_RULE,[385.5],385.5,,[],,,False,False,False,True,0.99,False,AUTO_HIGH_CONFIDENCE,RULE_BASED_AND_CURATED,c9534a31ec4cf433,2026-06-10T03:48:19.909Z
6a28debb109e0591bbf77c22,BUY WIPRO @180 SL 177 TGT 185-188,BUY WIPRO @180 SL 177 TGT 185-188,NSE,INDIA_EQUITY,TRADE_ACTION,OPEN_LONG,SINGLE_INSTRUMENT,,WIPRO,"[""WIPRO""]",,,,LONG,100.0,MODEL_ALLOCATION,,DEFAULT_FULL_ALLOCATION,[180.0],180.0,177.0,"[185.0, 188.0]",185.0,188.0,False,False,False,True,0.98,False,AUTO_HIGH_CONFIDENCE,RULE_BASED_AND_CURATED,c3baf4da2829ecf7,2026-06-10T03:49:15.093Z
6a28decd109e0591bbf77c36,BUY INFY @1167 SL 1140 TGT 1200,BUY INFY @1167 SL 1140 TGT 1200,NSE,INDIA_EQUITY,TRADE_ACTION,OPEN_LONG,SINGLE_INSTRUMENT,,INFY,"[""INFY""]",,,,LONG,100.0,MODEL_ALLOCATION,,DEFAULT_FULL_ALLOCATION,[1167.0],1167.0,1140.0,[1200.0],1200.0,,False,False,False,True,0.98,False,CURATED_PILOT,ASSISTANT_CURATED_RULE_REVIEW,94758416e4701f5d,2026-06-10T03:49:33.230Z
6a28df28109e0591bbf77cbc,BUY ADANIENT @2955 SL 2920 TGT 3000-3050,BUY ADANIENT @2955 SL 2920 TGT 3000-3050,NSE,INDIA_EQUITY,TRADE_ACTION,OPEN_LONG,SINGLE_INSTRUMENT,,ADANIENT,"[""ADANIENT""]",,,,LONG,100.0,MODEL_ALLOCATION,,DEFAULT_FULL_ALLOCATION,[2955.0],2955.0,2920.0,"[3000.0, 3050.0]",3000.0,3050.0,False,False,False,True,0.98,False,AUTO_HIGH_CONFIDENCE,RULE_BASED_AND_CURATED,dfb221feb86748a7,2026-06-10T03:51:04.030Z
6a28df5b109e0591bbf77d1e,BUY ADANIPORTS @1818 SL 1790 TGT 1850-1880,BUY ADANIPORTS @1818 SL 1790 TGT 1850-1880,NSE,INDIA_EQUITY,TRADE_ACTION,OPEN_LONG,SINGLE_INSTRUMENT,,ADANIPORTS,"[""ADANIPORTS""]",,,,LONG,100.0,MODEL_ALLOCATION,,DEFAULT_FULL_ALLOCATION,[1818.0],1818.0,1790.0,"[1850.0, 1880.0]",1850.0,1880.0,False,False,False,True,0.98,False,AUTO_HIGH_CONFIDENCE,RULE_BASED_AND_CURATED,add7237b17607270,2026-06-10T03:51:55.961Z
6a28dff9109e0591bbf77d74,BUY COPPER @1324.60 SL 1314 TGT 1342-1348,BUY COPPER @1324.60 SL 1314 TGT 1342-1348,MCX,INDIA_COMMODITY,TRADE_ACTION,OPEN_LONG,SINGLE_INSTRUMENT,,COPPER,"[""COPPER""]",,,,LONG,100.0,MODEL_ALLOCATION,,DEFAULT_FULL_ALLOCATION,[1324.6],1324.6,1314.0,"[1342.0, 1348.0]",1342.0,1348.0,False,False,False,True,0.98,False,AUTO_HIGH_CONFIDENCE,RULE_BASED_AND_CURATED,be879e2987552051,2026-06-10T03:54:33.898Z
6a28e4e1109e0591bbf78142,50% PROFIT BOOK IN ADANIPORTS @1835,50% PROFIT BOOK IN ADANIPORTS @1835,NSE,INDIA_EQUITY,TRADE_ACTION,REDUCE_POSITION,SINGLE_INSTRUMENT,,ADANIPORTS,"[""ADANIPORTS""]",,,,,50.0,CURRENT_HOLDING,0.5,EXPLICIT_PERCENT,[1835.0],1835.0,,[],,,False,False,False,True,0.99,False,CURATED_PILOT,ASSISTANT_CURATED_RULE_REVIEW,7640ed50b0f57008,2026-06-10T04:15:29.027Z
6a28e568109e0591bbf78179,50% SELL NIFTY @23405 SL 23500 TGT 23300-23100,50% SELL NIFTY @23405 SL 23500 TGT 23300-23100,Indian Indices,INDIA_INDEX,TRADE_ACTION,OPEN_SHORT,SINGLE_INSTRUMENT,,NIFTY,"[""NIFTY""]",,,,SHORT,50.0,MODEL_ALLOCATION,,EXPLICIT_PERCENT,[23405.0],23405.0,23500.0,"[23300.0, 23100.0]",23300.0,23100.0,False,False,False,True,0.97,False,CURATED_PILOT,ASSISTANT_CURATED_RULE_REVIEW,d286dcac09b80191,2026-06-10T04:17:44.378Z
6a28e8e0109e0591bbf782b0,BUY TMPV @384 SL 378 TGT 392-395,BUY TMPV @384 SL 378 TGT 392-395,NSE,INDIA_EQUITY,TRADE_ACTION,OPEN_LONG,SINGLE_INSTRUMENT,,TMPV,"[""TMPV""]",,,,LONG,100.0,MODEL_ALLOCATION,,DEFAULT_FULL_ALLOCATION,[384.0],384.0,378.0,"[392.0, 395.0]",392.0,395.0,False,False,False,True,0.98,False,CURATED_PILOT,ASSISTANT_CURATED_RULE_REVIEW,d1f269e90690b81a,2026-06-10T04:32:32.881Z
6a28ed3f109e0591bbf783a9,50% PROFIT BOOK IN GLENMARK @2252,50% PROFIT BOOK IN GLENMARK @2252,NSE,INDIA_EQUITY,TRADE_ACTION,REDUCE_POSITION,SINGLE_INSTRUMENT,,GLENMARK,"[""GLENMARK""]",,,,,50.0,CURRENT_HOLDING,0.5,EXPLICIT_PERCENT,[2252.0],2252.0,,[],,,False,False,False,True,0.99,False,AUTO_HIGH_CONFIDENCE,RULE_BASED_AND_CURATED,caf8d0feb0ccd66c,2026-06-10T04:51:11.278Z
6a28f11f109e0591bbf78435,50% PROFIT BOOK IN ADANIENT @2994.80,50% PROFIT BOOK IN ADANIENT @2994.80,NSE,INDIA_EQUITY,TRADE_ACTION,REDUCE_POSITION,SINGLE_INSTRUMENT,,ADANIENT,"[""ADANIENT""]",,,,,50.0,CURRENT_HOLDING,0.5,EXPLICIT_PERCENT,[2994.8],2994.8,,[],,,False,False,False,True,0.99,False,AUTO_HIGH_CONFIDENCE,RULE_BASED_AND_CURATED,9ac117f857466c77,2026-06-10T05:07:43.936Z
6a28f19d109e0591bbf78499,50% PROFIT BOOK IN LT @3949,50% PROFIT BOOK IN LT @3949,NSE,INDIA_EQUITY,TRADE_ACTION,REDUCE_POSITION,SINGLE_INSTRUMENT,,LT,"[""LT""]",,,,,50.0,CURRENT_HOLDING,0.5,EXPLICIT_PERCENT,[3949.0],3949.0,,[],,,False,False,False,True,0.99,False,CURATED_PILOT,ASSISTANT_CURATED_RULE_REVIEW,7e264895d6b526f3,2026-06-10T05:09:49.747Z
6a28f28c109e0591bbf784eb,BUY NG @294.10 SL 288 TGT 305-315,BUY NG @294.10 SL 288 TGT 305-315,MCX,INDIA_COMMODITY,TRADE_ACTION,OPEN_LONG,SINGLE_INSTRUMENT,,NATURAL_GAS,"[""NATURAL_GAS""]",,,,LONG,100.0,MODEL_ALLOCATION,,DEFAULT_FULL_ALLOCATION,[294.1],294.1,288.0,"[305.0, 315.0]",305.0,315.0,False,False,False,True,0.98,False,AUTO_HIGH_CONFIDENCE,RULE_BASED_AND_CURATED,8a60148d8414d776,2026-06-10T05:13:48.567Z
6a28f404109e0591bbf78591,DELIVERY: BUY MEESHO @166.70 TGT 200-240,DELIVERY: BUY MEESHO @166.70 TGT 200-240,NSE,INDIA_EQUITY,TRADE_ACTION,OPEN_LONG,SINGLE_INSTRUMENT,,MEESHO,"[""MEESHO""]",,,,LONG,100.0,MODEL_ALLOCATION,,DEFAULT_FULL_ALLOCATION,[166.7],166.7,,"[200.0, 240.0]",200.0,240.0,False,False,False,True,0.98,False,AUTO_HIGH_CONFIDENCE,RULE_BASED_AND_CURATED,3e6e786fc0e53c8b,2026-06-10T05:20:04.740Z
6a28f7a2109e0591bbf785fd,50% SELL BANKNIFTY @55550 SL 56000 TGT 55000-54800,50% SELL BANKNIFTY @55550 SL 56000 TGT 55000-54800,Indian Indices,INDIA_INDEX,TRADE_ACTION,OPEN_SHORT,SINGLE_INSTRUMENT,,BANKNIFTY,"[""BANKNIFTY""]",,,,SHORT,50.0,MODEL_ALLOCATION,,EXPLICIT_PERCENT,[55550.0],55550.0,56000.0,"[55000.0, 54800.0]",55000.0,54800.0,False,False,False,True,0.97,False,AUTO_HIGH_CONFIDENCE,RULE_BASED_AND_CURATED,f28c3a11217c8c7d,2026-06-10T05:35:30.004Z
6a28fe81109e0591bbf78778,50% PROFIT BOOK IN UNIONBANK @168.60,50% PROFIT BOOK IN UNIONBANK @168.60,NSE,INDIA_EQUITY,TRADE_ACTION,REDUCE_POSITION,SINGLE_INSTRUMENT,,UNIONBANK,"[""UNIONBANK""]",,,,,50.0,CURRENT_HOLDING,0.5,EXPLICIT_PERCENT,[168.6],168.6,,[],,,False,False,False,True,0.99,False,CURATED_PILOT,ASSISTANT_CURATED_RULE_REVIEW,0d0190b1abfdf77a,2026-06-10T06:04:49.621Z
6a28ff4e109e0591bbf787bc,BUY GLENMARK @2215 SL 2200 TGT 2250-2290,BUY GLENMARK @2215 SL 2200 TGT 2250-2290,NSE,INDIA_EQUITY,TRADE_ACTION,OPEN_LONG,SINGLE_INSTRUMENT,,GLENMARK,"[""GLENMARK""]",,,,LONG,100.0,MODEL_ALLOCATION,,DEFAULT_FULL_ALLOCATION,[2215.0],2215.0,2200.0,"[2250.0, 2290.0]",2250.0,2290.0,False,False,False,True,0.98,False,CURATED_PILOT,ASSISTANT_CURATED_RULE_REVIEW,fab7cfc0af92b70b,2026-06-10T06:08:14.810Z
6a290883109e0591bbf78975,HOLD GLENMARK WITH SL 2190,HOLD GLENMARK WITH SL 2190,NSE,INDIA_EQUITY,TRADE_UPDATE,UPDATE_STOP_LOSS,SINGLE_INSTRUMENT,,GLENMARK,"[""GLENMARK""]",,,,,,NONE,,NOT_APPLICABLE,[],,2190.0,[],,,False,False,False,True,0.99,False,AUTO_HIGH_CONFIDENCE,RULE_BASED_AND_CURATED,3af58f3137a13682,2026-06-10T06:47:31.396Z
6a2919e8109e0591bbf78a99,SL TOUCH IN GLENMARK,SL TOUCH IN GLENMARK,NSE,INDIA_EQUITY,TRADE_ACTION,CLOSE_POSITION,SINGLE_INSTRUMENT,,GLENMARK,"[""GLENMARK""]",,,,,100.0,CURRENT_HOLDING,0.0,FULL_EXIT_RULE,[],,,[],,,False,False,False,True,0.99,False,AUTO_HIGH_CONFIDENCE,RULE_BASED_AND_CURATED,8e13ae386581388c,2026-06-10T08:01:44.091Z
6a2923aa109e0591bbf78ba8,50% PROFIT BOOK IN NG @301,50% PROFIT BOOK IN NG @301,MCX,INDIA_COMMODITY,TRADE_ACTION,REDUCE_POSITION,SINGLE_INSTRUMENT,,NATURAL_GAS,"[""NATURAL_GAS""]",,,,,50.0,CURRENT_HOLDING,0.5,EXPLICIT_PERCENT,[301.0],301.0,,[],,,False,False,False,True,0.99,False,AUTO_HIGH_CONFIDENCE,RULE_BASED_AND_CURATED,e23a928b79f21d1e,2026-06-10T08:43:22.202Z
6a2929b6109e0591bbf78d05,FULL PROFIT BOOK IN UNIONBANK @167,FULL PROFIT BOOK IN UNIONBANK @167,NSE,INDIA_EQUITY,TRADE_ACTION,CLOSE_POSITION,SINGLE_INSTRUMENT,,UNIONBANK,"[""UNIONBANK""]",,,,,100.0,CURRENT_HOLDING,0.0,FULL_EXIT_RULE,[167.0],167.0,,[],,,False,False,False,True,0.99,False,AUTO_HIGH_CONFIDENCE,RULE_BASED_AND_CURATED,bcf2711d9a8ca57a,2026-06-10T09:09:10.664Z
6a292aa5109e0591bbf78d3b,50% PROFIT BOOK IN SBIN @1003.50,50% PROFIT BOOK IN SBIN @1003.50,NSE,INDIA_EQUITY,TRADE_ACTION,REDUCE_POSITION,SINGLE_INSTRUMENT,,SBIN,"[""SBIN""]",,,,,50.0,CURRENT_HOLDING,0.5,EXPLICIT_PERCENT,[1003.5],1003.5,,[],,,False,False,False,True,0.99,False,AUTO_HIGH_CONFIDENCE,RULE_BASED_AND_CURATED,583bc852fb0451b5,2026-06-10T09:13:09.598Z
6a293430109e0591bbf78eb2,HOLD COPPER WITH SL 1308,HOLD COPPER WITH SL 1308,MCX,INDIA_COMMODITY,TRADE_UPDATE,UPDATE_STOP_LOSS,SINGLE_INSTRUMENT,,COPPER,"[""COPPER""]",,,,,,NONE,,NOT_APPLICABLE,[],,1308.0,[],,,False,False,False,True,0.99,False,CURATED_PILOT,ASSISTANT_CURATED_RULE_REVIEW,8f62b2bba6766776,2026-06-10T09:53:52.527Z
6a295b76109e0591bbf79256,Book 50% profit in ng @3.24,Book 50% profit in ng @3.24,International Market,GLOBAL_COMMODITY,TRADE_ACTION,REDUCE_POSITION,SINGLE_INSTRUMENT,,NATURAL_GAS,"[""NATURAL_GAS""]",,,,,50.0,CURRENT_HOLDING,0.5,EXPLICIT_PERCENT,[3.24],3.24,,[],,,False,False,False,True,0.99,False,AUTO_HIGH_CONFIDENCE,RULE_BASED_AND_CURATED,ccfdbba2230bf1a4,2026-06-10T12:41:26.480Z
6a295ba0109e0591bbf792af,DAY TRADERS BOOK FULL PROFIT IN NG @ 309,DAY TRADERS BOOK FULL PROFIT IN NG @ 309,MCX,INDIA_COMMODITY,TRADE_ACTION,CLOSE_POSITION,SINGLE_INSTRUMENT,,NATURAL_GAS,"[""NATURAL_GAS""]",,,,,100.0,CURRENT_HOLDING,0.0,FULL_EXIT_RULE,[309.0],309.0,,[],,,False,False,False,True,0.99,False,AUTO_HIGH_CONFIDENCE,RULE_BASED_AND_CURATED,7c381a4296cd4d86,2026-06-10T12:42:08.799Z
6a296751109e0591bbf79409,Buy 50% NVDA @ 205 with S/L 198 for target 215-225,Buy 50% NVDA @ 205 with S/L 198 for target 215-225,International Market,GLOBAL_EQUITY,TRADE_ACTION,OPEN_LONG,SINGLE_INSTRUMENT,,NVDA,"[""NVDA""]",,,,LONG,50.0,MODEL_ALLOCATION,,EXPLICIT_PERCENT,[205.0],205.0,198.0,"[215.0, 225.0]",215.0,225.0,False,False,False,True,0.98,False,AUTO_HIGH_CONFIDENCE,RULE_BASED_AND_CURATED,fc9ce28206d6149c,2026-06-10T13:32:01.363Z
6a29677d109e0591bbf7941d,Buy 50% MU @ 909 for target 980-1040,Buy 50% MU @ 909 for target 980-1040,International Market,GLOBAL_EQUITY,TRADE_ACTION,OPEN_LONG,SINGLE_INSTRUMENT,,MU,"[""MU""]",,,,LONG,50.0,MODEL_ALLOCATION,,EXPLICIT_PERCENT,[909.0],909.0,,"[980.0, 1040.0]",980.0,1040.0,False,False,False,True,0.98,False,CURATED_PILOT,ASSISTANT_CURATED_RULE_REVIEW,6d946e9762e9a852,2026-06-10T13:32:45.929Z
6a29678d109e0591bbf79435,Buy 50% AAPL @ 290 for target 310-320,Buy 50% AAPL @ 290 for target 310-320,International Market,GLOBAL_EQUITY,TRADE_ACTION,OPEN_LONG,SINGLE_INSTRUMENT,,AAPL,"[""AAPL""]",,,,LONG,50.0,MODEL_ALLOCATION,,EXPLICIT_PERCENT,[290.0],290.0,,"[310.0, 320.0]",310.0,320.0,False,False,False,True,0.98,False,AUTO_HIGH_CONFIDENCE,RULE_BASED_AND_CURATED,3b48233af44cb2b9,2026-06-10T13:33:01.346Z
6a29679d109e0591bbf79449,Buy 50% AMD @ 468 with S/L 454 for target 480-500,Buy 50% AMD @ 468 with S/L 454 for target 480-500,International Market,GLOBAL_EQUITY,TRADE_ACTION,OPEN_LONG,SINGLE_INSTRUMENT,,AMD,"[""AMD""]",,,,LONG,50.0,MODEL_ALLOCATION,,EXPLICIT_PERCENT,[468.0],468.0,454.0,"[480.0, 500.0]",480.0,500.0,False,False,False,True,0.98,False,AUTO_HIGH_CONFIDENCE,RULE_BASED_AND_CURATED,7be354f7358715c9,2026-06-10T13:33:17.319Z
6a2967b9109e0591bbf7945d,Buy 50% ORCL @ 201 with S/L 194 for target 220-240,Buy 50% ORCL @ 201 with S/L 194 for target 220-240,International Market,GLOBAL_EQUITY,TRADE_ACTION,OPEN_LONG,SINGLE_INSTRUMENT,,ORCL,"[""ORCL""]",,,,LONG,50.0,MODEL_ALLOCATION,,EXPLICIT_PERCENT,[201.0],201.0,194.0,"[220.0, 240.0]",220.0,240.0,False,False,False,True,0.98,False,AUTO_HIGH_CONFIDENCE,RULE_BASED_AND_CURATED,525ca700bd46904e,2026-06-10T13:33:45.615Z
6a2967cd109e0591bbf79490,Buy 50% SNDK @ 1592 for target 1650-1700,Buy 50% SNDK @ 1592 for target 1650-1700,International Market,GLOBAL_EQUITY,TRADE_ACTION,OPEN_LONG,SINGLE_INSTRUMENT,,SNDK,"[""SNDK""]",,,,LONG,50.0,MODEL_ALLOCATION,,EXPLICIT_PERCENT,[1592.0],1592.0,,"[1650.0, 1700.0]",1650.0,1700.0,False,False,False,True,0.98,False,CURATED_PILOT,ASSISTANT_CURATED_RULE_REVIEW,d55ee69ca4e53b85,2026-06-10T13:34:05.424Z
6a2967df109e0591bbf794a4,Buy 50% AMAT @ 507 for target 520-540,Buy 50% AMAT @ 507 for target 520-540,International Market,GLOBAL_EQUITY,TRADE_ACTION,OPEN_LONG,SINGLE_INSTRUMENT,,AMAT,"[""AMAT""]",,,,LONG,50.0,MODEL_ALLOCATION,,EXPLICIT_PERCENT,[507.0],507.0,,"[520.0, 540.0]",520.0,540.0,False,False,False,True,0.98,False,AUTO_HIGH_CONFIDENCE,RULE_BASED_AND_CURATED,1cd3463cb27619c7,2026-06-10T13:34:23.620Z
6a2967fe109e0591bbf79508,Buy 50% DELL @ 379 for target 400-420,Buy 50% DELL @ 379 for target 400-420,International Market,GLOBAL_EQUITY,TRADE_ACTION,OPEN_LONG,SINGLE_INSTRUMENT,,DELL,"[""DELL""]",,,,LONG,50.0,MODEL_ALLOCATION,,EXPLICIT_PERCENT,[379.0],379.0,,"[400.0, 420.0]",400.0,420.0,False,False,False,True,0.98,False,AUTO_HIGH_CONFIDENCE,RULE_BASED_AND_CURATED,7848763904d88bcc,2026-06-10T13:34:54.676Z
6a296896109e0591bbf79551,Buy 30% Nasdaq @ 28880 with S/L 28490 for target 29200-29400,Buy 30% Nasdaq @ 28880 with S/L 28490 for target 29200-29400,International Market,GLOBAL_INDEX_OR_MACRO,TRADE_ACTION,OPEN_LONG,SINGLE_INSTRUMENT,,NASDAQ,"[""NASDAQ""]",,,,LONG,30.0,MODEL_ALLOCATION,,EXPLICIT_PERCENT,[28880.0],28880.0,28490.0,"[29200.0, 29400.0]",29200.0,29400.0,False,False,False,True,0.98,False,CURATED_PILOT,ASSISTANT_CURATED_RULE_REVIEW,01ac79c65fb4b450,2026-06-10T13:37:26.654Z
6a296d6a109e0591bbf7964a,Book 50% profit in ORCL @ 209,Book 50% profit in ORCL @ 209,International Market,GLOBAL_EQUITY,TRADE_ACTION,REDUCE_POSITION,SINGLE_INSTRUMENT,,ORCL,"[""ORCL""]",,,,,50.0,CURRENT_HOLDING,0.5,EXPLICIT_PERCENT,[209.0],209.0,,[],,,False,False,False,True,0.99,False,AUTO_HIGH_CONFIDENCE,RULE_BASED_AND_CURATED,431330ad7b5a7fcb,2026-06-10T13:58:02.107Z
6a296d84109e0591bbf7965e,Book 30% profit in Russell @ 2900,Book 30% profit in Russell @ 2900,International Market,GLOBAL_INDEX_OR_MACRO,TRADE_ACTION,REDUCE_POSITION,SINGLE_INSTRUMENT,,RUSSELL,"[""RUSSELL""]",,,,,30.0,CURRENT_HOLDING,0.7,EXPLICIT_PERCENT,[2900.0],2900.0,,[],,,False,False,False,True,0.99,False,AUTO_HIGH_CONFIDENCE,RULE_BASED_AND_CURATED,238c236ad7f85f8b,2026-06-10T13:58:28.716Z
6a296db3109e0591bbf7968d,Sell crude @ 89.80 with S/L 92.00 for target 87-86,Sell crude @ 89.80 with S/L 92.00 for target 87-86,International Market,GLOBAL_COMMODITY,TRADE_ACTION,OPEN_SHORT,SINGLE_INSTRUMENT,,CRUDE,"[""CRUDE""]",,,,SHORT,100.0,MODEL_ALLOCATION,,DEFAULT_FULL_ALLOCATION,[89.8],89.8,92.0,"[87.0, 86.0]",87.0,86.0,False,False,False,True,0.96,False,CURATED_PILOT,ASSISTANT_CURATED_RULE_REVIEW,7430db94861882fc,2026-06-10T13:59:15.724Z
6a296de4109e0591bbf796ef,Book part profit in AMAT @ 521.50,Book part profit in AMAT @ 521.50,International Market,GLOBAL_EQUITY,TRADE_ACTION,REDUCE_POSITION,SINGLE_INSTRUMENT,,AMAT,"[""AMAT""]",,,,,25.0,CURRENT_HOLDING,0.75,PART_PROFIT_RULE,[521.5],521.5,,[],,,False,False,False,True,0.99,False,AUTO_HIGH_CONFIDENCE,RULE_BASED_AND_CURATED,3809628d75714f95,2026-06-10T14:00:04.490Z
6a296e16109e0591bbf79703,Book profit in HOOD @ 90.50 (buying was suggested at 73),Book profit in HOOD @ 90.50 (buying was suggested at 73),International Market,GLOBAL_EQUITY,TRADE_ACTION,CLOSE_POSITION,SINGLE_INSTRUMENT,,HOOD,"[""HOOD""]",,,,,100.0,CURRENT_HOLDING,0.0,FULL_EXIT_RULE,[90.5],90.5,,[],,,False,False,False,True,0.96,False,AUTO_HIGH_CONFIDENCE,RULE_BASED_AND_CURATED,b43fd296f5f51770,2026-06-10T14:00:54.837Z
6a296e2c109e0591bbf79717,Book part profit in DELL @ 392,Book part profit in DELL @ 392,International Market,GLOBAL_EQUITY,TRADE_ACTION,REDUCE_POSITION,SINGLE_INSTRUMENT,,DELL,"[""DELL""]",,,,,25.0,CURRENT_HOLDING,0.75,PART_PROFIT_RULE,[392.0],392.0,,[],,,False,False,False,True,0.99,False,CURATED_PILOT,ASSISTANT_CURATED_RULE_REVIEW,aeb0cf35ebdaa2ab,2026-06-10T14:01:16.792Z
6a296e67109e0591bbf7975b,Sell crude @ 8569 with S/L 8700 for target 8400-8300,Sell crude @ 8569 with S/L 8700 for target 8400-8300,MCX,INDIA_COMMODITY,TRADE_ACTION,OPEN_SHORT,SINGLE_INSTRUMENT,,CRUDE,"[""CRUDE""]",,,,SHORT,100.0,MODEL_ALLOCATION,,DEFAULT_FULL_ALLOCATION,[8569.0],8569.0,8700.0,"[8400.0, 8300.0]",8400.0,8300.0,False,False,False,True,0.96,False,AUTO_HIGH_CONFIDENCE,RULE_BASED_AND_CURATED,1d4994f04fa3ecc2,2026-06-10T14:02:15.527Z
6a296e8a109e0591bbf7979d,Book part profit in SNDK @ 1676,Book part profit in SNDK @ 1676,International Market,GLOBAL_EQUITY,TRADE_ACTION,REDUCE_POSITION,SINGLE_INSTRUMENT,,SNDK,"[""SNDK""]",,,,,25.0,CURRENT_HOLDING,0.75,PART_PROFIT_RULE,[1676.0],1676.0,,[],,,False,False,False,True,0.99,False,AUTO_HIGH_CONFIDENCE,RULE_BASED_AND_CURATED,e33d29bb04deab99,2026-06-10T14:02:50.450Z
6a297062109e0591bbf798d9,Book part profit in Nasdaq @ 29100,Book part profit in Nasdaq @ 29100,International Market,GLOBAL_INDEX_OR_MACRO,TRADE_ACTION,REDUCE_POSITION,SINGLE_INSTRUMENT,,NASDAQ,"[""NASDAQ""]",,,,,25.0,CURRENT_HOLDING,0.75,PART_PROFIT_RULE,[29100.0],29100.0,,[],,,False,False,False,True,0.99,False,AUTO_HIGH_CONFIDENCE,RULE_BASED_AND_CURATED,47da10514d3b13db,2026-06-10T14:10:42.377Z
6a297893109e0591bbf79a10,Book part profit in MU @ 935,Book part profit in MU @ 935,International Market,GLOBAL_EQUITY,TRADE_ACTION,REDUCE_POSITION,SINGLE_INSTRUMENT,,MU,"[""MU""]",,,,,25.0,CURRENT_HOLDING,0.75,PART_PROFIT_RULE,[935.0],935.0,,[],,,False,False,False,True,0.99,False,AUTO_HIGH_CONFIDENCE,RULE_BASED_AND_CURATED,2f876d6f7745c470,2026-06-10T14:45:39.338Z
6a297955109e0591bbf79a7f,Sell VX @ 19.88 with S/L 21.00 for target 18.50-18.00,Sell VX @ 19.88 with S/L 21.00 for target 18.50-18.00,International Market,GLOBAL_INDEX_OR_MACRO,TRADE_ACTION,OPEN_SHORT,SINGLE_INSTRUMENT,,VIX,"[""VIX""]",,,,SHORT,100.0,MODEL_ALLOCATION,,DEFAULT_FULL_ALLOCATION,[19.88],19.88,21.0,"[18.5, 18.0]",18.5,18.0,False,False,False,True,0.96,False,CURATED_PILOT,ASSISTANT_CURATED_RULE_REVIEW,e46fe35ae43aa88e,2026-06-10T14:48:53.927Z
6a297e4b109e0591bbf79aba,Positional Buy 50% SOXL @ 188 for target 230-260,Positional Buy 50% SOXL @ 188 for target 230-260,International Market,GLOBAL_EQUITY,TRADE_ACTION,OPEN_LONG,SINGLE_INSTRUMENT,,SOXL,"[""SOXL""]",,,,LONG,50.0,MODEL_ALLOCATION,,EXPLICIT_PERCENT,[188.0],188.0,,"[230.0, 260.0]",230.0,260.0,False,False,False,True,0.98,False,AUTO_HIGH_CONFIDENCE,RULE_BASED_AND_CURATED,332c17b16a630418,2026-06-10T15:10:03.257Z
6a298886109e0591bbf79bd2,Buy 50% MU @ 894 for target 930-950,Buy 50% MU @ 894 for target 930-950,International Market,GLOBAL_EQUITY,TRADE_ACTION,OPEN_LONG,SINGLE_INSTRUMENT,,MU,"[""MU""]",,,,LONG,50.0,MODEL_ALLOCATION,,EXPLICIT_PERCENT,[894.0],894.0,,"[930.0, 950.0]",930.0,950.0,False,False,False,True,0.98,False,AUTO_HIGH_CONFIDENCE,RULE_BASED_AND_CURATED,b140bceb41200643,2026-06-10T15:53:42.700Z
6a2a06d3109e0591bbf7a07a,Sell VX @ 20.78 with S/L 22 for target 18-16,Sell VX @ 20.78 with S/L 22 for target 18-16,International Market,GLOBAL_INDEX_OR_MACRO,TRADE_ACTION,OPEN_SHORT,SINGLE_INSTRUMENT,,VIX,"[""VIX""]",,,,SHORT,100.0,MODEL_ALLOCATION,,DEFAULT_FULL_ALLOCATION,[20.78],20.78,22.0,"[18.0, 16.0]",18.0,16.0,False,False,False,True,0.96,False,AUTO_HIGH_CONFIDENCE,RULE_BASED_AND_CURATED,c21738c10bcaa7d3,2026-06-11T00:52:35.841Z
6a2a0796109e0591bbf7a094,Positional buy copper @ 6.21 with S/L 6.00 for target 6.45-6.70,Positional buy copper @ 6.21 with S/L 6.00 for target 6.45-6.70,International Market,GLOBAL_COMMODITY,TRADE_ACTION,OPEN_LONG,SINGLE_INSTRUMENT,,COPPER,"[""COPPER""]",,,,LONG,100.0,MODEL_ALLOCATION,,DEFAULT_FULL_ALLOCATION,[6.21],6.21,6.0,"[6.45, 6.7]",6.45,6.7,False,False,False,True,0.98,False,AUTO_HIGH_CONFIDENCE,RULE_BASED_AND_CURATED,e61466bbc7e9c6e7,2026-06-11T00:55:50.202Z
6a2a0954109e0591bbf7a0d5,Add short position in crude oil at 93.50 with S/L 96.00 for target 85.00-82.00,Add short position in crude oil at 93.50 with S/L 96.00 for target 85.00-82.00,International Market,GLOBAL_COMMODITY,TRADE_ACTION,ADD_SHORT,SINGLE_INSTRUMENT,,CRUDE,"[""CRUDE""]",,,,SHORT,100.0,MODEL_ALLOCATION,,DEFAULT_FULL_ALLOCATION,[93.5],93.5,96.0,"[85.0, 82.0]",85.0,82.0,False,False,False,True,0.97,False,CURATED_PILOT,ASSISTANT_CURATED_RULE_REVIEW,056b056287927240,2026-06-11T01:03:16.160Z
6a2a0996109e0591bbf7a0e2,"NVDA was a buying recommendation yesterday. The bottom is done. By next Friday, we should see Nasdaq significantly higher.","NVDA was a buying recommendation yesterday. The bottom is done. By next Friday, we should see Nasdaq significantly higher.",International Market,GLOBAL_EQUITY,NON_TRADE,MARKET_COMMENTARY,NONE,,,[],,,,,,NONE,,NOT_APPLICABLE,[],,,[],,,False,False,False,False,0.95,False,CURATED_PILOT,ASSISTANT_CURATED_RULE_REVIEW,400848eb69569a9d,2026-06-11T01:04:22.930Z
6a2a2f92109e0591bbf7a7b8,50% BUY NIFTY @23145 SL 23000 CLOSING BASIS POSITIONAL SL 22800 TGT 23350-POSITIONAL TGT 24400,50% BUY NIFTY @23145 SL 23000 CLOSING BASIS POSITIONAL SL 22800 TGT 23350-POSITIONAL TGT 24400,Indian Indices,INDIA_INDEX,TRADE_ACTION,OPEN_LONG,SINGLE_INSTRUMENT,,NIFTY,"[""NIFTY""]",,,,LONG,50.0,MODEL_ALLOCATION,,EXPLICIT_PERCENT,[23145.0],23145.0,23000.0,[23350.0],23350.0,,False,False,False,True,0.98,False,AUTO_HIGH_CONFIDENCE,RULE_BASED_AND_CURATED,e6ae1ede787d7113,2026-06-11T03:46:26.774Z
6a2a2fdd109e0591bbf7a82b,BUY UNIONBANK @164 SL 160 TGT 170-172,BUY UNIONBANK @164 SL 160 TGT 170-172,NSE,INDIA_EQUITY,TRADE_ACTION,OPEN_LONG,SINGLE_INSTRUMENT,,UNIONBANK,"[""UNIONBANK""]",,,,LONG,100.0,MODEL_ALLOCATION,,DEFAULT_FULL_ALLOCATION,[164.0],164.0,160.0,"[170.0, 172.0]",170.0,172.0,False,False,False,True,0.98,False,AUTO_HIGH_CONFIDENCE,RULE_BASED_AND_CURATED,94ca1df48dbc8153,2026-06-11T03:47:41.947Z
6a2a302d109e0591bbf7a88c,BUY LT @3892 SL 3800 TGT 4000-4050,BUY LT @3892 SL 3800 TGT 4000-4050,NSE,INDIA_EQUITY,TRADE_ACTION,OPEN_LONG,SINGLE_INSTRUMENT,,LT,"[""LT""]",,,,LONG,100.0,MODEL_ALLOCATION,,DEFAULT_FULL_ALLOCATION,[3892.0],3892.0,3800.0,"[4000.0, 4050.0]",4000.0,4050.0,False,False,False,True,0.98,False,AUTO_HIGH_CONFIDENCE,RULE_BASED_AND_CURATED,0313876bf7c30d50,2026-06-11T03:49:01.629Z
6a2a30a7109e0591bbf7a96b,BUY ADANIPORTS @1812 SL 1780 TGT 1850-1900,BUY ADANIPORTS @1812 SL 1780 TGT 1850-1900,NSE,INDIA_EQUITY,TRADE_ACTION,OPEN_LONG,SINGLE_INSTRUMENT,,ADANIPORTS,"[""ADANIPORTS""]",,,,LONG,100.0,MODEL_ALLOCATION,,DEFAULT_FULL_ALLOCATION,[1812.0],1812.0,1780.0,"[1850.0, 1900.0]",1850.0,1900.0,False,False,False,True,0.98,False,AUTO_HIGH_CONFIDENCE,RULE_BASED_AND_CURATED,ab2937358bd3cd41,2026-06-11T03:51:03.307Z
6a2a3118109e0591bbf7a9c0,DELIVERY: BUY SILVERBEES @219 SL 190 TGT 250-300,DELIVERY: BUY SILVERBEES @219 SL 190 TGT 250-300,NSE,INDIA_EQUITY,TRADE_ACTION,OPEN_LONG,SINGLE_INSTRUMENT,,SILVERBEES,"[""SILVERBEES""]",,,,LONG,100.0,MODEL_ALLOCATION,,DEFAULT_FULL_ALLOCATION,[219.0],219.0,190.0,"[250.0, 300.0]",250.0,300.0,False,False,False,True,0.98,False,AUTO_HIGH_CONFIDENCE,RULE_BASED_AND_CURATED,206e2df2613fdb8f,2026-06-11T03:52:56.942Z
6a2a3133109e0591bbf7aa1e,BUY BEL @408 SL 399 TGT 420-430,BUY BEL @408 SL 399 TGT 420-430,NSE,INDIA_EQUITY,TRADE_ACTION,OPEN_LONG,SINGLE_INSTRUMENT,,BEL,"[""BEL""]",,,,LONG,100.0,MODEL_ALLOCATION,,DEFAULT_FULL_ALLOCATION,[408.0],408.0,399.0,"[420.0, 430.0]",420.0,430.0,False,False,False,True,0.98,False,AUTO_HIGH_CONFIDENCE,RULE_BASED_AND_CURATED,865d038793cd2cf4,2026-06-11T03:53:23.351Z
6a2a31b6109e0591bbf7aab7,BUY BHARTIARTL @1779 SL 1770 TGT 1830-1850,BUY BHARTIARTL @1779 SL 1770 TGT 1830-1850,NSE,INDIA_EQUITY,TRADE_ACTION,OPEN_LONG,SINGLE_INSTRUMENT,,BHARTIARTL,"[""BHARTIARTL""]",,,,LONG,100.0,MODEL_ALLOCATION,,DEFAULT_FULL_ALLOCATION,[1779.0],1779.0,1770.0,"[1830.0, 1850.0]",1830.0,1850.0,False,False,False,True,0.98,False,AUTO_HIGH_CONFIDENCE,RULE_BASED_AND_CURATED,9a533c8d8f0da32a,2026-06-11T03:55:34.752Z
6a2a320a109e0591bbf7aafa,BUY BAJAJAUTO @10086 SL 9900 TGT 10300,BUY BAJAJAUTO @10086 SL 9900 TGT 10300,NSE,INDIA_EQUITY,TRADE_ACTION,OPEN_LONG,SINGLE_INSTRUMENT,,BAJAJAUTO,"[""BAJAJAUTO""]",,,,LONG,100.0,MODEL_ALLOCATION,,DEFAULT_FULL_ALLOCATION,[10086.0],10086.0,9900.0,[10300.0],10300.0,,False,False,False,True,0.98,False,AUTO_HIGH_CONFIDENCE,RULE_BASED_AND_CURATED,671197d2048741c8,2026-06-11T03:56:58.539Z
6a2a3379109e0591bbf7acdb,BUY HINDALCO @1038 SL 1010 TGT 1080-1100,BUY HINDALCO @1038 SL 1010 TGT 1080-1100,NSE,INDIA_EQUITY,TRADE_ACTION,OPEN_LONG,SINGLE_INSTRUMENT,,HINDALCO,"[""HINDALCO""]",,,,LONG,100.0,MODEL_ALLOCATION,,DEFAULT_FULL_ALLOCATION,[1038.0],1038.0,1010.0,"[1080.0, 1100.0]",1080.0,1100.0,False,False,False,True,0.98,False,AUTO_HIGH_CONFIDENCE,RULE_BASED_AND_CURATED,ab34e8dc7d4a8624,2026-06-11T04:03:05.939Z
6a2a5407109e0591bbf7afb3,INTRADAY TRADERS PART  PROFIT BOOK IN NIFTY @23295,INTRADAY TRADERS PART PROFIT BOOK IN NIFTY @23295,Indian Indices,INDIA_INDEX,TRADE_ACTION,REDUCE_POSITION,SINGLE_INSTRUMENT,,NIFTY,"[""NIFTY""]",,,,,25.0,CURRENT_HOLDING,0.75,PART_PROFIT_RULE,[23295.0],23295.0,,[],,,False,False,False,True,0.99,False,AUTO_HIGH_CONFIDENCE,RULE_BASED_AND_CURATED,829a653cb60234db,2026-06-11T06:21:59.312Z
6a2a569b109e0591bbf7b052,50% SELL BANKNIFTY @55500 SL 56300 TGT 55000-54800,50% SELL BANKNIFTY @55500 SL 56300 TGT 55000-54800,Indian Indices,INDIA_INDEX,TRADE_ACTION,OPEN_SHORT,SINGLE_INSTRUMENT,,BANKNIFTY,"[""BANKNIFTY""]",,,,SHORT,50.0,MODEL_ALLOCATION,,EXPLICIT_PERCENT,[55500.0],55500.0,56300.0,"[55000.0, 54800.0]",55000.0,54800.0,False,False,False,True,0.97,False,AUTO_HIGH_CONFIDENCE,RULE_BASED_AND_CURATED,39164829cfa420b4,2026-06-11T06:32:59.638Z
6a2a6e7b109e0591bbf7b423,INTRADAY 50% PROFIT BOOK IN BANKNIFTY @55270,INTRADAY 50% PROFIT BOOK IN BANKNIFTY @55270,Indian Indices,INDIA_INDEX,TRADE_ACTION,REDUCE_POSITION,SINGLE_INSTRUMENT,,BANKNIFTY,"[""BANKNIFTY""]",,,,,50.0,CURRENT_HOLDING,0.5,EXPLICIT_PERCENT,[55270.0],55270.0,,[],,,False,False,False,True,0.99,False,CURATED_PILOT,ASSISTANT_CURATED_RULE_REVIEW,6fabb92cb5cf15c0,2026-06-11T08:14:51.594Z
6a2a79af109e0591bbf7b652,Kindly update RP Broadcast app so that newsletter can be accessed through the app.,Kindly update RP Broadcast app so that newsletter can be accessed through the app.,Indian Indices,INDIA_INDEX,NON_TRADE,ADMIN_NOTICE,NONE,,,[],,,,,,NONE,,NOT_APPLICABLE,[],,,[],,,False,False,False,False,0.99,False,CURATED_PILOT,ASSISTANT_CURATED_RULE_REVIEW,4dc5ebdab6a17216,2026-06-11T09:02:39.765Z
6a2a7d62109e0591bbf7bc09,50% BUY NIFTY @23190 SL 23000 TGT 23400-23500,50% BUY NIFTY @23190 SL 23000 TGT 23400-23500,Indian Indices,INDIA_INDEX,TRADE_ACTION,OPEN_LONG,SINGLE_INSTRUMENT,,NIFTY,"[""NIFTY""]",,,,LONG,50.0,MODEL_ALLOCATION,,EXPLICIT_PERCENT,[23190.0],23190.0,23000.0,"[23400.0, 23500.0]",23400.0,23500.0,False,False,False,True,0.98,False,CURATED_PILOT,ASSISTANT_CURATED_RULE_REVIEW,f17f842da76af1c7,2026-06-11T09:18:26.739Z
6a2a7edb109e0591bbf7bcb2,BUY BANDHANBANK @194.30 SL 190 TGT 200-210,BUY BANDHANBANK @194.30 SL 190 TGT 200-210,NSE,INDIA_EQUITY,TRADE_ACTION,OPEN_LONG,SINGLE_INSTRUMENT,,BANDHANBANK,"[""BANDHANBANK""]",,,,LONG,100.0,MODEL_ALLOCATION,,DEFAULT_FULL_ALLOCATION,[194.3],194.3,190.0,"[200.0, 210.0]",200.0,210.0,False,False,False,True,0.98,False,AUTO_HIGH_CONFIDENCE,RULE_BASED_AND_CURATED,9c76ba3d9a993ffc,2026-06-11T09:24:43.427Z
6a2ab907b0b2fbc3f68c20e5,Book 50% profit in SOXL @ 196.50,Book 50% profit in SOXL @ 196.50,International Market,GLOBAL_EQUITY,TRADE_ACTION,REDUCE_POSITION,SINGLE_INSTRUMENT,,SOXL,"[""SOXL""]",,,,,50.0,CURRENT_HOLDING,0.5,EXPLICIT_PERCENT,[196.5],196.5,,[],,,False,False,False,True,0.99,False,AUTO_HIGH_CONFIDENCE,RULE_BASED_AND_CURATED,63a152b31e4de464,2026-06-11T13:32:55.712Z
6a2ab936b0b2fbc3f68c219a,Book profit in SNDK @ 1717,Book profit in SNDK @ 1717,International Market,GLOBAL_EQUITY,TRADE_ACTION,CLOSE_POSITION,SINGLE_INSTRUMENT,,SNDK,"[""SNDK""]",,,,,100.0,CURRENT_HOLDING,0.0,FULL_EXIT_RULE,[1717.0],1717.0,,[],,,False,False,False,True,0.96,False,CURATED_PILOT,ASSISTANT_CURATED_RULE_REVIEW,264f6752d813f3c9,2026-06-11T13:33:42.389Z
6a2ab960b0b2fbc3f68c21b1,Buy 50% ORCL @ 176 for target 200-220,Buy 50% ORCL @ 176 for target 200-220,International Market,GLOBAL_EQUITY,TRADE_ACTION,OPEN_LONG,SINGLE_INSTRUMENT,,ORCL,"[""ORCL""]",,,,LONG,50.0,MODEL_ALLOCATION,,EXPLICIT_PERCENT,[176.0],176.0,,"[200.0, 220.0]",200.0,220.0,False,False,False,True,0.98,False,AUTO_HIGH_CONFIDENCE,RULE_BASED_AND_CURATED,60f50fe911d51024,2026-06-11T13:34:24.623Z
6a2ab9a1b0b2fbc3f68c21ee,Buy 50% BE @ 238 for target 260-270,Buy 50% BE @ 238 for target 260-270,International Market,GLOBAL_EQUITY,TRADE_ACTION,OPEN_LONG,SINGLE_INSTRUMENT,,BE,"[""BE""]",,,,LONG,50.0,MODEL_ALLOCATION,,EXPLICIT_PERCENT,[238.0],238.0,,"[260.0, 270.0]",260.0,270.0,False,False,False,True,0.98,False,AUTO_HIGH_CONFIDENCE,RULE_BASED_AND_CURATED,6cd2daad4fd0105d,2026-06-11T13:35:29.676Z
6a2ab9ceb0b2fbc3f68c2264,Book 50% profit in CRDO @ 252,Book 50% profit in CRDO @ 252,International Market,GLOBAL_EQUITY,TRADE_ACTION,REDUCE_POSITION,SINGLE_INSTRUMENT,,CRDO,"[""CRDO""]",,,,,50.0,CURRENT_HOLDING,0.5,EXPLICIT_PERCENT,[252.0],252.0,,[],,,False,False,False,True,0.99,False,AUTO_HIGH_CONFIDENCE,RULE_BASED_AND_CURATED,9352c545a715ad9a,2026-06-11T13:36:14.016Z
6a2ab9ecb0b2fbc3f68c227b,Buy 50% Dell @ 374 for target 400-420,Buy 50% Dell @ 374 for target 400-420,International Market,GLOBAL_EQUITY,TRADE_ACTION,OPEN_LONG,SINGLE_INSTRUMENT,,DELL,"[""DELL""]",,,,LONG,50.0,MODEL_ALLOCATION,,EXPLICIT_PERCENT,[374.0],374.0,,"[400.0, 420.0]",400.0,420.0,False,False,False,True,0.98,False,AUTO_HIGH_CONFIDENCE,RULE_BASED_AND_CURATED,08d3e049856d2c22,2026-06-11T13:36:44.815Z
6a2ac1b1b0b2fbc3f68c24f5,Book 50% profit in AMD @ 478,Book 50% profit in AMD @ 478,International Market,GLOBAL_EQUITY,TRADE_ACTION,REDUCE_POSITION,SINGLE_INSTRUMENT,,AMD,"[""AMD""]",,,,,50.0,CURRENT_HOLDING,0.5,EXPLICIT_PERCENT,[478.0],478.0,,[],,,False,False,False,True,0.99,False,AUTO_HIGH_CONFIDENCE,RULE_BASED_AND_CURATED,825e7e799e3f84a4,2026-06-11T14:09:53.115Z
6a2ac1d1b0b2fbc3f68c2569,Buy 50% avgo @377.70 for target 400-420,Buy 50% avgo @377.70 for target 400-420,International Market,GLOBAL_EQUITY,TRADE_ACTION,OPEN_LONG,SINGLE_INSTRUMENT,,AVGO,"[""AVGO""]",,,,LONG,50.0,MODEL_ALLOCATION,,EXPLICIT_PERCENT,[377.7],377.7,,"[400.0, 420.0]",400.0,420.0,False,False,False,True,0.98,False,CURATED_PILOT,ASSISTANT_CURATED_RULE_REVIEW,45e261e2cec67c55,2026-06-11T14:10:25.414Z
6a2ac1f4b0b2fbc3f68c25e8,Day traders book profit in AMAT @533,Day traders book profit in AMAT @533,International Market,GLOBAL_EQUITY,TRADE_ACTION,CLOSE_POSITION,SINGLE_INSTRUMENT,,AMAT,"[""AMAT""]",,,,,100.0,CURRENT_HOLDING,0.0,FULL_EXIT_RULE,[533.0],533.0,,[],,,False,False,False,True,0.96,False,CURATED_PILOT,ASSISTANT_CURATED_RULE_REVIEW,d551d34b29d178b3,2026-06-11T14:11:00.283Z
6a2ac23db0b2fbc3f68c2673,Book profit in CRDO @258.60,Book profit in CRDO @258.60,International Market,GLOBAL_EQUITY,TRADE_ACTION,CLOSE_POSITION,SINGLE_INSTRUMENT,,CRDO,"[""CRDO""]",,,,,100.0,CURRENT_HOLDING,0.0,FULL_EXIT_RULE,[258.6],258.6,,[],,,False,False,False,True,0.96,False,CURATED_PILOT,ASSISTANT_CURATED_RULE_REVIEW,79af4617b31377b0,2026-06-11T14:12:13.150Z
6a2ac257b0b2fbc3f68c26d6,Buy 50% NBIS @ 211 with SL 199 for target 240,Buy 50% NBIS @ 211 with SL 199 for target 240,International Market,GLOBAL_EQUITY,TRADE_ACTION,OPEN_LONG,SINGLE_INSTRUMENT,,NBIS,"[""NBIS""]",,,,LONG,50.0,MODEL_ALLOCATION,,EXPLICIT_PERCENT,[211.0],211.0,199.0,[240.0],240.0,,False,False,False,True,0.98,False,AUTO_HIGH_CONFIDENCE,RULE_BASED_AND_CURATED,1f282afe21a4d945,2026-06-11T14:12:39.279Z
6a2ac2e8b0b2fbc3f68c275d,Buy 50% wdc @499.5 for target 530-560,Buy 50% wdc @499.5 for target 530-560,International Market,GLOBAL_EQUITY,TRADE_ACTION,OPEN_LONG,SINGLE_INSTRUMENT,,WDC,"[""WDC""]",,,,LONG,50.0,MODEL_ALLOCATION,,EXPLICIT_PERCENT,[499.5],499.5,,"[530.0, 560.0]",530.0,560.0,False,False,False,True,0.98,False,CURATED_PILOT,ASSISTANT_CURATED_RULE_REVIEW,748cb6aa9f71b293,2026-06-11T14:15:04.231Z
6a2acea3b0b2fbc3f68c2909,Buy Nasdaq @ 28650 & 28200 with S/L 27900 for target 29500-30000,Buy Nasdaq @ 28650 & 28200 with S/L 27900 for target 29500-30000,International Market,GLOBAL_INDEX_OR_MACRO,TRADE_ACTION,OPEN_LONG,SINGLE_INSTRUMENT,,NASDAQ,"[""NASDAQ""]",,,,LONG,100.0,MODEL_ALLOCATION,,DEFAULT_FULL_ALLOCATION,"[28650.0, 28200.0]",28650.0,27900.0,"[29500.0, 30000.0]",29500.0,30000.0,False,False,False,True,0.98,False,AUTO_HIGH_CONFIDENCE,RULE_BASED_AND_CURATED,4e935ffdea7dbc55,2026-06-11T15:05:07.116Z
6a2aceecb0b2fbc3f68c2954,Add long position in S&P 500 @ 7222 with S/L 7180 for target 7500-7600,Add long position in S&P 500 @ 7222 with S/L 7180 for target 7500-7600,International Market,GLOBAL_INDEX_OR_MACRO,TRADE_ACTION,ADD_LONG,SINGLE_INSTRUMENT,,SP500,"[""SP500""]",,,,LONG,100.0,MODEL_ALLOCATION,,DEFAULT_FULL_ALLOCATION,[7222.0],7222.0,7180.0,"[7500.0, 7600.0]",7500.0,7600.0,False,False,False,True,0.97,False,CURATED_PILOT,ASSISTANT_CURATED_RULE_REVIEW,1944119ededf4f66,2026-06-11T15:06:20.234Z
6a2adc8db0b2fbc3f68c2c9d,50% Profit Book in US 30Y T Bond@ 112,50% Profit Book in US 30Y T Bond @ 112,International Market,GLOBAL_INDEX_OR_MACRO,TRADE_ACTION,REDUCE_POSITION,SINGLE_INSTRUMENT,,US_30Y_T_BOND,"[""US_30Y_T_BOND""]",,,,,50.0,CURRENT_HOLDING,0.5,EXPLICIT_PERCENT,[112.0],112.0,,[],,,False,False,False,True,0.99,False,CURATED_PILOT,ASSISTANT_CURATED_RULE_REVIEW,b41ffdd75f797da8,2026-06-11T16:04:29.772Z
6a2af195b0b2fbc3f68c2f0d,Book part profit in MU @945,Book part profit in MU @945,International Market,GLOBAL_EQUITY,TRADE_ACTION,REDUCE_POSITION,SINGLE_INSTRUMENT,,MU,"[""MU""]",,,,,25.0,CURRENT_HOLDING,0.75,PART_PROFIT_RULE,[945.0],945.0,,[],,,False,False,False,True,0.99,False,AUTO_HIGH_CONFIDENCE,RULE_BASED_AND_CURATED,a48fcd1939cf8afb,2026-06-11T17:34:13.028Z
6a2af21db0b2fbc3f68c2f56,Book 50% profit in crude @ 86.85,Book 50% profit in crude @ 86.85,International Market,GLOBAL_COMMODITY,TRADE_ACTION,REDUCE_POSITION,SINGLE_INSTRUMENT,,CRUDE,"[""CRUDE""]",,,,,50.0,CURRENT_HOLDING,0.5,EXPLICIT_PERCENT,[86.85],86.85,,[],,,False,False,False,True,0.99,False,CURATED_PILOT,ASSISTANT_CURATED_RULE_REVIEW,24a8977a7190a568,2026-06-11T17:36:29.153Z
6a2af221b0b2fbc3f68c2f89,50% Profit Book in crude@8310,50% Profit Book in crude @8310,MCX,INDIA_COMMODITY,TRADE_ACTION,REDUCE_POSITION,SINGLE_INSTRUMENT,,CRUDE,"[""CRUDE""]",,,,,50.0,CURRENT_HOLDING,0.5,EXPLICIT_PERCENT,[8310.0],8310.0,,[],,,False,False,False,True,0.99,False,CURATED_PILOT,ASSISTANT_CURATED_RULE_REVIEW,b8fbc84e53f3a613,2026-06-11T17:36:33.526Z
6a2af235b0b2fbc3f68c2fed,BOOK 50% profit in copper @1324,BOOK 50% profit in copper @1324,MCX,INDIA_COMMODITY,TRADE_ACTION,REDUCE_POSITION,SINGLE_INSTRUMENT,,COPPER,"[""COPPER""]",,,,,50.0,CURRENT_HOLDING,0.5,EXPLICIT_PERCENT,[1324.0],1324.0,,[],,,False,False,False,True,0.99,False,AUTO_HIGH_CONFIDENCE,RULE_BASED_AND_CURATED,373b16877674956a,2026-06-11T17:36:53.838Z
6a2af272b0b2fbc3f68c3047,Book part profit in copper @ 6.36,Book part profit in copper @ 6.36,International Market,GLOBAL_COMMODITY,TRADE_ACTION,REDUCE_POSITION,SINGLE_INSTRUMENT,,COPPER,"[""COPPER""]",,,,,25.0,CURRENT_HOLDING,0.75,PART_PROFIT_RULE,[6.36],6.36,,[],,,False,False,False,True,0.99,False,AUTO_HIGH_CONFIDENCE,RULE_BASED_AND_CURATED,7204eb7e76567eda,2026-06-11T17:37:54.315Z
6a2af28fb0b2fbc3f68c306e,Book 50% profit in s&p500 @7348,Book 50% profit in s&p500 @7348,International Market,GLOBAL_INDEX_OR_MACRO,TRADE_ACTION,REDUCE_POSITION,SINGLE_INSTRUMENT,,SP500,"[""SP500""]",,,,,50.0,CURRENT_HOLDING,0.5,EXPLICIT_PERCENT,[7348.0],7348.0,,[],,,False,False,False,True,0.99,False,CURATED_PILOT,ASSISTANT_CURATED_RULE_REVIEW,e25a087d788f3a9b,2026-06-11T17:38:23.921Z
6a2af2c3b0b2fbc3f68c3082,Book 50% profit in nasdaq @29136,Book 50% profit in nasdaq @29136,International Market,GLOBAL_INDEX_OR_MACRO,TRADE_ACTION,REDUCE_POSITION,SINGLE_INSTRUMENT,,NASDAQ,"[""NASDAQ""]",,,,,50.0,CURRENT_HOLDING,0.5,EXPLICIT_PERCENT,[29136.0],29136.0,,[],,,False,False,False,True,0.99,False,CURATED_PILOT,ASSISTANT_CURATED_RULE_REVIEW,2705611ae7c2acfe,2026-06-11T17:39:15.472Z
6a2af2ccb0b2fbc3f68c30c2,Book profit in Russell @2902,Book profit in Russell @2902,International Market,GLOBAL_INDEX_OR_MACRO,TRADE_ACTION,CLOSE_POSITION,SINGLE_INSTRUMENT,,RUSSELL,"[""RUSSELL""]",,,,,100.0,CURRENT_HOLDING,0.0,FULL_EXIT_RULE,[2902.0],2902.0,,[],,,False,False,False,True,0.96,False,CURATED_PILOT,ASSISTANT_CURATED_RULE_REVIEW,58050174dbc88fc9,2026-06-11T17:39:24.747Z
6a2af313b0b2fbc3f68c30e2,Book 50% profit in aapl @296.50,Book 50% profit in aapl @296.50,International Market,GLOBAL_EQUITY,TRADE_ACTION,REDUCE_POSITION,SINGLE_INSTRUMENT,,AAPL,"[""AAPL""]",,,,,50.0,CURRENT_HOLDING,0.5,EXPLICIT_PERCENT,[296.5],296.5,,[],,,False,False,False,True,0.99,False,AUTO_HIGH_CONFIDENCE,RULE_BASED_AND_CURATED,29efd2256d611b7e,2026-06-11T17:40:35.545Z
6a2af36ab0b2fbc3f68c3126,Book 50% profit in dell @386.50,Book 50% profit in dell @386.50,International Market,GLOBAL_EQUITY,TRADE_ACTION,REDUCE_POSITION,SINGLE_INSTRUMENT,,DELL,"[""DELL""]",,,,,50.0,CURRENT_HOLDING,0.5,EXPLICIT_PERCENT,[386.5],386.5,,[],,,False,False,False,True,0.99,False,CURATED_PILOT,ASSISTANT_CURATED_RULE_REVIEW,a5fa02338bb9a5cb,2026-06-11T17:42:02.361Z
6a2af3aab0b2fbc3f68c3161,Book 50% profit in BE @ 248,Book 50% profit in BE @ 248,International Market,GLOBAL_EQUITY,TRADE_ACTION,REDUCE_POSITION,SINGLE_INSTRUMENT,,BE,"[""BE""]",,,,,50.0,CURRENT_HOLDING,0.5,EXPLICIT_PERCENT,[248.0],248.0,,[],,,False,False,False,True,0.99,False,AUTO_HIGH_CONFIDENCE,RULE_BASED_AND_CURATED,41820e908372360b,2026-06-11T17:43:06.959Z
6a2af3ceb0b2fbc3f68c3199,Book 50% profit in wdc @514.50,Book 50% profit in wdc @514.50,International Market,GLOBAL_EQUITY,TRADE_ACTION,REDUCE_POSITION,SINGLE_INSTRUMENT,,WDC,"[""WDC""]",,,,,50.0,CURRENT_HOLDING,0.5,EXPLICIT_PERCENT,[514.5],514.5,,[],,,False,False,False,True,0.99,False,AUTO_HIGH_CONFIDENCE,RULE_BASED_AND_CURATED,5f6fdd5aab281e27,2026-06-11T17:43:42.223Z
6a2af42fb0b2fbc3f68c31b4,Day traders book full profit in ng @ 214.22,Day traders book full profit in ng @ 214.22,International Market,GLOBAL_COMMODITY,TRADE_ACTION,CLOSE_POSITION,SINGLE_INSTRUMENT,,NATURAL_GAS,"[""NATURAL_GAS""]",,,,,100.0,CURRENT_HOLDING,0.0,FULL_EXIT_RULE,[214.22],214.22,,[],,,False,False,False,True,0.99,False,CURATED_PILOT,ASSISTANT_CURATED_RULE_REVIEW,23526fdf589ab8b0,2026-06-11T17:45:19.197Z
6a2af905b0b2fbc3f68c3292,Book 50% profit in VX @ 19.63,Book 50% profit in VX @ 19.63,International Market,GLOBAL_INDEX_OR_MACRO,TRADE_ACTION,REDUCE_POSITION,SINGLE_INSTRUMENT,,VIX,"[""VIX""]",,,,,50.0,CURRENT_HOLDING,0.5,EXPLICIT_PERCENT,[19.63],19.63,,[],,,False,False,False,True,0.99,False,AUTO_HIGH_CONFIDENCE,RULE_BASED_AND_CURATED,8d8d90e5dab912ae,2026-06-11T18:05:57.784Z
6a2b0f0ab0b2fbc3f68c3477,50% Profit Book in AVGO@ 387,50% Profit Book in AVGO @ 387,International Market,GLOBAL_EQUITY,TRADE_ACTION,REDUCE_POSITION,SINGLE_INSTRUMENT,,AVGO,"[""AVGO""]",,,,,50.0,CURRENT_HOLDING,0.5,EXPLICIT_PERCENT,[387.0],387.0,,[],,,False,False,False,True,0.99,False,AUTO_HIGH_CONFIDENCE,RULE_BASED_AND_CURATED,89097bec151c8995,2026-06-11T19:39:54.117Z
6a2b5379b0b2fbc3f68c35e1,Buy crude @86.30 with SL 85.00 for target 89.00-90.00,Buy crude @86.30 with SL 85.00 for target 89.00-90.00,International Market,GLOBAL_COMMODITY,TRADE_ACTION,OPEN_LONG,SINGLE_INSTRUMENT,,CRUDE,"[""CRUDE""]",,,,LONG,100.0,MODEL_ALLOCATION,,DEFAULT_FULL_ALLOCATION,[86.3],86.3,85.0,"[89.0, 90.0]",89.0,90.0,False,False,False,True,0.98,False,AUTO_HIGH_CONFIDENCE,RULE_BASED_AND_CURATED,5e50f8d1f5c49d9f,2026-06-12T00:31:53.436Z
6a2b7ddbb0b2fbc3f68c3a92,FULL PROFIT BOOK IN COPPER @1336,FULL PROFIT BOOK IN COPPER @1336,MCX,INDIA_COMMODITY,TRADE_ACTION,CLOSE_POSITION,SINGLE_INSTRUMENT,,COPPER,"[""COPPER""]",,,,,100.0,CURRENT_HOLDING,0.0,FULL_EXIT_RULE,[1336.0],1336.0,,[],,,False,False,False,True,0.99,False,AUTO_HIGH_CONFIDENCE,RULE_BASED_AND_CURATED,334145e073061d5c,2026-06-12T03:32:43.505Z
6a2b7e03b0b2fbc3f68c3acd,BUY NG @293.50 SL 287 TGT 300-310,BUY NG @293.50 SL 287 TGT 300-310,MCX,INDIA_COMMODITY,TRADE_ACTION,OPEN_LONG,SINGLE_INSTRUMENT,,NATURAL_GAS,"[""NATURAL_GAS""]",,,,LONG,100.0,MODEL_ALLOCATION,,DEFAULT_FULL_ALLOCATION,[293.5],293.5,287.0,"[300.0, 310.0]",300.0,310.0,False,False,False,True,0.98,False,AUTO_HIGH_CONFIDENCE,RULE_BASED_AND_CURATED,4eab12ff9c6395c0,2026-06-12T03:33:23.907Z
6a2b7e29b0b2fbc3f68c3af0,BUY ALUMINI @376.60 SL 375 TGT 382-385,BUY ALUMINI @376.60 SL 375 TGT 382-385,MCX,INDIA_COMMODITY,TRADE_ACTION,OPEN_LONG,SINGLE_INSTRUMENT,,ALUMINIUM,"[""ALUMINIUM""]",,,,LONG,100.0,MODEL_ALLOCATION,,DEFAULT_FULL_ALLOCATION,[376.6],376.6,375.0,"[382.0, 385.0]",382.0,385.0,False,False,False,True,0.98,False,CURATED_PILOT,ASSISTANT_CURATED_RULE_REVIEW,ada6b37d496f5413,2026-06-12T03:34:01.597Z
6a2b7e8fb0b2fbc3f68c3b04,HOLD CRUDE MINI WITH SL 8140,HOLD CRUDE MINI WITH SL 8140,MCX,INDIA_COMMODITY,TRADE_UPDATE,UPDATE_STOP_LOSS,SINGLE_INSTRUMENT,,CRUDE_MINI,"[""CRUDE_MINI""]",,,,,,NONE,,NOT_APPLICABLE,[],,8140.0,[],,,False,False,False,True,0.99,False,CURATED_PILOT,ASSISTANT_CURATED_RULE_REVIEW,05d4e72247032767,2026-06-12T03:35:43.025Z
6a2b80f2b0b2fbc3f68c3c0d,50% PROFIT BOOK IN UNIONBANK @168,50% PROFIT BOOK IN UNIONBANK @168,NSE,INDIA_EQUITY,TRADE_ACTION,REDUCE_POSITION,SINGLE_INSTRUMENT,,UNIONBANK,"[""UNIONBANK""]",,,,,50.0,CURRENT_HOLDING,0.5,EXPLICIT_PERCENT,[168.0],168.0,,[],,,False,False,False,True,0.99,False,AUTO_HIGH_CONFIDENCE,RULE_BASED_AND_CURATED,46c4813b1f56963e,2026-06-12T03:45:54.781Z
6a2b8118b0b2fbc3f68c3c32,50% SELL BANKNIFTY @56000 SL 56600 TGT 55600-55200,50% SELL BANKNIFTY @56000 SL 56600 TGT 55600-55200,Indian Indices,INDIA_INDEX,TRADE_ACTION,OPEN_SHORT,SINGLE_INSTRUMENT,,BANKNIFTY,"[""BANKNIFTY""]",,,,SHORT,50.0,MODEL_ALLOCATION,,EXPLICIT_PERCENT,[56000.0],56000.0,56600.0,"[55600.0, 55200.0]",55600.0,55200.0,False,False,False,True,0.97,False,CURATED_PILOT,ASSISTANT_CURATED_RULE_REVIEW,3136a4eb82e5dabb,2026-06-12T03:46:32.331Z
6a2b8130b0b2fbc3f68c3c6f,50% PROFIT BOOK IN BANDHANBANK @198,50% PROFIT BOOK IN BANDHANBANK @198,NSE,INDIA_EQUITY,TRADE_ACTION,REDUCE_POSITION,SINGLE_INSTRUMENT,,BANDHANBANK,"[""BANDHANBANK""]",,,,,50.0,CURRENT_HOLDING,0.5,EXPLICIT_PERCENT,[198.0],198.0,,[],,,False,False,False,True,0.99,False,AUTO_HIGH_CONFIDENCE,RULE_BASED_AND_CURATED,4de55f856511de4b,2026-06-12T03:46:56.675Z
6a2b8149b0b2fbc3f68c3c7c,50% PROFIT BOOK IN SBIN @1015,50% PROFIT BOOK IN SBIN @1015,NSE,INDIA_EQUITY,TRADE_ACTION,REDUCE_POSITION,SINGLE_INSTRUMENT,,SBIN,"[""SBIN""]",,,,,50.0,CURRENT_HOLDING,0.5,EXPLICIT_PERCENT,[1015.0],1015.0,,[],,,False,False,False,True,0.99,False,AUTO_HIGH_CONFIDENCE,RULE_BASED_AND_CURATED,db50f5d668f0072f,2026-06-12T03:47:21.696Z
6a2b8168b0b2fbc3f68c3cb6,BUY MANNAPURUM @302 SL 298 TGT 310-320,BUY MANNAPURUM @302 SL 298 TGT 310-320,NSE,INDIA_EQUITY,TRADE_ACTION,OPEN_LONG,SINGLE_INSTRUMENT,,MANNAPURUM,"[""MANNAPURUM""]",,,,LONG,100.0,MODEL_ALLOCATION,,DEFAULT_FULL_ALLOCATION,[302.0],302.0,298.0,"[310.0, 320.0]",310.0,320.0,False,False,False,True,0.98,False,CURATED_PILOT,ASSISTANT_CURATED_RULE_REVIEW,a05a0a7dad628517,2026-06-12T03:47:52.972Z
6a2b8180b0b2fbc3f68c3cca,50% PROFIT BOOK IN BHARTIARTL @1810,50% PROFIT BOOK IN BHARTIARTL @1810,NSE,INDIA_EQUITY,TRADE_ACTION,REDUCE_POSITION,SINGLE_INSTRUMENT,,BHARTIARTL,"[""BHARTIARTL""]",,,,,50.0,CURRENT_HOLDING,0.5,EXPLICIT_PERCENT,[1810.0],1810.0,,[],,,False,False,False,True,0.99,False,AUTO_HIGH_CONFIDENCE,RULE_BASED_AND_CURATED,96d397d34b6648e2,2026-06-12T03:48:16.250Z
6a2b8195b0b2fbc3f68c3cde,50% PROFIT BOOK IN BAJAJAUTO @10210,50% PROFIT BOOK IN BAJAJAUTO @10210,NSE,INDIA_EQUITY,TRADE_ACTION,REDUCE_POSITION,SINGLE_INSTRUMENT,,BAJAJAUTO,"[""BAJAJAUTO""]",,,,,50.0,CURRENT_HOLDING,0.5,EXPLICIT_PERCENT,[10210.0],10210.0,,[],,,False,False,False,True,0.99,False,CURATED_PILOT,ASSISTANT_CURATED_RULE_REVIEW,7b00c08da2b48f39,2026-06-12T03:48:37.088Z
6a2b81b9b0b2fbc3f68c3d35,50% PROFIT BOOK IN LT @4007,50% PROFIT BOOK IN LT @4007,NSE,INDIA_EQUITY,TRADE_ACTION,REDUCE_POSITION,SINGLE_INSTRUMENT,,LT,"[""LT""]",,,,,50.0,CURRENT_HOLDING,0.5,EXPLICIT_PERCENT,[4007.0],4007.0,,[],,,False,False,False,True,0.99,False,AUTO_HIGH_CONFIDENCE,RULE_BASED_AND_CURATED,80e6dfd98c223682,2026-06-12T03:49:13.999Z
6a2b81efb0b2fbc3f68c3d4b,50% PROFIT BOOK IN HDFCBANK @747,50% PROFIT BOOK IN HDFCBANK @747,NSE,INDIA_EQUITY,TRADE_ACTION,REDUCE_POSITION,SINGLE_INSTRUMENT,,HDFCBANK,"[""HDFCBANK""]",,,,,50.0,CURRENT_HOLDING,0.5,EXPLICIT_PERCENT,[747.0],747.0,,[],,,False,False,False,True,0.99,False,CURATED_PILOT,ASSISTANT_CURATED_RULE_REVIEW,923e712b103e1e82,2026-06-12T03:50:07.348Z
6a2b8213b0b2fbc3f68c3dc4,BUY TATASTEEL @197 SL 194 TGT 205-210,BUY TATASTEEL @197 SL 194 TGT 205-210,NSE,INDIA_EQUITY,TRADE_ACTION,OPEN_LONG,SINGLE_INSTRUMENT,,TATASTEEL,"[""TATASTEEL""]",,,,LONG,100.0,MODEL_ALLOCATION,,DEFAULT_FULL_ALLOCATION,[197.0],197.0,194.0,"[205.0, 210.0]",205.0,210.0,False,False,False,True,0.98,False,AUTO_HIGH_CONFIDENCE,RULE_BASED_AND_CURATED,37ff568a5106ff18,2026-06-12T03:50:43.235Z
6a2b82d1b0b2fbc3f68c3e83,SELL SBIN @1014.50 SL 1022  TGT 1005-993,SELL SBIN @1014.50 SL 1022 TGT 1005-993,NSE,INDIA_EQUITY,TRADE_ACTION,OPEN_SHORT,SINGLE_INSTRUMENT,,SBIN,"[""SBIN""]",,,,SHORT,100.0,MODEL_ALLOCATION,,DEFAULT_FULL_ALLOCATION,[1014.5],1014.5,1022.0,"[1005.0, 993.0]",1005.0,993.0,False,False,False,True,0.96,False,AUTO_HIGH_CONFIDENCE,RULE_BASED_AND_CURATED,b211799d0932790a,2026-06-12T03:53:53.388Z
6a2b8bcbb0b2fbc3f68c41d8,BUY HINDPETRO @381 SL 374 TGT 400,BUY HINDPETRO @381 SL 374 TGT 400,NSE,INDIA_EQUITY,TRADE_ACTION,OPEN_LONG,SINGLE_INSTRUMENT,,HINDPETRO,"[""HINDPETRO""]",,,,LONG,100.0,MODEL_ALLOCATION,,DEFAULT_FULL_ALLOCATION,[381.0],381.0,374.0,[400.0],400.0,,False,False,False,True,0.98,False,AUTO_HIGH_CONFIDENCE,RULE_BASED_AND_CURATED,e89f196b6784e663,2026-06-12T04:32:11.390Z
6a2b8d54b0b2fbc3f68c42bb,50% PROFIT BOOK IN BANKNIFTY @55850,50% PROFIT BOOK IN BANKNIFTY @55850,Indian Indices,INDIA_INDEX,TRADE_ACTION,REDUCE_POSITION,SINGLE_INSTRUMENT,,BANKNIFTY,"[""BANKNIFTY""]",,,,,50.0,CURRENT_HOLDING,0.5,EXPLICIT_PERCENT,[55850.0],55850.0,,[],,,False,False,False,True,0.99,False,AUTO_HIGH_CONFIDENCE,RULE_BASED_AND_CURATED,1c7349e9eede82c7,2026-06-12T04:38:44.177Z
6a2b8ef1b0b2fbc3f68c437f,POSITIONAL TRADERS BUY 50% NIFTY (STRIKE 23500/JUNE) CE @238 SL 120 TGT 500-700,POSITIONAL TRADERS BUY 50% NIFTY (STRIKE 23500/JUNE) CE @238 SL 120 TGT 500-700,NSE,INDIA_EQUITY,TRADE_ACTION,OPEN_LONG,SINGLE_INSTRUMENT,,NIFTY_STRIKE,"[""NIFTY_STRIKE""]",JUN,23500,CE,LONG,50.0,MODEL_ALLOCATION,,EXPLICIT_PERCENT,[238.0],238.0,120.0,"[500.0, 700.0]",500.0,700.0,False,False,False,True,0.98,False,AUTO_HIGH_CONFIDENCE,RULE_BASED_AND_CURATED,c4b942768b0df090,2026-06-12T04:45:37.565Z
6a2b9072b0b2fbc3f68c44ce,50% BUY NIFTY @23370 SL 23250 TGT 23475-23540,50% BUY NIFTY @23370 SL 23250 TGT 23475-23540,Indian Indices,INDIA_INDEX,TRADE_ACTION,OPEN_LONG,SINGLE_INSTRUMENT,,NIFTY,"[""NIFTY""]",,,,LONG,50.0,MODEL_ALLOCATION,,EXPLICIT_PERCENT,[23370.0],23370.0,23250.0,"[23475.0, 23540.0]",23475.0,23540.0,False,False,False,True,0.98,False,AUTO_HIGH_CONFIDENCE,RULE_BASED_AND_CURATED,513351574de47027,2026-06-12T04:52:02.226Z
6a2b9846b0b2fbc3f68c46e6,FULL PROFIT BOOK IN UNIONBANK @170,FULL PROFIT BOOK IN UNIONBANK @170,NSE,INDIA_EQUITY,TRADE_ACTION,CLOSE_POSITION,SINGLE_INSTRUMENT,,UNIONBANK,"[""UNIONBANK""]",,,,,100.0,CURRENT_HOLDING,0.0,FULL_EXIT_RULE,[170.0],170.0,,[],,,False,False,False,True,0.99,False,AUTO_HIGH_CONFIDENCE,RULE_BASED_AND_CURATED,0f3cde63c68d6af6,2026-06-12T05:25:26.809Z
6a2b9a28b0b2fbc3f68c4758,BUY BAJAJAUTO @9910 SL 9800 TGT 10200-10350,BUY BAJAJAUTO @9910 SL 9800 TGT 10200-10350,NSE,INDIA_EQUITY,TRADE_ACTION,OPEN_LONG,SINGLE_INSTRUMENT,,BAJAJAUTO,"[""BAJAJAUTO""]",,,,LONG,100.0,MODEL_ALLOCATION,,DEFAULT_FULL_ALLOCATION,[9910.0],9910.0,9800.0,"[10200.0, 10350.0]",10200.0,10350.0,False,False,False,True,0.98,False,AUTO_HIGH_CONFIDENCE,RULE_BASED_AND_CURATED,aed11180beabab10,2026-06-12T05:33:28.729Z
6a2ba8deb0b2fbc3f68c48a9,50% profit book in alumini @378,50% profit book in alumini @378,MCX,INDIA_COMMODITY,TRADE_ACTION,REDUCE_POSITION,SINGLE_INSTRUMENT,,ALUMINIUM,"[""ALUMINIUM""]",,,,,50.0,CURRENT_HOLDING,0.5,EXPLICIT_PERCENT,[378.0],378.0,,[],,,False,False,False,True,0.99,False,AUTO_HIGH_CONFIDENCE,RULE_BASED_AND_CURATED,3c492530bb22bf9e,2026-06-12T06:36:14.404Z
6a2bb3c1b0b2fbc3f68c4a94,50% PROFIT BOOK IN SBIN @1006,50% PROFIT BOOK IN SBIN @1006,NSE,INDIA_EQUITY,TRADE_ACTION,REDUCE_POSITION,SINGLE_INSTRUMENT,,SBIN,"[""SBIN""]",,,,,50.0,CURRENT_HOLDING,0.5,EXPLICIT_PERCENT,[1006.0],1006.0,,[],,,False,False,False,True,0.99,False,CURATED_PILOT,ASSISTANT_CURATED_RULE_REVIEW,2d058720f890dbb0,2026-06-12T07:22:41.755Z
6a2bb4bbb0b2fbc3f68c4bf4,IGNORE NIFTY LAST MESSAGE,IGNORE NIFTY LAST MESSAGE,Indian Indices,INDIA_INDEX,TRADE_CONTROL,CANCEL_PREVIOUS,NONE,,,[],,,,,,NONE,,NOT_APPLICABLE,[],,,[],,,False,False,True,False,0.98,False,CURATED_PILOT,ASSISTANT_CURATED_RULE_REVIEW,b0377f73efc33024,2026-06-12T07:26:51.186Z
6a2bb559b0b2fbc3f68c4dba,Buy nasdaq @29277 & 28900 with SL 28700 for target 29800-30200,Buy nasdaq @29277 & 28900 with SL 28700 for target 29800-30200,International Market,GLOBAL_INDEX_OR_MACRO,TRADE_ACTION,OPEN_LONG,SINGLE_INSTRUMENT,,NASDAQ,"[""NASDAQ""]",,,,LONG,100.0,MODEL_ALLOCATION,,DEFAULT_FULL_ALLOCATION,"[29277.0, 28900.0]",29277.0,28700.0,"[29800.0, 30200.0]",29800.0,30200.0,False,False,False,True,0.98,False,AUTO_HIGH_CONFIDENCE,RULE_BASED_AND_CURATED,c41a83216af0ee81,2026-06-12T07:29:29.516Z
6a2bb58db0b2fbc3f68c4e34,Buy s&p500 @7375 & 7322 with SL 7280 for target 7450-7550,Buy s&p500 @7375 & 7322 with SL 7280 for target 7450-7550,International Market,GLOBAL_INDEX_OR_MACRO,TRADE_ACTION,OPEN_LONG,SINGLE_INSTRUMENT,,SP500,"[""SP500""]",,,,LONG,100.0,MODEL_ALLOCATION,,DEFAULT_FULL_ALLOCATION,"[7375.0, 7322.0]",7375.0,7280.0,"[7450.0, 7550.0]",7450.0,7550.0,False,False,False,True,0.98,False,AUTO_HIGH_CONFIDENCE,RULE_BASED_AND_CURATED,61c1e950a1bff5a9,2026-06-12T07:30:21.895Z
6a2bb908b0b2fbc3f68c5097,SL TOUCH IN HINDPETRO,SL TOUCH IN HINDPETRO,NSE,INDIA_EQUITY,TRADE_ACTION,CLOSE_POSITION,SINGLE_INSTRUMENT,,HINDPETRO,"[""HINDPETRO""]",,,,,100.0,CURRENT_HOLDING,0.0,FULL_EXIT_RULE,[],,,[],,,False,False,False,True,0.99,False,AUTO_HIGH_CONFIDENCE,RULE_BASED_AND_CURATED,db379c0092193cf7,2026-06-12T07:45:12.131Z
6a2bbc01b0b2fbc3f68c5197,50% SELL BANKNIFTY @56080 SL 56600 TGT 55500-55000,50% SELL BANKNIFTY @56080 SL 56600 TGT 55500-55000,Indian Indices,INDIA_INDEX,TRADE_ACTION,OPEN_SHORT,SINGLE_INSTRUMENT,,BANKNIFTY,"[""BANKNIFTY""]",,,,SHORT,50.0,MODEL_ALLOCATION,,EXPLICIT_PERCENT,[56080.0],56080.0,56600.0,"[55500.0, 55000.0]",55500.0,55000.0,False,False,False,True,0.97,False,AUTO_HIGH_CONFIDENCE,RULE_BASED_AND_CURATED,fc305d079f9dd307,2026-06-12T07:57:53.986Z
6a2bbd6bb0b2fbc3f68c524b,50% PROFIT BOOK IN NIFTY @23470,50% PROFIT BOOK IN NIFTY @23470,Indian Indices,INDIA_INDEX,TRADE_ACTION,REDUCE_POSITION,SINGLE_INSTRUMENT,,NIFTY,"[""NIFTY""]",,,,,50.0,CURRENT_HOLDING,0.5,EXPLICIT_PERCENT,[23470.0],23470.0,,[],,,False,False,False,True,0.99,False,AUTO_HIGH_CONFIDENCE,RULE_BASED_AND_CURATED,95a3031a492567fe,2026-06-12T08:03:55.615Z
6a2bbdc4b0b2fbc3f68c52c0,Hold crude with SL 84.50,Hold crude with SL 84.50,International Market,GLOBAL_COMMODITY,TRADE_UPDATE,UPDATE_STOP_LOSS,SINGLE_INSTRUMENT,,CRUDE,"[""CRUDE""]",,,,,,NONE,,NOT_APPLICABLE,[],,84.5,[],,,False,False,False,True,0.99,False,AUTO_HIGH_CONFIDENCE,RULE_BASED_AND_CURATED,d66d60ab523d1eac,2026-06-12T08:05:24.727Z
6a2bbdfab0b2fbc3f68c52dc,BUY CRUDE MINI @8095 SL 8000 TGT 8300,BUY CRUDE MINI @8095 SL 8000 TGT 8300,MCX,INDIA_COMMODITY,TRADE_ACTION,OPEN_LONG,SINGLE_INSTRUMENT,,CRUDE_MINI,"[""CRUDE_MINI""]",,,,LONG,100.0,MODEL_ALLOCATION,,DEFAULT_FULL_ALLOCATION,[8095.0],8095.0,8000.0,[8300.0],8300.0,,False,False,False,True,0.98,False,AUTO_HIGH_CONFIDENCE,RULE_BASED_AND_CURATED,a06dd0e10522c1e9,2026-06-12T08:06:18.602Z
6a2bc169b0b2fbc3f68c5582,Book 50% profit in Bajaj auto @10017,Book 50% profit in Bajaj auto @10017,NSE,INDIA_EQUITY,TRADE_ACTION,REDUCE_POSITION,SINGLE_INSTRUMENT,,BAJAJAUTO,"[""BAJAJAUTO""]",,,,,50.0,CURRENT_HOLDING,0.5,EXPLICIT_PERCENT,[10017.0],10017.0,,[],,,False,False,False,True,0.99,False,CURATED_PILOT,ASSISTANT_CURATED_RULE_REVIEW,c3010bb025c467b0,2026-06-12T08:20:57.263Z
6a2bc17bb0b2fbc3f68c55e2,Book 25% profit in nifty @23550,Book 25% profit in nifty @23550,NSE,INDIA_EQUITY,TRADE_ACTION,REDUCE_POSITION,SINGLE_INSTRUMENT,,NIFTY,"[""NIFTY""]",,,,,25.0,CURRENT_HOLDING,0.75,EXPLICIT_PERCENT,[23550.0],23550.0,,[],,,False,False,False,True,0.99,False,AUTO_HIGH_CONFIDENCE,RULE_BASED_AND_CURATED,adf56dd2856954ea,2026-06-12T08:21:15.580Z
6a2bc1aab0b2fbc3f68c565e,Day traders book 50% profit in nifty (strike 23500/june) ce @316,Day traders book 50% profit in nifty (strike 23500/june) ce @316,NSE,INDIA_EQUITY,TRADE_ACTION,REDUCE_POSITION,SINGLE_INSTRUMENT,,NIFTY,"[""NIFTY""]",JUN,23500,CE,,50.0,CURRENT_HOLDING,0.5,EXPLICIT_PERCENT,[316.0],316.0,,[],,,False,False,False,True,0.99,False,AUTO_HIGH_CONFIDENCE,RULE_BASED_AND_CURATED,4428d425637a7b67,2026-06-12T08:22:02.808Z
6a2bc3c2b0b2fbc3f68c5831,50% PROFIT BOOK IN MANAPPURAM@305,50% PROFIT BOOK IN MANAPPURAM @305,NSE,INDIA_EQUITY,TRADE_ACTION,REDUCE_POSITION,SINGLE_INSTRUMENT,,MANAPPURAM,"[""MANAPPURAM""]",,,,,50.0,CURRENT_HOLDING,0.5,EXPLICIT_PERCENT,[305.0],305.0,,[],,,False,False,False,True,0.99,False,CURATED_PILOT,ASSISTANT_CURATED_RULE_REVIEW,06c0eca7474089e9,2026-06-12T08:30:58.759Z
6a2bc4bbb0b2fbc3f68c589b,DAY TRADERS FULL PROFIT BOOK IN BANDHANBANK@200,DAY TRADERS FULL PROFIT BOOK IN BANDHANBANK @200,NSE,INDIA_EQUITY,TRADE_ACTION,CLOSE_POSITION,SINGLE_INSTRUMENT,,BANDHANBANK,"[""BANDHANBANK""]",,,,,100.0,CURRENT_HOLDING,0.0,FULL_EXIT_RULE,[200.0],200.0,,[],,,False,False,False,True,0.99,False,AUTO_HIGH_CONFIDENCE,RULE_BASED_AND_CURATED,373e508b1b505291,2026-06-12T08:35:07.015Z
6a2bc6c6b0b2fbc3f68c597c,BUY SUNPHARMA@1811 SL 1780 TGT 1850-1890,BUY SUNPHARMA @1811 SL 1780 TGT 1850-1890,NSE,INDIA_EQUITY,TRADE_ACTION,OPEN_LONG,SINGLE_INSTRUMENT,,SUNPHARMA,"[""SUNPHARMA""]",,,,LONG,100.0,MODEL_ALLOCATION,,DEFAULT_FULL_ALLOCATION,[1811.0],1811.0,1780.0,"[1850.0, 1890.0]",1850.0,1890.0,False,False,False,True,0.98,False,AUTO_HIGH_CONFIDENCE,RULE_BASED_AND_CURATED,82c8958e134d9e40,2026-06-12T08:43:50.275Z
6a2bc758b0b2fbc3f68c5991,50% SELL BANKNIFTY@56598 SL 57000 TGT 56000-55800,50% SELL BANKNIFTY @56598 SL 57000 TGT 56000-55800,Indian Indices,INDIA_INDEX,TRADE_ACTION,OPEN_SHORT,SINGLE_INSTRUMENT,,BANKNIFTY,"[""BANKNIFTY""]",,,,SHORT,50.0,MODEL_ALLOCATION,,EXPLICIT_PERCENT,[56598.0],56598.0,57000.0,"[56000.0, 55800.0]",56000.0,55800.0,False,False,False,True,0.97,False,CURATED_PILOT,ASSISTANT_CURATED_RULE_REVIEW,bb1e8037a7a0ca1f,2026-06-12T08:46:16.861Z
6a2bc82fb0b2fbc3f68c5a71,BUY HDFCLIFE@554 SL 544 TGT 570-600,BUY HDFCLIFE @554 SL 544 TGT 570-600,NSE,INDIA_EQUITY,TRADE_ACTION,OPEN_LONG,SINGLE_INSTRUMENT,,HDFCLIFE,"[""HDFCLIFE""]",,,,LONG,100.0,MODEL_ALLOCATION,,DEFAULT_FULL_ALLOCATION,[554.0],554.0,544.0,"[570.0, 600.0]",570.0,600.0,False,False,False,True,0.98,False,AUTO_HIGH_CONFIDENCE,RULE_BASED_AND_CURATED,879fde9c33545ac6,2026-06-12T08:49:51.265Z
6a2bc873b0b2fbc3f68c5add,BUY M&M@3033 SL 2980 TGT 3080-3140,BUY M&M @3033 SL 2980 TGT 3080-3140,NSE,INDIA_EQUITY,TRADE_ACTION,OPEN_LONG,SINGLE_INSTRUMENT,,M&M,"[""M&M""]",,,,LONG,100.0,MODEL_ALLOCATION,,DEFAULT_FULL_ALLOCATION,[3033.0],3033.0,2980.0,"[3080.0, 3140.0]",3080.0,3140.0,False,False,False,True,0.98,False,CURATED_PILOT,ASSISTANT_CURATED_RULE_REVIEW,a5121b543a954d62,2026-06-12T08:50:59.640Z
6a2bd060b0b2fbc3f68c5d88,50% PROFIT BOOK IN ADANIPORTS@1821,50% PROFIT BOOK IN ADANIPORTS @1821,NSE,INDIA_EQUITY,TRADE_ACTION,REDUCE_POSITION,SINGLE_INSTRUMENT,,ADANIPORTS,"[""ADANIPORTS""]",,,,,50.0,CURRENT_HOLDING,0.5,EXPLICIT_PERCENT,[1821.0],1821.0,,[],,,False,False,False,True,0.99,False,CURATED_PILOT,ASSISTANT_CURATED_RULE_REVIEW,740305d160295c68,2026-06-12T09:24:48.766Z
6a2bd0d4b0b2fbc3f68c5dee,Buy 50% Russell @ 2943 with SL 2900 for target 2970-2995,Buy 50% Russell @ 2943 with SL 2900 for target 2970-2995,International Market,GLOBAL_INDEX_OR_MACRO,TRADE_ACTION,OPEN_LONG,SINGLE_INSTRUMENT,,RUSSELL,"[""RUSSELL""]",,,,LONG,50.0,MODEL_ALLOCATION,,EXPLICIT_PERCENT,[2943.0],2943.0,2900.0,"[2970.0, 2995.0]",2970.0,2995.0,False,False,False,True,0.98,False,AUTO_HIGH_CONFIDENCE,RULE_BASED_AND_CURATED,3660ef6c7c60a427,2026-06-12T09:26:44.105Z
6a2bd170b0b2fbc3f68c5e07,BUY ALUMINI@374 SL 372 SL 379-384,BUY ALUMINI @374 SL 372 SL 379-384,MCX,INDIA_COMMODITY,TRADE_ACTION,OPEN_LONG,SINGLE_INSTRUMENT,,ALUMINIUM,"[""ALUMINIUM""]",,,,LONG,100.0,MODEL_ALLOCATION,,DEFAULT_FULL_ALLOCATION,[374.0],374.0,372.0,[],,,False,False,False,True,0.98,False,AUTO_HIGH_CONFIDENCE,RULE_BASED_AND_CURATED,b5af26d2bb81cd89,2026-06-12T09:29:20.802Z
6a2bd2ebb0b2fbc3f68c5f00,intraday 50% profit book in m&m@3062,intraday 50% profit book in m&m @3062,NSE,INDIA_EQUITY,TRADE_ACTION,REDUCE_POSITION,SINGLE_INSTRUMENT,,M&M,"[""M&M""]",,,,,50.0,CURRENT_HOLDING,0.5,EXPLICIT_PERCENT,[3062.0],3062.0,,[],,,False,False,False,True,0.99,False,AUTO_HIGH_CONFIDENCE,RULE_BASED_AND_CURATED,5e4768a9a6c3ce7c,2026-06-12T09:35:39.412Z
6a2bd2ffb0b2fbc3f68c5f4e,Book profit in VX @18.43,Book profit in VX @18.43,International Market,GLOBAL_INDEX_OR_MACRO,TRADE_ACTION,CLOSE_POSITION,SINGLE_INSTRUMENT,,VIX,"[""VIX""]",,,,,100.0,CURRENT_HOLDING,0.0,FULL_EXIT_RULE,[18.43],18.43,,[],,,False,False,False,True,0.96,False,AUTO_HIGH_CONFIDENCE,RULE_BASED_AND_CURATED,88bb57e4d096dcb4,2026-06-12T09:35:59.775Z
6a2bd334b0b2fbc3f68c5fb8,50% PROFIT BOOK IN TATASTEEL @199.50,50% PROFIT BOOK IN TATASTEEL @199.50,NSE,INDIA_EQUITY,TRADE_ACTION,REDUCE_POSITION,SINGLE_INSTRUMENT,,TATASTEEL,"[""TATASTEEL""]",,,,,50.0,CURRENT_HOLDING,0.5,EXPLICIT_PERCENT,[199.5],199.5,,[],,,False,False,False,True,0.99,False,AUTO_HIGH_CONFIDENCE,RULE_BASED_AND_CURATED,a214ed392b8af942,2026-06-12T09:36:52.836Z
6a2bd386b0b2fbc3f68c5feb,DAY TRADER FULL PROFIT BOOK IN NIFTY (STRIKE 23500/ JUNE)CE @412,DAY TRADER FULL PROFIT BOOK IN NIFTY (STRIKE 23500/ JUNE)CE @412,Indian Indices,INDIA_INDEX,TRADE_ACTION,CLOSE_POSITION,SINGLE_INSTRUMENT,,NIFTY,"[""NIFTY""]",JUN,23500,CE,,100.0,CURRENT_HOLDING,0.0,FULL_EXIT_RULE,[412.0],412.0,,[],,,False,False,False,True,0.99,False,AUTO_HIGH_CONFIDENCE,RULE_BASED_AND_CURATED,2a80defed9461922,2026-06-12T09:38:14.866Z
6a2bd3d8b0b2fbc3f68c5ffb,BUY 50% NIFTY (STRIKE 23800/JUNE) CE @233  TGT 400-500,BUY 50% NIFTY (STRIKE 23800/JUNE) CE @233 TGT 400-500,Indian Indices,INDIA_INDEX,TRADE_ACTION,OPEN_LONG,SINGLE_INSTRUMENT,,NIFTY_STRIKE,"[""NIFTY_STRIKE""]",JUN,23800,CE,LONG,50.0,MODEL_ALLOCATION,,EXPLICIT_PERCENT,[233.0],233.0,,"[400.0, 500.0]",400.0,500.0,False,False,False,True,0.98,False,AUTO_HIGH_CONFIDENCE,RULE_BASED_AND_CURATED,505753680e52fa94,2026-06-12T09:39:36.297Z
6a2bd6d7b0b2fbc3f68c614d,BUY SWIGGY@251 TGT 265-280,BUY SWIGGY @251 TGT 265-280,NSE,INDIA_EQUITY,TRADE_ACTION,OPEN_LONG,SINGLE_INSTRUMENT,,SWIGGY,"[""SWIGGY""]",,,,LONG,100.0,MODEL_ALLOCATION,,DEFAULT_FULL_ALLOCATION,[251.0],251.0,,"[265.0, 280.0]",265.0,280.0,False,False,False,True,0.98,False,AUTO_HIGH_CONFIDENCE,RULE_BASED_AND_CURATED,800ab16231b351e5,2026-06-12T09:52:23.965Z
6a2bd6e7b0b2fbc3f68c615a,BUY CHOLAFIN@1578 TGT 1630-1640,BUY CHOLAFIN @1578 TGT 1630-1640,NSE,INDIA_EQUITY,TRADE_ACTION,OPEN_LONG,SINGLE_INSTRUMENT,,CHOLAFIN,"[""CHOLAFIN""]",,,,LONG,100.0,MODEL_ALLOCATION,,DEFAULT_FULL_ALLOCATION,[1578.0],1578.0,,"[1630.0, 1640.0]",1630.0,1640.0,False,False,False,True,0.98,False,AUTO_HIGH_CONFIDENCE,RULE_BASED_AND_CURATED,4427b065e881f982,2026-06-12T09:52:39.125Z
6a2c0dddb0b2fbc3f68c66f0,Buy nasdaq @29265 & 29000 with SL 28750 for target 29650-30000,Buy nasdaq @29265 & 29000 with SL 28750 for target 29650-30000,International Market,GLOBAL_INDEX_OR_MACRO,TRADE_ACTION,OPEN_LONG,SINGLE_INSTRUMENT,,NASDAQ,"[""NASDAQ""]",,,,LONG,100.0,MODEL_ALLOCATION,,DEFAULT_FULL_ALLOCATION,"[29265.0, 29000.0]",29265.0,28750.0,"[29650.0, 30000.0]",29650.0,30000.0,False,False,False,True,0.98,False,AUTO_HIGH_CONFIDENCE,RULE_BASED_AND_CURATED,3045864120241208,2026-06-12T13:47:09.467Z
6a2c0df1b0b2fbc3f68c675b,Buy s&p500 @ 7370 & 7320 with SL 7280 for target 7440-7500,Buy s&p500 @ 7370 & 7320 with SL 7280 for target 7440-7500,International Market,GLOBAL_INDEX_OR_MACRO,TRADE_ACTION,OPEN_LONG,SINGLE_INSTRUMENT,,SP500,"[""SP500""]",,,,LONG,100.0,MODEL_ALLOCATION,,DEFAULT_FULL_ALLOCATION,"[7370.0, 7320.0]",7370.0,7280.0,"[7440.0, 7500.0]",7440.0,7500.0,False,False,False,True,0.98,False,AUTO_HIGH_CONFIDENCE,RULE_BASED_AND_CURATED,8da1d9403210b89c,2026-06-12T13:47:29.913Z
6a2c0e11b0b2fbc3f68c6845,Book profit in amd @508,Book profit in amd @508,International Market,GLOBAL_EQUITY,TRADE_ACTION,CLOSE_POSITION,SINGLE_INSTRUMENT,,AMD,"[""AMD""]",,,,,100.0,CURRENT_HOLDING,0.0,FULL_EXIT_RULE,[508.0],508.0,,[],,,False,False,False,True,0.96,False,AUTO_HIGH_CONFIDENCE,RULE_BASED_AND_CURATED,1e1ec07e34e02860,2026-06-12T13:48:01.803Z
6a2c0e42b0b2fbc3f68c692a,Book 50% profit in NBIS @227.60,Book 50% profit in NBIS @227.60,International Market,GLOBAL_EQUITY,TRADE_ACTION,REDUCE_POSITION,SINGLE_INSTRUMENT,,NBIS,"[""NBIS""]",,,,,50.0,CURRENT_HOLDING,0.5,EXPLICIT_PERCENT,[227.6],227.6,,[],,,False,False,False,True,0.99,False,AUTO_HIGH_CONFIDENCE,RULE_BASED_AND_CURATED,d9db53df9e246e33,2026-06-12T13:48:50.506Z
6a2c0e5bb0b2fbc3f68c69e9,Book profit in wdc @552,Book profit in wdc @552,International Market,GLOBAL_EQUITY,TRADE_ACTION,CLOSE_POSITION,SINGLE_INSTRUMENT,,WDC,"[""WDC""]",,,,,100.0,CURRENT_HOLDING,0.0,FULL_EXIT_RULE,[552.0],552.0,,[],,,False,False,False,True,0.96,False,CURATED_PILOT,ASSISTANT_CURATED_RULE_REVIEW,9fd0ba1fc4aac9fd,2026-06-12T13:49:15.030Z
6a2c123cb0b2fbc3f68c6b4b,Book profit in mu @264,Book profit in mu @264,International Market,GLOBAL_EQUITY,TRADE_ACTION,CLOSE_POSITION,SINGLE_INSTRUMENT,,MU,"[""MU""]",,,,,100.0,CURRENT_HOLDING,0.0,FULL_EXIT_RULE,[264.0],264.0,,[],,,False,False,False,True,0.96,False,AUTO_HIGH_CONFIDENCE,RULE_BASED_AND_CURATED,fff427497155c486,2026-06-12T14:05:48.482Z
6a2c1263b0b2fbc3f68c6b93,Buy 50% mrvl @277 for target 300,Buy 50% mrvl @277 for target 300,International Market,GLOBAL_EQUITY,TRADE_ACTION,OPEN_LONG,SINGLE_INSTRUMENT,,MRVL,"[""MRVL""]",,,,LONG,50.0,MODEL_ALLOCATION,,EXPLICIT_PERCENT,[277.0],277.0,,[300.0],300.0,,False,False,False,True,0.98,False,AUTO_HIGH_CONFIDENCE,RULE_BASED_AND_CURATED,a864bbb02400a107,2026-06-12T14:06:27.759Z
6a2c129db0b2fbc3f68c6c6c,Buy 50% sndk @1983 with SL 1860 for target 2020-2069,Buy 50% sndk @1983 with SL 1860 for target 2020-2069,International Market,GLOBAL_EQUITY,TRADE_ACTION,OPEN_LONG,SINGLE_INSTRUMENT,,SNDK,"[""SNDK""]",,,,LONG,50.0,MODEL_ALLOCATION,,EXPLICIT_PERCENT,[1983.0],1983.0,1860.0,"[2020.0, 2069.0]",2020.0,2069.0,False,False,False,True,0.98,False,CURATED_PILOT,ASSISTANT_CURATED_RULE_REVIEW,fceb75eb7c5ff959,2026-06-12T14:07:25.895Z
6a2c12ceb0b2fbc3f68c6d55,Book 50% profit in MU @1004,Book 50% profit in MU @1004,International Market,GLOBAL_EQUITY,TRADE_ACTION,REDUCE_POSITION,SINGLE_INSTRUMENT,,MU,"[""MU""]",,,,,50.0,CURRENT_HOLDING,0.5,EXPLICIT_PERCENT,[1004.0],1004.0,,[],,,False,False,False,True,0.99,False,AUTO_HIGH_CONFIDENCE,RULE_BASED_AND_CURATED,afbb16c076cc9ce9,2026-06-12T14:08:14.827Z
6a2c1f48b0b2fbc3f68c6fe2,Book part profit in Russell @2966,Book part profit in Russell @2966,International Market,GLOBAL_INDEX_OR_MACRO,TRADE_ACTION,REDUCE_POSITION,SINGLE_INSTRUMENT,,RUSSELL,"[""RUSSELL""]",,,,,25.0,CURRENT_HOLDING,0.75,PART_PROFIT_RULE,[2966.0],2966.0,,[],,,False,False,False,True,0.99,False,AUTO_HIGH_CONFIDENCE,RULE_BASED_AND_CURATED,298011c345ef921d,2026-06-12T15:01:28.407Z
6a2c1f69b0b2fbc3f68c6ffc,Book part profit in Dow @51380,Book part profit in Dow @51380,International Market,GLOBAL_INDEX_OR_MACRO,TRADE_ACTION,REDUCE_POSITION,SINGLE_INSTRUMENT,,DOW,"[""DOW""]",,,,,25.0,CURRENT_HOLDING,0.75,PART_PROFIT_RULE,[51380.0],51380.0,,[],,,False,False,False,True,0.99,False,AUTO_HIGH_CONFIDENCE,RULE_BASED_AND_CURATED,b7847642d13c7d60,2026-06-12T15:02:01.431Z
6a2c237fb0b2fbc3f68c70fc,Book part profit in mrvl @ 286.00,Book part profit in mrvl @ 286.00,International Market,GLOBAL_EQUITY,TRADE_ACTION,REDUCE_POSITION,SINGLE_INSTRUMENT,,MRVL,"[""MRVL""]",,,,,25.0,CURRENT_HOLDING,0.75,PART_PROFIT_RULE,[286.0],286.0,,[],,,False,False,False,True,0.99,False,CURATED_PILOT,ASSISTANT_CURATED_RULE_REVIEW,783a89225b9b4c96,2026-06-12T15:19:27.788Z
6a2c23a1b0b2fbc3f68c710e,Book profit in soxl @ 239.60,Book profit in soxl @ 239.60,International Market,GLOBAL_EQUITY,TRADE_ACTION,CLOSE_POSITION,SINGLE_INSTRUMENT,,SOXL,"[""SOXL""]",,,,,100.0,CURRENT_HOLDING,0.0,FULL_EXIT_RULE,[239.6],239.6,,[],,,False,False,False,True,0.96,False,CURATED_PILOT,ASSISTANT_CURATED_RULE_REVIEW,60b9a734d6e3bc54,2026-06-12T15:20:01.269Z
6a2c458db0b2fbc3f68c74c8,Book profit in sndk @2010,Book profit in sndk @2010,International Market,GLOBAL_EQUITY,TRADE_ACTION,CLOSE_POSITION,SINGLE_INSTRUMENT,,SNDK,"[""SNDK""]",,,,,100.0,CURRENT_HOLDING,0.0,FULL_EXIT_RULE,[2010.0],2010.0,,[],,,False,False,False,True,0.96,False,AUTO_HIGH_CONFIDENCE,RULE_BASED_AND_CURATED,db8c8d262012e84d,2026-06-12T17:44:45.681Z
6a2c5469b0b2fbc3f68c760f,Book 50% profit in copper @ 6.47,Book 50% profit in copper @ 6.47,International Market,GLOBAL_COMMODITY,TRADE_ACTION,REDUCE_POSITION,SINGLE_INSTRUMENT,,COPPER,"[""COPPER""]",,,,,50.0,CURRENT_HOLDING,0.5,EXPLICIT_PERCENT,[6.47],6.47,,[],,,False,False,False,True,0.99,False,AUTO_HIGH_CONFIDENCE,RULE_BASED_AND_CURATED,3bbe81e21ba8dce4,2026-06-12T18:48:09.621Z
6a2c5524b0b2fbc3f68c7645,Book part profit in nvda @205,Book part profit in nvda @205,International Market,GLOBAL_EQUITY,TRADE_ACTION,REDUCE_POSITION,SINGLE_INSTRUMENT,,NVDA,"[""NVDA""]",,,,,25.0,CURRENT_HOLDING,0.75,PART_PROFIT_RULE,[205.0],205.0,,[],,,False,False,False,True,0.99,False,CURATED_PILOT,ASSISTANT_CURATED_RULE_REVIEW,cdaa355582946dc0,2026-06-12T18:51:16.211Z
6a2c5560b0b2fbc3f68c7661,Day traders book profit in NBIS @238.40,Day traders book profit in NBIS @238.40,International Market,GLOBAL_EQUITY,TRADE_ACTION,CLOSE_POSITION,SINGLE_INSTRUMENT,,NBIS,"[""NBIS""]",,,,,100.0,CURRENT_HOLDING,0.0,FULL_EXIT_RULE,[238.4],238.4,,[],,,False,False,False,True,0.96,False,CURATED_PILOT,ASSISTANT_CURATED_RULE_REVIEW,c100ca9d67c594d3,2026-06-12T18:52:16.311Z
6a2f3fa8b0b2fbc3f68c7de0,Book 50% profit in copper July @6.52,Book 50% profit in copper July @6.52,International Market,GLOBAL_COMMODITY,TRADE_ACTION,REDUCE_POSITION,SINGLE_INSTRUMENT,,COPPER,"[""COPPER""]",JUL,,,,50.0,CURRENT_HOLDING,0.5,EXPLICIT_PERCENT,[6.52],6.52,,[],,,False,False,False,True,0.99,False,AUTO_HIGH_CONFIDENCE,RULE_BASED_AND_CURATED,c5652320cc5ac8ee,2026-06-14T23:56:24.083Z
6a2f3fe6b0b2fbc3f68c7e14,Book 50% profit in crude @80.94,Book 50% profit in crude @80.94,International Market,GLOBAL_COMMODITY,TRADE_ACTION,REDUCE_POSITION,SINGLE_INSTRUMENT,,CRUDE,"[""CRUDE""]",,,,,50.0,CURRENT_HOLDING,0.5,EXPLICIT_PERCENT,[80.94],80.94,,[],,,False,False,False,True,0.99,False,AUTO_HIGH_CONFIDENCE,RULE_BASED_AND_CURATED,d84298ab9cef2c8e,2026-06-14T23:57:26.422Z
6a2f4172b0b2fbc3f68c7e36,Book 50% profit in us 30 y t bond @112.97,Book 50% profit in us 30 y t bond @112.97,International Market,GLOBAL_INDEX_OR_MACRO,TRADE_ACTION,REDUCE_POSITION,SINGLE_INSTRUMENT,,US_30Y_T_BOND,"[""US_30Y_T_BOND""]",,,,,50.0,CURRENT_HOLDING,0.5,EXPLICIT_PERCENT,[112.97],112.97,,[],,,False,False,False,True,0.99,False,AUTO_HIGH_CONFIDENCE,RULE_BASED_AND_CURATED,22b42819912ed3dc,2026-06-15T00:04:02.762Z
6a2f7272b0b2fbc3f68c8458,50% profit book in crudeoilmini@7638,50% profit book in crudeoilmini @7638,MCX,INDIA_COMMODITY,TRADE_ACTION,REDUCE_POSITION,SINGLE_INSTRUMENT,,CRUDE_MINI,"[""CRUDE_MINI""]",,,,,50.0,CURRENT_HOLDING,0.5,EXPLICIT_PERCENT,[7638.0],7638.0,,[],,,False,False,False,True,0.99,False,AUTO_HIGH_CONFIDENCE,RULE_BASED_AND_CURATED,140373362d175bc1,2026-06-15T03:33:06.922Z
6a2f77c7b0b2fbc3f68c85b5,FULL PROFIT BOOK IN HDFCBANK@776.50,FULL PROFIT BOOK IN HDFCBANK @776.50,NSE,INDIA_EQUITY,TRADE_ACTION,CLOSE_POSITION,SINGLE_INSTRUMENT,,HDFCBANK,"[""HDFCBANK""]",,,,,100.0,CURRENT_HOLDING,0.0,FULL_EXIT_RULE,[776.5],776.5,,[],,,False,False,False,True,0.99,False,AUTO_HIGH_CONFIDENCE,RULE_BASED_AND_CURATED,768798065559d1d6,2026-06-15T03:55:51.034Z
6a2f77e4b0b2fbc3f68c85ea,50% PROFIT BOOK IN RELIANCE@1319,50% PROFIT BOOK IN RELIANCE @1319,NSE,INDIA_EQUITY,TRADE_ACTION,REDUCE_POSITION,SINGLE_INSTRUMENT,,RELIANCE,"[""RELIANCE""]",,,,,50.0,CURRENT_HOLDING,0.5,EXPLICIT_PERCENT,[1319.0],1319.0,,[],,,False,False,False,True,0.99,False,AUTO_HIGH_CONFIDENCE,RULE_BASED_AND_CURATED,e8cf1dc0ba6acf5f,2026-06-15T03:56:20.898Z
6a2f786db0b2fbc3f68c8604,PART PROFIT BOOK IN SILVERBEES@237,PART PROFIT BOOK IN SILVERBEES @237,NSE,INDIA_EQUITY,TRADE_ACTION,REDUCE_POSITION,SINGLE_INSTRUMENT,,SILVERBEES,"[""SILVERBEES""]",,,,,25.0,CURRENT_HOLDING,0.75,PART_PROFIT_RULE,[237.0],237.0,,[],,,False,False,False,True,0.99,False,CURATED_PILOT,ASSISTANT_CURATED_RULE_REVIEW,2e1c5f3655b51171,2026-06-15T03:58:37.134Z
6a2f86efb0b2fbc3f68c878e,50% PROFIT BOOK IN BEL@411,50% PROFIT BOOK IN BEL @411,NSE,INDIA_EQUITY,TRADE_ACTION,REDUCE_POSITION,SINGLE_INSTRUMENT,,BEL,"[""BEL""]",,,,,50.0,CURRENT_HOLDING,0.5,EXPLICIT_PERCENT,[411.0],411.0,,[],,,False,False,False,True,0.99,False,AUTO_HIGH_CONFIDENCE,RULE_BASED_AND_CURATED,42ee35c52d6aab21,2026-06-15T05:00:31.939Z
6a2f8d7fb0b2fbc3f68c89c1,50% PROFIT BOOK IN WIPRO@182,50% PROFIT BOOK IN WIPRO @182,NSE,INDIA_EQUITY,TRADE_ACTION,REDUCE_POSITION,SINGLE_INSTRUMENT,,WIPRO,"[""WIPRO""]",,,,,50.0,CURRENT_HOLDING,0.5,EXPLICIT_PERCENT,[182.0],182.0,,[],,,False,False,False,True,0.99,False,AUTO_HIGH_CONFIDENCE,RULE_BASED_AND_CURATED,cf67a62885656cf0,2026-06-15T05:28:31.784Z
6a2f9b2bb0b2fbc3f68c8b62,DAY TRADER FULL PROFIT BOOK IN NIFTY (STRIKE 23800/ JUNE)CE 365,DAY TRADER FULL PROFIT BOOK IN NIFTY (STRIKE 23800/ JUNE)CE 365,Indian Indices,INDIA_INDEX,TRADE_ACTION,CLOSE_POSITION,SINGLE_INSTRUMENT,,NIFTY,"[""NIFTY""]",JUN,23800,CE,,100.0,CURRENT_HOLDING,0.0,FULL_EXIT_RULE,[],,,[],,,False,False,False,True,0.99,False,AUTO_HIGH_CONFIDENCE,RULE_BASED_AND_CURATED,7991324349258979,2026-06-15T06:26:51.461Z
6a2f9b58b0b2fbc3f68c8bbf,BUY 50% NIFTY (STRIKE 24000/JUNE) CE @251 TGT 350-450,BUY 50% NIFTY (STRIKE 24000/JUNE) CE @251 TGT 350-450,Indian Indices,INDIA_INDEX,TRADE_ACTION,OPEN_LONG,SINGLE_INSTRUMENT,,NIFTY_STRIKE,"[""NIFTY_STRIKE""]",JUN,24000,CE,LONG,50.0,MODEL_ALLOCATION,,EXPLICIT_PERCENT,[251.0],251.0,,"[350.0, 450.0]",350.0,450.0,False,False,False,True,0.98,False,AUTO_HIGH_CONFIDENCE,RULE_BASED_AND_CURATED,95b1f09dc5e68d1d,2026-06-15T06:27:36.130Z
6a2fad16b0b2fbc3f68c8cc8,FULL PROFIT BOOK IN M&M @3171,FULL PROFIT BOOK IN M&M @3171,NSE,INDIA_EQUITY,TRADE_ACTION,CLOSE_POSITION,SINGLE_INSTRUMENT,,M&M,"[""M&M""]",,,,,100.0,CURRENT_HOLDING,0.0,FULL_EXIT_RULE,[3171.0],3171.0,,[],,,False,False,False,True,0.99,False,AUTO_HIGH_CONFIDENCE,RULE_BASED_AND_CURATED,f496badad029f151,2026-06-15T07:43:18.093Z
6a2fbcefb0b2fbc3f68c8da7,full profit book in bhartiartl@1855.20,full profit book in bhartiartl @1855.20,NSE,INDIA_EQUITY,TRADE_ACTION,CLOSE_POSITION,SINGLE_INSTRUMENT,,BHARTIARTL,"[""BHARTIARTL""]",,,,,100.0,CURRENT_HOLDING,0.0,FULL_EXIT_RULE,[1855.2],1855.2,,[],,,False,False,False,True,0.99,False,CURATED_PILOT,ASSISTANT_CURATED_RULE_REVIEW,42c50eca07050f3b,2026-06-15T08:50:55.918Z
6a2fbd5fb0b2fbc3f68c8e0b,FULL PROFIT BOOK IN HDFCLIFE@575.60,FULL PROFIT BOOK IN HDFCLIFE @575.60,NSE,INDIA_EQUITY,TRADE_ACTION,CLOSE_POSITION,SINGLE_INSTRUMENT,,HDFCLIFE,"[""HDFCLIFE""]",,,,,100.0,CURRENT_HOLDING,0.0,FULL_EXIT_RULE,[575.6],575.6,,[],,,False,False,False,True,0.99,False,CURATED_PILOT,ASSISTANT_CURATED_RULE_REVIEW,7880feecd19c6c52,2026-06-15T08:52:47.924Z
6a2fc811b0b2fbc3f68c9123,buy eternal@253 sl 249 tgt 280,buy eternal @253 sl 249 tgt 280,NSE,INDIA_EQUITY,TRADE_ACTION,OPEN_LONG,SINGLE_INSTRUMENT,,ETERNAL,"[""ETERNAL""]",,,,LONG,100.0,MODEL_ALLOCATION,,DEFAULT_FULL_ALLOCATION,[253.0],253.0,249.0,[280.0],280.0,,False,False,False,True,0.98,False,CURATED_PILOT,ASSISTANT_CURATED_RULE_REVIEW,20c0c18d3e8fe8ca,2026-06-15T09:38:25.306Z
6a2fc843b0b2fbc3f68c928d,BUY BANKBARODA@276.50 SL 272 TGT 280-284,BUY BANKBARODA @276.50 SL 272 TGT 280-284,NSE,INDIA_EQUITY,TRADE_ACTION,OPEN_LONG,SINGLE_INSTRUMENT,,BANKBARODA,"[""BANKBARODA""]",,,,LONG,100.0,MODEL_ALLOCATION,,DEFAULT_FULL_ALLOCATION,[276.5],276.5,272.0,"[280.0, 284.0]",280.0,284.0,False,False,False,True,0.98,False,AUTO_HIGH_CONFIDENCE,RULE_BASED_AND_CURATED,ba56bf666a7239c6,2026-06-15T09:39:15.787Z
6a2fc85db0b2fbc3f68c92cd,BUY DLF@615 SL 605 TGT 620-628,BUY DLF @615 SL 605 TGT 620-628,NSE,INDIA_EQUITY,TRADE_ACTION,OPEN_LONG,SINGLE_INSTRUMENT,,DLF,"[""DLF""]",,,,LONG,100.0,MODEL_ALLOCATION,,DEFAULT_FULL_ALLOCATION,[615.0],615.0,605.0,"[620.0, 628.0]",620.0,628.0,False,False,False,True,0.98,False,AUTO_HIGH_CONFIDENCE,RULE_BASED_AND_CURATED,019f3c7a0aecc1c4,2026-06-15T09:39:41.038Z
6a33f57c1226b8e7029dc2d0,Book profit in AVGO @410,Book profit in AVGO @410,International Market,GLOBAL_EQUITY,TRADE_ACTION,CLOSE_POSITION,SINGLE_INSTRUMENT,,AVGO,"[""AVGO""]",,,,,100.0,CURRENT_HOLDING,0.0,FULL_EXIT_RULE,[410.0],410.0,,[],,,False,False,False,True,0.96,False,CURATED_PILOT,ASSISTANT_CURATED_RULE_REVIEW,2f712424170747c7,2026-06-18T13:41:16.530Z
6a33f5f51226b8e7029dc2fa,Book 50% profit in amd @534,Book 50% profit in amd @534,International Market,GLOBAL_EQUITY,TRADE_ACTION,REDUCE_POSITION,SINGLE_INSTRUMENT,,AMD,"[""AMD""]",,,,,50.0,CURRENT_HOLDING,0.5,EXPLICIT_PERCENT,[534.0],534.0,,[],,,False,False,False,True,0.99,False,AUTO_HIGH_CONFIDENCE,RULE_BASED_AND_CURATED,bcd1e1c0c6e04cde,2026-06-18T13:43:17.440Z
6a33f69d1226b8e7029dc35b,Book 50% profit in sndk @2110,Book 50% profit in sndk @2110,International Market,GLOBAL_EQUITY,TRADE_ACTION,REDUCE_POSITION,SINGLE_INSTRUMENT,,SNDK,"[""SNDK""]",,,,,50.0,CURRENT_HOLDING,0.5,EXPLICIT_PERCENT,[2110.0],2110.0,,[],,,False,False,False,True,0.99,False,CURATED_PILOT,ASSISTANT_CURATED_RULE_REVIEW,13818b10433a072b,2026-06-18T13:46:05.218Z
6a33fb911226b8e7029dc52c,Book 50% profit in nasdaq @30255,Book 50% profit in nasdaq @30255,International Market,GLOBAL_INDEX_OR_MACRO,TRADE_ACTION,REDUCE_POSITION,SINGLE_INSTRUMENT,,NASDAQ,"[""NASDAQ""]",,,,,50.0,CURRENT_HOLDING,0.5,EXPLICIT_PERCENT,[30255.0],30255.0,,[],,,False,False,False,True,0.99,False,CURATED_PILOT,ASSISTANT_CURATED_RULE_REVIEW,125bde316dd14f89,2026-06-18T14:07:13.283Z
6a340df11226b8e7029dcc6b,Book profit in sndk @ 2180,Book profit in sndk @ 2180,International Market,GLOBAL_EQUITY,TRADE_ACTION,CLOSE_POSITION,SINGLE_INSTRUMENT,,SNDK,"[""SNDK""]",,,,,100.0,CURRENT_HOLDING,0.0,FULL_EXIT_RULE,[2180.0],2180.0,,[],,,False,False,False,True,0.96,False,AUTO_HIGH_CONFIDENCE,RULE_BASED_AND_CURATED,ab35b2c5182f46d7,2026-06-18T15:25:37.713Z
6a34170e1226b8e7029dcded,Buy crude aug @ 73.82 with SL 72.00 for target 77.00-78.00,Buy crude aug @ 73.82 with SL 72.00 for target 77.00-78.00,International Market,GLOBAL_COMMODITY,TRADE_ACTION,OPEN_LONG,SINGLE_INSTRUMENT,,CRUDE,"[""CRUDE""]",AUG,,,LONG,100.0,MODEL_ALLOCATION,,DEFAULT_FULL_ALLOCATION,[73.82],73.82,72.0,"[77.0, 78.0]",77.0,78.0,False,False,False,True,0.98,False,AUTO_HIGH_CONFIDENCE,RULE_BASED_AND_CURATED,eb610dd3a1dd2902,2026-06-18T16:04:30.005Z
6a3417531226b8e7029dce09,Book profit in MU @ 1126,Book profit in MU @ 1126,International Market,GLOBAL_EQUITY,TRADE_ACTION,CLOSE_POSITION,SINGLE_INSTRUMENT,,MU,"[""MU""]",,,,,100.0,CURRENT_HOLDING,0.0,FULL_EXIT_RULE,[1126.0],1126.0,,[],,,False,False,False,True,0.96,False,AUTO_HIGH_CONFIDENCE,RULE_BASED_AND_CURATED,c5d78a7e52190cf4,2026-06-18T16:05:39.893Z
6a3417ae1226b8e7029dce56,Book 50% profit on soxl @ 278,Book 50% profit on soxl @ 278,International Market,GLOBAL_EQUITY,TRADE_ACTION,REDUCE_POSITION,SINGLE_INSTRUMENT,,SOXL,"[""SOXL""]",,,,,50.0,CURRENT_HOLDING,0.5,EXPLICIT_PERCENT,[278.0],278.0,,[],,,False,False,False,True,0.99,False,AUTO_HIGH_CONFIDENCE,RULE_BASED_AND_CURATED,df96ecdc6c54597b,2026-06-18T16:07:10.542Z
6a3417f51226b8e7029dce78,Buy crudeoilmini @ 7005 SL 6840 TGT 7200-7300,Buy crudeoilmini @ 7005 SL 6840 TGT 7200-7300,MCX,INDIA_COMMODITY,TRADE_ACTION,OPEN_LONG,SINGLE_INSTRUMENT,,CRUDE_MINI,"[""CRUDE_MINI""]",,,,LONG,100.0,MODEL_ALLOCATION,,DEFAULT_FULL_ALLOCATION,[7005.0],7005.0,6840.0,"[7200.0, 7300.0]",7200.0,7300.0,False,False,False,True,0.98,False,AUTO_HIGH_CONFIDENCE,RULE_BASED_AND_CURATED,4c10fb32ea5d203b,2026-06-18T16:08:21.578Z
6a3429781226b8e7029dd15f,Buy 50% spcx @178.80 for target 210-225,Buy 50% spcx @178.80 for target 210-225,International Market,GLOBAL_EQUITY,TRADE_ACTION,OPEN_LONG,SINGLE_INSTRUMENT,,SPCX,"[""SPCX""]",,,,LONG,50.0,MODEL_ALLOCATION,,EXPLICIT_PERCENT,[178.8],178.8,,"[210.0, 225.0]",210.0,225.0,False,False,False,True,0.98,False,CURATED_PILOT,ASSISTANT_CURATED_RULE_REVIEW,225507509b6e0038,2026-06-18T17:23:04.329Z
6a344c011226b8e7029dd479,Buy 50% MU @ 1138 for target 1180-1200,Buy 50% MU @ 1138 for target 1180-1200,International Market,GLOBAL_EQUITY,TRADE_ACTION,OPEN_LONG,SINGLE_INSTRUMENT,,MU,"[""MU""]",,,,LONG,50.0,MODEL_ALLOCATION,,EXPLICIT_PERCENT,[1138.0],1138.0,,"[1180.0, 1200.0]",1180.0,1200.0,False,False,False,True,0.98,False,CURATED_PILOT,ASSISTANT_CURATED_RULE_REVIEW,ec47a05d3514203e,2026-06-18T19:50:25.940Z
6a344c2e1226b8e7029dd487,Buy 50% crwd @ 1107 for target 114-122,Buy 50% crwd @ 1107 for target 114-122,International Market,GLOBAL_EQUITY,TRADE_ACTION,OPEN_LONG,SINGLE_INSTRUMENT,,CRWD,"[""CRWD""]",,,,LONG,50.0,MODEL_ALLOCATION,,EXPLICIT_PERCENT,[1107.0],1107.0,,"[114.0, 122.0]",114.0,122.0,False,False,False,True,0.98,False,CURATED_PILOT,ASSISTANT_CURATED_RULE_REVIEW,27428cbc9babd6f1,2026-06-18T19:51:10.921Z
6a344c741226b8e7029dd4a3,Buy 50% wdc @748 with SL 729 for target 800-820,Buy 50% wdc @748 with SL 729 for target 800-820,International Market,GLOBAL_EQUITY,TRADE_ACTION,OPEN_LONG,SINGLE_INSTRUMENT,,WDC,"[""WDC""]",,,,LONG,50.0,MODEL_ALLOCATION,,EXPLICIT_PERCENT,[748.0],748.0,729.0,"[800.0, 820.0]",800.0,820.0,False,False,False,True,0.98,False,AUTO_HIGH_CONFIDENCE,RULE_BASED_AND_CURATED,3826ae2c6cb64435,2026-06-18T19:52:20.145Z
6a344ca91226b8e7029dd4bf,Buy 50% arm @441 for target 455-475,Buy 50% arm @441 for target 455-475,International Market,GLOBAL_EQUITY,TRADE_ACTION,OPEN_LONG,SINGLE_INSTRUMENT,,ARM,"[""ARM""]",,,,LONG,50.0,MODEL_ALLOCATION,,EXPLICIT_PERCENT,[441.0],441.0,,"[455.0, 475.0]",455.0,475.0,False,False,False,True,0.98,False,AUTO_HIGH_CONFIDENCE,RULE_BASED_AND_CURATED,b1940f42eb7b19a0,2026-06-18T19:53:13.399Z
6a344ceb1226b8e7029dd4e7,Buy 50% stx @1071 for target 1150-1180,Buy 50% stx @1071 for target 1150-1180,International Market,GLOBAL_EQUITY,TRADE_ACTION,OPEN_LONG,SINGLE_INSTRUMENT,,STX,"[""STX""]",,,,LONG,50.0,MODEL_ALLOCATION,,EXPLICIT_PERCENT,[1071.0],1071.0,,"[1150.0, 1180.0]",1150.0,1180.0,False,False,False,True,0.98,False,CURATED_PILOT,ASSISTANT_CURATED_RULE_REVIEW,347c23f2aad80df0,2026-06-18T19:54:19.131Z
6a344d0e1226b8e7029dd4fe,Buy 50% ASML @ 1932 with SL 1900 for target 1980-2000,Buy 50% ASML @ 1932 with SL 1900 for target 1980-2000,International Market,GLOBAL_EQUITY,TRADE_ACTION,OPEN_LONG,SINGLE_INSTRUMENT,,ASML,"[""ASML""]",,,,LONG,50.0,MODEL_ALLOCATION,,EXPLICIT_PERCENT,[1932.0],1932.0,1900.0,"[1980.0, 2000.0]",1980.0,2000.0,False,False,False,True,0.98,False,CURATED_PILOT,ASSISTANT_CURATED_RULE_REVIEW,0720c670017e9a96,2026-06-18T19:54:54.048Z
6a344d541226b8e7029dd553,Buy 50% mrvl @313 with SL 299 for target 345,Buy 50% mrvl @313 with SL 299 for target 345,International Market,GLOBAL_EQUITY,TRADE_ACTION,OPEN_LONG,SINGLE_INSTRUMENT,,MRVL,"[""MRVL""]",,,,LONG,50.0,MODEL_ALLOCATION,,EXPLICIT_PERCENT,[313.0],313.0,299.0,[345.0],345.0,,False,False,False,True,0.98,False,AUTO_HIGH_CONFIDENCE,RULE_BASED_AND_CURATED,3a23fa47773d0b40,2026-06-18T19:56:04.896Z
6a344e081226b8e7029dd607,Book 50% profit in ng July @3.23,Book 50% profit in ng July @3.23,International Market,GLOBAL_COMMODITY,TRADE_ACTION,REDUCE_POSITION,SINGLE_INSTRUMENT,,NATURAL_GAS,"[""NATURAL_GAS""]",JUL,,,,50.0,CURRENT_HOLDING,0.5,EXPLICIT_PERCENT,[3.23],3.23,,[],,,False,False,False,True,0.99,False,AUTO_HIGH_CONFIDENCE,RULE_BASED_AND_CURATED,0784f4b9d9536fc8,2026-06-18T19:59:04.359Z
6a344e491226b8e7029dd648,Book 50% profit in crude aug @ 75.67,Book 50% profit in crude aug @ 75.67,International Market,GLOBAL_COMMODITY,TRADE_ACTION,REDUCE_POSITION,SINGLE_INSTRUMENT,,CRUDE,"[""CRUDE""]",AUG,,,,50.0,CURRENT_HOLDING,0.5,EXPLICIT_PERCENT,[75.67],75.67,,[],,,False,False,False,True,0.99,False,AUTO_HIGH_CONFIDENCE,RULE_BASED_AND_CURATED,46b82bfd9f8c7117,2026-06-18T20:00:09.184Z
6a344f531226b8e7029dd6ec,Pls ignore crwd. Buy 50% hood @ 107.80 for target 114-120,Pls ignore crwd. Buy 50% hood @ 107.80 for target 114-120,International Market,GLOBAL_EQUITY,TRADE_CONTROL,CANCEL_PREVIOUS,NONE,,,[],,,,,,NONE,,NOT_APPLICABLE,[107.8],107.8,,"[114.0, 120.0]",114.0,120.0,False,False,True,False,0.98,False,CURATED_PILOT,ASSISTANT_CURATED_RULE_REVIEW,33b87ada02dc0bad,2026-06-18T20:04:35.075Z
6a3450971226b8e7029dd747,Buy 50% sndk @ 2205 for target 2250-2270,Buy 50% sndk @ 2205 for target 2250-2270,International Market,GLOBAL_EQUITY,TRADE_ACTION,OPEN_LONG,SINGLE_INSTRUMENT,,SNDK,"[""SNDK""]",,,,LONG,50.0,MODEL_ALLOCATION,,EXPLICIT_PERCENT,[2205.0],2205.0,,"[2250.0, 2270.0]",2250.0,2270.0,False,False,False,True,0.98,False,AUTO_HIGH_CONFIDENCE,RULE_BASED_AND_CURATED,79ba1e7061cade63,2026-06-18T20:09:59.011Z
6a34b88d1226b8e7029de36c,50%PROFIT BOOK IN CRUDEM(JULY)@7143,50% PROFIT BOOK IN CRUDEM(JULY)@7143,MCX,INDIA_COMMODITY,TRADE_ACTION,REDUCE_POSITION,SINGLE_INSTRUMENT,,CRUDE_MINI,"[""CRUDE_MINI""]",JUL,,,,50.0,CURRENT_HOLDING,0.5,EXPLICIT_PERCENT,[7143.0],7143.0,,[],,,False,False,False,True,0.99,False,AUTO_HIGH_CONFIDENCE,RULE_BASED_AND_CURATED,bd91f120de9cbaa2,2026-06-19T03:33:33.369Z
6a34b8a51226b8e7029de3a7,SELL NG@302.40 SL 307 TGT 295,SELL NG @302.40 SL 307 TGT 295,MCX,INDIA_COMMODITY,TRADE_ACTION,OPEN_SHORT,SINGLE_INSTRUMENT,,NATURAL_GAS,"[""NATURAL_GAS""]",,,,SHORT,100.0,MODEL_ALLOCATION,,DEFAULT_FULL_ALLOCATION,[302.4],302.4,307.0,[295.0],295.0,,False,False,False,True,0.96,False,AUTO_HIGH_CONFIDENCE,RULE_BASED_AND_CURATED,da120422ea459f6a,2026-06-19T03:33:57.958Z
6a34bbba1226b8e7029de5e5,BUY 50% NIFTY (STRIKE 24000/JUNE) CE @198   TGT 300-350,BUY 50% NIFTY (STRIKE 24000/JUNE) CE @198 TGT 300-350,Indian Indices,INDIA_INDEX,TRADE_ACTION,OPEN_LONG,SINGLE_INSTRUMENT,,NIFTY_STRIKE,"[""NIFTY_STRIKE""]",JUN,24000,CE,LONG,50.0,MODEL_ALLOCATION,,EXPLICIT_PERCENT,[198.0],198.0,,"[300.0, 350.0]",300.0,350.0,False,False,False,True,0.98,False,AUTO_HIGH_CONFIDENCE,RULE_BASED_AND_CURATED,06ec073308bb7cc7,2026-06-19T03:47:06.985Z
6a34bc581226b8e7029de624,BUY AMBER@8010 SL 7900 TGT 8240-8340,BUY AMBER @8010 SL 7900 TGT 8240-8340,NSE,INDIA_EQUITY,TRADE_ACTION,OPEN_LONG,SINGLE_INSTRUMENT,,AMBER,"[""AMBER""]",,,,LONG,100.0,MODEL_ALLOCATION,,DEFAULT_FULL_ALLOCATION,[8010.0],8010.0,7900.0,"[8240.0, 8340.0]",8240.0,8340.0,False,False,False,True,0.98,False,AUTO_HIGH_CONFIDENCE,RULE_BASED_AND_CURATED,63971e7528bd5d05,2026-06-19T03:49:44.011Z
6a34bcb41226b8e7029de6dc,BUY TATASTEEL@198 SL 195 TGT 202 -205,BUY TATASTEEL @198 SL 195 TGT 202 -205,NSE,INDIA_EQUITY,TRADE_ACTION,OPEN_LONG,SINGLE_INSTRUMENT,,TATASTEEL,"[""TATASTEEL""]",,,,LONG,100.0,MODEL_ALLOCATION,,DEFAULT_FULL_ALLOCATION,[198.0],198.0,195.0,"[202.0, 205.0]",202.0,205.0,False,False,False,True,0.98,False,AUTO_HIGH_CONFIDENCE,RULE_BASED_AND_CURATED,e5661140a8094d69,2026-06-19T03:51:16.780Z
6a34bd0e1226b8e7029de750,50% PROFIT BOOK IN AMBER@8120,50% PROFIT BOOK IN AMBER @8120,NSE,INDIA_EQUITY,TRADE_ACTION,REDUCE_POSITION,SINGLE_INSTRUMENT,,AMBER,"[""AMBER""]",,,,,50.0,CURRENT_HOLDING,0.5,EXPLICIT_PERCENT,[8120.0],8120.0,,[],,,False,False,False,True,0.99,False,AUTO_HIGH_CONFIDENCE,RULE_BASED_AND_CURATED,608247273e32cf67,2026-06-19T03:52:46.489Z
6a34bf461226b8e7029de965,BUY WIPRO@175.50 SL 172  TGT 182-185,BUY WIPRO @175.50 SL 172 TGT 182-185,NSE,INDIA_EQUITY,TRADE_ACTION,OPEN_LONG,SINGLE_INSTRUMENT,,WIPRO,"[""WIPRO""]",,,,LONG,100.0,MODEL_ALLOCATION,,DEFAULT_FULL_ALLOCATION,[175.5],175.5,172.0,"[182.0, 185.0]",182.0,185.0,False,False,False,True,0.98,False,CURATED_PILOT,ASSISTANT_CURATED_RULE_REVIEW,2e30b1b4ff55be30,2026-06-19T04:02:14.978Z
6a34c01a1226b8e7029de9a7,50% PROFIT BOOK IN BHARTIARTL@1890,50% PROFIT BOOK IN BHARTIARTL @1890,NSE,INDIA_EQUITY,TRADE_ACTION,REDUCE_POSITION,SINGLE_INSTRUMENT,,BHARTIARTL,"[""BHARTIARTL""]",,,,,50.0,CURRENT_HOLDING,0.5,EXPLICIT_PERCENT,[1890.0],1890.0,,[],,,False,False,False,True,0.99,False,CURATED_PILOT,ASSISTANT_CURATED_RULE_REVIEW,26d8d755af34a5a6,2026-06-19T04:05:46.766Z
6a34d1141226b8e7029df0ad,BUY AMBER@7715 STRICT SL 7650 TGT 8000-8100,BUY AMBER @7715 STRICT SL 7650 TGT 8000-8100,NSE,INDIA_EQUITY,TRADE_ACTION,OPEN_LONG,SINGLE_INSTRUMENT,,AMBER,"[""AMBER""]",,,,LONG,100.0,MODEL_ALLOCATION,,DEFAULT_FULL_ALLOCATION,[7715.0],7715.0,7650.0,"[8000.0, 8100.0]",8000.0,8100.0,False,False,False,True,0.98,False,AUTO_HIGH_CONFIDENCE,RULE_BASED_AND_CURATED,0e3235c36658a4af,2026-06-19T05:18:12.949Z
6a34d1ce1226b8e7029df167,50% PROFIT BOOK IN LAURUSLABS@1400,50% PROFIT BOOK IN LAURUSLABS @1400,NSE,INDIA_EQUITY,TRADE_ACTION,REDUCE_POSITION,SINGLE_INSTRUMENT,,LAURUSLABS,"[""LAURUSLABS""]",,,,,50.0,CURRENT_HOLDING,0.5,EXPLICIT_PERCENT,[1400.0],1400.0,,[],,,False,False,False,True,0.99,False,CURATED_PILOT,ASSISTANT_CURATED_RULE_REVIEW,19f9ea48ef439ba6,2026-06-19T05:21:18.806Z
6a34d2381226b8e7029df1a5,50% PROFIT BOOK IN BAJFINANCE@964.20,50% PROFIT BOOK IN BAJFINANCE @964.20,NSE,INDIA_EQUITY,TRADE_ACTION,REDUCE_POSITION,SINGLE_INSTRUMENT,,BAJFINANCE,"[""BAJFINANCE""]",,,,,50.0,CURRENT_HOLDING,0.5,EXPLICIT_PERCENT,[964.2],964.2,,[],,,False,False,False,True,0.99,False,AUTO_HIGH_CONFIDENCE,RULE_BASED_AND_CURATED,553d7a832b958a30,2026-06-19T05:23:04.939Z
6a34d4611226b8e7029df2a5,FULL PROFIT BOOK IN CRUDEM(JULY)@7214,FULL PROFIT BOOK IN CRUDEM(JULY)@7214,MCX,INDIA_COMMODITY,TRADE_ACTION,CLOSE_POSITION,SINGLE_INSTRUMENT,,CRUDE_MINI,"[""CRUDE_MINI""]",JUL,,,,100.0,CURRENT_HOLDING,0.0,FULL_EXIT_RULE,[7214.0],7214.0,,[],,,False,False,False,True,0.99,False,AUTO_HIGH_CONFIDENCE,RULE_BASED_AND_CURATED,8989543646535a10,2026-06-19T05:32:17.867Z
6a34d8331226b8e7029df348,50% PROFIT BOOK IN AMBER@7855,50% PROFIT BOOK IN AMBER @7855,NSE,INDIA_EQUITY,TRADE_ACTION,REDUCE_POSITION,SINGLE_INSTRUMENT,,AMBER,"[""AMBER""]",,,,,50.0,CURRENT_HOLDING,0.5,EXPLICIT_PERCENT,[7855.0],7855.0,,[],,,False,False,False,True,0.99,False,CURATED_PILOT,ASSISTANT_CURATED_RULE_REVIEW,b955b94b53381a6a,2026-06-19T05:48:35.318Z
6a34e52f1226b8e7029df5d5,FULL PROFIT BOOK IN AMBER@7965,FULL PROFIT BOOK IN AMBER @7965,NSE,INDIA_EQUITY,TRADE_ACTION,CLOSE_POSITION,SINGLE_INSTRUMENT,,AMBER,"[""AMBER""]",,,,,100.0,CURRENT_HOLDING,0.0,FULL_EXIT_RULE,[7965.0],7965.0,,[],,,False,False,False,True,0.99,False,AUTO_HIGH_CONFIDENCE,RULE_BASED_AND_CURATED,e1fa8ece75e7cdc4,2026-06-19T06:43:59.166Z
6a34eb301226b8e7029df717,DELIVERY: FULL PROFIT BOOK IN RBA@77.85,DELIVERY: FULL PROFIT BOOK IN RBA @77.85,NSE,INDIA_EQUITY,TRADE_ACTION,CLOSE_POSITION,SINGLE_INSTRUMENT,,RBA,"[""RBA""]",,,,,100.0,CURRENT_HOLDING,0.0,FULL_EXIT_RULE,[77.85],77.85,,[],,,False,False,False,True,0.99,False,AUTO_HIGH_CONFIDENCE,RULE_BASED_AND_CURATED,454a083e045630cf,2026-06-19T07:09:36.547Z
6a3502711226b8e7029dfa54,INTRADAY 50% PROFIT BOOK IN WIPRO@178.50,INTRADAY 50% PROFIT BOOK IN WIPRO @178.50,NSE,INDIA_EQUITY,TRADE_ACTION,REDUCE_POSITION,SINGLE_INSTRUMENT,,WIPRO,"[""WIPRO""]",,,,,50.0,CURRENT_HOLDING,0.5,EXPLICIT_PERCENT,[178.5],178.5,,[],,,False,False,False,True,0.99,False,AUTO_HIGH_CONFIDENCE,RULE_BASED_AND_CURATED,0c5aafff372725e3,2026-06-19T08:48:49.616Z
6a3503261226b8e7029dfad3,FULL PROFIT BOOK IN BHARTIARTL@1914,FULL PROFIT BOOK IN BHARTIARTL @1914,NSE,INDIA_EQUITY,TRADE_ACTION,CLOSE_POSITION,SINGLE_INSTRUMENT,,BHARTIARTL,"[""BHARTIARTL""]",,,,,100.0,CURRENT_HOLDING,0.0,FULL_EXIT_RULE,[1914.0],1914.0,,[],,,False,False,False,True,0.99,False,CURATED_PILOT,ASSISTANT_CURATED_RULE_REVIEW,7c385b1e58a5888d,2026-06-19T08:51:50.665Z
6a3503671226b8e7029dfb1b,POSITIONAL BUY INFY@1041 SL 1019 TGT 1080-1120,POSITIONAL BUY INFY @1041 SL 1019 TGT 1080-1120,NSE,INDIA_EQUITY,TRADE_ACTION,OPEN_LONG,SINGLE_INSTRUMENT,,INFY,"[""INFY""]",,,,LONG,100.0,MODEL_ALLOCATION,,DEFAULT_FULL_ALLOCATION,[1041.0],1041.0,1019.0,"[1080.0, 1120.0]",1080.0,1120.0,False,False,False,True,0.98,False,AUTO_HIGH_CONFIDENCE,RULE_BASED_AND_CURATED,6c8fce55bcd4d6e1,2026-06-19T08:52:55.674Z
6a3504641226b8e7029dfc1d,BUY FEDERALBANK@324 SL 319 TGT 330-334,BUY FEDERALBANK @324 SL 319 TGT 330-334,NSE,INDIA_EQUITY,TRADE_ACTION,OPEN_LONG,SINGLE_INSTRUMENT,,FEDERALBANK,"[""FEDERALBANK""]",,,,LONG,100.0,MODEL_ALLOCATION,,DEFAULT_FULL_ALLOCATION,[324.0],324.0,319.0,"[330.0, 334.0]",330.0,334.0,False,False,False,True,0.98,False,AUTO_HIGH_CONFIDENCE,RULE_BASED_AND_CURATED,89d7b294e79d1391,2026-06-19T08:57:08.883Z
6a350da11226b8e7029dfea2,BUY HINDALCO@1014 SL 1002 TGT 1020-1025,BUY HINDALCO @1014 SL 1002 TGT 1020-1025,NSE,INDIA_EQUITY,TRADE_ACTION,OPEN_LONG,SINGLE_INSTRUMENT,,HINDALCO,"[""HINDALCO""]",,,,LONG,100.0,MODEL_ALLOCATION,,DEFAULT_FULL_ALLOCATION,[1014.0],1014.0,1002.0,"[1020.0, 1025.0]",1020.0,1025.0,False,False,False,True,0.98,False,AUTO_HIGH_CONFIDENCE,RULE_BASED_AND_CURATED,de4b8a62f03cbdeb,2026-06-19T09:36:33.048Z
6a350efe1226b8e7029e0062,50% BUY NIFTY @24070 SL 23900 TGT 24200-24400,50% BUY NIFTY @24070 SL 23900 TGT 24200-24400,Indian Indices,INDIA_INDEX,TRADE_ACTION,OPEN_LONG,SINGLE_INSTRUMENT,,NIFTY,"[""NIFTY""]",,,,LONG,50.0,MODEL_ALLOCATION,,EXPLICIT_PERCENT,[24070.0],24070.0,23900.0,"[24200.0, 24400.0]",24200.0,24400.0,False,False,False,True,0.98,False,AUTO_HIGH_CONFIDENCE,RULE_BASED_AND_CURATED,c33066c4db3c42b4,2026-06-19T09:42:22.327Z
6a3882321226b8e7029e161e,Buy 50% Dow @51480 with SL 50800 for target 52000-52400,Buy 50% Dow @51480 with SL 50800 for target 52000-52400,International Market,GLOBAL_INDEX_OR_MACRO,TRADE_ACTION,OPEN_LONG,SINGLE_INSTRUMENT,,DOW,"[""DOW""]",,,,LONG,50.0,MODEL_ALLOCATION,,EXPLICIT_PERCENT,[51480.0],51480.0,50800.0,"[52000.0, 52400.0]",52000.0,52400.0,False,False,False,True,0.98,False,AUTO_HIGH_CONFIDENCE,RULE_BASED_AND_CURATED,a8ddc99c7ba7572b,2026-06-22T00:30:42.709Z
6a3882691226b8e7029e162d,Buy 50% s&p500 @ 7475 with SL 7400 for target 7550-7600,Buy 50% s&p500 @ 7475 with SL 7400 for target 7550-7600,International Market,GLOBAL_INDEX_OR_MACRO,TRADE_ACTION,OPEN_LONG,SINGLE_INSTRUMENT,,SP500,"[""SP500""]",,,,LONG,50.0,MODEL_ALLOCATION,,EXPLICIT_PERCENT,[7475.0],7475.0,7400.0,"[7550.0, 7600.0]",7550.0,7600.0,False,False,False,True,0.98,False,AUTO_HIGH_CONFIDENCE,RULE_BASED_AND_CURATED,559b7165d6445d61,2026-06-22T00:31:37.035Z
6a3882c21226b8e7029e16ac,Buy 50% nasdaq @ 30230 with SL 29800 for target 30500-30700,Buy 50% nasdaq @ 30230 with SL 29800 for target 30500-30700,International Market,GLOBAL_INDEX_OR_MACRO,TRADE_ACTION,OPEN_LONG,SINGLE_INSTRUMENT,,NASDAQ,"[""NASDAQ""]",,,,LONG,50.0,MODEL_ALLOCATION,,EXPLICIT_PERCENT,[30230.0],30230.0,29800.0,"[30500.0, 30700.0]",30500.0,30700.0,False,False,False,True,0.98,False,CURATED_PILOT,ASSISTANT_CURATED_RULE_REVIEW,e015f7fd0e5b62d9,2026-06-22T00:33:06.471Z
6a3882d51226b8e7029e16ba,Buy 50% Russell @ 2960 with SL 2920 for target 3000,Buy 50% Russell @ 2960 with SL 2920 for target 3000,International Market,GLOBAL_INDEX_OR_MACRO,TRADE_ACTION,OPEN_LONG,SINGLE_INSTRUMENT,,RUSSELL,"[""RUSSELL""]",,,,LONG,50.0,MODEL_ALLOCATION,,EXPLICIT_PERCENT,[2960.0],2960.0,2920.0,[3000.0],3000.0,,False,False,False,True,0.98,False,AUTO_HIGH_CONFIDENCE,RULE_BASED_AND_CURATED,f04478fe7a2d0ab9,2026-06-22T00:33:25.155Z
6a3883171226b8e7029e16cf,Buy 50% gold aug @4183 with SL 4100 for target 4400-4450,Buy 50% gold aug @4183 with SL 4100 for target 4400-4450,International Market,GLOBAL_COMMODITY,TRADE_ACTION,OPEN_LONG,SINGLE_INSTRUMENT,,GOLD,"[""GOLD""]",AUG,,,LONG,50.0,MODEL_ALLOCATION,,EXPLICIT_PERCENT,[4183.0],4183.0,4100.0,"[4400.0, 4450.0]",4400.0,4450.0,False,False,False,True,0.98,False,CURATED_PILOT,ASSISTANT_CURATED_RULE_REVIEW,740b86d3bf93d0c6,2026-06-22T00:34:31.691Z
6a38833a1226b8e7029e16dd,Buy 50% silver July @ 65.2 with SL 63.00 for target 68-72,Buy 50% silver July @ 65.2 with SL 63.00 for target 68-72,International Market,GLOBAL_COMMODITY,TRADE_ACTION,OPEN_LONG,SINGLE_INSTRUMENT,,SILVER,"[""SILVER""]",JUL,,,LONG,50.0,MODEL_ALLOCATION,,EXPLICIT_PERCENT,[65.2],65.2,63.0,"[68.0, 72.0]",68.0,72.0,False,False,False,True,0.98,False,AUTO_HIGH_CONFIDENCE,RULE_BASED_AND_CURATED,501be0b87672e889,2026-06-22T00:35:06.739Z
6a3883531226b8e7029e16eb,Buy 50% copper @ 6.34 with SL 6.20 for target 6.55-6.70,Buy 50% copper @ 6.34 with SL 6.20 for target 6.55-6.70,International Market,GLOBAL_COMMODITY,TRADE_ACTION,OPEN_LONG,SINGLE_INSTRUMENT,,COPPER,"[""COPPER""]",,,,LONG,50.0,MODEL_ALLOCATION,,EXPLICIT_PERCENT,[6.34],6.34,6.2,"[6.55, 6.7]",6.55,6.7,False,False,False,True,0.98,False,AUTO_HIGH_CONFIDENCE,RULE_BASED_AND_CURATED,a18bfb0672c3c060,2026-06-22T00:35:31.464Z
6a3883701226b8e7029e16f9,Book full profit in crude aug @ 77.35,Book full profit in crude aug @ 77.35,International Market,GLOBAL_COMMODITY,TRADE_ACTION,CLOSE_POSITION,SINGLE_INSTRUMENT,,CRUDE,"[""CRUDE""]",AUG,,,,100.0,CURRENT_HOLDING,0.0,FULL_EXIT_RULE,[77.35],77.35,,[],,,False,False,False,True,0.99,False,AUTO_HIGH_CONFIDENCE,RULE_BASED_AND_CURATED,b94c00d91879b5f4,2026-06-22T00:36:00.184Z
6a38838b1226b8e7029e1707,Sell crude @77.35 & 79 with SL 80.00 for target 73.00-72.00,Sell crude @77.35 & 79 with SL 80.00 for target 73.00-72.00,International Market,GLOBAL_COMMODITY,TRADE_ACTION,OPEN_SHORT,SINGLE_INSTRUMENT,,CRUDE,"[""CRUDE""]",,,,SHORT,100.0,MODEL_ALLOCATION,,DEFAULT_FULL_ALLOCATION,"[77.35, 79.0]",77.35,80.0,"[73.0, 72.0]",73.0,72.0,False,False,False,True,0.96,False,AUTO_HIGH_CONFIDENCE,RULE_BASED_AND_CURATED,3b398116ade76ed6,2026-06-22T00:36:27.572Z
6a38acfa1226b8e7029e230b,SELL NG@310.40 SL 315 TGT 303,SELL NG @310.40 SL 315 TGT 303,MCX,INDIA_COMMODITY,TRADE_ACTION,OPEN_SHORT,SINGLE_INSTRUMENT,,NATURAL_GAS,"[""NATURAL_GAS""]",,,,SHORT,100.0,MODEL_ALLOCATION,,DEFAULT_FULL_ALLOCATION,[310.4],310.4,315.0,[303.0],303.0,,False,False,False,True,0.96,False,AUTO_HIGH_CONFIDENCE,RULE_BASED_AND_CURATED,240b3be2bb5b417e,2026-06-22T03:33:14.627Z
6a38ad5c1226b8e7029e239a,50% SELL CRUDEOILM(AUG)@7138 SL 7300 TGT 6950-6860,50% SELL CRUDEOILM(AUG)@7138 SL 7300 TGT 6950-6860,MCX,INDIA_COMMODITY,TRADE_ACTION,OPEN_SHORT,SINGLE_INSTRUMENT,,CRUDE_MINI,"[""CRUDE_MINI""]",AUG,,,SHORT,50.0,MODEL_ALLOCATION,,EXPLICIT_PERCENT,[7138.0],7138.0,7300.0,"[6950.0, 6860.0]",6950.0,6860.0,False,False,False,True,0.97,False,AUTO_HIGH_CONFIDENCE,RULE_BASED_AND_CURATED,bb2da605b022accd,2026-06-22T03:34:52.841Z
6a38aff91226b8e7029e2907,SELL ashokley@156 sl 159 tgt 152,SELL ashokley @156 sl 159 tgt 152,NSE,INDIA_EQUITY,TRADE_ACTION,OPEN_SHORT,SINGLE_INSTRUMENT,,ASHOKLEY,"[""ASHOKLEY""]",,,,SHORT,100.0,MODEL_ALLOCATION,,DEFAULT_FULL_ALLOCATION,[156.0],156.0,159.0,[152.0],152.0,,False,False,False,True,0.96,False,CURATED_PILOT,ASSISTANT_CURATED_RULE_REVIEW,f81be70357a83b24,2026-06-22T03:46:01.656Z
6a38b0071226b8e7029e2949,50% profit book in infy@1062,50% profit book in infy @1062,NSE,INDIA_EQUITY,TRADE_ACTION,REDUCE_POSITION,SINGLE_INSTRUMENT,,INFY,"[""INFY""]",,,,,50.0,CURRENT_HOLDING,0.5,EXPLICIT_PERCENT,[1062.0],1062.0,,[],,,False,False,False,True,0.99,False,AUTO_HIGH_CONFIDENCE,RULE_BASED_AND_CURATED,4b43737bad0d1822,2026-06-22T03:46:15.142Z
6a38b0761226b8e7029e29a0,PART PROFIT BOOK IN NIFTY@24148,PART PROFIT BOOK IN NIFTY @24148,Indian Indices,INDIA_INDEX,TRADE_ACTION,REDUCE_POSITION,SINGLE_INSTRUMENT,,NIFTY,"[""NIFTY""]",,,,,25.0,CURRENT_HOLDING,0.75,PART_PROFIT_RULE,[24148.0],24148.0,,[],,,False,False,False,True,0.99,False,AUTO_HIGH_CONFIDENCE,RULE_BASED_AND_CURATED,fb84b3c2f123ba18,2026-06-22T03:48:06.390Z
6a38b1581226b8e7029e2b93,FULL PROFIT BOOK IN WIPRO@181.50,FULL PROFIT BOOK IN WIPRO @181.50,NSE,INDIA_EQUITY,TRADE_ACTION,CLOSE_POSITION,SINGLE_INSTRUMENT,,WIPRO,"[""WIPRO""]",,,,,100.0,CURRENT_HOLDING,0.0,FULL_EXIT_RULE,[181.5],181.5,,[],,,False,False,False,True,0.99,False,CURATED_PILOT,ASSISTANT_CURATED_RULE_REVIEW,bfc250e9a43ffd54,2026-06-22T03:51:52.832Z
6a38b1821226b8e7029e2c72,50% PROFIT BOOK IN TATASTEEL@200,50% PROFIT BOOK IN TATASTEEL @200,NSE,INDIA_EQUITY,TRADE_ACTION,REDUCE_POSITION,SINGLE_INSTRUMENT,,TATASTEEL,"[""TATASTEEL""]",,,,,50.0,CURRENT_HOLDING,0.5,EXPLICIT_PERCENT,[200.0],200.0,,[],,,False,False,False,True,0.99,False,AUTO_HIGH_CONFIDENCE,RULE_BASED_AND_CURATED,325a6bf0bcb61854,2026-06-22T03:52:34.148Z
6a38b2a31226b8e7029e2d2d,50% PROFIT BOOK IN NIFTY (STRIKE 24000/ JUNE)CE@ 255,50% PROFIT BOOK IN NIFTY (STRIKE 24000/ JUNE)CE @ 255,Indian Indices,INDIA_INDEX,TRADE_ACTION,REDUCE_POSITION,SINGLE_INSTRUMENT,,NIFTY,"[""NIFTY""]",JUN,24000,CE,,50.0,CURRENT_HOLDING,0.5,EXPLICIT_PERCENT,[255.0],255.0,,[],,,False,False,False,True,0.99,False,CURATED_PILOT,ASSISTANT_CURATED_RULE_REVIEW,9e87fdf667b066e9,2026-06-22T03:57:23.772Z
6a38b36f1226b8e7029e2e8c,SELL GODREJCP@1012.70 SL  1023 TGT 1002-992,SELL GODREJCP @1012.70 SL 1023 TGT 1002-992,NSE,INDIA_EQUITY,TRADE_ACTION,OPEN_SHORT,SINGLE_INSTRUMENT,,GODREJCP,"[""GODREJCP""]",,,,SHORT,100.0,MODEL_ALLOCATION,,DEFAULT_FULL_ALLOCATION,[1012.7],1012.7,1023.0,"[1002.0, 992.0]",1002.0,992.0,False,False,False,True,0.96,False,AUTO_HIGH_CONFIDENCE,RULE_BASED_AND_CURATED,5ea06b2aa73be928,2026-06-22T04:00:47.495Z
6a38b6be1226b8e7029e3191,BUY CIPLA@1389 SL 1370 TGT 1410-1430,BUY CIPLA @1389 SL 1370 TGT 1410-1430,NSE,INDIA_EQUITY,TRADE_ACTION,OPEN_LONG,SINGLE_INSTRUMENT,,CIPLA,"[""CIPLA""]",,,,LONG,100.0,MODEL_ALLOCATION,,DEFAULT_FULL_ALLOCATION,[1389.0],1389.0,1370.0,"[1410.0, 1430.0]",1410.0,1430.0,False,False,False,True,0.98,False,AUTO_HIGH_CONFIDENCE,RULE_BASED_AND_CURATED,a4ed7b1d2c568c6a,2026-06-22T04:14:54.502Z
6a38b9301226b8e7029e32e4,FULL PROFIT BOOK IN HDFCLIFE@599,FULL PROFIT BOOK IN HDFCLIFE @599,NSE,INDIA_EQUITY,TRADE_ACTION,CLOSE_POSITION,SINGLE_INSTRUMENT,,HDFCLIFE,"[""HDFCLIFE""]",,,,,100.0,CURRENT_HOLDING,0.0,FULL_EXIT_RULE,[599.0],599.0,,[],,,False,False,False,True,0.99,False,AUTO_HIGH_CONFIDENCE,RULE_BASED_AND_CURATED,77174280bd2c137d,2026-06-22T04:25:20.339Z
6a38ba1f1226b8e7029e3406,FULL PROFIT BOOK IN TMPV@369,FULL PROFIT BOOK IN TMPV @369,NSE,INDIA_EQUITY,TRADE_ACTION,CLOSE_POSITION,SINGLE_INSTRUMENT,,TMPV,"[""TMPV""]",,,,,100.0,CURRENT_HOLDING,0.0,FULL_EXIT_RULE,[369.0],369.0,,[],,,False,False,False,True,0.99,False,AUTO_HIGH_CONFIDENCE,RULE_BASED_AND_CURATED,cfc7107e469463a2,2026-06-22T04:29:19.507Z
6a38bdd01226b8e7029e3872,50% PROFIT BOOK IN PFC@438.25,50% PROFIT BOOK IN PFC @438.25,NSE,INDIA_EQUITY,TRADE_ACTION,REDUCE_POSITION,SINGLE_INSTRUMENT,,PFC,"[""PFC""]",,,,,50.0,CURRENT_HOLDING,0.5,EXPLICIT_PERCENT,[438.25],438.25,,[],,,False,False,False,True,0.99,False,CURATED_PILOT,ASSISTANT_CURATED_RULE_REVIEW,7ddd5341a88b48d0,2026-06-22T04:45:04.105Z
6a38c17b1226b8e7029e3945,FULL PROFIT BOOK IN PFC@445,FULL PROFIT BOOK IN PFC @445,NSE,INDIA_EQUITY,TRADE_ACTION,CLOSE_POSITION,SINGLE_INSTRUMENT,,PFC,"[""PFC""]",,,,,100.0,CURRENT_HOLDING,0.0,FULL_EXIT_RULE,[445.0],445.0,,[],,,False,False,False,True,0.99,False,CURATED_PILOT,ASSISTANT_CURATED_RULE_REVIEW,f721ae93b25256c0,2026-06-22T05:00:43.291Z
6a38c4261226b8e7029e3af2,50% PROFIT BOOK IN IEX@127.10,50% PROFIT BOOK IN IEX @127.10,NSE,INDIA_EQUITY,TRADE_ACTION,REDUCE_POSITION,SINGLE_INSTRUMENT,,IEX,"[""IEX""]",,,,,50.0,CURRENT_HOLDING,0.5,EXPLICIT_PERCENT,[127.1],127.1,,[],,,False,False,False,True,0.99,False,AUTO_HIGH_CONFIDENCE,RULE_BASED_AND_CURATED,57d5dd0e72e26c1f,2026-06-22T05:12:06.145Z
6a38d6c51226b8e7029e41fc,50% PROFIT BOOK IN CRUDEOILM(AUG)@7098,50% PROFIT BOOK IN CRUDEOILM(AUG)@7098,MCX,INDIA_COMMODITY,TRADE_ACTION,REDUCE_POSITION,SINGLE_INSTRUMENT,,CRUDE_MINI,"[""CRUDE_MINI""]",AUG,,,,50.0,CURRENT_HOLDING,0.5,EXPLICIT_PERCENT,[7098.0],7098.0,,[],,,False,False,False,True,0.99,False,AUTO_HIGH_CONFIDENCE,RULE_BASED_AND_CURATED,84c24d6bb4d0ead0,2026-06-22T06:31:33.323Z
6a38ee091226b8e7029e4634,50% PROFIT BOOK IN COPPER@1317.50,50% PROFIT BOOK IN COPPER @1317.50,MCX,INDIA_COMMODITY,TRADE_ACTION,REDUCE_POSITION,SINGLE_INSTRUMENT,,COPPER,"[""COPPER""]",,,,,50.0,CURRENT_HOLDING,0.5,EXPLICIT_PERCENT,[1317.5],1317.5,,[],,,False,False,False,True,0.99,False,AUTO_HIGH_CONFIDENCE,RULE_BASED_AND_CURATED,3b142f96a4f8e254,2026-06-22T08:10:49.952Z
6a38fe411226b8e7029e4b2c,SELL 50% CRUDEOILM(JULY)@7162 SL 7300 TGT 7060-6950,SELL 50% CRUDEOILM(JULY)@7162 SL 7300 TGT 7060-6950,MCX,INDIA_COMMODITY,TRADE_ACTION,OPEN_SHORT,SINGLE_INSTRUMENT,,CRUDE_MINI,"[""CRUDE_MINI""]",JUL,,,SHORT,50.0,MODEL_ALLOCATION,,EXPLICIT_PERCENT,[7162.0],7162.0,7300.0,"[7060.0, 6950.0]",7060.0,6950.0,False,False,False,True,0.97,False,AUTO_HIGH_CONFIDENCE,RULE_BASED_AND_CURATED,7194486d4b9bb52c,2026-06-22T09:20:01.039Z
6a38ffc71226b8e7029e4bdd,DAY TRADER 50% PROFIT BOOK IN CIPLA@1417,DAY TRADER 50% PROFIT BOOK IN CIPLA @1417,NSE,INDIA_EQUITY,TRADE_ACTION,REDUCE_POSITION,SINGLE_INSTRUMENT,,CIPLA,"[""CIPLA""]",,,,,50.0,CURRENT_HOLDING,0.5,EXPLICIT_PERCENT,[1417.0],1417.0,,[],,,False,False,False,True,0.99,False,AUTO_HIGH_CONFIDENCE,RULE_BASED_AND_CURATED,f0ea3d781bf3b0bd,2026-06-22T09:26:31.832Z
6a39002b1226b8e7029e4c8e,FULL PROFIT BOOK IN INFY@1070.50,FULL PROFIT BOOK IN INFY @1070.50,NSE,INDIA_EQUITY,TRADE_ACTION,CLOSE_POSITION,SINGLE_INSTRUMENT,,INFY,"[""INFY""]",,,,,100.0,CURRENT_HOLDING,0.0,FULL_EXIT_RULE,[1070.5],1070.5,,[],,,False,False,False,True,0.99,False,AUTO_HIGH_CONFIDENCE,RULE_BASED_AND_CURATED,3613032660969962,2026-06-22T09:28:11.744Z
6a3904371226b8e7029e4fdd,50% BUY TATASTEEL@199 SL 196 TGT 201-205,50% BUY TATASTEEL @199 SL 196 TGT 201-205,NSE,INDIA_EQUITY,TRADE_ACTION,OPEN_LONG,SINGLE_INSTRUMENT,,TATASTEEL,"[""TATASTEEL""]",,,,LONG,50.0,MODEL_ALLOCATION,,EXPLICIT_PERCENT,[199.0],199.0,196.0,"[201.0, 205.0]",201.0,205.0,False,False,False,True,0.98,False,AUTO_HIGH_CONFIDENCE,RULE_BASED_AND_CURATED,92afc8d8c8502f47,2026-06-22T09:45:27.476Z
6a3905441226b8e7029e505e,50% BUY NIFTY@24115 SL 24000 TGT 24250-24350,50% BUY NIFTY @24115 SL 24000 TGT 24250-24350,Indian Indices,INDIA_INDEX,TRADE_ACTION,OPEN_LONG,SINGLE_INSTRUMENT,,NIFTY,"[""NIFTY""]",,,,LONG,50.0,MODEL_ALLOCATION,,EXPLICIT_PERCENT,[24115.0],24115.0,24000.0,"[24250.0, 24350.0]",24250.0,24350.0,False,False,False,True,0.98,False,CURATED_PILOT,ASSISTANT_CURATED_RULE_REVIEW,ae78cf8dd105b856,2026-06-22T09:49:56.397Z
6a39055f1226b8e7029e516d,FULL PROFIT BOOK IN BAJFINANCE@966.50,FULL PROFIT BOOK IN BAJFINANCE @966.50,NSE,INDIA_EQUITY,TRADE_ACTION,CLOSE_POSITION,SINGLE_INSTRUMENT,,BAJFINANCE,"[""BAJFINANCE""]",,,,,100.0,CURRENT_HOLDING,0.0,FULL_EXIT_RULE,[966.5],966.5,,[],,,False,False,False,True,0.99,False,AUTO_HIGH_CONFIDENCE,RULE_BASED_AND_CURATED,8771f8c1b8df7f88,2026-06-22T09:50:23.548Z
6a39057c1226b8e7029e519f,Book part profit in Nasdaq @ 30400,Book part profit in Nasdaq @ 30400,International Market,GLOBAL_INDEX_OR_MACRO,TRADE_ACTION,REDUCE_POSITION,SINGLE_INSTRUMENT,,NASDAQ,"[""NASDAQ""]",,,,,25.0,CURRENT_HOLDING,0.75,PART_PROFIT_RULE,[30400.0],30400.0,,[],,,False,False,False,True,0.99,False,AUTO_HIGH_CONFIDENCE,RULE_BASED_AND_CURATED,214f13c6214e048f,2026-06-22T09:50:52.305Z
6a3905a21226b8e7029e51f9,Day traders book part profit in gold aug @ 4225,Day traders book part profit in gold aug @ 4225,International Market,GLOBAL_COMMODITY,TRADE_ACTION,REDUCE_POSITION,SINGLE_INSTRUMENT,,GOLD,"[""GOLD""]",AUG,,,,25.0,CURRENT_HOLDING,0.75,PART_PROFIT_RULE,[4225.0],4225.0,,[],,,False,False,False,True,0.99,False,AUTO_HIGH_CONFIDENCE,RULE_BASED_AND_CURATED,5a997977b84d2a95,2026-06-22T09:51:30.907Z
6a3905b61226b8e7029e5210,Book partial profit in silver july @ 66.51,Book partial profit in silver july @ 66.51,International Market,GLOBAL_COMMODITY,TRADE_ACTION,REDUCE_POSITION,SINGLE_INSTRUMENT,,SILVER,"[""SILVER""]",JUL,,,,25.0,CURRENT_HOLDING,0.75,PART_PROFIT_RULE,[66.51],66.51,,[],,,False,False,False,True,0.99,False,AUTO_HIGH_CONFIDENCE,RULE_BASED_AND_CURATED,259d0f5e74e5d1ad,2026-06-22T09:51:50.101Z
6a392be01226b8e7029e59ab,Book part profit in Russell @ 2990,Book part profit in Russell @ 2990,International Market,GLOBAL_INDEX_OR_MACRO,TRADE_ACTION,REDUCE_POSITION,SINGLE_INSTRUMENT,,RUSSELL,"[""RUSSELL""]",,,,,25.0,CURRENT_HOLDING,0.75,PART_PROFIT_RULE,[2990.0],2990.0,,[],,,False,False,False,True,0.99,False,AUTO_HIGH_CONFIDENCE,RULE_BASED_AND_CURATED,ec210e9892f58c79,2026-06-22T12:34:40.220Z
6a392d061226b8e7029e5a43,50% Profit Book in crude mini@ 7084,50% Profit Book in crude mini @ 7084,MCX,INDIA_COMMODITY,TRADE_ACTION,REDUCE_POSITION,SINGLE_INSTRUMENT,,CRUDE_MINI,"[""CRUDE_MINI""]",,,,,50.0,CURRENT_HOLDING,0.5,EXPLICIT_PERCENT,[7084.0],7084.0,,[],,,False,False,False,True,0.99,False,AUTO_HIGH_CONFIDENCE,RULE_BASED_AND_CURATED,6cc0d35a3b2c4d87,2026-06-22T12:39:34.201Z
6a392d4e1226b8e7029e5b2d,50% Profit Book in crude@ 74.52,50% Profit Book in crude @ 74.52,International Market,GLOBAL_COMMODITY,TRADE_ACTION,REDUCE_POSITION,SINGLE_INSTRUMENT,,CRUDE,"[""CRUDE""]",,,,,50.0,CURRENT_HOLDING,0.5,EXPLICIT_PERCENT,[74.52],74.52,,[],,,False,False,False,True,0.99,False,AUTO_HIGH_CONFIDENCE,RULE_BASED_AND_CURATED,575f88c0b392fd4a,2026-06-22T12:40:46.739Z
6a392d851226b8e7029e5b3b,50% Profit Book in Russell@ 2990,50% Profit Book in Russell @ 2990,International Market,GLOBAL_INDEX_OR_MACRO,TRADE_ACTION,REDUCE_POSITION,SINGLE_INSTRUMENT,,RUSSELL,"[""RUSSELL""]",,,,,50.0,CURRENT_HOLDING,0.5,EXPLICIT_PERCENT,[2990.0],2990.0,,[],,,False,False,False,True,0.99,False,AUTO_HIGH_CONFIDENCE,RULE_BASED_AND_CURATED,881a51487bdc1c46,2026-06-22T12:41:41.019Z
6a392da31226b8e7029e5b49,50% Profit Book in NASDAQ @ 7506,50% Profit Book in NASDAQ @ 7506,International Market,GLOBAL_INDEX_OR_MACRO,TRADE_ACTION,REDUCE_POSITION,SINGLE_INSTRUMENT,,NASDAQ,"[""NASDAQ""]",,,,,50.0,CURRENT_HOLDING,0.5,EXPLICIT_PERCENT,[7506.0],7506.0,,[],,,False,False,False,True,0.99,False,AUTO_HIGH_CONFIDENCE,RULE_BASED_AND_CURATED,1883ae73ffc0dc73,2026-06-22T12:42:11.466Z
6a3935571226b8e7029e5e6a,Book 50% profit in amd @ 544.30,Book 50% profit in amd @ 544.30,International Market,GLOBAL_EQUITY,TRADE_ACTION,REDUCE_POSITION,SINGLE_INSTRUMENT,,AMD,"[""AMD""]",,,,,50.0,CURRENT_HOLDING,0.5,EXPLICIT_PERCENT,[544.3],544.3,,[],,,False,False,False,True,0.99,False,CURATED_PILOT,ASSISTANT_CURATED_RULE_REVIEW,b1d01a4eb814caa6,2026-06-22T13:15:03.047Z
6a3935631226b8e7029e5e78,Book 75% profit in WDC @787.50,Book 75% profit in WDC @787.50,International Market,GLOBAL_EQUITY,TRADE_ACTION,REDUCE_POSITION,SINGLE_INSTRUMENT,,WDC,"[""WDC""]",,,,,75.0,CURRENT_HOLDING,0.25,EXPLICIT_PERCENT,[787.5],787.5,,[],,,False,False,False,True,0.99,False,AUTO_HIGH_CONFIDENCE,RULE_BASED_AND_CURATED,7463c0650c3eae68,2026-06-22T13:15:15.263Z
6a3935a01226b8e7029e5e94,Book 50% profit in asml @1949.90,Book 50% profit in asml @1949.90,International Market,GLOBAL_EQUITY,TRADE_ACTION,REDUCE_POSITION,SINGLE_INSTRUMENT,,ASML,"[""ASML""]",,,,,50.0,CURRENT_HOLDING,0.5,EXPLICIT_PERCENT,[1949.9],1949.9,,[],,,False,False,False,True,0.99,False,AUTO_HIGH_CONFIDENCE,RULE_BASED_AND_CURATED,c4ea937c86200c80,2026-06-22T13:16:16.485Z
6a3935c11226b8e7029e5eb0,Book 50% profit in STX @1107.5,Book 50% profit in STX @1107.5,International Market,GLOBAL_EQUITY,TRADE_ACTION,REDUCE_POSITION,SINGLE_INSTRUMENT,,STX,"[""STX""]",,,,,50.0,CURRENT_HOLDING,0.5,EXPLICIT_PERCENT,[1107.5],1107.5,,[],,,False,False,False,True,0.99,False,AUTO_HIGH_CONFIDENCE,RULE_BASED_AND_CURATED,36abf9d8f3c875ef,2026-06-22T13:16:49.620Z
6a3937771226b8e7029e5fda,50% Profit Book in DOW@ 51700,50% Profit Book in DOW @ 51700,International Market,GLOBAL_INDEX_OR_MACRO,TRADE_ACTION,REDUCE_POSITION,SINGLE_INSTRUMENT,,DOW,"[""DOW""]",,,,,50.0,CURRENT_HOLDING,0.5,EXPLICIT_PERCENT,[51700.0],51700.0,,[],,,False,False,False,True,0.99,False,AUTO_HIGH_CONFIDENCE,RULE_BASED_AND_CURATED,d7779e23297b51b4,2026-06-22T13:24:07.839Z
6a3939571226b8e7029e6126,Book profit in nvda @211.30,Book profit in nvda @211.30,International Market,GLOBAL_EQUITY,TRADE_ACTION,CLOSE_POSITION,SINGLE_INSTRUMENT,,NVDA,"[""NVDA""]",,,,,100.0,CURRENT_HOLDING,0.0,FULL_EXIT_RULE,[211.3],211.3,,[],,,False,False,False,True,0.96,False,CURATED_PILOT,ASSISTANT_CURATED_RULE_REVIEW,89e4087b45608d6c,2026-06-22T13:32:07.777Z
6a393abd1226b8e7029e61ff,50% Profit Book in ASML @1945,50% Profit Book in ASML @1945,International Market,GLOBAL_EQUITY,TRADE_ACTION,REDUCE_POSITION,SINGLE_INSTRUMENT,,ASML,"[""ASML""]",,,,,50.0,CURRENT_HOLDING,0.5,EXPLICIT_PERCENT,[1945.0],1945.0,,[],,,False,False,False,True,0.99,False,AUTO_HIGH_CONFIDENCE,RULE_BASED_AND_CURATED,f1e5ff3d6eca352a,2026-06-22T13:38:05.737Z
6a393b4a1226b8e7029e626c,Book 50% profit in smci @ 34.10,Book 50% profit in smci @ 34.10,International Market,GLOBAL_EQUITY,TRADE_ACTION,REDUCE_POSITION,SINGLE_INSTRUMENT,,SMCI,"[""SMCI""]",,,,,50.0,CURRENT_HOLDING,0.5,EXPLICIT_PERCENT,[34.1],34.1,,[],,,False,False,False,True,0.99,False,CURATED_PILOT,ASSISTANT_CURATED_RULE_REVIEW,db286886e168dd65,2026-06-22T13:40:26.848Z
6a393d7a1226b8e7029e634f,Pls ignore this. There was a typo.,Pls ignore this. There was a typo.,International Market,GLOBAL_EQUITY,TRADE_CONTROL,CANCEL_PREVIOUS,NONE,,,[],,,,,,NONE,,NOT_APPLICABLE,[],,,[],,,False,False,True,False,0.98,False,CURATED_PILOT,ASSISTANT_CURATED_RULE_REVIEW,87a9ea2d5cbe0383,2026-06-22T13:49:46.263Z
6a393e271226b8e7029e641b,Book 50% profit in hood @111.50,Book 50% profit in hood @111.50,International Market,GLOBAL_EQUITY,TRADE_ACTION,REDUCE_POSITION,SINGLE_INSTRUMENT,,HOOD,"[""HOOD""]",,,,,50.0,CURRENT_HOLDING,0.5,EXPLICIT_PERCENT,[111.5],111.5,,[],,,False,False,False,True,0.99,False,AUTO_HIGH_CONFIDENCE,RULE_BASED_AND_CURATED,c3396a3d0bd127ab,2026-06-22T13:52:39.687Z
6a3940081226b8e7029e64cf,Full Profit book in AMD@ 558,Full Profit book in AMD @ 558,International Market,GLOBAL_EQUITY,TRADE_ACTION,CLOSE_POSITION,SINGLE_INSTRUMENT,,AMD,"[""AMD""]",,,,,100.0,CURRENT_HOLDING,0.0,FULL_EXIT_RULE,[558.0],558.0,,[],,,False,False,False,True,0.99,False,CURATED_PILOT,ASSISTANT_CURATED_RULE_REVIEW,f192590c3ff03dc0,2026-06-22T14:00:40.883Z
6a39423f1226b8e7029e6657,Day traders full Profit book in STX@ 1121,Day traders full Profit book in STX @ 1121,International Market,GLOBAL_EQUITY,TRADE_ACTION,CLOSE_POSITION,SINGLE_INSTRUMENT,,STX,"[""STX""]",,,,,100.0,CURRENT_HOLDING,0.0,FULL_EXIT_RULE,[1121.0],1121.0,,[],,,False,False,False,True,0.99,False,AUTO_HIGH_CONFIDENCE,RULE_BASED_AND_CURATED,07344818050b4567,2026-06-22T14:10:07.301Z
6a394a2a1226b8e7029e6aae,Day traders full Profit book in SNDK@2330,Day traders full Profit book in SNDK @2330,International Market,GLOBAL_EQUITY,TRADE_ACTION,CLOSE_POSITION,SINGLE_INSTRUMENT,,SNDK,"[""SNDK""]",,,,,100.0,CURRENT_HOLDING,0.0,FULL_EXIT_RULE,[2330.0],2330.0,,[],,,False,False,False,True,0.99,False,AUTO_HIGH_CONFIDENCE,RULE_BASED_AND_CURATED,b34681397992ee6e,2026-06-22T14:43:54.531Z
6a39510f1226b8e7029e6ed5,Day traders book full profit in crude @73.38,Day traders book full profit in crude @73.38,International Market,GLOBAL_COMMODITY,TRADE_ACTION,CLOSE_POSITION,SINGLE_INSTRUMENT,,CRUDE,"[""CRUDE""]",,,,,100.0,CURRENT_HOLDING,0.0,FULL_EXIT_RULE,[73.38],73.38,,[],,,False,False,False,True,0.99,False,AUTO_HIGH_CONFIDENCE,RULE_BASED_AND_CURATED,e806e88c7af2805d,2026-06-22T15:13:19.363Z
6a3951241226b8e7029e6ef5,book full profit in crude mini @6977,book full profit in crude mini @6977,MCX,INDIA_COMMODITY,TRADE_ACTION,CLOSE_POSITION,SINGLE_INSTRUMENT,,CRUDE_MINI,"[""CRUDE_MINI""]",,,,,100.0,CURRENT_HOLDING,0.0,FULL_EXIT_RULE,[6977.0],6977.0,,[],,,False,False,False,True,0.99,False,CURATED_PILOT,ASSISTANT_CURATED_RULE_REVIEW,eeff6826f9f6c34b,2026-06-22T15:13:40.290Z
6a395dda1226b8e7029e7390,Buy 50% s&p500 @ 7467 with SL 7400 for target 7530-7560,Buy 50% s&p500 @ 7467 with SL 7400 for target 7530-7560,International Market,GLOBAL_INDEX_OR_MACRO,TRADE_ACTION,OPEN_LONG,SINGLE_INSTRUMENT,,SP500,"[""SP500""]",,,,LONG,50.0,MODEL_ALLOCATION,,EXPLICIT_PERCENT,[7467.0],7467.0,7400.0,"[7530.0, 7560.0]",7530.0,7560.0,False,False,False,True,0.98,False,AUTO_HIGH_CONFIDENCE,RULE_BASED_AND_CURATED,bb23255878ef126d,2026-06-22T16:07:54.919Z
6a395df01226b8e7029e73d8,Buy 50% nasdaq @30210 with SL 29800 for target 30650,Buy 50% nasdaq @30210 with SL 29800 for target 30650,International Market,GLOBAL_INDEX_OR_MACRO,TRADE_ACTION,OPEN_LONG,SINGLE_INSTRUMENT,,NASDAQ,"[""NASDAQ""]",,,,LONG,50.0,MODEL_ALLOCATION,,EXPLICIT_PERCENT,[30210.0],30210.0,29800.0,[30650.0],30650.0,,False,False,False,True,0.98,False,AUTO_HIGH_CONFIDENCE,RULE_BASED_AND_CURATED,c1cc362adcae03fe,2026-06-22T16:08:16.733Z
6a39f8431226b8e7029e85b7,Buy 50% gold aug @4158 with SL 4118 for target 4220 / positional target 4400,Buy 50% gold aug @4158 with SL 4118 for target 4220 / positional target 4400,International Market,GLOBAL_COMMODITY,TRADE_ACTION,OPEN_LONG,SINGLE_INSTRUMENT,,GOLD,"[""GOLD""]",AUG,,,LONG,50.0,MODEL_ALLOCATION,,EXPLICIT_PERCENT,[4158.0],4158.0,4118.0,[4220.0],4220.0,,False,False,False,True,0.98,False,AUTO_HIGH_CONFIDENCE,RULE_BASED_AND_CURATED,0b0bd273236b8645,2026-06-23T03:06:43.715Z
6a39f8941226b8e7029e85d7,Buy 50% silver July @ 63.30 with SL 62.00 for target 66.00-67.50 / positional target 73.00,Buy 50% silver July @ 63.30 with SL 62.00 for target 66.00-67.50 / positional target 73.00,International Market,GLOBAL_COMMODITY,TRADE_ACTION,OPEN_LONG,SINGLE_INSTRUMENT,,SILVER,"[""SILVER""]",JUL,,,LONG,50.0,MODEL_ALLOCATION,,EXPLICIT_PERCENT,[63.3],63.3,62.0,"[66.0, 67.5]",66.0,67.5,False,False,False,True,0.98,False,AUTO_HIGH_CONFIDENCE,RULE_BASED_AND_CURATED,fc5796c7321c8459,2026-06-23T03:08:04.103Z
6a39ff8f1226b8e7029e88cc,Buy nasdaq @30015 with SL 29800 for target 30400-30600,Buy nasdaq @30015 with SL 29800 for target 30400-30600,International Market,GLOBAL_INDEX_OR_MACRO,TRADE_ACTION,OPEN_LONG,SINGLE_INSTRUMENT,,NASDAQ,"[""NASDAQ""]",,,,LONG,100.0,MODEL_ALLOCATION,,DEFAULT_FULL_ALLOCATION,[30015.0],30015.0,29800.0,"[30400.0, 30600.0]",30400.0,30600.0,False,False,False,True,0.98,False,AUTO_HIGH_CONFIDENCE,RULE_BASED_AND_CURATED,1d126ee3ac76539b,2026-06-23T03:37:51.899Z
6a39ffb81226b8e7029e88ef,Buy s&p500 @7433 with SL 7380 for target 7500-7525,Buy s&p500 @7433 with SL 7380 for target 7500-7525,International Market,GLOBAL_INDEX_OR_MACRO,TRADE_ACTION,OPEN_LONG,SINGLE_INSTRUMENT,,SP500,"[""SP500""]",,,,LONG,100.0,MODEL_ALLOCATION,,DEFAULT_FULL_ALLOCATION,[7433.0],7433.0,7380.0,"[7500.0, 7525.0]",7500.0,7525.0,False,False,False,True,0.98,False,AUTO_HIGH_CONFIDENCE,RULE_BASED_AND_CURATED,fa6e99dd56e659c4,2026-06-23T03:38:32.118Z
6a39fffb1226b8e7029e8907,50% PROFIT BOOK IN NG@306.50,50% PROFIT BOOK IN NG @306.50,MCX,INDIA_COMMODITY,TRADE_ACTION,REDUCE_POSITION,SINGLE_INSTRUMENT,,NATURAL_GAS,"[""NATURAL_GAS""]",,,,,50.0,CURRENT_HOLDING,0.5,EXPLICIT_PERCENT,[306.5],306.5,,[],,,False,False,False,True,0.99,False,AUTO_HIGH_CONFIDENCE,RULE_BASED_AND_CURATED,838f042151b8ce38,2026-06-23T03:39:39.847Z
6a3a00171226b8e7029e8940,BUY COPPER@1304.50 SL 1290 TGT 1315-1321,BUY COPPER @1304.50 SL 1290 TGT 1315-1321,MCX,INDIA_COMMODITY,TRADE_ACTION,OPEN_LONG,SINGLE_INSTRUMENT,,COPPER,"[""COPPER""]",,,,LONG,100.0,MODEL_ALLOCATION,,DEFAULT_FULL_ALLOCATION,[1304.5],1304.5,1290.0,"[1315.0, 1321.0]",1315.0,1321.0,False,False,False,True,0.98,False,AUTO_HIGH_CONFIDENCE,RULE_BASED_AND_CURATED,5727873749a8baf1,2026-06-23T03:40:07.288Z
6a3a004d1226b8e7029e8961,50% BUY GOLD@146610 SL 145400 TGT 148000-149500 POSITIONAL TGT 154000,50% BUY GOLD @146610 SL 145400 TGT 148000-149500 POSITIONAL TGT 154000,MCX,INDIA_COMMODITY,TRADE_ACTION,OPEN_LONG,SINGLE_INSTRUMENT,,GOLD,"[""GOLD""]",,,,LONG,50.0,MODEL_ALLOCATION,,EXPLICIT_PERCENT,[146610.0],146610.0,145400.0,"[148000.0, 149500.0]",148000.0,149500.0,False,False,False,True,0.98,False,AUTO_HIGH_CONFIDENCE,RULE_BASED_AND_CURATED,cb9d7f3bac9c6142,2026-06-23T03:41:01.482Z
6a3a00771226b8e7029e8982,50% BUY SILVER@227720 SL 220000 TGT 235000-238000 POSITIONAL TGT 260000,50% BUY SILVER @227720 SL 220000 TGT 235000-238000 POSITIONAL TGT 260000,MCX,INDIA_COMMODITY,TRADE_ACTION,OPEN_LONG,SINGLE_INSTRUMENT,,SILVER,"[""SILVER""]",,,,LONG,50.0,MODEL_ALLOCATION,,EXPLICIT_PERCENT,[227720.0],227720.0,220000.0,"[235000.0, 238000.0]",235000.0,238000.0,False,False,False,True,0.98,False,AUTO_HIGH_CONFIDENCE,RULE_BASED_AND_CURATED,8079e346a4970c4d,2026-06-23T03:41:43.665Z
6a3a01ce1226b8e7029e8a43,FULL PROFIT BOOK IN LAURUSLABS@1451,FULL PROFIT BOOK IN LAURUSLABS @1451,NSE,INDIA_EQUITY,TRADE_ACTION,CLOSE_POSITION,SINGLE_INSTRUMENT,,LAURUSLABS,"[""LAURUSLABS""]",,,,,100.0,CURRENT_HOLDING,0.0,FULL_EXIT_RULE,[1451.0],1451.0,,[],,,False,False,False,True,0.99,False,AUTO_HIGH_CONFIDENCE,RULE_BASED_AND_CURATED,35da05aa9f8e0392,2026-06-23T03:47:26.572Z
6a3a02231226b8e7029e8b5b,Book 50% profit in ng @ 3.26,Book 50% profit in ng @ 3.26,International Market,GLOBAL_COMMODITY,TRADE_ACTION,REDUCE_POSITION,SINGLE_INSTRUMENT,,NATURAL_GAS,"[""NATURAL_GAS""]",,,,,50.0,CURRENT_HOLDING,0.5,EXPLICIT_PERCENT,[3.26],3.26,,[],,,False,False,False,True,0.99,False,AUTO_HIGH_CONFIDENCE,RULE_BASED_AND_CURATED,b3c5df70b2034513,2026-06-23T03:48:51.151Z
6a3a025e1226b8e7029e8b9d,DELIVERY: BUY SILVERBEES@216 TGT 237-255-275,DELIVERY: BUY SILVERBEES @216 TGT 237-255-275,NSE,INDIA_EQUITY,TRADE_ACTION,OPEN_LONG,SINGLE_INSTRUMENT,,SILVERBEES,"[""SILVERBEES""]",,,,LONG,100.0,MODEL_ALLOCATION,,DEFAULT_FULL_ALLOCATION,[216.0],216.0,,"[237.0, 255.0, 275.0]",237.0,255.0,False,False,False,True,0.98,False,AUTO_HIGH_CONFIDENCE,RULE_BASED_AND_CURATED,b15a366ac12258ca,2026-06-23T03:49:50.060Z
6a3a02b81226b8e7029e8cb3,BUY DLF@626 SL 620 TGT 635-640,BUY DLF @626 SL 620 TGT 635-640,NSE,INDIA_EQUITY,TRADE_ACTION,OPEN_LONG,SINGLE_INSTRUMENT,,DLF,"[""DLF""]",,,,LONG,100.0,MODEL_ALLOCATION,,DEFAULT_FULL_ALLOCATION,[626.0],626.0,620.0,"[635.0, 640.0]",635.0,640.0,False,False,False,True,0.98,False,AUTO_HIGH_CONFIDENCE,RULE_BASED_AND_CURATED,096a2ee0cef71bcc,2026-06-23T03:51:20.191Z
6a3a031b1226b8e7029e8d30,BUY JSWSTEEL@1275 SL 1260 TGT 1295-1310,BUY JSWSTEEL @1275 SL 1260 TGT 1295-1310,NSE,INDIA_EQUITY,TRADE_ACTION,OPEN_LONG,SINGLE_INSTRUMENT,,JSWSTEEL,"[""JSWSTEEL""]",,,,LONG,100.0,MODEL_ALLOCATION,,DEFAULT_FULL_ALLOCATION,[1275.0],1275.0,1260.0,"[1295.0, 1310.0]",1295.0,1310.0,False,False,False,True,0.98,False,CURATED_PILOT,ASSISTANT_CURATED_RULE_REVIEW,72925ef855515416,2026-06-23T03:52:59.591Z
6a3a03a51226b8e7029e8daa,HOLD GODREJCP WITH SL 1026,HOLD GODREJCP WITH SL 1026,NSE,INDIA_EQUITY,TRADE_UPDATE,UPDATE_STOP_LOSS,SINGLE_INSTRUMENT,,GODREJCP,"[""GODREJCP""]",,,,,,NONE,,NOT_APPLICABLE,[],,1026.0,[],,,False,False,False,True,0.99,False,AUTO_HIGH_CONFIDENCE,RULE_BASED_AND_CURATED,05d3c279bebb437f,2026-06-23T03:55:17.739Z
6a3a03bd1226b8e7029e8dd4,FULL PROFIT BOOK IN ICICIBANK@1358,FULL PROFIT BOOK IN ICICIBANK @1358,NSE,INDIA_EQUITY,TRADE_ACTION,CLOSE_POSITION,SINGLE_INSTRUMENT,,ICICIBANK,"[""ICICIBANK""]",,,,,100.0,CURRENT_HOLDING,0.0,FULL_EXIT_RULE,[1358.0],1358.0,,[],,,False,False,False,True,0.99,False,AUTO_HIGH_CONFIDENCE,RULE_BASED_AND_CURATED,5b9e45ac5c3617e1,2026-06-23T03:55:41.870Z
6a3a06d71226b8e7029e901d,FULL PROFIT BOOK IN CIPLA@1434,FULL PROFIT BOOK IN CIPLA @1434,NSE,INDIA_EQUITY,TRADE_ACTION,CLOSE_POSITION,SINGLE_INSTRUMENT,,CIPLA,"[""CIPLA""]",,,,,100.0,CURRENT_HOLDING,0.0,FULL_EXIT_RULE,[1434.0],1434.0,,[],,,False,False,False,True,0.99,False,AUTO_HIGH_CONFIDENCE,RULE_BASED_AND_CURATED,814ce0cd5514b9ce,2026-06-23T04:08:55.030Z
6a3a07011226b8e7029e9056,POSITIONAL TRADER 50% PROFIT BOOK IN LAURUSLABS@1476,POSITIONAL TRADER 50% PROFIT BOOK IN LAURUSLABS @1476,NSE,INDIA_EQUITY,TRADE_ACTION,REDUCE_POSITION,SINGLE_INSTRUMENT,,LAURUSLABS,"[""LAURUSLABS""]",,,,,50.0,CURRENT_HOLDING,0.5,EXPLICIT_PERCENT,[1476.0],1476.0,,[],,,False,False,False,True,0.99,False,AUTO_HIGH_CONFIDENCE,RULE_BASED_AND_CURATED,226db6f1c9dede5f,2026-06-23T04:09:37.706Z
6a3a075a1226b8e7029e90e9,50% PROFIT BOOK ASHOKLEY@154.50,50% PROFIT BOOK ASHOKLEY @154.50,NSE,INDIA_EQUITY,TRADE_ACTION,REDUCE_POSITION,SINGLE_INSTRUMENT,,ASHOKLEY,"[""ASHOKLEY""]",,,,,50.0,CURRENT_HOLDING,0.5,EXPLICIT_PERCENT,[154.5],154.5,,[],,,False,False,False,True,0.99,False,AUTO_HIGH_CONFIDENCE,RULE_BASED_AND_CURATED,eefd96455dac082a,2026-06-23T04:11:06.601Z
6a3a07861226b8e7029e9122,HOLD REST 50% ASHOKLEY WITH SL 157.60,HOLD REST 50% ASHOKLEY WITH SL 157.60,NSE,INDIA_EQUITY,TRADE_UPDATE,UPDATE_STOP_LOSS,SINGLE_INSTRUMENT,,ASHOKLEY,"[""ASHOKLEY""]",,,,,,NONE,,NOT_APPLICABLE,[],,157.6,[],,,False,False,False,True,0.99,False,AUTO_HIGH_CONFIDENCE,RULE_BASED_AND_CURATED,704f6c4436ed38da,2026-06-23T04:11:50.851Z
6a3a0aa31226b8e7029e92a7,50% PROFIT BOOK IN DLF@633.20,50% PROFIT BOOK IN DLF @633.20,NSE,INDIA_EQUITY,TRADE_ACTION,REDUCE_POSITION,SINGLE_INSTRUMENT,,DLF,"[""DLF""]",,,,,50.0,CURRENT_HOLDING,0.5,EXPLICIT_PERCENT,[633.2],633.2,,[],,,False,False,False,True,0.99,False,AUTO_HIGH_CONFIDENCE,RULE_BASED_AND_CURATED,68625fb5240c5374,2026-06-23T04:25:07.549Z
6a3a0b631226b8e7029e932c,FULL PROFIT BOOK IN ASHOKLEY@153.50,FULL PROFIT BOOK IN ASHOKLEY @153.50,NSE,INDIA_EQUITY,TRADE_ACTION,CLOSE_POSITION,SINGLE_INSTRUMENT,,ASHOKLEY,"[""ASHOKLEY""]",,,,,100.0,CURRENT_HOLDING,0.0,FULL_EXIT_RULE,[153.5],153.5,,[],,,False,False,False,True,0.99,False,CURATED_PILOT,ASSISTANT_CURATED_RULE_REVIEW,873ea6260f540b94,2026-06-23T04:28:19.878Z
6a3a0bd71226b8e7029e9375,50% BUY CRUDEOILM@6995 SL 6900 TGT 7100-7200,50% BUY CRUDEOILM @6995 SL 6900 TGT 7100-7200,MCX,INDIA_COMMODITY,TRADE_ACTION,OPEN_LONG,SINGLE_INSTRUMENT,,CRUDE_MINI,"[""CRUDE_MINI""]",,,,LONG,50.0,MODEL_ALLOCATION,,EXPLICIT_PERCENT,[6995.0],6995.0,6900.0,"[7100.0, 7200.0]",7100.0,7200.0,False,False,False,True,0.98,False,AUTO_HIGH_CONFIDENCE,RULE_BASED_AND_CURATED,4ba92bc105815587,2026-06-23T04:30:15.358Z
6a3a10541226b8e7029e967e,Buy 50% crude aug @73.60 with SL 72.00 for target 76.00-77.00,Buy 50% crude aug @73.60 with SL 72.00 for target 76.00-77.00,International Market,GLOBAL_COMMODITY,TRADE_ACTION,OPEN_LONG,SINGLE_INSTRUMENT,,CRUDE,"[""CRUDE""]",AUG,,,LONG,50.0,MODEL_ALLOCATION,,EXPLICIT_PERCENT,[73.6],73.6,72.0,"[76.0, 77.0]",76.0,77.0,False,False,False,True,0.98,False,AUTO_HIGH_CONFIDENCE,RULE_BASED_AND_CURATED,bf2508904a0f4ec1,2026-06-23T04:49:24.379Z
6a3a11961226b8e7029e9756,BUY DRREDDY@1316 SL 1290 TGT 1330-1350,BUY DRREDDY @1316 SL 1290 TGT 1330-1350,NSE,INDIA_EQUITY,TRADE_ACTION,OPEN_LONG,SINGLE_INSTRUMENT,,DRREDDY,"[""DRREDDY""]",,,,LONG,100.0,MODEL_ALLOCATION,,DEFAULT_FULL_ALLOCATION,[1316.0],1316.0,1290.0,"[1330.0, 1350.0]",1330.0,1350.0,False,False,False,True,0.98,False,CURATED_PILOT,ASSISTANT_CURATED_RULE_REVIEW,ee26a9186690ba48,2026-06-23T04:54:46.827Z
6a3a11ce1226b8e7029e97e0,BUY WIPRO@176.50 SL 173 TGT 180-182,BUY WIPRO @176.50 SL 173 TGT 180-182,NSE,INDIA_EQUITY,TRADE_ACTION,OPEN_LONG,SINGLE_INSTRUMENT,,WIPRO,"[""WIPRO""]",,,,LONG,100.0,MODEL_ALLOCATION,,DEFAULT_FULL_ALLOCATION,[176.5],176.5,173.0,"[180.0, 182.0]",180.0,182.0,False,False,False,True,0.98,False,CURATED_PILOT,ASSISTANT_CURATED_RULE_REVIEW,92de1bcd7f7839d0,2026-06-23T04:55:42.765Z
6a3a12061226b8e7029e9808,FULL PROFIT BOOK IN LT@4225,FULL PROFIT BOOK IN LT @4225,NSE,INDIA_EQUITY,TRADE_ACTION,CLOSE_POSITION,SINGLE_INSTRUMENT,,LT,"[""LT""]",,,,,100.0,CURRENT_HOLDING,0.0,FULL_EXIT_RULE,[4225.0],4225.0,,[],,,False,False,False,True,0.99,False,AUTO_HIGH_CONFIDENCE,RULE_BASED_AND_CURATED,8a599bd06f9c0d7e,2026-06-23T04:56:38.211Z
6a3a24431226b8e7029e9f48,PART  PROFIT BOOK IN BANKNIFTY@57820,PART PROFIT BOOK IN BANKNIFTY @57820,Indian Indices,INDIA_INDEX,TRADE_ACTION,REDUCE_POSITION,SINGLE_INSTRUMENT,,BANKNIFTY,"[""BANKNIFTY""]",,,,,25.0,CURRENT_HOLDING,0.75,PART_PROFIT_RULE,[57820.0],57820.0,,[],,,False,False,False,True,0.99,False,AUTO_HIGH_CONFIDENCE,RULE_BASED_AND_CURATED,37960e826471aadb,2026-06-23T06:14:27.254Z
6a3a24dd1226b8e7029e9f8b,AGAIN POSITIONAL BUY TATASTEEL@196 SL 192 TGT 200-205,AGAIN POSITIONAL BUY TATASTEEL @196 SL 192 TGT 200-205,NSE,INDIA_EQUITY,TRADE_ACTION,OPEN_LONG,SINGLE_INSTRUMENT,,TATASTEEL,"[""TATASTEEL""]",,,,LONG,100.0,MODEL_ALLOCATION,,DEFAULT_FULL_ALLOCATION,[196.0],196.0,192.0,"[200.0, 205.0]",200.0,205.0,False,False,False,True,0.98,False,CURATED_PILOT,ASSISTANT_CURATED_RULE_REVIEW,4f1fee26e8c63f93,2026-06-23T06:17:01.456Z
6a3a25641226b8e7029ea086,BUY 50% NIFTY (STRIKE 24000/JUNE) CE @173 SL 100  TGT 300-350,BUY 50% NIFTY (STRIKE 24000/JUNE) CE @173 SL 100 TGT 300-350,Indian Indices,INDIA_INDEX,TRADE_ACTION,OPEN_LONG,SINGLE_INSTRUMENT,,NIFTY_STRIKE,"[""NIFTY_STRIKE""]",JUN,24000,CE,LONG,50.0,MODEL_ALLOCATION,,EXPLICIT_PERCENT,[173.0],173.0,100.0,"[300.0, 350.0]",300.0,350.0,False,False,False,True,0.98,False,AUTO_HIGH_CONFIDENCE,RULE_BASED_AND_CURATED,6feb19a7c756b3f6,2026-06-23T06:19:16.518Z
6a3a28821226b8e7029ea286,Hold nasdaq with SL 29650,Hold nasdaq with SL 29650,International Market,GLOBAL_INDEX_OR_MACRO,TRADE_UPDATE,UPDATE_STOP_LOSS,SINGLE_INSTRUMENT,,NASDAQ,"[""NASDAQ""]",,,,,,NONE,,NOT_APPLICABLE,[],,29650.0,[],,,False,False,False,True,0.99,False,AUTO_HIGH_CONFIDENCE,RULE_BASED_AND_CURATED,70e06eb5fceda297,2026-06-23T06:32:34.471Z
6a3a288c1226b8e7029ea2a6,Hold s&p500 with SL 7360,Hold s&p500 with SL 7360,International Market,GLOBAL_INDEX_OR_MACRO,TRADE_UPDATE,UPDATE_STOP_LOSS,SINGLE_INSTRUMENT,,SP500,"[""SP500""]",,,,,,NONE,,NOT_APPLICABLE,[],,7360.0,[],,,False,False,False,True,0.99,False,CURATED_PILOT,ASSISTANT_CURATED_RULE_REVIEW,30026b228a96f958,2026-06-23T06:32:44.955Z
6a3a289e1226b8e7029ea2c6,Buy Russell @ 2963 with SL 2938 for target 3000,Buy Russell @ 2963 with SL 2938 for target 3000,International Market,GLOBAL_INDEX_OR_MACRO,TRADE_ACTION,OPEN_LONG,SINGLE_INSTRUMENT,,RUSSELL,"[""RUSSELL""]",,,,LONG,100.0,MODEL_ALLOCATION,,DEFAULT_FULL_ALLOCATION,[2963.0],2963.0,2938.0,[3000.0],3000.0,,False,False,False,True,0.98,False,AUTO_HIGH_CONFIDENCE,RULE_BASED_AND_CURATED,e61f995aec4b216e,2026-06-23T06:33:02.308Z
6a3a28bf1226b8e7029ea2e0,Buy Dow @ 51500 with SL 51180 for target 51850-52000,Buy Dow @ 51500 with SL 51180 for target 51850-52000,International Market,GLOBAL_INDEX_OR_MACRO,TRADE_ACTION,OPEN_LONG,SINGLE_INSTRUMENT,,DOW,"[""DOW""]",,,,LONG,100.0,MODEL_ALLOCATION,,DEFAULT_FULL_ALLOCATION,[51500.0],51500.0,51180.0,"[51850.0, 52000.0]",51850.0,52000.0,False,False,False,True,0.98,False,AUTO_HIGH_CONFIDENCE,RULE_BASED_AND_CURATED,d41235e64dab99a9,2026-06-23T06:33:35.069Z
6a3a28fe1226b8e7029ea30b,50% BUY NIFTY@24002 SL 23900 TGT 24200-24300,50% BUY NIFTY @24002 SL 23900 TGT 24200-24300,Indian Indices,INDIA_INDEX,TRADE_ACTION,OPEN_LONG,SINGLE_INSTRUMENT,,NIFTY,"[""NIFTY""]",,,,LONG,50.0,MODEL_ALLOCATION,,EXPLICIT_PERCENT,[24002.0],24002.0,23900.0,"[24200.0, 24300.0]",24200.0,24300.0,False,False,False,True,0.98,False,CURATED_PILOT,ASSISTANT_CURATED_RULE_REVIEW,7b48aba13ba0f840,2026-06-23T06:34:38.619Z
6a3a2cd71226b8e7029ea46c,25% PROFIT BOOK IN BANKNIFTY@57540,25% PROFIT BOOK IN BANKNIFTY @57540,Indian Indices,INDIA_INDEX,TRADE_ACTION,REDUCE_POSITION,SINGLE_INSTRUMENT,,BANKNIFTY,"[""BANKNIFTY""]",,,,,25.0,CURRENT_HOLDING,0.75,EXPLICIT_PERCENT,[57540.0],57540.0,,[],,,False,False,False,True,0.99,False,AUTO_HIGH_CONFIDENCE,RULE_BASED_AND_CURATED,334913f08c4e4fef,2026-06-23T06:51:03.641Z
6a3a2cf51226b8e7029ea496,BUY DLF@618 SL 604 TGT 630-640,BUY DLF @618 SL 604 TGT 630-640,NSE,INDIA_EQUITY,TRADE_ACTION,OPEN_LONG,SINGLE_INSTRUMENT,,DLF,"[""DLF""]",,,,LONG,100.0,MODEL_ALLOCATION,,DEFAULT_FULL_ALLOCATION,[618.0],618.0,604.0,"[630.0, 640.0]",630.0,640.0,False,False,False,True,0.98,False,AUTO_HIGH_CONFIDENCE,RULE_BASED_AND_CURATED,d77a88cc75aebc5a,2026-06-23T06:51:33.044Z
6a3a31a31226b8e7029ea5ea,HOLD JSWSTEEL WITH SL 1240,HOLD JSWSTEEL WITH SL 1240,NSE,INDIA_EQUITY,TRADE_UPDATE,UPDATE_STOP_LOSS,SINGLE_INSTRUMENT,,JSWSTEEL,"[""JSWSTEEL""]",,,,,,NONE,,NOT_APPLICABLE,[],,1240.0,[],,,False,False,False,True,0.99,False,AUTO_HIGH_CONFIDENCE,RULE_BASED_AND_CURATED,1f585780b7f72e95,2026-06-23T07:11:31.259Z
6a3a3dd21226b8e7029ea93b,50% PROFIT BOOK IN BEL @423.20,50% PROFIT BOOK IN BEL @423.20,NSE,INDIA_EQUITY,TRADE_ACTION,REDUCE_POSITION,SINGLE_INSTRUMENT,,BEL,"[""BEL""]",,,,,50.0,CURRENT_HOLDING,0.5,EXPLICIT_PERCENT,[423.2],423.2,,[],,,False,False,False,True,0.99,False,AUTO_HIGH_CONFIDENCE,RULE_BASED_AND_CURATED,865735267529b341,2026-06-23T08:03:30.735Z
6a3a40a21226b8e7029eaaed,HOLD GOLD WITH POSITIONAL SL 145000,HOLD GOLD WITH POSITIONAL SL 145000,MCX,INDIA_COMMODITY,TRADE_UPDATE,UPDATE_STOP_LOSS,SINGLE_INSTRUMENT,,GOLD,"[""GOLD""]",,,,,,NONE,,NOT_APPLICABLE,[],,145000.0,[],,,False,False,False,True,0.99,False,CURATED_PILOT,ASSISTANT_CURATED_RULE_REVIEW,50dc07427b3b220a,2026-06-23T08:15:30.965Z
6a3a42e81226b8e7029eabb4,HOLD NIFTY FOR TOMORROW,HOLD NIFTY FOR TOMORROW,Indian Indices,INDIA_INDEX,TRADE_UPDATE,HOLD_POSITION,SINGLE_INSTRUMENT,,NIFTY,"[""NIFTY""]",,,,,,NONE,,NOT_APPLICABLE,[],,,[],,,False,False,False,True,0.97,False,CURATED_PILOT,ASSISTANT_CURATED_RULE_REVIEW,b8c46bb2150e3a8f,2026-06-23T08:25:12.312Z
6a3a543f1226b8e7029eae1b,50% BUY NIFTY@23875 SL 23800 TGT 24000-24100,50% BUY NIFTY @23875 SL 23800 TGT 24000-24100,Indian Indices,INDIA_INDEX,TRADE_ACTION,OPEN_LONG,SINGLE_INSTRUMENT,,NIFTY,"[""NIFTY""]",,,,LONG,50.0,MODEL_ALLOCATION,,EXPLICIT_PERCENT,[23875.0],23875.0,23800.0,"[24000.0, 24100.0]",24000.0,24100.0,False,False,False,True,0.98,False,AUTO_HIGH_CONFIDENCE,RULE_BASED_AND_CURATED,5ec58d92898fbf5d,2026-06-23T09:39:11.386Z
6a3a57591226b8e7029eafda,FULL PROFIT BOOK IN BEL@419.10,FULL PROFIT BOOK IN BEL @419.10,NSE,INDIA_EQUITY,TRADE_ACTION,CLOSE_POSITION,SINGLE_INSTRUMENT,,BEL,"[""BEL""]",,,,,100.0,CURRENT_HOLDING,0.0,FULL_EXIT_RULE,[419.1],419.1,,[],,,False,False,False,True,0.99,False,AUTO_HIGH_CONFIDENCE,RULE_BASED_AND_CURATED,506ae3b8312d20ae,2026-06-23T09:52:25.866Z
6a3a587c1226b8e7029eb054,HOLD NIFTY WITH SL 23780,HOLD NIFTY WITH SL 23780,Indian Indices,INDIA_INDEX,TRADE_UPDATE,UPDATE_STOP_LOSS,SINGLE_INSTRUMENT,,NIFTY,"[""NIFTY""]",,,,,,NONE,,NOT_APPLICABLE,[],,23780.0,[],,,False,False,False,True,0.99,False,CURATED_PILOT,ASSISTANT_CURATED_RULE_REVIEW,63388305650b1e4a,2026-06-23T09:57:16.785Z
6a3a58b71226b8e7029eb1fd,50% SELL BANKNIFTY@57176 SL 57500 TGT OPEN,50% SELL BANKNIFTY @57176 SL 57500 TGT OPEN,Indian Indices,INDIA_INDEX,TRADE_ACTION,OPEN_SHORT,SINGLE_INSTRUMENT,,BANKNIFTY,"[""BANKNIFTY""]",,,,SHORT,50.0,MODEL_ALLOCATION,,EXPLICIT_PERCENT,[57176.0],57176.0,57500.0,[],,,False,False,False,True,0.97,False,CURATED_PILOT,ASSISTANT_CURATED_RULE_REVIEW,8d9f2f23fbb4065f,2026-06-23T09:58:15.724Z
6a3a8c841226b8e7029eba3d,Positional buy 30% CBRE @ 130.56,Positional buy 30% CBRE @ 130.56,International Market,GLOBAL_EQUITY,TRADE_ACTION,OPEN_LONG,SINGLE_INSTRUMENT,,CBRE,"[""CBRE""]",,,,LONG,30.0,MODEL_ALLOCATION,,EXPLICIT_PERCENT,[130.56],130.56,,[],,,False,False,False,True,0.98,False,AUTO_HIGH_CONFIDENCE,RULE_BASED_AND_CURATED,d46885699686c891,2026-06-23T13:39:16.640Z
6a3a8f591226b8e7029ebc14,Book profit in AAPL @ 300,Book profit in AAPL @ 300,International Market,GLOBAL_EQUITY,TRADE_ACTION,CLOSE_POSITION,SINGLE_INSTRUMENT,,AAPL,"[""AAPL""]",,,,,100.0,CURRENT_HOLDING,0.0,FULL_EXIT_RULE,[300.0],300.0,,[],,,False,False,False,True,0.96,False,AUTO_HIGH_CONFIDENCE,RULE_BASED_AND_CURATED,a797293ce49bbfa9,2026-06-23T13:51:21.816Z
6a3a92b71226b8e7029ebcc8,Day traders book 50% profit in NBIS @ 291,Day traders book 50% profit in NBIS @ 291,International Market,GLOBAL_EQUITY,TRADE_ACTION,REDUCE_POSITION,SINGLE_INSTRUMENT,,NBIS,"[""NBIS""]",,,,,50.0,CURRENT_HOLDING,0.5,EXPLICIT_PERCENT,[291.0],291.0,,[],,,False,False,False,True,0.99,False,AUTO_HIGH_CONFIDENCE,RULE_BASED_AND_CURATED,a4067b4a4a2b0d02,2026-06-23T14:05:43.129Z
6a3a936a1226b8e7029ebcd9,Book 50% profit in Russell @ 2985,Book 50% profit in Russell @ 2985,International Market,GLOBAL_INDEX_OR_MACRO,TRADE_ACTION,REDUCE_POSITION,SINGLE_INSTRUMENT,,RUSSELL,"[""RUSSELL""]",,,,,50.0,CURRENT_HOLDING,0.5,EXPLICIT_PERCENT,[2985.0],2985.0,,[],,,False,False,False,True,0.99,False,AUTO_HIGH_CONFIDENCE,RULE_BASED_AND_CURATED,9ff12608d714e14d,2026-06-23T14:08:42.437Z
6a3a9bba1226b8e7029ec132,Full Profit book in NG @ 302,Full Profit book in NG @ 302,MCX,INDIA_COMMODITY,TRADE_ACTION,CLOSE_POSITION,SINGLE_INSTRUMENT,,NATURAL_GAS,"[""NATURAL_GAS""]",,,,,100.0,CURRENT_HOLDING,0.0,FULL_EXIT_RULE,[302.0],302.0,,[],,,False,False,False,True,0.99,False,AUTO_HIGH_CONFIDENCE,RULE_BASED_AND_CURATED,6b9f0d0d9d09559a,2026-06-23T14:44:10.394Z
6a3a9c401226b8e7029ec192,50% Profit Book in US coffee @ 272.60,50% Profit Book in US coffee @ 272.60,International Market,GLOBAL_COMMODITY,TRADE_ACTION,REDUCE_POSITION,SINGLE_INSTRUMENT,,US_COFFEE,"[""US_COFFEE""]",,,,,50.0,CURRENT_HOLDING,0.5,EXPLICIT_PERCENT,[272.6],272.6,,[],,,False,False,False,True,0.99,False,AUTO_HIGH_CONFIDENCE,RULE_BASED_AND_CURATED,38d664f99cb694ea,2026-06-23T14:46:24.076Z
6a3a9c751226b8e7029ec1a0,Full Profit book in NG@ 3.20,Full Profit book in NG @ 3.20,International Market,GLOBAL_COMMODITY,TRADE_ACTION,CLOSE_POSITION,SINGLE_INSTRUMENT,,NATURAL_GAS,"[""NATURAL_GAS""]",,,,,100.0,CURRENT_HOLDING,0.0,FULL_EXIT_RULE,[3.2],3.2,,[],,,False,False,False,True,0.99,False,AUTO_HIGH_CONFIDENCE,RULE_BASED_AND_CURATED,9ffa6fc162760779,2026-06-23T14:47:17.266Z
6a3a9db61226b8e7029ec364,Buy 50% nasdaq @29600 with SL 29300 for target 30000-30400,Buy 50% nasdaq @29600 with SL 29300 for target 30000-30400,International Market,GLOBAL_INDEX_OR_MACRO,TRADE_ACTION,OPEN_LONG,SINGLE_INSTRUMENT,,NASDAQ,"[""NASDAQ""]",,,,LONG,50.0,MODEL_ALLOCATION,,EXPLICIT_PERCENT,[29600.0],29600.0,29300.0,"[30000.0, 30400.0]",30000.0,30400.0,False,False,False,True,0.98,False,AUTO_HIGH_CONFIDENCE,RULE_BASED_AND_CURATED,a9accd7d990789f6,2026-06-23T14:52:38.466Z
6a3a9ddc1226b8e7029ec378,Book 50% profit in Dow @ 51725,Book 50% profit in Dow @ 51725,International Market,GLOBAL_INDEX_OR_MACRO,TRADE_ACTION,REDUCE_POSITION,SINGLE_INSTRUMENT,,DOW,"[""DOW""]",,,,,50.0,CURRENT_HOLDING,0.5,EXPLICIT_PERCENT,[51725.0],51725.0,,[],,,False,False,False,True,0.99,False,AUTO_HIGH_CONFIDENCE,RULE_BASED_AND_CURATED,7e687f2b4c0c415d,2026-06-23T14:53:16.565Z
6a3a9e241226b8e7029ec397,Buy PLTR @119 with SL 117 for target 124-127,Buy PLTR @119 with SL 117 for target 124-127,International Market,GLOBAL_EQUITY,TRADE_ACTION,OPEN_LONG,SINGLE_INSTRUMENT,,PLTR,"[""PLTR""]",,,,LONG,100.0,MODEL_ALLOCATION,,DEFAULT_FULL_ALLOCATION,[119.0],119.0,117.0,"[124.0, 127.0]",124.0,127.0,False,False,False,True,0.98,False,AUTO_HIGH_CONFIDENCE,RULE_BASED_AND_CURATED,8389dce79e0628a1,2026-06-23T14:54:28.175Z
6a3a9e591226b8e7029ec3a5,Buy 50% hood @104.70 for target 111-120,Buy 50% hood @104.70 for target 111-120,International Market,GLOBAL_EQUITY,TRADE_ACTION,OPEN_LONG,SINGLE_INSTRUMENT,,HOOD,"[""HOOD""]",,,,LONG,50.0,MODEL_ALLOCATION,,EXPLICIT_PERCENT,[104.7],104.7,,"[111.0, 120.0]",111.0,120.0,False,False,False,True,0.98,False,AUTO_HIGH_CONFIDENCE,RULE_BASED_AND_CURATED,a71b0a042bc28e76,2026-06-23T14:55:21.540Z
6a3a9e711226b8e7029ec41b,Buy 50% RKLB @ 97.80 for target 105-115,Buy 50% RKLB @ 97.80 for target 105-115,International Market,GLOBAL_EQUITY,TRADE_ACTION,OPEN_LONG,SINGLE_INSTRUMENT,,RKLB,"[""RKLB""]",,,,LONG,50.0,MODEL_ALLOCATION,,EXPLICIT_PERCENT,[97.8],97.8,,"[105.0, 115.0]",105.0,115.0,False,False,False,True,0.98,False,AUTO_HIGH_CONFIDENCE,RULE_BASED_AND_CURATED,20559762d2dd4fe8,2026-06-23T14:55:45.409Z
6a3aae051226b8e7029ecbd6,Book profit in us coffee @278,Book profit in us coffee @278,International Market,GLOBAL_COMMODITY,TRADE_ACTION,CLOSE_POSITION,SINGLE_INSTRUMENT,,US_COFFEE,"[""US_COFFEE""]",,,,,100.0,CURRENT_HOLDING,0.0,FULL_EXIT_RULE,[278.0],278.0,,[],,,False,False,False,True,0.96,False,AUTO_HIGH_CONFIDENCE,RULE_BASED_AND_CURATED,070f1e16f008bdea,2026-06-23T16:02:13.514Z
6a3ab6b11226b8e7029ecf34,Buy 50% soxl @236.75 for target 254-274,Buy 50% soxl @236.75 for target 254-274,International Market,GLOBAL_EQUITY,TRADE_ACTION,OPEN_LONG,SINGLE_INSTRUMENT,,SOXL,"[""SOXL""]",,,,LONG,50.0,MODEL_ALLOCATION,,EXPLICIT_PERCENT,[236.75],236.75,,"[254.0, 274.0]",254.0,274.0,False,False,False,True,0.98,False,AUTO_HIGH_CONFIDENCE,RULE_BASED_AND_CURATED,bea8843ba4313575,2026-06-23T16:39:13.636Z
6a3ac19e1226b8e7029ed138,Book profit in Russell @ 2999,Book profit in Russell @ 2999,International Market,GLOBAL_INDEX_OR_MACRO,TRADE_ACTION,CLOSE_POSITION,SINGLE_INSTRUMENT,,RUSSELL,"[""RUSSELL""]",,,,,100.0,CURRENT_HOLDING,0.0,FULL_EXIT_RULE,[2999.0],2999.0,,[],,,False,False,False,True,0.96,False,CURATED_PILOT,ASSISTANT_CURATED_RULE_REVIEW,8a71c8770e3cc76d,2026-06-23T17:25:50.290Z
6a3b2d0f1226b8e7029ed788,Sl touch exit from gold,Sl touch exit from gold,International Market,GLOBAL_COMMODITY,TRADE_ACTION,CLOSE_POSITION,SINGLE_INSTRUMENT,,GOLD,"[""GOLD""]",,,,,100.0,CURRENT_HOLDING,0.0,FULL_EXIT_RULE,[],,,[],,,False,False,False,True,0.99,False,AUTO_HIGH_CONFIDENCE,RULE_BASED_AND_CURATED,0859df5e165cd5b0,2026-06-24T01:04:15.265Z
6a3b2daf1226b8e7029ed845,Sl touch exit from silver,Sl touch exit from silver,International Market,GLOBAL_COMMODITY,TRADE_ACTION,CLOSE_POSITION,SINGLE_INSTRUMENT,,SILVER,"[""SILVER""]",,,,,100.0,CURRENT_HOLDING,0.0,FULL_EXIT_RULE,[],,,[],,,False,False,False,True,0.99,False,AUTO_HIGH_CONFIDENCE,RULE_BASED_AND_CURATED,558bd08340c902b9,2026-06-24T01:06:55.103Z
6a3b3a8b1226b8e7029eda56,Pls note following support levels for positional traders. Gold (Spot) - 4000 & Silver (Spot) - 60. If the above mentioned levels are not breached then we should be seeing a sizable uptrend in July 2026.,Pls note following support levels for positional traders. Gold (Spot) - 4000 & Silver (Spot) - 60. If the above mentioned levels are not breached then we should be seeing a sizable uptrend in July 2026.,International Market,GLOBAL_EQUITY,NON_TRADE,MARKET_COMMENTARY,MULTI_INSTRUMENT,,,"[""GOLD"", ""SILVER""]",JUL,,,,,NONE,,NOT_APPLICABLE,[],,,[],,,False,True,True,False,0.92,False,CURATED_PILOT,ASSISTANT_CURATED_RULE_REVIEW,8848e0af77a317b5,2026-06-24T02:01:47.905Z
6a3b3e7b1226b8e7029edc7f,Book 50% profit in DASH/USD @ 36.30,Book 50% profit in DASH/USD @ 36.30,International Market,FX_OR_CRYPTO,TRADE_ACTION,REDUCE_POSITION,SINGLE_INSTRUMENT,,DASHUSD,"[""DASHUSD""]",,,,,50.0,CURRENT_HOLDING,0.5,EXPLICIT_PERCENT,[36.3],36.3,,[],,,False,False,False,True,0.99,False,AUTO_HIGH_CONFIDENCE,RULE_BASED_AND_CURATED,cc65dd837c0f96c6,2026-06-24T02:18:35.786Z
6a3b50411226b8e7029ee521,HOLD SILVER WITH SL 222000,HOLD SILVER WITH SL 222000,MCX,INDIA_COMMODITY,TRADE_UPDATE,UPDATE_STOP_LOSS,SINGLE_INSTRUMENT,,SILVER,"[""SILVER""]",,,,,,NONE,,NOT_APPLICABLE,[],,222000.0,[],,,False,False,False,True,0.99,False,CURATED_PILOT,ASSISTANT_CURATED_RULE_REVIEW,6bc17a699e726b4b,2026-06-24T03:34:25.714Z
6a3b506d1226b8e7029ee57d,HOLD CRUDEOILM WITH SL 6840,HOLD CRUDEOILM WITH SL 6840,MCX,INDIA_COMMODITY,TRADE_UPDATE,UPDATE_STOP_LOSS,SINGLE_INSTRUMENT,,CRUDE_MINI,"[""CRUDE_MINI""]",,,,,,NONE,,NOT_APPLICABLE,[],,6840.0,[],,,False,False,False,True,0.99,False,AUTO_HIGH_CONFIDENCE,RULE_BASED_AND_CURATED,8fde00ad636beca6,2026-06-24T03:35:09.371Z
6a3b509b1226b8e7029ee599,HOLD GOLD WITH STRICT SL 144180,HOLD GOLD WITH STRICT SL 144180,MCX,INDIA_COMMODITY,TRADE_UPDATE,UPDATE_STOP_LOSS,SINGLE_INSTRUMENT,,GOLD,"[""GOLD""]",,,,,,NONE,,NOT_APPLICABLE,[],,144180.0,[],,,False,False,False,True,0.99,False,AUTO_HIGH_CONFIDENCE,RULE_BASED_AND_CURATED,31e36e6b6540290d,2026-06-24T03:35:55.060Z
6a3b52ef1226b8e7029ee612,HOLD WIPRO WITH SL 171,HOLD WIPRO WITH SL 171,NSE,INDIA_EQUITY,TRADE_UPDATE,UPDATE_STOP_LOSS,SINGLE_INSTRUMENT,,WIPRO,"[""WIPRO""]",,,,,,NONE,,NOT_APPLICABLE,[],,171.0,[],,,False,False,False,True,0.99,False,CURATED_PILOT,ASSISTANT_CURATED_RULE_REVIEW,c01a492759d46e4f,2026-06-24T03:45:51.761Z
6a3b53181226b8e7029ee634,BUY INFY@1040 STRICT SL 1030 TGT 1060-1080,BUY INFY @1040 STRICT SL 1030 TGT 1060-1080,NSE,INDIA_EQUITY,TRADE_ACTION,OPEN_LONG,SINGLE_INSTRUMENT,,INFY,"[""INFY""]",,,,LONG,100.0,MODEL_ALLOCATION,,DEFAULT_FULL_ALLOCATION,[1040.0],1040.0,1030.0,"[1060.0, 1080.0]",1060.0,1080.0,False,False,False,True,0.98,False,AUTO_HIGH_CONFIDENCE,RULE_BASED_AND_CURATED,20acd8b9df29d76f,2026-06-24T03:46:32.781Z
6a3b53f31226b8e7029ee726,HOLD BANKNIFTY,HOLD BANKNIFTY,Indian Indices,INDIA_INDEX,TRADE_UPDATE,HOLD_POSITION,SINGLE_INSTRUMENT,,BANKNIFTY,"[""BANKNIFTY""]",,,,,,NONE,,NOT_APPLICABLE,[],,,[],,,False,False,False,True,0.97,False,CURATED_PILOT,ASSISTANT_CURATED_RULE_REVIEW,3d39bc95901baf53,2026-06-24T03:50:11.977Z
6a3b54591226b8e7029ee866,50% PROFIT BOOK IN DRREDDY@1327,50% PROFIT BOOK IN DRREDDY @1327,NSE,INDIA_EQUITY,TRADE_ACTION,REDUCE_POSITION,SINGLE_INSTRUMENT,,DRREDDY,"[""DRREDDY""]",,,,,50.0,CURRENT_HOLDING,0.5,EXPLICIT_PERCENT,[1327.0],1327.0,,[],,,False,False,False,True,0.99,False,AUTO_HIGH_CONFIDENCE,RULE_BASED_AND_CURATED,b4c7caa753098f96,2026-06-24T03:51:53.155Z
6a3b57551226b8e7029eeb25,HOLD MARUTI WITH SL 13300,HOLD MARUTI WITH SL 13300,NSE,INDIA_EQUITY,TRADE_UPDATE,UPDATE_STOP_LOSS,SINGLE_INSTRUMENT,,MARUTI,"[""MARUTI""]",,,,,,NONE,,NOT_APPLICABLE,[],,13300.0,[],,,False,False,False,True,0.99,False,CURATED_PILOT,ASSISTANT_CURATED_RULE_REVIEW,e3015a6b596a7dd6,2026-06-24T04:04:37.974Z
6a3b5c311226b8e7029eee1f,SL TOUCH IN TATASTEEL,SL TOUCH IN TATASTEEL,NSE,INDIA_EQUITY,TRADE_ACTION,CLOSE_POSITION,SINGLE_INSTRUMENT,,TATASTEEL,"[""TATASTEEL""]",,,,,100.0,CURRENT_HOLDING,0.0,FULL_EXIT_RULE,[],,,[],,,False,False,False,True,0.99,False,CURATED_PILOT,ASSISTANT_CURATED_RULE_REVIEW,ee0179a820f8f997,2026-06-24T04:25:21.925Z
6a3b5c491226b8e7029eee62,POSITIONAL TRADER HOLD TATASTEEL FOR NEXT WEEK,POSITIONAL TRADER HOLD TATASTEEL FOR NEXT WEEK,NSE,INDIA_EQUITY,TRADE_UPDATE,HOLD_POSITION,SINGLE_INSTRUMENT,,TATASTEEL,"[""TATASTEEL""]",,,,,,NONE,,NOT_APPLICABLE,[],,,[],,,False,False,False,True,0.97,False,CURATED_PILOT,ASSISTANT_CURATED_RULE_REVIEW,9a1ca60ec3215294,2026-06-24T04:25:45.305Z
6a3b5ce01226b8e7029eeea7,POSITIONAL BUY HINDALCO(JULY)@973 SL 958 TGT 1015-1040,POSITIONAL BUY HINDALCO(JULY)@973 SL 958 TGT 1015-1040,NSE,INDIA_EQUITY,TRADE_ACTION,OPEN_LONG,SINGLE_INSTRUMENT,,HINDALCO,"[""HINDALCO""]",JUL,,,LONG,100.0,MODEL_ALLOCATION,,DEFAULT_FULL_ALLOCATION,[973.0],973.0,958.0,"[1015.0, 1040.0]",1015.0,1040.0,False,False,False,True,0.98,False,AUTO_HIGH_CONFIDENCE,RULE_BASED_AND_CURATED,897b84574774327b,2026-06-24T04:28:16.534Z
6a3b60b11226b8e7029ef070,PART PROFIT BOOK IN NIFTY@23925,PART PROFIT BOOK IN NIFTY @23925,Indian Indices,INDIA_INDEX,TRADE_ACTION,REDUCE_POSITION,SINGLE_INSTRUMENT,,NIFTY,"[""NIFTY""]",,,,,25.0,CURRENT_HOLDING,0.75,PART_PROFIT_RULE,[23925.0],23925.0,,[],,,False,False,False,True,0.99,False,AUTO_HIGH_CONFIDENCE,RULE_BASED_AND_CURATED,9647e6cfb64a912c,2026-06-24T04:44:33.483Z
6a3b60d61226b8e7029ef0b9,SL TOUCH IN MARUTI,SL TOUCH IN MARUTI,NSE,INDIA_EQUITY,TRADE_ACTION,CLOSE_POSITION,SINGLE_INSTRUMENT,,MARUTI,"[""MARUTI""]",,,,,100.0,CURRENT_HOLDING,0.0,FULL_EXIT_RULE,[],,,[],,,False,False,False,True,0.99,False,AUTO_HIGH_CONFIDENCE,RULE_BASED_AND_CURATED,d11bb367efb4e213,2026-06-24T04:45:10.011Z
6a3b61251226b8e7029ef0e3,POSITIONAL BUY TATASTEEL(JULY)@192.30 SL 185 TGT 205-214,POSITIONAL BUY TATASTEEL(JULY)@192.30 SL 185 TGT 205-214,NSE,INDIA_EQUITY,TRADE_ACTION,OPEN_LONG,SINGLE_INSTRUMENT,,TATASTEEL,"[""TATASTEEL""]",JUL,,,LONG,100.0,MODEL_ALLOCATION,,DEFAULT_FULL_ALLOCATION,[192.3],192.3,185.0,"[205.0, 214.0]",205.0,214.0,False,False,False,True,0.98,False,AUTO_HIGH_CONFIDENCE,RULE_BASED_AND_CURATED,10decf4085eebc35,2026-06-24T04:46:29.495Z
6a3b61c11226b8e7029ef146,POSITIONAL SELL BANKNIFTY(JULY)@58065 SL 58600 TGT 57500-57000,POSITIONAL SELL BANKNIFTY(JULY)@58065 SL 58600 TGT 57500-57000,Indian Indices,INDIA_INDEX,TRADE_ACTION,OPEN_SHORT,SINGLE_INSTRUMENT,,BANKNIFTY,"[""BANKNIFTY""]",JUL,,,SHORT,100.0,MODEL_ALLOCATION,,DEFAULT_FULL_ALLOCATION,[58065.0],58065.0,58600.0,"[57500.0, 57000.0]",57500.0,57000.0,False,False,False,True,0.96,False,AUTO_HIGH_CONFIDENCE,RULE_BASED_AND_CURATED,8b6dcc3431235abf,2026-06-24T04:49:05.606Z
6a3b638a1226b8e7029ef19c,50% PROFIT BOOK IN INFY@1050,50% PROFIT BOOK IN INFY @1050,NSE,INDIA_EQUITY,TRADE_ACTION,REDUCE_POSITION,SINGLE_INSTRUMENT,,INFY,"[""INFY""]",,,,,50.0,CURRENT_HOLDING,0.5,EXPLICIT_PERCENT,[1050.0],1050.0,,[],,,False,False,False,True,0.99,False,AUTO_HIGH_CONFIDENCE,RULE_BASED_AND_CURATED,06161f1216c2d91c,2026-06-24T04:56:42.166Z
6a3b72181226b8e7029ef5e1,25% PROFIT BOOK IN NIFTY@23985,25% PROFIT BOOK IN NIFTY @23985,Indian Indices,INDIA_INDEX,TRADE_ACTION,REDUCE_POSITION,SINGLE_INSTRUMENT,,NIFTY,"[""NIFTY""]",,,,,25.0,CURRENT_HOLDING,0.75,EXPLICIT_PERCENT,[23985.0],23985.0,,[],,,False,False,False,True,0.99,False,CURATED_PILOT,ASSISTANT_CURATED_RULE_REVIEW,45af415d446558b1,2026-06-24T05:58:48.934Z
6a3b76321226b8e7029ef796,BUY AXISBANK@1380 SL 1358 TGT 1410-1430,BUY AXISBANK @1380 SL 1358 TGT 1410-1430,NSE,INDIA_EQUITY,TRADE_ACTION,OPEN_LONG,SINGLE_INSTRUMENT,,AXISBANK,"[""AXISBANK""]",,,,LONG,100.0,MODEL_ALLOCATION,,DEFAULT_FULL_ALLOCATION,[1380.0],1380.0,1358.0,"[1410.0, 1430.0]",1410.0,1430.0,False,False,False,True,0.98,False,CURATED_PILOT,ASSISTANT_CURATED_RULE_REVIEW,0935febe24275673,2026-06-24T06:16:18.201Z
6a3b8b4d1226b8e7029efaae,50% PROFIT BOOK IN NIFTY @24071,50% PROFIT BOOK IN NIFTY @24071,Indian Indices,INDIA_INDEX,TRADE_ACTION,REDUCE_POSITION,SINGLE_INSTRUMENT,,NIFTY,"[""NIFTY""]",,,,,50.0,CURRENT_HOLDING,0.5,EXPLICIT_PERCENT,[24071.0],24071.0,,[],,,False,False,False,True,0.99,False,CURATED_PILOT,ASSISTANT_CURATED_RULE_REVIEW,9342ff32209d2ce1,2026-06-24T07:46:21.555Z
6a3b90141226b8e7029efbe1,50% PROFIT BOOK IN NIFTY (STRIKE 24000/ JUNE)CE@ 212.50,50% PROFIT BOOK IN NIFTY (STRIKE 24000/ JUNE)CE @ 212.50,Indian Indices,INDIA_INDEX,TRADE_ACTION,REDUCE_POSITION,SINGLE_INSTRUMENT,,NIFTY,"[""NIFTY""]",JUN,24000,CE,,50.0,CURRENT_HOLDING,0.5,EXPLICIT_PERCENT,[212.5],212.5,,[],,,False,False,False,True,0.99,False,AUTO_HIGH_CONFIDENCE,RULE_BASED_AND_CURATED,0db51f731e570649,2026-06-24T08:06:44.447Z
6a3b92c51226b8e7029efd43,50% PROFIT BOOK IN FEDERALBANK@327,50% PROFIT BOOK IN FEDERALBANK @327,NSE,INDIA_EQUITY,TRADE_ACTION,REDUCE_POSITION,SINGLE_INSTRUMENT,,FEDERALBANK,"[""FEDERALBANK""]",,,,,50.0,CURRENT_HOLDING,0.5,EXPLICIT_PERCENT,[327.0],327.0,,[],,,False,False,False,True,0.99,False,CURATED_PILOT,ASSISTANT_CURATED_RULE_REVIEW,f6b1fc105a1e55eb,2026-06-24T08:18:13.928Z
6a3b93a81226b8e7029efd66,SL TOUCH IN CRUDEOILM,SL TOUCH IN CRUDEOILM,MCX,INDIA_COMMODITY,TRADE_ACTION,CLOSE_POSITION,SINGLE_INSTRUMENT,,CRUDE_MINI,"[""CRUDE_MINI""]",,,,,100.0,CURRENT_HOLDING,0.0,FULL_EXIT_RULE,[],,,[],,,False,False,False,True,0.99,False,AUTO_HIGH_CONFIDENCE,RULE_BASED_AND_CURATED,8e0d910005545c62,2026-06-24T08:22:00.526Z
6a3b98d21226b8e7029eff2c,FULL PROFIT BOOK IN INFY@1062.50,FULL PROFIT BOOK IN INFY @1062.50,NSE,INDIA_EQUITY,TRADE_ACTION,CLOSE_POSITION,SINGLE_INSTRUMENT,,INFY,"[""INFY""]",,,,,100.0,CURRENT_HOLDING,0.0,FULL_EXIT_RULE,[1062.5],1062.5,,[],,,False,False,False,True,0.99,False,AUTO_HIGH_CONFIDENCE,RULE_BASED_AND_CURATED,2873f3ab0f86e532,2026-06-24T08:44:02.697Z
6a3b99291226b8e7029eff7e,50% PROFIT BOOK IN DLF@623.30,50% PROFIT BOOK IN DLF @623.30,NSE,INDIA_EQUITY,TRADE_ACTION,REDUCE_POSITION,SINGLE_INSTRUMENT,,DLF,"[""DLF""]",,,,,50.0,CURRENT_HOLDING,0.5,EXPLICIT_PERCENT,[623.3],623.3,,[],,,False,False,False,True,0.99,False,AUTO_HIGH_CONFIDENCE,RULE_BASED_AND_CURATED,15d7a67baba46c5e,2026-06-24T08:45:29.795Z
6a3b9f7b1226b8e7029f0015,INTRADAY 50% PROFIT BOOK IN HINDALCO@983,INTRADAY 50% PROFIT BOOK IN HINDALCO @983,NSE,INDIA_EQUITY,TRADE_ACTION,REDUCE_POSITION,SINGLE_INSTRUMENT,,HINDALCO,"[""HINDALCO""]",,,,,50.0,CURRENT_HOLDING,0.5,EXPLICIT_PERCENT,[983.0],983.0,,[],,,False,False,False,True,0.99,False,AUTO_HIGH_CONFIDENCE,RULE_BASED_AND_CURATED,9eec3cf1d57d30ce,2026-06-24T09:12:27.474Z
6a3ba1b11226b8e7029f00df,50% PROFIT BOOK IN HDFCBANK@794,50% PROFIT BOOK IN HDFCBANK @794,NSE,INDIA_EQUITY,TRADE_ACTION,REDUCE_POSITION,SINGLE_INSTRUMENT,,HDFCBANK,"[""HDFCBANK""]",,,,,50.0,CURRENT_HOLDING,0.5,EXPLICIT_PERCENT,[794.0],794.0,,[],,,False,False,False,True,0.99,False,AUTO_HIGH_CONFIDENCE,RULE_BASED_AND_CURATED,3f6010a80bedd876,2026-06-24T09:21:53.553Z
6a3ba5261226b8e7029f0337,50% BUY NIFTY@24040 SL 23900 TGT 24200-24350,50% BUY NIFTY @24040 SL 23900 TGT 24200-24350,Indian Indices,INDIA_INDEX,TRADE_ACTION,OPEN_LONG,SINGLE_INSTRUMENT,,NIFTY,"[""NIFTY""]",,,,LONG,50.0,MODEL_ALLOCATION,,EXPLICIT_PERCENT,[24040.0],24040.0,23900.0,"[24200.0, 24350.0]",24200.0,24350.0,False,False,False,True,0.98,False,CURATED_PILOT,ASSISTANT_CURATED_RULE_REVIEW,5da5b14de3541e35,2026-06-24T09:36:38.483Z
6a3ba62a1226b8e7029f042b,50% SELL BANKNIFTY(JULY)@58500 SL 58900 TGT 58000-57500,50% SELL BANKNIFTY(JULY)@58500 SL 58900 TGT 58000-57500,Indian Indices,INDIA_INDEX,TRADE_ACTION,OPEN_SHORT,SINGLE_INSTRUMENT,,BANKNIFTY,"[""BANKNIFTY""]",JUL,,,SHORT,50.0,MODEL_ALLOCATION,,EXPLICIT_PERCENT,[58500.0],58500.0,58900.0,"[58000.0, 57500.0]",58000.0,57500.0,False,False,False,True,0.97,False,AUTO_HIGH_CONFIDENCE,RULE_BASED_AND_CURATED,3a91accebde69ce5,2026-06-24T09:40:58.849Z
6a3ba6871226b8e7029f04c4,BUY ICICIBANK@1374 SL 1360 TGT 1400-1410,BUY ICICIBANK @1374 SL 1360 TGT 1400-1410,NSE,INDIA_EQUITY,TRADE_ACTION,OPEN_LONG,SINGLE_INSTRUMENT,,ICICIBANK,"[""ICICIBANK""]",,,,LONG,100.0,MODEL_ALLOCATION,,DEFAULT_FULL_ALLOCATION,[1374.0],1374.0,1360.0,"[1400.0, 1410.0]",1400.0,1410.0,False,False,False,True,0.98,False,AUTO_HIGH_CONFIDENCE,RULE_BASED_AND_CURATED,ac201b774c0c1f83,2026-06-24T09:42:31.204Z
6a3ba6f61226b8e7029f0587,BUY CRUDEOILM@6830 STRICT  SL 6798 TGT 7000-7100,BUY CRUDEOILM @6830 STRICT SL 6798 TGT 7000-7100,MCX,INDIA_COMMODITY,TRADE_ACTION,OPEN_LONG,SINGLE_INSTRUMENT,,CRUDE_MINI,"[""CRUDE_MINI""]",,,,LONG,100.0,MODEL_ALLOCATION,,DEFAULT_FULL_ALLOCATION,[6830.0],6830.0,6798.0,"[7000.0, 7100.0]",7000.0,7100.0,False,False,False,True,0.98,False,CURATED_PILOT,ASSISTANT_CURATED_RULE_REVIEW,f6e49e6e96cb7474,2026-06-24T09:44:22.517Z
6a3bdf0b56a63e397cfc8e70,50% Profit Book in CBRE@ 135,50% Profit Book in CBRE @ 135,International Market,GLOBAL_EQUITY,TRADE_ACTION,REDUCE_POSITION,SINGLE_INSTRUMENT,,CBRE,"[""CBRE""]",,,,,50.0,CURRENT_HOLDING,0.5,EXPLICIT_PERCENT,[135.0],135.0,,[],,,False,False,False,True,0.99,False,AUTO_HIGH_CONFIDENCE,RULE_BASED_AND_CURATED,118d90f6f5fee150,2026-06-24T13:43:39.995Z
6a3bea9456a63e397cfc91fc,Sell Russell @ 2999 with SL 3022 for target 2980-2960,Sell Russell @ 2999 with SL 3022 for target 2980-2960,International Market,GLOBAL_INDEX_OR_MACRO,TRADE_ACTION,OPEN_SHORT,SINGLE_INSTRUMENT,,RUSSELL,"[""RUSSELL""]",,,,SHORT,100.0,MODEL_ALLOCATION,,DEFAULT_FULL_ALLOCATION,[2999.0],2999.0,3022.0,"[2980.0, 2960.0]",2980.0,2960.0,False,False,False,True,0.96,False,CURATED_PILOT,ASSISTANT_CURATED_RULE_REVIEW,38ca0ea9769ad444,2026-06-24T14:32:52.417Z
6a3beab956a63e397cfc9217,Sell dow @51905 with SL 52360 for target 51600-51400,Sell dow @51905 with SL 52360 for target 51600-51400,International Market,GLOBAL_INDEX_OR_MACRO,TRADE_ACTION,OPEN_SHORT,SINGLE_INSTRUMENT,,DOW,"[""DOW""]",,,,SHORT,100.0,MODEL_ALLOCATION,,DEFAULT_FULL_ALLOCATION,[51905.0],51905.0,52360.0,"[51600.0, 51400.0]",51600.0,51400.0,False,False,False,True,0.96,False,CURATED_PILOT,ASSISTANT_CURATED_RULE_REVIEW,c7f1b75f53d947b3,2026-06-24T14:33:29.541Z
6a3bec0a56a63e397cfc92e1,Profit book in US 30Y T Bond@ 114,Profit book in US 30Y T Bond @ 114,International Market,GLOBAL_INDEX_OR_MACRO,TRADE_ACTION,CLOSE_POSITION,SINGLE_INSTRUMENT,,US_30Y_T_BOND,"[""US_30Y_T_BOND""]",,,,,100.0,CURRENT_HOLDING,0.0,FULL_EXIT_RULE,[114.0],114.0,,[],,,False,False,False,True,0.96,False,AUTO_HIGH_CONFIDENCE,RULE_BASED_AND_CURATED,b89dd1336b23928a,2026-06-24T14:39:06.236Z
6a3bf61756a63e397cfc97cd,Hold Russell with SL 3032,Hold Russell with SL 3032,International Market,GLOBAL_INDEX_OR_MACRO,TRADE_UPDATE,UPDATE_STOP_LOSS,SINGLE_INSTRUMENT,,RUSSELL,"[""RUSSELL""]",,,,,,NONE,,NOT_APPLICABLE,[],,3032.0,[],,,False,False,False,True,0.99,False,AUTO_HIGH_CONFIDENCE,RULE_BASED_AND_CURATED,b702b4df470b8c5d,2026-06-24T15:21:59.977Z
6a3c3bde56a63e397cfca49b,Book 50% profit in stx @1050,Book 50% profit in stx @1050,International Market,GLOBAL_EQUITY,TRADE_ACTION,REDUCE_POSITION,SINGLE_INSTRUMENT,,STX,"[""STX""]",,,,,50.0,CURRENT_HOLDING,0.5,EXPLICIT_PERCENT,[1050.0],1050.0,,[],,,False,False,False,True,0.99,False,AUTO_HIGH_CONFIDENCE,RULE_BASED_AND_CURATED,08435b396ba7fa57,2026-06-24T20:19:42.672Z
6a3c3c1d56a63e397cfca4d4,Book 50% profit in soxl @246.60,Book 50% profit in soxl @246.60,International Market,GLOBAL_EQUITY,TRADE_ACTION,REDUCE_POSITION,SINGLE_INSTRUMENT,,SOXL,"[""SOXL""]",,,,,50.0,CURRENT_HOLDING,0.5,EXPLICIT_PERCENT,[246.6],246.6,,[],,,False,False,False,True,0.99,False,AUTO_HIGH_CONFIDENCE,RULE_BASED_AND_CURATED,79563870d2fe782e,2026-06-24T20:20:45.158Z
6a3c3dd756a63e397cfca5e8,Book profit in sndk @2150,Book profit in sndk @2150,International Market,GLOBAL_EQUITY,TRADE_ACTION,CLOSE_POSITION,SINGLE_INSTRUMENT,,SNDK,"[""SNDK""]",,,,,100.0,CURRENT_HOLDING,0.0,FULL_EXIT_RULE,[2150.0],2150.0,,[],,,False,False,False,True,0.96,False,CURATED_PILOT,ASSISTANT_CURATED_RULE_REVIEW,42d7ca57b1d0d84a,2026-06-24T20:28:07.467Z
6a3c3deb56a63e397cfca613,Book profit in mu @1192,Book profit in mu @1192,International Market,GLOBAL_EQUITY,TRADE_ACTION,CLOSE_POSITION,SINGLE_INSTRUMENT,,MU,"[""MU""]",,,,,100.0,CURRENT_HOLDING,0.0,FULL_EXIT_RULE,[1192.0],1192.0,,[],,,False,False,False,True,0.96,False,CURATED_PILOT,ASSISTANT_CURATED_RULE_REVIEW,ca16ee7c9c78e695,2026-06-24T20:28:27.112Z
6a3c3e9756a63e397cfca685,Book 50% profit in nasdaq @29704,Book 50% profit in nasdaq @29704,International Market,GLOBAL_INDEX_OR_MACRO,TRADE_ACTION,REDUCE_POSITION,SINGLE_INSTRUMENT,,NASDAQ,"[""NASDAQ""]",,,,,50.0,CURRENT_HOLDING,0.5,EXPLICIT_PERCENT,[29704.0],29704.0,,[],,,False,False,False,True,0.99,False,AUTO_HIGH_CONFIDENCE,RULE_BASED_AND_CURATED,e69c856e4ad4ed8f,2026-06-24T20:31:19.502Z
6a3c3f8656a63e397cfca75f,Buy 50% dash/usd @ 33.00,Buy 50% dash/usd @ 33.00,International Market,FX_OR_CRYPTO,TRADE_ACTION,OPEN_LONG,SINGLE_INSTRUMENT,,DASHUSD,"[""DASHUSD""]",,,,LONG,50.0,MODEL_ALLOCATION,,EXPLICIT_PERCENT,[33.0],33.0,,[],,,False,False,False,True,0.98,False,AUTO_HIGH_CONFIDENCE,RULE_BASED_AND_CURATED,17d2f1c47508d0b1,2026-06-24T20:35:18.904Z
6a3ca4a856a63e397cfcb712,BUY PFC@443.50 SL 438  TGT 449- 462,BUY PFC @443.50 SL 438 TGT 449- 462,NSE,INDIA_EQUITY,TRADE_ACTION,OPEN_LONG,SINGLE_INSTRUMENT,,PFC,"[""PFC""]",,,,LONG,100.0,MODEL_ALLOCATION,,DEFAULT_FULL_ALLOCATION,[443.5],443.5,438.0,"[449.0, 462.0]",449.0,462.0,False,False,False,True,0.98,False,AUTO_HIGH_CONFIDENCE,RULE_BASED_AND_CURATED,fc7cdbcc6541fa90,2026-06-25T03:46:48.144Z
6a3ca4e256a63e397cfcb77d,BUY HINDALCO(JULY)@957 SL 940 TGT 1000-1040,BUY HINDALCO(JULY)@957 SL 940 TGT 1000-1040,NSE,INDIA_EQUITY,TRADE_ACTION,OPEN_LONG,SINGLE_INSTRUMENT,,HINDALCO,"[""HINDALCO""]",JUL,,,LONG,100.0,MODEL_ALLOCATION,,DEFAULT_FULL_ALLOCATION,[957.0],957.0,940.0,"[1000.0, 1040.0]",1000.0,1040.0,False,False,False,True,0.98,False,AUTO_HIGH_CONFIDENCE,RULE_BASED_AND_CURATED,524455d5e932a326,2026-06-25T03:47:46.919Z
6a3ca59456a63e397cfcb7cc,50% PROFIT BOOK IN ICICIBANK@1388,50% PROFIT BOOK IN ICICIBANK @1388,NSE,INDIA_EQUITY,TRADE_ACTION,REDUCE_POSITION,SINGLE_INSTRUMENT,,ICICIBANK,"[""ICICIBANK""]",,,,,50.0,CURRENT_HOLDING,0.5,EXPLICIT_PERCENT,[1388.0],1388.0,,[],,,False,False,False,True,0.99,False,AUTO_HIGH_CONFIDENCE,RULE_BASED_AND_CURATED,e13115a2d3108cd2,2026-06-25T03:50:44.921Z
6a3ca5d556a63e397cfcb863,BUY LAURUSLABS@1452 SL 1430 TGT 1480-1500,BUY LAURUSLABS @1452 SL 1430 TGT 1480-1500,NSE,INDIA_EQUITY,TRADE_ACTION,OPEN_LONG,SINGLE_INSTRUMENT,,LAURUSLABS,"[""LAURUSLABS""]",,,,LONG,100.0,MODEL_ALLOCATION,,DEFAULT_FULL_ALLOCATION,[1452.0],1452.0,1430.0,"[1480.0, 1500.0]",1480.0,1500.0,False,False,False,True,0.98,False,AUTO_HIGH_CONFIDENCE,RULE_BASED_AND_CURATED,02271f0af93fdc56,2026-06-25T03:51:49.594Z
6a3ca9f656a63e397cfcbb0b,BUY TMPV(JULY)@359 SL 349 TGT 375-392,BUY TMPV(JULY)@359 SL 349 TGT 375-392,NSE,INDIA_EQUITY,TRADE_ACTION,OPEN_LONG,SINGLE_INSTRUMENT,,TMPV,"[""TMPV""]",JUL,,,LONG,100.0,MODEL_ALLOCATION,,DEFAULT_FULL_ALLOCATION,[359.0],359.0,349.0,"[375.0, 392.0]",375.0,392.0,False,False,False,True,0.98,False,CURATED_PILOT,ASSISTANT_CURATED_RULE_REVIEW,54e0594dd3a12f5b,2026-06-25T04:09:26.309Z
6a3cab8256a63e397cfcbc68,SELL GODREJCP@1028 SL 1040 TGT 1010-990,SELL GODREJCP @1028 SL 1040 TGT 1010-990,NSE,INDIA_EQUITY,TRADE_ACTION,OPEN_SHORT,SINGLE_INSTRUMENT,,GODREJCP,"[""GODREJCP""]",,,,SHORT,100.0,MODEL_ALLOCATION,,DEFAULT_FULL_ALLOCATION,[1028.0],1028.0,1040.0,"[1010.0, 990.0]",1010.0,990.0,False,False,False,True,0.96,False,AUTO_HIGH_CONFIDENCE,RULE_BASED_AND_CURATED,6400c742884751a2,2026-06-25T04:16:02.615Z
6a3cac6856a63e397cfcbcbe,BUY COPPER(JULY)@1251 SL 1240 TGT 1272-1300,BUY COPPER(JULY)@1251 SL 1240 TGT 1272-1300,MCX,INDIA_COMMODITY,TRADE_ACTION,OPEN_LONG,SINGLE_INSTRUMENT,,COPPER,"[""COPPER""]",JUL,,,LONG,100.0,MODEL_ALLOCATION,,DEFAULT_FULL_ALLOCATION,[1251.0],1251.0,1240.0,"[1272.0, 1300.0]",1272.0,1300.0,False,False,False,True,0.98,False,AUTO_HIGH_CONFIDENCE,RULE_BASED_AND_CURATED,7d62732d488b5d57,2026-06-25T04:19:52.616Z
6a3cae0056a63e397cfcbdf5,FULL  PROFIT BOOK IN NIFTY (STRIKE 24000/ JUNE)CE@ 233.50,FULL PROFIT BOOK IN NIFTY (STRIKE 24000/ JUNE)CE @ 233.50,Indian Indices,INDIA_INDEX,TRADE_ACTION,CLOSE_POSITION,SINGLE_INSTRUMENT,,NIFTY,"[""NIFTY""]",JUN,24000,CE,,100.0,CURRENT_HOLDING,0.0,FULL_EXIT_RULE,[233.5],233.5,,[],,,False,False,False,True,0.99,False,AUTO_HIGH_CONFIDENCE,RULE_BASED_AND_CURATED,3a442c74a88ba89f,2026-06-25T04:26:40.596Z
6a3cae4a56a63e397cfcbea9,FULL PROFIT BOOK IN DRREDDY@1360,FULL PROFIT BOOK IN DRREDDY @1360,NSE,INDIA_EQUITY,TRADE_ACTION,CLOSE_POSITION,SINGLE_INSTRUMENT,,DRREDDY,"[""DRREDDY""]",,,,,100.0,CURRENT_HOLDING,0.0,FULL_EXIT_RULE,[1360.0],1360.0,,[],,,False,False,False,True,0.99,False,AUTO_HIGH_CONFIDENCE,RULE_BASED_AND_CURATED,ca40662d32699772,2026-06-25T04:27:54.637Z
6a3caee256a63e397cfcbf0d,HOLD REST 50% FEDERALBANK WITH SL 323,HOLD REST 50% FEDERALBANK WITH SL 323,NSE,INDIA_EQUITY,TRADE_UPDATE,UPDATE_STOP_LOSS,SINGLE_INSTRUMENT,,FEDERALBANK,"[""FEDERALBANK""]",,,,,,NONE,,NOT_APPLICABLE,[],,323.0,[],,,False,False,False,True,0.99,False,CURATED_PILOT,ASSISTANT_CURATED_RULE_REVIEW,0f88eb314d7a9f03,2026-06-25T04:30:26.230Z
6a3cb59f56a63e397cfcc075,HOLD PFC WITH SL 430,HOLD PFC WITH SL 430,NSE,INDIA_EQUITY,TRADE_UPDATE,UPDATE_STOP_LOSS,SINGLE_INSTRUMENT,,PFC,"[""PFC""]",,,,,,NONE,,NOT_APPLICABLE,[],,430.0,[],,,False,False,False,True,0.99,False,CURATED_PILOT,ASSISTANT_CURATED_RULE_REVIEW,e4689f5f1c3068da,2026-06-25T04:59:11.251Z
6a3ccb1456a63e397cfcc241,INTRADAY 50% PROFIT BOOK IN HINDALCO @971.60,INTRADAY 50% PROFIT BOOK IN HINDALCO @971.60,NSE,INDIA_EQUITY,TRADE_ACTION,REDUCE_POSITION,SINGLE_INSTRUMENT,,HINDALCO,"[""HINDALCO""]",,,,,50.0,CURRENT_HOLDING,0.5,EXPLICIT_PERCENT,[971.6],971.6,,[],,,False,False,False,True,0.99,False,AUTO_HIGH_CONFIDENCE,RULE_BASED_AND_CURATED,0f06d9d78de8ebf5,2026-06-25T06:30:44.003Z
6a3ccb7056a63e397cfcc283,50% PROFIT BOOK IN AXISBANK@1392,50% PROFIT BOOK IN AXISBANK @1392,NSE,INDIA_EQUITY,TRADE_ACTION,REDUCE_POSITION,SINGLE_INSTRUMENT,,AXISBANK,"[""AXISBANK""]",,,,,50.0,CURRENT_HOLDING,0.5,EXPLICIT_PERCENT,[1392.0],1392.0,,[],,,False,False,False,True,0.99,False,CURATED_PILOT,ASSISTANT_CURATED_RULE_REVIEW,f6d1ab97fca91f30,2026-06-25T06:32:16.447Z
6a3ccb8456a63e397cfcc29b,FULL PROFIT BOOK IN HDFCBANK@803,FULL PROFIT BOOK IN HDFCBANK @803,NSE,INDIA_EQUITY,TRADE_ACTION,CLOSE_POSITION,SINGLE_INSTRUMENT,,HDFCBANK,"[""HDFCBANK""]",,,,,100.0,CURRENT_HOLDING,0.0,FULL_EXIT_RULE,[803.0],803.0,,[],,,False,False,False,True,0.99,False,CURATED_PILOT,ASSISTANT_CURATED_RULE_REVIEW,1c218581ebf190d0,2026-06-25T06:32:36.338Z
6a3ccba456a63e397cfcc2bc,50% PROFIT BOOK IN SBIN@1054.45,50% PROFIT BOOK IN SBIN @1054.45,NSE,INDIA_EQUITY,TRADE_ACTION,REDUCE_POSITION,SINGLE_INSTRUMENT,,SBIN,"[""SBIN""]",,,,,50.0,CURRENT_HOLDING,0.5,EXPLICIT_PERCENT,[1054.45],1054.45,,[],,,False,False,False,True,0.99,False,AUTO_HIGH_CONFIDENCE,RULE_BASED_AND_CURATED,97b514fd6fd029f9,2026-06-25T06:33:08.767Z
6a3ccc4656a63e397cfcc32d,FULL PROFIT IN ICICIBANK@1399,FULL PROFIT IN ICICIBANK @1399,NSE,INDIA_EQUITY,TRADE_ACTION,CLOSE_POSITION,SINGLE_INSTRUMENT,,ICICIBANK,"[""ICICIBANK""]",,,,,100.0,CURRENT_HOLDING,0.0,FULL_EXIT_RULE,[1399.0],1399.0,,[],,,False,False,False,True,0.99,False,CURATED_PILOT,ASSISTANT_CURATED_RULE_REVIEW,14cc5325758cd380,2026-06-25T06:35:50.945Z
6a3ce00756a63e397cfcc63e,INTRADAY FULL PROFIT BOOK IN DLF @630,INTRADAY FULL PROFIT BOOK IN DLF @630,NSE,INDIA_EQUITY,TRADE_ACTION,CLOSE_POSITION,SINGLE_INSTRUMENT,,DLF,"[""DLF""]",,,,,100.0,CURRENT_HOLDING,0.0,FULL_EXIT_RULE,[630.0],630.0,,[],,,False,False,False,True,0.99,False,AUTO_HIGH_CONFIDENCE,RULE_BASED_AND_CURATED,f2aa72b7e04b5f42,2026-06-25T08:00:07.421Z
6a3ce5a956a63e397cfcc6f2,50% PROFIT BOOK IN COPPER(JULY)@1260.40,50% PROFIT BOOK IN COPPER(JULY)@1260.40,MCX,INDIA_COMMODITY,TRADE_ACTION,REDUCE_POSITION,SINGLE_INSTRUMENT,,COPPER,"[""COPPER""]",JUL,,,,50.0,CURRENT_HOLDING,0.5,EXPLICIT_PERCENT,[1260.4],1260.4,,[],,,False,False,False,True,0.99,False,AUTO_HIGH_CONFIDENCE,RULE_BASED_AND_CURATED,03417832e30c58ad,2026-06-25T08:24:09.977Z
6a3cf13d56a63e397cfcc899,PART PROFIT BOOK IN NIFTY@24084,PART PROFIT BOOK IN NIFTY @24084,Indian Indices,INDIA_INDEX,TRADE_ACTION,REDUCE_POSITION,SINGLE_INSTRUMENT,,NIFTY,"[""NIFTY""]",,,,,25.0,CURRENT_HOLDING,0.75,PART_PROFIT_RULE,[24084.0],24084.0,,[],,,False,False,False,True,0.99,False,CURATED_PILOT,ASSISTANT_CURATED_RULE_REVIEW,b1f23d24d77791da,2026-06-25T09:13:33.011Z
6a3cf7d156a63e397cfcca0d,BUY HINDALCO(JULY)@955 SL 940 TGT 970-980,BUY HINDALCO(JULY)@955 SL 940 TGT 970-980,NSE,INDIA_EQUITY,TRADE_ACTION,OPEN_LONG,SINGLE_INSTRUMENT,,HINDALCO,"[""HINDALCO""]",JUL,,,LONG,100.0,MODEL_ALLOCATION,,DEFAULT_FULL_ALLOCATION,[955.0],955.0,940.0,"[970.0, 980.0]",970.0,980.0,False,False,False,True,0.98,False,CURATED_PILOT,ASSISTANT_CURATED_RULE_REVIEW,0dd91abcddc94af3,2026-06-25T09:41:37.909Z
6a3cf80156a63e397cfccab1,BUY TATASTEEL(JULY)@189 SL 186 TGT 194-198,BUY TATASTEEL(JULY)@189 SL 186 TGT 194-198,NSE,INDIA_EQUITY,TRADE_ACTION,OPEN_LONG,SINGLE_INSTRUMENT,,TATASTEEL,"[""TATASTEEL""]",JUL,,,LONG,100.0,MODEL_ALLOCATION,,DEFAULT_FULL_ALLOCATION,[189.0],189.0,186.0,"[194.0, 198.0]",194.0,198.0,False,False,False,True,0.98,False,CURATED_PILOT,ASSISTANT_CURATED_RULE_REVIEW,ef9b69d490d5f63f,2026-06-25T09:42:25.805Z
6a3d2f3c56a63e397cfcd3a2,Book profit in STX @ 1095,Book profit in STX @ 1095,International Market,GLOBAL_EQUITY,TRADE_ACTION,CLOSE_POSITION,SINGLE_INSTRUMENT,,STX,"[""STX""]",,,,,100.0,CURRENT_HOLDING,0.0,FULL_EXIT_RULE,[1095.0],1095.0,,[],,,False,False,False,True,0.96,False,AUTO_HIGH_CONFIDENCE,RULE_BASED_AND_CURATED,6ecf521c544d4caa,2026-06-25T13:38:04.654Z
6a3d2f6056a63e397cfcd3e9,Book profit in AMD @ 549,Book profit in AMD @ 549,International Market,GLOBAL_EQUITY,TRADE_ACTION,CLOSE_POSITION,SINGLE_INSTRUMENT,,AMD,"[""AMD""]",,,,,100.0,CURRENT_HOLDING,0.0,FULL_EXIT_RULE,[549.0],549.0,,[],,,False,False,False,True,0.96,False,CURATED_PILOT,ASSISTANT_CURATED_RULE_REVIEW,219b13d547bae25e,2026-06-25T13:38:40.725Z
6a3d2ff756a63e397cfcd4df,Book profit in BE @ 348,Book profit in BE @ 348,International Market,GLOBAL_EQUITY,TRADE_ACTION,CLOSE_POSITION,SINGLE_INSTRUMENT,,BE,"[""BE""]",,,,,100.0,CURRENT_HOLDING,0.0,FULL_EXIT_RULE,[348.0],348.0,,[],,,False,False,False,True,0.96,False,AUTO_HIGH_CONFIDENCE,RULE_BASED_AND_CURATED,6cb04ac0b7fbed4f,2026-06-25T13:41:11.001Z
6a3d302f56a63e397cfcd556,Buy LLY @ 1123 with S/L 1100 for target 1145-1175,Buy LLY @ 1123 with S/L 1100 for target 1145-1175,International Market,GLOBAL_EQUITY,TRADE_ACTION,OPEN_LONG,SINGLE_INSTRUMENT,,LLY,"[""LLY""]",,,,LONG,100.0,MODEL_ALLOCATION,,DEFAULT_FULL_ALLOCATION,[1123.0],1123.0,1100.0,"[1145.0, 1175.0]",1145.0,1175.0,False,False,False,True,0.98,False,AUTO_HIGH_CONFIDENCE,RULE_BASED_AND_CURATED,c1f9244bb37fe654,2026-06-25T13:42:07.202Z
6a3d304a56a63e397cfcd576,Buy 50% ASML @ 1819 for target 1940-1980,Buy 50% ASML @ 1819 for target 1940-1980,International Market,GLOBAL_EQUITY,TRADE_ACTION,OPEN_LONG,SINGLE_INSTRUMENT,,ASML,"[""ASML""]",,,,LONG,50.0,MODEL_ALLOCATION,,EXPLICIT_PERCENT,[1819.0],1819.0,,"[1940.0, 1980.0]",1940.0,1980.0,False,False,False,True,0.98,False,AUTO_HIGH_CONFIDENCE,RULE_BASED_AND_CURATED,cb38701b536a304d,2026-06-25T13:42:34.801Z
6a3d318c56a63e397cfcd596,Buy S&P500 @ 7348 & 7322 with S/L 7280 for target 7430-7470,Buy S&P500 @ 7348 & 7322 with S/L 7280 for target 7430-7470,International Market,GLOBAL_INDEX_OR_MACRO,TRADE_ACTION,OPEN_LONG,SINGLE_INSTRUMENT,,SP500,"[""SP500""]",,,,LONG,100.0,MODEL_ALLOCATION,,DEFAULT_FULL_ALLOCATION,"[7348.0, 7322.0]",7348.0,7280.0,"[7430.0, 7470.0]",7430.0,7470.0,False,False,False,True,0.98,False,AUTO_HIGH_CONFIDENCE,RULE_BASED_AND_CURATED,bdefc7702bc05ae2,2026-06-25T13:47:56.829Z
6a3d31a256a63e397cfcd618,Buy Nasdaq @ 29294 & 28900 with S/L 28700 for target 29800-30100,Buy Nasdaq @ 29294 & 28900 with S/L 28700 for target 29800-30100,International Market,GLOBAL_INDEX_OR_MACRO,TRADE_ACTION,OPEN_LONG,SINGLE_INSTRUMENT,,NASDAQ,"[""NASDAQ""]",,,,LONG,100.0,MODEL_ALLOCATION,,DEFAULT_FULL_ALLOCATION,"[29294.0, 28900.0]",29294.0,28700.0,"[29800.0, 30100.0]",29800.0,30100.0,False,False,False,True,0.98,False,AUTO_HIGH_CONFIDENCE,RULE_BASED_AND_CURATED,991dea7c3c05cc70,2026-06-25T13:48:18.364Z
6a3d329456a63e397cfcd737,50% Buy NVDA@ 194.30 tgt 210-220,50% Buy NVDA @ 194.30 tgt 210-220,International Market,GLOBAL_EQUITY,TRADE_ACTION,OPEN_LONG,SINGLE_INSTRUMENT,,NVDA,"[""NVDA""]",,,,LONG,50.0,MODEL_ALLOCATION,,EXPLICIT_PERCENT,[194.3],194.3,,"[210.0, 220.0]",210.0,220.0,False,False,False,True,0.98,False,AUTO_HIGH_CONFIDENCE,RULE_BASED_AND_CURATED,284b91311df86e6e,2026-06-25T13:52:20.667Z
6a3d333056a63e397cfcd79b,Buy 50% AMD @ 514 for target 550-570,Buy 50% AMD @ 514 for target 550-570,International Market,GLOBAL_EQUITY,TRADE_ACTION,OPEN_LONG,SINGLE_INSTRUMENT,,AMD,"[""AMD""]",,,,LONG,50.0,MODEL_ALLOCATION,,EXPLICIT_PERCENT,[514.0],514.0,,"[550.0, 570.0]",550.0,570.0,False,False,False,True,0.98,False,CURATED_PILOT,ASSISTANT_CURATED_RULE_REVIEW,08e382f9ecc2f3cb,2026-06-25T13:54:56.340Z
6a3d336556a63e397cfcd7c6,Buy 50% ARM @ 341 for target 380-430,Buy 50% ARM @ 341 for target 380-430,International Market,GLOBAL_EQUITY,TRADE_ACTION,OPEN_LONG,SINGLE_INSTRUMENT,,ARM,"[""ARM""]",,,,LONG,50.0,MODEL_ALLOCATION,,EXPLICIT_PERCENT,[341.0],341.0,,"[380.0, 430.0]",380.0,430.0,False,False,False,True,0.98,False,CURATED_PILOT,ASSISTANT_CURATED_RULE_REVIEW,72112f840bd26ae5,2026-06-25T13:55:49.684Z
6a3d338056a63e397cfcd80e,Buy 50% DELL @ 393 for target 420-440,Buy 50% DELL @ 393 for target 420-440,International Market,GLOBAL_EQUITY,TRADE_ACTION,OPEN_LONG,SINGLE_INSTRUMENT,,DELL,"[""DELL""]",,,,LONG,50.0,MODEL_ALLOCATION,,EXPLICIT_PERCENT,[393.0],393.0,,"[420.0, 440.0]",420.0,440.0,False,False,False,True,0.98,False,AUTO_HIGH_CONFIDENCE,RULE_BASED_AND_CURATED,85addc38d08e0084,2026-06-25T13:56:16.483Z
6a3d36e456a63e397cfcd987,Sell Dow @ 52423 with S/L 52600 for target 51800-51550,Sell Dow @ 52423 with S/L 52600 for target 51800-51550,International Market,GLOBAL_INDEX_OR_MACRO,TRADE_ACTION,OPEN_SHORT,SINGLE_INSTRUMENT,,DOW,"[""DOW""]",,,,SHORT,100.0,MODEL_ALLOCATION,,DEFAULT_FULL_ALLOCATION,[52423.0],52423.0,52600.0,"[51800.0, 51550.0]",51800.0,51550.0,False,False,False,True,0.96,False,CURATED_PILOT,ASSISTANT_CURATED_RULE_REVIEW,8d2ce635bcae3952,2026-06-25T14:10:44.815Z
6a3d3a5e56a63e397cfcdacb,50% Buy SOXL @ 238 tgt 270-290,50% Buy SOXL @ 238 tgt 270-290,International Market,GLOBAL_EQUITY,TRADE_ACTION,OPEN_LONG,SINGLE_INSTRUMENT,,SOXL,"[""SOXL""]",,,,LONG,50.0,MODEL_ALLOCATION,,EXPLICIT_PERCENT,[238.0],238.0,,"[270.0, 290.0]",270.0,290.0,False,False,False,True,0.98,False,AUTO_HIGH_CONFIDENCE,RULE_BASED_AND_CURATED,d087ebb44a0e3d0a,2026-06-25T14:25:34.331Z
6a3d45c156a63e397cfcdffc,Day traders 50% Profit book in copper @ 6.05,Day traders 50% Profit book in copper @ 6.05,International Market,GLOBAL_COMMODITY,TRADE_ACTION,REDUCE_POSITION,SINGLE_INSTRUMENT,,COPPER,"[""COPPER""]",,,,,50.0,CURRENT_HOLDING,0.5,EXPLICIT_PERCENT,[6.05],6.05,,[],,,False,False,False,True,0.99,False,CURATED_PILOT,ASSISTANT_CURATED_RULE_REVIEW,51cd6c91f3889758,2026-06-25T15:14:09.407Z
6a3d45fd56a63e397cfce02d,Sell crude@ 71.60 sl 73.60 tgt 68,Sell crude @ 71.60 sl 73.60 tgt 68,International Market,GLOBAL_COMMODITY,TRADE_ACTION,OPEN_SHORT,SINGLE_INSTRUMENT,,CRUDE,"[""CRUDE""]",,,,SHORT,100.0,MODEL_ALLOCATION,,DEFAULT_FULL_ALLOCATION,[71.6],71.6,73.6,[68.0],68.0,,False,False,False,True,0.96,False,CURATED_PILOT,ASSISTANT_CURATED_RULE_REVIEW,cde61e75737c997f,2026-06-25T15:15:09.048Z
6a3d67f456a63e397cfce958,50% Part Profit Book in SOXL@ 257,50% Part Profit Book in SOXL @ 257,International Market,GLOBAL_EQUITY,TRADE_ACTION,REDUCE_POSITION,SINGLE_INSTRUMENT,,SOXL,"[""SOXL""]",,,,,50.0,CURRENT_HOLDING,0.5,EXPLICIT_PERCENT,[257.0],257.0,,[],,,False,False,False,True,0.99,False,CURATED_PILOT,ASSISTANT_CURATED_RULE_REVIEW,7b5d23371ac149a7,2026-06-25T17:40:04.118Z
6a3d8a9356a63e397cfced2c,Part Profit book in ASML @ 1844,Part Profit book in ASML @ 1844,International Market,GLOBAL_EQUITY,TRADE_ACTION,REDUCE_POSITION,SINGLE_INSTRUMENT,,ASML,"[""ASML""]",,,,,25.0,CURRENT_HOLDING,0.75,PART_PROFIT_RULE,[1844.0],1844.0,,[],,,False,False,False,True,0.99,False,AUTO_HIGH_CONFIDENCE,RULE_BASED_AND_CURATED,ff2725165bcca2c2,2026-06-25T20:07:47.185Z
6a3d8b2756a63e397cfced93,Part Profit book in AMD@ 533,Part Profit book in AMD @ 533,International Market,GLOBAL_EQUITY,TRADE_ACTION,REDUCE_POSITION,SINGLE_INSTRUMENT,,AMD,"[""AMD""]",,,,,25.0,CURRENT_HOLDING,0.75,PART_PROFIT_RULE,[533.0],533.0,,[],,,False,False,False,True,0.99,False,AUTO_HIGH_CONFIDENCE,RULE_BASED_AND_CURATED,3f98e123afe42389,2026-06-25T20:10:15.045Z
6a3d8bca56a63e397cfceda1,Part Profit book in NASDAQ @ 29502,Part Profit book in NASDAQ @ 29502,International Market,GLOBAL_INDEX_OR_MACRO,TRADE_ACTION,REDUCE_POSITION,SINGLE_INSTRUMENT,,NASDAQ,"[""NASDAQ""]",,,,,25.0,CURRENT_HOLDING,0.75,PART_PROFIT_RULE,[29502.0],29502.0,,[],,,False,False,False,True,0.99,False,AUTO_HIGH_CONFIDENCE,RULE_BASED_AND_CURATED,99e03a4a59343456,2026-06-25T20:12:58.412Z
6a3dc51a56a63e397cfcf1c9,"Please update the ""RP Broadcasts"" app from the App Store or Play Store. Key issues have been fixed.","Please update the ""RP Broadcasts"" app from the App Store or Play Store. Key issues have been fixed.",International Market,GLOBAL_EQUITY,NON_TRADE,ADMIN_NOTICE,NONE,,,[],,,,,,NONE,,NOT_APPLICABLE,[],,,[],,,False,False,False,False,0.99,False,CURATED_PILOT,ASSISTANT_CURATED_RULE_REVIEW,61e6e6f423a19ad2,2026-06-26T00:17:30.356Z
6a3ddd7356a63e397cfcf6b0,Buy 30% WDC @ 653,Buy 30% WDC @ 653,International Market,GLOBAL_EQUITY,TRADE_ACTION,OPEN_LONG,SINGLE_INSTRUMENT,,WDC,"[""WDC""]",,,,LONG,30.0,MODEL_ALLOCATION,,EXPLICIT_PERCENT,[653.0],653.0,,[],,,False,False,False,True,0.98,False,AUTO_HIGH_CONFIDENCE,RULE_BASED_AND_CURATED,bff44257970884c6,2026-06-26T02:01:23.936Z
